Reader HAP build-system docs and skills contract: PASS
PASS preparation cancellation remains retired after foreground/visibility recovers; explicit resume remains available
PASS explicit download waits for cancelled preparation claims; ordinary foreground reading stays immediate
PASS durable reading preparation: strict first-readable add, search-body reuse, restart resume, 50-book fairness/current±3, raw-only rebuild, pause/403/resource boundaries, unchanged progress and real RPC cleanup fence
PASS cancel readable add: pre-dispatch/in-flight begin fences, prompt HTTP cancellation, per-book isolation, resumed task guard, newer attempt ownership and strict-add CAS race
app shell safe geometry: PASS
PASS: ArkWeb document DNS pin plus same-host navigation/resource enforcement
PASS: ArkWeb queue and cookie capture retain their admitted session generation
PASS: ArkWeb cookie capture keeps exact admitted host scope
(node:20037) ExperimentalWarning: stripTypeScriptTypes is an experimental feature and might change at any time
(Use `node --trace-warnings ...` to show where the warning was created)
PASS actual resource callbacks: first full match before page-ready, no timeline or refetch
PASS serialized matching preserves callback order across delayed evaluations
PASS source initialization runs once and its real resource event completes capture
PASS an earlier admitted match wins over a later resource-budget terminal marker
PASS terminal cleanup and late callback suppression: timeout
PASS terminal cleanup and late callback suppression: cancel
PASS terminal cleanup and late callback suppression: detach
PASS terminal cleanup and late callback suppression: cookie-generation
PASS terminal cleanup and late callback suppression: network
PASS terminal cleanup and late callback suppression: budget
PASS terminal cleanup and late callback suppression: invalid-matcher
PASS source profiles retain isolated cookie hydration/capture and generation
PASS POST HTML capture, bounded matcher admission and production callback wiring
PASS execution failure is terminal with bounded cleanup: matcher-reject
PASS execution failure is terminal with bounded cleanup: matcher-sync-throw
PASS execution failure is terminal with bounded cleanup: initialization-reject
PASS execution failure is terminal with bounded cleanup: load-throw
PASS late asynchronous matcher completion cannot publish into the next source profile
PASS quotes and executable-looking text in observed URLs remain JSON-encoded data
PASS SDK native callback isolation: old resource/pageEnd/pageBegin/network/detach/attach/actions cannot contaminate a new surface; same new URL is accepted
PASS missing native retirement ACK times out without controller reuse, Host remount or cookie crossover, then recovers after ACK
PASS never-mounted surface cancellation/retirement/recovery: cancel-before-mount
PASS never-mounted surface cancellation/retirement/recovery: timeout-before-mount
PASS never-mounted surface cancellation/retirement/recovery: host-detach-before-mount
PASS controller constructor failure preserves the original error, clears active state and recovers; prior retired surface=false
PASS controller constructor failure preserves the original error, clears active state and recovers; prior retired surface=true
PH76 Host production-path resource capture: 26 scenario groups passed; SDK closure checks are local, native lifecycle timing still requires VM evidence
PASS system route waits for native restore ACK before loading, including public IP literals
PASS system synthetic DNS retains the admitted address pin and Host/TLS hostname
PASS cancel during DIRECT setup: late apply/cleanup ACK is isolated, native configuration serializes and next route restores system
PASS timeout during DIRECT setup: late apply/cleanup ACK is isolated, native configuration serializes and next route restores system
PASS missing cleanup ACK bounds later jobs, retains no expired waiters, and permits recovery only after real cleanup ACK
PASS synchronous proxy apply failure is typed; setup can recover, unconfirmed cleanup blocks all later loads
PASS synchronous proxy remove failure is typed; setup can recover, unconfirmed cleanup blocks all later loads
PASS SDK main-frame failure classification: proxy
PASS SDK main-frame failure classification: 407
PASS SDK main-frame failure classification: TLS
PASS SDK main-frame failure classification: 404
PASS SDK main-frame failure classification: generic-connect
PASS SDK main-frame failure classification: numeric-only
PASS SDK main-frame failure classification: direct407
PASS SDK main-frame failure classification: lookalike-url
PASS pre-load/about:blank/subresource failures cannot poison the main document
PH92 ArkWeb proxy lifecycle/native failure: 16 additional scenario groups passed; no device or native timing acceptance claimed
PASS existing HTML challenge classification precedes ordinary HTTP 401 failure
PASS existing HTML challenge classification precedes ordinary HTTP 403 failure
PASS existing HTML challenge classification precedes ordinary HTTP 429 failure
PASS an ordinary forbidden document stays a source HTTP failure after challenge detection
PASS native detach cancels pending proxy ACK immediately and late configuration is cleaned
PH92 proxy/challenge compatibility: 5 additional scenario groups passed
PASS production blank lifecycle before/after real load never sets page ready, final URL or schedules source initialization (2 scenarios)
(node:20038) ExperimentalWarning: stripTypeScriptTypes is an experimental feature and might change at any time
(Use `node --trace-warnings ...` to show where the warning was created)
PASS diagnostic early fixture, fixed admission, measurement and timer/observer cleanup
PASS early timing uses this run and exact target document: native blank initialization excluded, premature/foreign/incomplete evidence still fails (11 scenarios)
PASS bounded data diagnostics and exact native URI-Base64 admission: tamper/unsupported/malformed/oversized remain denied, no URL or body disclosure
PASS diagnostic rejects incomplete new-surface evidence: missing-resource
PASS diagnostic rejects incomplete new-surface evidence: missing-match
PASS diagnostic rejects incomplete new-surface evidence: reversed
PASS diagnostic rejects incomplete new-surface evidence: wrong-match
PASS diagnostic attributes old resource token during new job: lateOld=false
PASS diagnostic attributes old resource token during new job: lateOld=true
PASS disposing the pilot cancels only owned jobs and clears response timers/observer
PASS diagnostic execution errors retain a failure receipt
PASS actual SDK Host callback: exact main document, tamper rejection, policy-first order and redacted navigation labels
PASS new run rejects previous run main URL and data document
PH76 diagnostic runner: 12 scenario groups plus actual SDK Host callback/default/policy wiring passed; these are local checks, not VM evidence
PASS safe preload diagnostics: 6 native operation receipts and arbitrary-error URL/credential suppression
(node:20059) ExperimentalWarning: stripTypeScriptTypes is an experimental feature and might change at any time
(Use `node --trace-warnings ...` to show where the warning was created)
shared book acquisition lifecycle, identities, and scheduling: PASS
shared detail/TOC/body cancellation: each consumer owns its lifetime; Core cancellation cannot be revived PASS
PH65 registry epoch: five mutation entries success/failure and late list deletion race PASS
R1/R2 cache-refresh separation, original freshness, dispatch consumers and scoped facts: PASS
PASS actual cache handoff: ordinary prefetch preserves other/current books; real mutations invalidate; title projection skips chapter-state scans
Entry catalog reuse: exact admitted projection, cancellation, conversion and external catalog invalidation PASS
PASS real coordinator metadata scheduling: admission, background cap, foreground dispatch and pre-dispatch cancellation
author metadata: 33 shared Core/Host cases, actual search decode/group/shelf/alias/source-switch chains PASS
source-bound @ author: SDK result decode → initial group/relevance → candidate/switch proof, genuine @ and @@/stale/malformed negatives PASS
(node:20082) ExperimentalWarning: stripTypeScriptTypes is an experimental feature and might change at any time
(Use `node --trace-warnings ...` to show where the warning was created)
PH119 standalone BookDirectoryPage actual methods and SDK Builder: PASS
(node:20091) ExperimentalWarning: stripTypeScriptTypes is an experimental feature and might change at any time
(Use `node --trace-warnings ...` to show where the warning was created)
(node:20101) ExperimentalWarning: stripTypeScriptTypes is an experimental feature and might change at any time
(Use `node --trace-warnings ...` to show where the warning was created)
shared metadata: identical 56/55 and transitive 74/73 URL/source sets, rename/remount, no network, synopsis presentation: PASS
book-source production import contract: PASS
(node:20103) ExperimentalWarning: stripTypeScriptTypes is an experimental feature and might change at any time
(Use `node --trace-warnings ...` to show where the warning was created)
PASS 52 production bookshelf timeline/Builder samples; retained detail action actors and real safety gates. Native pixels remain unverified.
(node:20115) ExperimentalWarning: stripTypeScriptTypes is an experimental feature and might change at any time
(Use `node --trace-warnings ...` to show where the warning was created)
bookshelf detail removal: PASS
PASS shelf filters: state/type dimensions and live chips survive gear removal; shared order, legacy data and hidden batch-selection safety
(node:20139) ExperimentalWarning: stripTypeScriptTypes is an experimental feature and might change at any time
(Use `node --trace-warnings ...` to show where the warning was created)
bookshelf management Core ownership contract: PASS
(node:20163) ExperimentalWarning: stripTypeScriptTypes is an experimental feature and might change at any time
(Use `node --trace-warnings ...` to show where the warning was created)
{"name":"manual update bypasses prepared sessions and executes real Gateway detail/TOC","status":"PASS"}
{"name":"manual update also bypasses durable catalog cache after prepared eviction","status":"PASS"}
{"name":"manual request waits for a cache-only in-flight acquisition then refreshes","status":"PASS"}
{"name":"per-book failure/empty results preserve old records, settle flags and continue bounded batch","status":"PASS"}
{"name":"automatic checks retain 10-minute threshold and disabled/local/active-sweep exclusions","status":"PASS"}
{"name":"automatic work waits for settings and yields to reading; manual work stays explicit","status":"PASS"}
{"name":"paged filtered shelf automatic sweep covers offscreen targets and cancels before network","status":"PASS"}
{"name":"automatic catalog projection does not rescan its own new revision","status":"PASS"}
{"name":"multiple force waiters share one refresh after the nonforce admission settles","status":"PASS"}
{"name":"force waiting revalidates cancel before new network work","status":"PASS"}
{"name":"force waiting revalidates close before new network work","status":"PASS"}
{"name":"force waiting revalidates source-delete before new network work","status":"PASS"}
PH60 real Index → Gateway → Coordinator manual catalog refresh and bounded failure recovery PASS
PASS PH60 More: four rows, bounded scrolling geometry, anchored pointer, live progress/theme, empty/background guards and once-only update
(node:20189) ExperimentalWarning: stripTypeScriptTypes is an experimental feature and might change at any time
(Use `node --trace-warnings ...` to show where the warning was created)
(node:20211) ExperimentalWarning: stripTypeScriptTypes is an experimental feature and might change at any time
(Use `node --trace-warnings ...` to show where the warning was created)
PASS shelf pages: bounded first read, independent continue summary, filtered-empty distinction, complete membership, stale revision restart, cancellation and anchor extension
PASS shelf page UI ownership: single request, append, stale generation/runtime rejection, changed revision refresh and duplicate-page rejection
PASS 1001-book forward/backward bounded windows, partial-tail alignment and one-query deep anchor
PASS synchronous native reload cannot overwrite the old visible-book anchor
PASS TXT uses format identity without changing Core metadata
PASS default group retains empty and explicit default identities without mutating legacy groups
PASS three remaining section actions preserve the filter toggle without entering settings or groups
PASS empty shelf uses the same right-aligned three-action header
PASS PH61 progress/source retain equal left/right slots and live progress after row reuse
PASS PH116 detail preview expands up to 20 rows in the outer detail scroll
PASS day: detail metadata shares source typography, label and moving source action
PASS night: detail metadata shares source typography, label and moving source action
PASS PH46/47 original author typography and the entire five-line block align with the cover
PASS missing synopsis is explained without contaminating the metadata projection
PASS empty chapters expose status: 暂无章节信息
PASS empty chapters expose status: 正在读取本地目录…
PASS empty chapters expose status: 目录读取失败，请重试
PASS source name/category/URL remain distinct and login precedes detect (no login)
PASS source name/category/URL remain distinct and login precedes detect (login)
PASS single-book sheet matches cover frame and both layers have straight lower corners
PASS 44vp source SVG stays 44vp in the single-book more action
(node:20228) ExperimentalWarning: stripTypeScriptTypes is an experimental feature and might change at any time
(Use `node --trace-warnings ...` to show where the warning was created)
(node:20258) ExperimentalWarning: stripTypeScriptTypes is an experimental feature and might change at any time
(Use `node --trace-warnings ...` to show where the warning was created)
bookshelf reading entry: PASS (local/remote, info/search, back, cancellation, failure, retry/source switch)
Reader Info production chain: explicit navigation, serialized stop/record/progress, save failure/retry and layered Back PASS
PASS original shelf dispatch: unread/read, local/remote; no snapshot prerequisite or loading overlay; source-switch Back protection. Device first-frame timing is not measured by this test.
(node:20287) ExperimentalWarning: stripTypeScriptTypes is an experimental feature and might change at any time
(Use `node --trace-warnings ...` to show where the warning was created)
(node:20312) ExperimentalWarning: stripTypeScriptTypes is an experimental feature and might change at any time
(Use `node --trace-warnings ...` to show where the warning was created)
bookshelf shared scan: PASS (single scan, fallback, revision fencing, bounded retry)
(node:20334) ExperimentalWarning: stripTypeScriptTypes is an experimental feature and might change at any time
(Use `node --trace-warnings ...` to show where the warning was created)
PASS Core shelf-name DTO, cold source.list failure, rename/delete/source identity, legacy field compatibility and progress-preserving Host projection
shelf source fallback: exact unique identities only, cancellation and foreign-result rejection PASS
PASS bookshelf startup readiness: authoritative first-page card, global filtered/truncated fallback, delayed/failing reads, acknowledged mode reuse, write/restore context fencing and no duplicate projection
(node:20349) ExperimentalWarning: stripTypeScriptTypes is an experimental feature and might change at any time
(Use `node --trace-warnings ...` to show where the warning was created)
bookshelf tablet navigation contract: PASS
PASS surface repair: production import lifecycle, serialized local mode migration/failure, shared projection, responsive sizing, history and spinner ownership
PASS bookshelf/import current approved surfaces: shared four-row typography, separate menus, cover-aligned sheet, measured results and bounded animation
(node:20364) ExperimentalWarning: stripTypeScriptTypes is an experimental feature and might change at any time
(Use `node --trace-warnings ...` to show where the warning was created)
PASS bookshelf cover handoff: bidirectional opacity, whole-cover composition, final-frame continuity, retained default/image actors, historical negative controls; native pixels remain separate
(node:20375) ExperimentalWarning: stripTypeScriptTypes is an experimental feature and might change at any time
(Use `node --trace-warnings ...` to show where the warning was created)
PASS bookshelf route return: identity+item offset, list/state/type filters, removed group-filter migration, reordered books, late callback isolation
(node:20401) ExperimentalWarning: stripTypeScriptTypes is an experimental feature and might change at any time
(Use `node --trace-warnings ...` to show where the warning was created)
build provenance embedded NAPI contract: PASS
(node:20419) ExperimentalWarning: stripTypeScriptTypes is an experimental feature and might change at any time
(Use `node --trace-warnings ...` to show where the warning was created)
Bundled source Host boundary: controlled paths, unchanged I/O guards, real supply-to-Host wiring PASS
bundled book-source import collection: PASS (1046 tested records, 919 unique identities)
cookie exact-host and HttpOnly script-isolation policy: PASS
core build identity startup contract: PASS
(node:20441) ExperimentalWarning: stripTypeScriptTypes is an experimental feature and might change at any time
(Use `node --trace-warnings ...` to show where the warning was created)
PASS: detail mutation settles after exit; stale window completion cannot load content
PASS search preview uses exact Core membership before source fallback; partial shelf and stale membership lookup cannot substitute a saved source
PASS: active detail admission retains one shared refresh with success/failure/stale guards; startup preserves complete EPUB resources
PASS: ambiguous persist reply preserves EPUB resources and asks to reconcile before retry
PASS: deterministic import.persist rejection discards staged input without recovery orphan
PASS: lost bookshelf.add reply reconciles durable shelf truth before compensation
PASS: deterministic bookshelf.add rejection never reports an older shelf row as a new commit
(node:20459) ExperimentalWarning: stripTypeScriptTypes is an experimental feature and might change at any time
(Use `node --trace-warnings ...` to show where the warning was created)
PASS production Index + actual Coordinator/Gateway: stable return/new catalog, exact evidence negatives, source/processing races, delayed offline readmission. No device pixel claim.
(node:20478) ExperimentalWarning: stripTypeScriptTypes is an experimental feature and might change at any time
(Use `node --trace-warnings ...` to show where the warning was created)
PH119 independent catalog routing, retained detail Builder and exact initial bookmark lifecycle: PASS
discover source filter and pagination contract: PASS
dynamic ArkUI list refresh contracts: PASS
PASS bookshelf append/trim native notifications, unchanged projection and position-independent identities
(node:20505) ExperimentalWarning: stripTypeScriptTypes is an experimental feature and might change at any time
(Use `node --trace-warnings ...` to show where the warning was created)
error-message conformance: PASS (134 sources swept)
(node:20517) ExperimentalWarning: stripTypeScriptTypes is an experimental feature and might change at any time
(Use `node --trace-warnings ...` to show where the warning was created)
HarmonyOS HAP pipeline contract: PASS
Harmony HttpTTS credential URL encoding and expansion bounds: PASS
(node:20535) ExperimentalWarning: stripTypeScriptTypes is an experimental feature and might change at any time
(Use `node --trace-warnings ...` to show where the warning was created)
Harmony TTS Host router and HttpTTS transport contract: PASS
(node:20540) ExperimentalWarning: stripTypeScriptTypes is an experimental feature and might change at any time
(Use `node --trace-warnings ...` to show where the warning was created)
PASS: 18 interrupted writes, durable clears, legacy migration and DNS cancellation
PASS: DNS pins serialize concurrent leases and reject rebound private addresses
PASS: clearing a session invalidates late HTTP/WebView cookies and allows a fresh login
PASS: HTTPS-only requests reject cleartext redirect downgrades
PASS: same-origin comparison normalizes host case and default HTTPS port
PASS: credential-bearing URL redirects stay on the same effective origin
PASS: custom credential-header redirects stay on the same effective origin
Host staging recovery retry: PASS
(node:20552) ExperimentalWarning: stripTypeScriptTypes is an experimental feature and might change at any time
(Use `node --trace-warnings ...` to show where the warning was created)
PASS production request payload and HTTP POST: empty/Chinese UTF-8, GBK, form join, exact/over byte limit and multipart with broken platform TextEncoder
Encoder evidence: actual SDK wrapper with bounded UTF-8/GBK fixtures; native variant is independently runnable
(node:20556) ExperimentalWarning: stripTypeScriptTypes is an experimental feature and might change at any time
(Use `node --trace-warnings ...` to show where the warning was created)
PASS actual HTTP transport: HEAD/204/205/304 absent or empty bodies, 200 empty string and binary bytes (22 cases)
PASS nonempty decoded strings and unknown body representations fail with bounded status/type diagnostics
PASS bodyless 4xx/5xx keeps explicit HTTP source rejection; actual rejection body remains unchanged
PASS actual redirect chain keeps empty hop Location and rejects private targets before dispatch; empty success survives final response conversion
PASS WebDAV redirect policy: downgrade and foreign origin rejected; same-origin HTTPS redirect admitted
PASS TypeError stage/source-line diagnostics preserve original failures, deduplicate, cap at 16 and cover payload and outer cookie paths without raw stack
PASS native request failure codes retain numeric/string integers, deduplicate and exclude arbitrary messages/URLs while retaining transport origin
PASS unknown native 2300999 preserves per-request transient HTTP evidence, not a global network outage or a source rule verdict
(node:20560) ExperimentalWarning: stripTypeScriptTypes is an experimental feature and might change at any time
(Use `node --trace-warnings ...` to show where the warning was created)
PASS actual Host -> SDK -> CoreError input -> reading classifier and safe search summary: TLS/23/no-code retain HTTP cause, only known transient codes retry; per-operation association survives repeats, cancellation and later independent failures stay separate
PASS raw binary Host: no Base64, same buffer, native/actual limits, private-target, HTTPS, cancellation and MIME protections
PASS declared body size rejects before decode; representation metadata on a bodyless response is preserved
PASS bounded text transport: native, declared and actual byte limits precede decoding
http transport conformance: PASS (23 vectors, ad87a5423ee60de43b7056e9fa2d6683302bb1b9378139dd271a7943b625c331)
(node:20571) ExperimentalWarning: stripTypeScriptTypes is an experimental feature and might change at any time
(Use `node --trace-warnings ...` to show where the warning was created)
PASS actual execute/redirect/cookie/DNS/transport URL normalization: Chinese/space, existing GBK percent escapes, query/fragment, method/body preservation and private target rejection
(node:20579) ExperimentalWarning: stripTypeScriptTypes is an experimental feature and might change at any time
(Use `node --trace-warnings ...` to show where the warning was created)
icon design contract: PASS (23 confirmed slots + 2 latent coupling/tint risks)
PASS import refresh: Figma C arc/source unchanged, 18vp slot, 23.754vp paint, 1.5vp stroke; retained Day/Night/Day.
(node:20586) ExperimentalWarning: stripTypeScriptTypes is an experimental feature and might change at any time
(Use `node --trace-warnings ...` to show where the warning was created)
(node:20600) ExperimentalWarning: stripTypeScriptTypes is an experimental feature and might change at any time
(Use `node --trace-warnings ...` to show where the warning was created)
incremental source supply: no-resource unchanged path, selective reads, failure/no seal, cancellation, index integrity PASS
search stable rows, enrichment and navigation state: PASS
search relevance: late exact title, stable ties, canonical variants, category scope, keyword cache PASS
progressive relevance ties, retained row identity, measured anchor and remount restoration PASS
PH65 4000 retained rows + 1 changed + 1 added; repeated publication 0 changes PASS
PH65 4000 retained grouping facts + one new row bounded normalization; canonical shelf label PASS
current-version catalog group representative; stale and other-version facts are not verified PASS
R6 query=1000 single metadata: newGroups=1 rowUpdates=1 structuralNotifications=0 normalize=0 groupSort=0; progress all=0 PASS
R6 4000 reversed rows: native batch=1 reload=1 Reader index scans=0 splice shifts=0 PASS
R7 layout-key resolution, mid-layout list changes, query/page guards, user cancellation, programmatic callbacks, merge/neighbors and late layout PASS
R1 display rank: schema2 current verification only; stale/v1/target-only/storage-refresh facts never grant or revoke whole-book readability PASS
R3 partial/stopped-empty/error safe classified messages and SDK disappearance hook PASS
Legado product behavior contract: PASS
(node:20603) ExperimentalWarning: stripTypeScriptTypes is an experimental feature and might change at any time
(Use `node --trace-warnings ...` to show where the warning was created)
local book format picker contract: PASS
(node:20632) ExperimentalWarning: stripTypeScriptTypes is an experimental feature and might change at any time
(Use `node --trace-warnings ...` to show where the warning was created)
PASS production configuration reset: confirmed scope, durable intent, six failure points, restart continuation, newer user intent ordering, owner replacement, shared queues, failed-cache rollback and stale-dialog guard. No Core data/credential mutation.
(node:20669) ExperimentalWarning: stripTypeScriptTypes is an experimental feature and might change at any time
(Use `node --trace-warnings ...` to show where the warning was created)
{"result":"PASS","stats":{"archiveReads":5,"decodes":5,"writes":5},"checks":7}
local EPUB resource architecture: PASS
(node:20685) ExperimentalWarning: stripTypeScriptTypes is an experimental feature and might change at any time
(Use `node --trace-warnings ...` to show where the warning was created)
PASS private immutable archive lookup, legacy compatibility, local-only idle preparation and foreground cancellation; no foreground source parsing
PASS book-scoped presentation invalidation including lost reply; position proofs, other books and completed shelf pass preserved
local import finalize recovery queue and lost-upsert metadata reconciliation: PASS
(node:20758) ExperimentalWarning: stripTypeScriptTypes is an experimental feature and might change at any time
(Use `node --trace-warnings ...` to show where the warning was created)
(node:20771) ExperimentalWarning: stripTypeScriptTypes is an experimental feature and might change at any time
(Use `node --trace-warnings ...` to show where the warning was created)
PASS local direct entry before RPC; original detail projection, cancellation, same-book generation and bookmark mutation protection
Evidence boundary: controlled Core replies and production methods; no native frame or device latency claim.
log privacy: PASS (finite public error codes; reading details use private fields)
navigation performance static contract: PASS
PASS: production proxy/DNS/transparent-gateway admission, selected-network exclusions, PAC, network changes and structured errors
PASS: actual HTTP hop preserves URL/system proxy, never pins proxy DNS, direct DNS queried once
(node:20815) ExperimentalWarning: stripTypeScriptTypes is an experimental feature and might change at any time
(Use `node --trace-warnings ...` to show where the warning was created)
PASS: cancelled never-settling HTTP frees DNS lease; queued cancellation preserves predecessor and same-host recovery
PASS: vendored SDK emits a legal CoreError code and preserves Host network semantics, message and retryability through NAPI JSON
PASS: native proxy getter failures/missing API/invalid return preserve fixed operation and numeric code without leaking native messages or guessing DIRECT
PASS: undefined/null/wrong-type results from each native proxy API identify the exact operation
PASS: API 23 active PAC getter replaces throwing legacy getter; numeric string native codes survive without retaining messages
performance regression contracts: PASS
physical phone Figma layout regressions: PASS
PASS: exact source, pinned old revision, idempotent correction, Core-tested rule identity; actual legacy v6/v7→v8 preserves discovery edits/deletions and rejects content edits
(node:20836) ExperimentalWarning: stripTypeScriptTypes is an experimental feature and might change at any time
(Use `node --trace-warnings ...` to show where the warning was created)
portable JSON local/online import boundary: PASS
{
  "contract": "PH110 full production appearance lifecycle",
  "memberCount": 145,
  "boundary": "actual SDK compiler and property runtime; native Scroller, font service and child rendering instrumented; no device pixels",
  "results": [
    {
      "custom": false,
      "endpoint": 0,
      "status": "PASS",
      "mountedNodes": 127
    },
    {
      "custom": false,
      "endpoint": 1,
      "status": "PASS",
      "mountedNodes": 127
    },
    {
      "custom": true,
      "endpoint": 0,
      "status": "PASS",
      "mountedNodes": 130
    },
    {
      "custom": true,
      "endpoint": 1,
      "status": "PASS",
      "mountedNodes": 130
    }
  ]
}
(node:20862) ExperimentalWarning: stripTypeScriptTypes is an experimental feature and might change at any time
(Use `node --trace-warnings ...` to show where the warning was created)
PASS Make V9 appearance: real selection handlers, stale menus, scroll/viewport placement, Quick/Full swatches and persisted theme identity. Native pixels remain separate.
(node:20899) ExperimentalWarning: stripTypeScriptTypes is an experimental feature and might change at any time
(Use `node --trace-warnings ...` to show where the warning was created)
reader appearance Figma N per-actor driver: PASS
reader appearance Figma N fixture: PASS
reader appearance measured-screen gesture: PASS
reader appearance Figma N sampler: PASS
reader appearance master motion state: PASS
reader appearance unified production tree (structural only): PASS
(node:20961) ExperimentalWarning: stripTypeScriptTypes is an experimental feature and might change at any time
(Use `node --trace-warnings ...` to show where the warning was created)
{"passed":true,"scenarios":18,"cases":["20→21→22:paged:ACK","20→21→22:continuous:ACK","queued-old-layout","obsolete-reject","obsolete-wrong-anchor","current-reject","obsolete-generation","unmount","cold-first-page","cold-projection-reflow:paged","cold-projection-reflow:continuous","theme-immediate-during-reflow","page-turn-defers-latest-appearance","measured-page-copy-and-adjacent-DTO","SDK-slot-bindings-initial-and-update","native-batch-uses-latest-intent","negative:old-stage-binding","negative:obsolete-ACK-publication"],"boundary":"Actual production methods/classes and SDK Builder closure inputs with controlled Core receipts; no assertion of native reactive scheduling, paint frames, device flicker or user acceptance."}
(node:21010) ExperimentalWarning: stripTypeScriptTypes is an experimental feature and might change at any time
(Use `node --trace-warnings ...` to show where the warning was created)
reader appearance shared store, page races and persistence recovery: PASS
appearance Preferences adapter migration and persistence compatibility: PASS
application appearance background flush and teardown isolation: PASS
PASS appearance theme extension: 8 unchanged, 9/12/24 geometry, registry cache, quick/full scroll reversal, SDK selection
(node:21016) ExperimentalWarning: stripTypeScriptTypes is an experimental feature and might change at any time
(Use `node --trace-warnings ...` to show where the warning was created)
reader appearance pure/static contract: PASS
automatic reading coordinator: deadlines, 500 ms presentation isolation, full reading interval, interruption and commit barrier PASS
automatic reading coordinator: deadlines, 500 ms presentation isolation, full reading interval, interruption and commit barrier PASS
reader Full Auto Page pure/static contract: PASS
AutoPage actual SDK Builder bounds, single current value, Quick +/- and Full range, 84 reversible samples PASS
(node:21051) ExperimentalWarning: stripTypeScriptTypes is an experimental feature and might change at any time
(Use `node --trace-warnings ...` to show where the warning was created)
reader auto-page pure state: PASS
automatic reading coordinator: deadlines, 500 ms presentation isolation, full reading interval, interruption and commit barrier PASS
Auto Full timer actual SDK Builder parent/child width budget, original306 baseline, 42 retained reversible poses, wheel paint Prop and mutation PASS
(node:21073) ExperimentalWarning: stripTypeScriptTypes is an experimental feature and might change at any time
(Use `node --trace-warnings ...` to show where the warning was created)
automatic page start production methods: origin profiles/preparation, ordered single ACK, stale events, no pre-ACK progress, immediate cancellation, same-generation rollback and manual regrab PASS
automatic start missing-event/ACK watchdog and rejected frame scheduling converge safely without progress writes PASS
(node:21093) ExperimentalWarning: stripTypeScriptTypes is an experimental feature and might change at any time
(Use `node --trace-warnings ...` to show where the warning was created)
PASS actual image/TTS consumers without Base64 API, PCM headroom, late network/player rejection, old-release race and completion resource release
(node:21119) ExperimentalWarning: stripTypeScriptTypes is an experimental feature and might change at any time
(Use `node --trace-warnings ...` to show where the warning was created)
reader book-turn architecture contract: PASS
automatic bridge: 35 checks, 0 failures
automatic profile, token transport and bridge declarations: PASS
event delivery: 22 checks, 0 failures
bookturn_motion_test: 1062 checks, 0 failures
373 checks, 0 failures
scenario: successful next turn
scenario: previous turn (reverse direction)
scenario: stale confirmations rejected
scenario: rollback clears after ArkUI restoration
scenario: rapid consecutive turns, late stale release
scenario: cross-chapter texture refresh during retention
scenario: slow progress storage holds the terminal frame
scenario: arkui presentation timeout keeps the terminal frame
scenario: page exit (detach) and re-attach
scenario: detach drops stale surface mailbox work
scenario: window reflow during retention
754 checks, 0 failures
reader book-turn motion state: PASS
T01 roll-radius PASS (390->42.9000, 200->28.0000, 1000->64.0000)
T02 schedule bijection+boundaries PASS (worst roundtrip 1.79e-07 over 1001 samples)
T03 INV-1 no-freeze PASS (next: least step 0.566vp, final fold 0.000vp; previous: least step 0.975vp, initial fold 0.000vp)
T04 INV-2 no-commit-pop PASS (next tau=1: maxX 0.000vp <= 11.70, maxZ 0.000; prev commit maxX 390.000vp, maxZ 0.000; worst coverage step -1.089vp over tau 0.75..1)
T05 INV-3 cancel-reversal PASS (worst |reverse-forward| 0.00e+00 vp over tau0 0.2/0.4/0.6/0.8)
T06 previous semantics PASS (31 same-edge points worst schedule diff 0.00e+00; start maxX 0.000vp, commit maxX 390.000vp)
T07 S3/S4 schedule deviation PASS (worst beta 0.00e+00 rad <= 8.73e-03, worst radius 2.60e-07 vp, worst |gripPhi-beta| 0.00e+00)
T08 C1 seam at tau=0.5 PASS (worst |dAxis| 0.4605 vp (bounds 2/1/0.5), worst |phi-pi| 0.00e+00)
T09 milestone phi=pi/2 + continuity PASS (crossing delta 14.868 vp vs 14.868 expected, edge.x 375.1; regular worst 0.0351 rad, S5 schedule worst 0.157 rad <= 0.2, onset worst 0.631 rad [documented scope])
T10 developability PASS (a: A-grade cylinder worst 6.57e-05 <= 1e-3; b: strict phi<=pi/4 p95 6.104e-05 max 5.293e-04 vs 1e-3/5e-3; band p95 2.078e-02 max 2.082e-02 vs 2.5e-2 [2026-08-30 apex-law recalibration, pi*r'=0.0432])
T11 binding-edge PASS (a: theta=0 worst x 0.00e+00, y 0.00e+00, z 0.00e+00; b: theta=54deg worst 0.000 vp at tau=0.00)
T12 touch error (fit segment) PASS (worst screen-plane err 3.05e-05 vp <= 1.0; solver targetError incl. curl z up to 84.96 vp — scope note)
T13 free-edge inside page (fit segment) PASS (min 0.000 >= -0.26, max 378.072 <= 390.26)
T14 purity PASS (field-exact repeats, with and without previous)
T15 stage boundaries PASS (FLAT@W, LIFT@x(0.09), FLIP@x(0.3), ROLL@x(0.6), SPINE@x(0.8), COLLAPSE@x(0.95))
T16 tilt regressions PASS (cap 57.184 deg <= 60.0001, jitter 1.273 deg <= 2, sweep worst 0.00278 rad <= 0.02, zero-signbit +0/-0 honored)
T17 verticalPrevious smoke PASS (edge.x W/200/0 all finite, tilt within cap)
T18 strict three-branch PASS (anti-M second diff 6.866e-05 <= 1e-4; seam steps f 0.5000 z 0.5000 <= 0.501 at step 0.5)
235 checks, 0 failures
scenario: successful next turn
scenario: previous turn (reverse direction)
scenario: stale confirmations rejected
scenario: rollback clears after ArkUI restoration
scenario: rapid consecutive turns, late stale release
scenario: cross-chapter texture refresh during retention
scenario: slow progress storage holds the terminal frame
scenario: arkui presentation timeout keeps the terminal frame
scenario: page exit (detach) and re-attach
scenario: detach drops stale surface mailbox work
scenario: window reflow during retention
754 checks, 0 failures
native presentation owner: uploaded identity, matching slot ACK, stale upload and single bitmap release PASS
(node:22373) ExperimentalWarning: stripTypeScriptTypes is an experimental feature and might change at any time
(Use `node --trace-warnings ...` to show where the warning was created)
Production Surface recovery: unwritten rollback, uncertain write retention, promoted completion, late failure PASS (7 scenarios)
(node:22391) ExperimentalWarning: stripTypeScriptTypes is an experimental feature and might change at any time
(Use `node --trace-warnings ...` to show where the warning was created)
reader bookmark panels static contract: PASS
reader bookmark projection behavior: PASS
PASS unmapped remote references keep original quotes/notes/ownership, expose separate unverified location, and never use new-body percentages; current scopes and local anchors remain usable
PASS PH86 normal motion: 6 completion orders/12 lifecycles without intermediate inversion; cancelled/failed/page-invalidated/duplicate/old ACK cases
PASS PH86: 20 real chrome/bookmark Builder geometries, clock/title/cutout separation, native visibility, gesture threshold/rebound/ACK and page/book ownership
PASS PH86 actual SDK Stage/slot/ReadingSurface/Chrome Prop chain across drag and rebound; outer viewport clip retained
(node:22420) ExperimentalWarning: stripTypeScriptTypes is an experimental feature and might change at any time
(Use `node --trace-warnings ...` to show where the warning was created)
PASS brightness cancel UI: issued ACK, preview retention, cancelled pending, newer intent, failed write convergence
(node:22509) ExperimentalWarning: stripTypeScriptTypes is an experimental feature and might change at any time
(Use `node --trace-warnings ...` to show where the warning was created)
reader brightness control contract: PASS
PASS brightness: HLG low-range allocation, 991 inverse samples, two-way pending toggle, system observation races, and SDK shared track clip
(node:22531) ExperimentalWarning: stripTypeScriptTypes is an experimental feature and might change at any time
(Use `node --trace-warnings ...` to show where the warning was created)
Reader brightness production writer: PASS (held MOVE, coalescing, ownership, restore, failure, cancel, microtask tail)
PASS brightness Cancel settles in-flight success/failure, drops pending, and isolates Window owner
PASS brightness failure boundaries: stale Window/owner lookup, current rejection, synchronous properties failure and subsequent drain
PASS atomic cache-only gateway: hit, miss, explicit refresh, old Core, online read, context recovery, cancellation
{"name":"tts/paused/tap or timer: retained page survives hidden measurement","status":"PASS"}
{"name":"tts/paused/gesture release: retained page survives hidden measurement","status":"PASS"}
{"name":"tts/interrupted/tap or timer: retained page survives hidden measurement","status":"PASS"}
{"name":"tts/interrupted/gesture release: retained page survives hidden measurement","status":"PASS"}
{"name":"autoPage/paused/tap or timer: retained page survives hidden measurement","status":"PASS"}
{"name":"autoPage/paused/gesture release: retained page survives hidden measurement","status":"PASS"}
{"name":"autoPage/running/tap or timer: retained page survives hidden measurement","status":"PASS"}
{"name":"autoPage/running/gesture release: retained page survives hidden measurement","status":"PASS"}
{"name":"freeze release remains an observed dependency of the real capsule If","status":"PASS"}
{"name":"chapter loading retains the capsule while the committed reading body remains visible","status":"PASS"}
{"name":"first load, real failure, controls, obstruction and exit still hide the capsule","status":"PASS"}
{"name":"a no-animation gesture rollback releases its held capsule snapshot","status":"PASS"}
{"name":"a direct gesture commit releases session state and countdown updates","status":"PASS"}
(node:22569) ExperimentalWarning: stripTypeScriptTypes is an experimental feature and might change at any time
(Use `node --trace-warnings ...` to show where the warning was created)
reader Chinese conversion gateway contract: PASS
reader cold-entry recovery contract: PASS
reader content business isolation: PASS
local Core versions + content-mutation visible-position confirmation and migrated-anchor reload: PASS
(node:22607) ExperimentalWarning: stripTypeScriptTypes is an experimental feature and might change at any time
(Use `node --trace-warnings ...` to show where the warning was created)
PASS negotiated cursor wire, legacy fallback, one-shot close, stale/late cleanup, single continuation, stable dedup and visible failure
(node:22641) ExperimentalWarning: stripTypeScriptTypes is an experimental feature and might change at any time
(Use `node --trace-warnings ...` to show where the warning was created)
(node:22643) ExperimentalWarning: stripTypeScriptTypes is an experimental feature and might change at any time
(Use `node --trace-warnings ...` to show where the warning was created)
PH117 actual content-search Gateway/LRE typed errors, retry/cancel, and processing-ACK retained-row invalidation PASS
PH90 actual SDK field Builder: full visual field requests unique native input focus, disabled/unmounted/failure guards; geometry unchanged PASS (not native IME acceptance)
(node:22664) ExperimentalWarning: stripTypeScriptTypes is an experimental feature and might change at any time
(Use `node --trace-warnings ...` to show where the warning was created)
{"contract":"PH90 native List","reports":[{"count":50,"maxNativeDemand":14,"finalDataCount":100},{"count":2000,"maxNativeDemand":14,"finalDataCount":2050},{"count":10000,"maxNativeDemand":14,"finalDataCount":10050}],"sdkLazyProviderVerified":true,"boundary":"SDK bindings, policy and paint equations passed; actual Ace range admission and pixel timing require VM validation"}
(node:22686) ExperimentalWarning: stripTypeScriptTypes is an experimental feature and might change at any time
(Use `node --trace-warnings ...` to show where the warning was created)
(node:22729) ExperimentalWarning: stripTypeScriptTypes is an experimental feature and might change at any time
(Use `node --trace-warnings ...` to show where the warning was created)
{"baseline":false,"sdk":{"path":"/Applications/DevEco-Studio.app/Contents/sdk/default/openharmony/previewer/common/bin/libace_compatible.dylib","classesSha256":"6140bfa5cf6705ddee40349c2e082083778a920f0ff870cc51dccb0f030ccbd5","layer":"actual SDK property/proxy classes and compiler output; subscriber/dependency delivery instrumented; no renderer/layout/pixels"},"componentSha256":"b337116f993cda9598e0857f728d271b7f4cd53a03e1c846cdde7dd49320d159","scenarios":[{"count":0,"payloadHandoffMs":0.0006670000000212895,"legacyDeepCopies":0,"dataPublishMs":0.686292000000094,"buildMs":0.7364169999999604,"replayMs":0.15774999999996453,"linearFindVisits":0,"mountedRows":0,"nativeRequestedIndices":[],"providerTotalCount":0},{"count":50,"payloadHandoffMs":0.0006669999999076026,"legacyDeepCopies":0,"dataPublishMs":0.1675000000000182,"buildMs":3.3732089999999744,"replayMs":1.993708999999967,"linearFindVisits":0,"mountedRows":8,"nativeRequestedIndices":[0,1,2,3,4,5,6,7],"providerTotalCount":50},{"count":500,"payloadHandoffMs":0.0005839999998897838,"legacyDeepCopies":0,"dataPublishMs":0.1768329999999878,"buildMs":0.8504580000000033,"replayMs":0.48766599999999016,"linearFindVisits":0,"mountedRows":8,"nativeRequestedIndices":[0,1,2,3,4,5,6,7],"providerTotalCount":500},{"count":2000,"payloadHandoffMs":0.0007500000000391083,"legacyDeepCopies":0,"dataPublishMs":0.3984169999999949,"buildMs":1.467999999999961,"replayMs":0.6084999999999354,"linearFindVisits":0,"mountedRows":8,"nativeRequestedIndices":[0,1,2,3,4,5,6,7],"providerTotalCount":2000}],"emptyEntryAndTypingCoreCalls":0,"cumulativePagination":{"pages":40,"pageSize":50,"results":2000,"lateGenerationRejected":true},"boundary":"Actual SDK row generation follows explicit requests at the native LazyForEach boundary; the full source is unsliced. No native range-selection, same-frame paint, IME or device frame-time claim"}
{"passed":true,"sdk":{"path":"/Applications/DevEco-Studio.app/Contents/sdk/default/openharmony/previewer/common/bin/libace_compatible.dylib","classesSha256":"6140bfa5cf6705ddee40349c2e082083778a920f0ff870cc51dccb0f030ccbd5","layer":"actual SDK property/proxy classes and compiler output; subscriber/dependency delivery instrumented; no renderer/layout/pixels"},"componentSha256":"b337116f993cda9598e0857f728d271b7f4cd53a03e1c846cdde7dd49320d159","rows":2000,"morphSamples":21,"payloadPropCopies":0,"appended":50,"finalDataSourceCount":0,"dataNotifications":{"initialReloads":1,"morph":0,"metadata":0,"added":50,"changed":[1999],"idleReloads":1},"boundary":"actual SDK compiler + property/proxy dispatch; no native List/IME/renderer timing"}
(node:22756) ExperimentalWarning: stripTypeScriptTypes is an experimental feature and might change at any time
(Use `node --trace-warnings ...` to show where the warning was created)
PASS continuous initial-attach: prepared owner before attach, one jump, title, legal EOF semantic fence, identity replacement, native input ownership, release and stale callback rejection; pixels remain a VM gate
(node:22793) ExperimentalWarning: stripTypeScriptTypes is an experimental feature and might change at any time
(Use `node --trace-warnings ...` to show where the warning was created)
continuous production pointer, same-row anchor and trailing exit commit: PASS
production batched image reflow preserves leading fragment fraction and concurrent scroll: PASS
(node:22810) ExperimentalWarning: stripTypeScriptTypes is an experimental feature and might change at any time
(Use `node --trace-warnings ...` to show where the warning was created)
continuous mode change save/error/obsolete ownership and late stop receipt: PASS
production continuous cold-entry projection branch observes its reactive revision: PASS
continuous scalar quantization: five positions, 100 repeat round trips each: PASS
continuous restore suppresses premature stops and unknown-geometry progress writes: PASS
continuous padded viewport: native line offsets at START, positive y and negative y round trips: PASS
native List shared pointer ownership: quiet DOWN, extra finger, UP/CANCEL/disable/unmount, late drain: PASS
production continuous image row identity: decoder admission replaces placeholder, unchanged siblings retained: PASS
continuous short tap and stationary long UP share paged 500ms clock boundary: PASS
continuous-to-paged anchor: warm/cold/partial/foreign layout, containing page only: PASS
measured prefix whitespace gaps match complete canonical page identity: PASS
native List queued programmatic scroll cannot inherit prior multi-finger manual chapter-edge ownership: PASS
PASS native continuous insertion notifications preserve original rows and exact intermediate source state
reader continuous reading and canonical progress pipeline: PASS
(node:22836) ExperimentalWarning: stripTypeScriptTypes is an experimental feature and might change at any time
(Use `node --trace-warnings ...` to show where the warning was created)
Control accessibility: actual Host close/Back + SDK virtual-node mounted observers PASS; NOT native screen-reader acceptance
(node:22867) ExperimentalWarning: stripTypeScriptTypes is an experimental feature and might change at any time
(Use `node --trace-warnings ...` to show where the warning was created)
Reader control shared actor geometry: production bidirectional/concurrent/pure sampling PASS
reader control appearance production geometry + independent source endpoints: PASS (810 ordered import drag cases)
Reader control backdrop publication: stable array/rect identity across motion PASS
(node:22898) ExperimentalWarning: stripTypeScriptTypes is an experimental feature and might change at any time
(Use `node --trace-warnings ...` to show where the warning was created)
reader control backdrop DOWN ownership and one-shot raw tap: PASS
Actual SDK nonempty bookmark row: mounted reversible actors, live metadata/identity and clip mutations PASS
PASS bookmark production geometry, native row-height extent binding and same-open anchor continuation; NOT native visual acceptance
PASS actual quick/full bookmark row Builders preserve historical excerpt, separate location/owner labels and retain latest admitted click proof
(node:22920) ExperimentalWarning: stripTypeScriptTypes is an experimental feature and might change at any time
(Use `node --trace-warnings ...` to show where the warning was created)
(node:22932) ExperimentalWarning: stripTypeScriptTypes is an experimental feature and might change at any time
(Use `node --trace-warnings ...` to show where the warning was created)
Reader control bookmarks: production merge/async ownership/failure retry PASS; wiring assertions are not native acceptance
PASS real post-refresh bookmark load/merge preserves volume heading and chapter navigability, current title/download facts and original TOC
(node:22938) ExperimentalWarning: stripTypeScriptTypes is an experimental feature and might change at any time
(Use `node --trace-warnings ...` to show where the warning was created)
Bookmark mutation recovery: actual Index CRUD/reload and Host error/retry functions PASS; not native acceptance
reader control independent FullContentSurface source geometry and single-background wiring: PASS
Device probe actual runtime closures: ticket/dry-run/SHA/auth-denial/DOWN-based sampling/revocation PASS (mock transport only; no HDC/device/filesystem writes).
reader control directory content: structural wiring passed (not runtime or visual evidence)
Production directory model: late load, centering ownership, route/data independence PASS
Production Directory virtual-row capture, fraction, frame coalescing and late-user-input guards PASS
Production Directory rapid tab replacement, endpoint anchor release and user-scroll ownership PASS
Production Directory finite-tail Quick→Full→Quick semantic anchor restoration PASS
(node:22961) ExperimentalWarning: stripTypeScriptTypes is an experimental feature and might change at any time
(Use `node --trace-warnings ...` to show where the warning was created)
reader control geometry parameter contract: PASS
reader control bounded finger residue and distinct continuation timings: PASS
reader control gesture production driver behavior: PASS
PASS global presentation: shared policies, production actor-local clips, retained overflow, actual SDK font content/outline separation and reversal; device evidence separate
(node:22982) ExperimentalWarning: stripTypeScriptTypes is an experimental feature and might change at any time
(Use `node --trace-warnings ...` to show where the warning was created)
PH48/49/55 PASS: authoritative grabber actor, actual Host/native-parent admission, 7 modules x Quick/Full reversal, 28 hidden-hold UP/CANCEL paths, .2/.7/1 captured-visibility driver crossings, tap, actual Slider End/Click; two negative mutations rejected. Native compositor/physical touch remains separate.
PASS actual SDK cold-control subtree omission, first-open command and retained close ownership
(node:22995) ExperimentalWarning: stripTypeScriptTypes is an experimental feature and might change at any time
(Use `node --trace-warnings ...` to show where the warning was created)
reader control source FullHeader geometry + mounted SDK closure roundtrip: PASS
(node:23040) ExperimentalWarning: stripTypeScriptTypes is an experimental feature and might change at any time
(Use `node --trace-warnings ...` to show where the warning was created)
Reader control Host: actual SDK V1 member transform reproduces dropped accessor; ordinary-method input/backdrop gates PASS
Reader control Host input: actual production methods PASS (not device hit-testing/visual acceptance)
(node:23051) ExperimentalWarning: stripTypeScriptTypes is an experimental feature and might change at any time
(Use `node --trace-warnings ...` to show where the warning was created)
Reader control keyboard: production visibility/Back/hide failure cases PASS; structural Host wiring PASS (not native IME acceptance)
Reader control keyboard layout: actual Host methods/binding dependency and 414→700vp budget PASS (not native IME acceptance)
(node:23065) ExperimentalWarning: stripTypeScriptTypes is an experimental feature and might change at any time
(Use `node --trace-warnings ...` to show where the warning was created)
Reader control Host session: production projection, command, close-commit and lifecycle cases PASS
Reader control Host wiring: structural checks PASS (not ArkUI execution or visual acceptance)
Reader control input routing: PASS (actual SDK Header ancestor/child callback, 7 modules, runtime + Link delivery; native touch remains VM evidence)
(node:23077) ExperimentalWarning: stripTypeScriptTypes is an experimental feature and might change at any time
(Use `node --trace-warnings ...` to show where the warning was created)
reader control integration event ownership, CANCEL, and exact mixed-path behavior: PASS
PASS internal/user selection ownership: actual Host methods, stale reopen, TTS/projection negative mutations and committed-close semantics; NOT device acceptance
(node:23118) ExperimentalWarning: stripTypeScriptTypes is an experimental feature and might change at any time
(Use `node --trace-warnings ...` to show where the warning was created)
reader control atomic layout rebase production policy: PASS (no Stage/runtime visual claim)
reader control list positioning: production policy tests passed
PASS PH110 playback anchors: TTS/AutoPage reject unbound or non-finite full measurements, retain quick measurements, resume accurate full reporting after binding
PASS PH110 replacement source: unbound reset remains pending, binding replays it once and admits the confirmed native position
PASS PH110 TTS configuration: missing native offset retains the saved display anchor without a synthetic zero or state write
PASS shared scroll lifecycle: 5 actual component adapters, latest-offset handoff, held endpoint reversals, delayed native reset, shared/full-only roles, new expansion top; NOT visual acceptance
(node:23138) ExperimentalWarning: stripTypeScriptTypes is an experimental feature and might change at any time
(Use `node --trace-warnings ...` to show where the warning was created)
MR1 archived show/hide capture absent; optional evidence checks skipped
PASS reader control motion geometry (production functions; no runtime/visual claim)
PASS all control modules 320/260/200/220, initial opening 220, remaining-distance release, hold/regrab/reverse, monotone velocity continuation; device acceptance separate
PASS TTS softened-content trial: nonzero middle fade, reversible content-only blur, Full details retain their original reveal, offscreen outlines, actual mounted SDK paint observers; NOT device visual acceptance
(node:23159) ExperimentalWarning: stripTypeScriptTypes is an experimental feature and might change at any time
(Use `node --trace-warnings ...` to show where the warning was created)
reader control narrow-width contract: PASS (10 viewport widths)
{"result":"PASS","layer":"real upstream 5.0 attribute diff + production modifier; not native layout or VM performance","mountedNodes":13,"mountedCalls":156,"poses":120,"legacyAttributeCalls":24960,"patchedAttributeCalls":7440,"reductionPercent":70.19,"reverseResizeBusinessAndCallback":"PASS"}
(node:23178) ExperimentalWarning: stripTypeScriptTypes is an experimental feature and might change at any time
(Use `node --trace-warnings ...` to show where the warning was created)
reader-control-p0 static contract: PASS
Actual SDK Auto/TTS mounted Builder observers: reversible actor geometry + live strings/numbers/booleans/child Prop payloads PASS
Reader control playback: live-track geometry, child clipping/min-height, persistent content, actual measurement identity, SDK syntax and 5 mutations PASS
(node:23184) ExperimentalWarning: stripTypeScriptTypes is an experimental feature and might change at any time
(Use `node --trace-warnings ...` to show where the warning was created)
Reader playback Host intents: PASS (production methods; immediate visual, delayed ACK, pause intent, barriers, 350/1750 ownership)
(node:23206) ExperimentalWarning: stripTypeScriptTypes is an experimental feature and might change at any time
(Use `node --trace-warnings ...` to show where the warning was created)
(node:23226) ExperimentalWarning: stripTypeScriptTypes is an experimental feature and might change at any time
(Use `node --trace-warnings ...` to show where the warning was created)
Replace actual SDK mounted rule font: fixed 12, preserved row tracks, parent-only clip, same rule identity and 4 mutations PASS
PASS reader-control-replace-content: actual async production methods, confirmation/failure/retry, session and preview dismissal guards; NOT ArkUI pixel evidence
{"name":"actual TextInput uses explicit compact geometry and live app-theme text without repeating label","status":"PASS"}
{"name":"actual editor has distinct back and fixed bottom save/cancel outside scrolling fields","status":"PASS"}
{"name":"actual reading draft uses real book/source defaults and editing/global creation remain independent","status":"PASS"}
{"name":"save failure retains draft, confirmed save closes, cancel performs no write and pending Back cannot dismiss","status":"PASS"}
{"name":"same mounted footer reacts to mutation, uncertain writes and endpoint input guards","status":"PASS"}
{"name":"actual standalone settings Add action has no inherited reading scope","status":"PASS"}
PH52–54 actual SDK editor and business behavior PASS (6 groups); no device evidence.
PASS reader-control-replace-gateway: real production requests, all rules, lossless partial CRUD, guards, receipts, preview and replace-only bundle
archived replace motion capture absent; optional source-value checks skipped
PASS reader-control-replace-geometry: production endpoint/midpoint sampling, widths and one-tree wiring; NOT native pixel acceptance
(node:23254) ExperimentalWarning: stripTypeScriptTypes is an experimental feature and might change at any time
(Use `node --trace-warnings ...` to show where the warning was created)
PASS Replace Host actual methods: reopen/import canonical read, stale reads, write ownership, uncertainty and Promise rejection; NOT device acceptance
PASS reader-control-replace-state: canonical all rows, partial/full guards, uncertainty, import and stale sessions
reader control original-operation resume, MR1 timing and mixed restoration: PASS
Production control runtime: seven modules, frame revocation, regrab, close, lifecycle PASS
Production Panel scalar projection: seven modules x 101 frames retain route identity and current input state PASS
(node:23267) ExperimentalWarning: stripTypeScriptTypes is an experimental feature and might change at any time
(Use `node --trace-warnings ...` to show where the warning was created)
PASS Search scroll: production row projection, source origin/end-padding, both-end reachability, guarded async rebase, clamp/user continuation, callback ownership and 9 mutations; NOT device acceptance
(node:23285) ExperimentalWarning: stripTypeScriptTypes is an experimental feature and might change at any time
(Use `node --trace-warnings ...` to show where the warning was created)
Actual SDK normalized List: parent clip, authored child origin, extent, same-instance roundtrip PASS
Actual SDK Search/Settings mounted Builder observers: live payload/geometry/capability/switch changes PASS
PASS Search/Settings real actor geometry + production callback methods; not native/visual acceptance
(node:23288) ExperimentalWarning: stripTypeScriptTypes is an experimental feature and might change at any time
(Use `node --trace-warnings ...` to show where the warning was created)
reader control selection production reconciliation: PASS
PH93 refreshed body and processing versions gate actual error recovery, even at identical chapter/scalar PASS
reader control selection transaction: production ownership/commit policy passed
reader control session production state behavior: PASS
reader control shared spatial sampler and inverse production behavior: PASS
reader control Stage composition + diagnostic timing wiring: PASS (structure only; not pixels/touch)
reader control Stage lifecycle: production adapter methods passed (mock frame queue; not native/touch/visual acceptance)
(node:23326) ExperimentalWarning: stripTypeScriptTypes is an experimental feature and might change at any time
(Use `node --trace-warnings ...` to show where the warning was created)
Native diagnostic production parser: 4 valid + 18 malformed plans, CLI and non-injecting host gates PASS; authorization/runtime cleanup not executed.
PASS Make TTS: scroll-aware crossing occlusion, reverse poses, narrow layout, explicit timer modes, five-minute range and precise speed callbacks
(node:23370) ExperimentalWarning: stripTypeScriptTypes is an experimental feature and might change at any time
(Use `node --trace-warnings ...` to show where the warning was created)
reader control diagnostic cold-start production admission + packaging wiring: PASS
(node:23382) ExperimentalWarning: stripTypeScriptTypes is an experimental feature and might change at any time
(Use `node --trace-warnings ...` to show where the warning was created)
{"name":"PH108: real SDK If observes the control visibility edge with extension enabled","status":"PASS"}
{"name":"PH108: every theme-only change invalidates page textures without repagination","status":"PASS"}
{"name":"PH108: shell repaints the reader band above directory and source-switch overlays","status":"PASS"}
{"name":"PH104: moving launch blocks native captures and adjacent preparation, hold resumes","status":"PASS"}
{"name":"PH107: native volume subscriptions are absent in controls, overlays and background","status":"PASS"}
{"name":"PH107: actual InputKit host releases partial registrations, deduplicates and disposes","status":"PASS"}
{"name":"PH106: import stays an action; a separate selected custom font survives restore and reorder","status":"PASS"}
{"name":"PH106: actual font Host registers persisted sandbox font through file URI","status":"PASS"}
{"name":"PH105: download feedback starts immediately, verifies completion and ignores stale owner","status":"PASS"}
custom font boundary: pre-copy and changing-provider limits, failed-load cleanup, active-font preservation PASS
PASS PH114 200 production geometry cases and actual reader cache/signature/reflow: body follows measured information lanes, clears cutouts, survives chrome timing and preserves its scalar anchor. No device pixel claim.
(node:23436) ExperimentalWarning: stripTypeScriptTypes is an experimental feature and might change at any time
(Use `node --trace-warnings ...` to show where the warning was created)
(node:23452) ExperimentalWarning: stripTypeScriptTypes is an experimental feature and might change at any time
(Use `node --trace-warnings ...` to show where the warning was created)
PASS actual cutout settings/reflow: control open/closed, both directions, unchanged native geometry, save rollback, stable reading anchor and stale lifecycle isolation
(node:23483) ExperimentalWarning: stripTypeScriptTypes is an experimental feature and might change at any time
(Use `node --trace-warnings ...` to show where the warning was created)
PH116 actual entry/recovery/source-switch methods: immediate local/remote routes, exact target session reuse, scoped callbacks/retries, retained failed transaction, semantic reader identity PASS
PASS production direct-page presentation: exact intent, input before receipt, late/unknown writes, strong boundaries and exit owner barrier
(node:23502) ExperimentalWarning: stripTypeScriptTypes is an experimental feature and might change at any time
(Use `node --trace-warnings ...` to show where the warning was created)
PH42 retained EPUB backfill only after directory miss and readable frame: PASS
(node:23521) ExperimentalWarning: stripTypeScriptTypes is an experimental feature and might change at any time
(Use `node --trace-warnings ...` to show where the warning was created)
reader directory business-value snapshot and no-op prop refresh: PASS (native scroll still separate)
PASS complete bookmark excerpt/proof snapshots, every scope field, removal, excerpt-only and in-place updates
PASS real FullDirectoryPanel deferred scope/quote-only update retains viewport, keeps morph tree stable, and updates exact click proof at the endpoint
(node:23531) ExperimentalWarning: stripTypeScriptTypes is an experimental feature and might change at any time
(Use `node --trace-warnings ...` to show where the warning was created)
reader directory extent: production lifecycle + wiring passed (not native virtualization/anchor acceptance)
(node:23546) ExperimentalWarning: stripTypeScriptTypes is an experimental feature and might change at any time
(Use `node --trace-warnings ...` to show where the warning was created)
PASS local EPUB directory hierarchy projection, bounded indentation and accessible depth
reader-directory-markers static contract: PASS
PH42 tree bookmark, target validation, rank position and debounced query fencing: PASS
(node:23562) ExperimentalWarning: stripTypeScriptTypes is an experimental feature and might change at any time
(Use `node --trace-warnings ...` to show where the warning was created)
PH42 directory navigation protocol, revision fencing and retained-source backfill: PASS
reader directory projection behavior: PASS
PASS shared directory toolbar/chapter row: actual SDK Builders, retained props, actions, marker gates and control wrappers
(node:23584) ExperimentalWarning: stripTypeScriptTypes is an experimental feature and might change at any time
(Use `node --trace-warnings ...` to show where the warning was created)
PH42 tree viewport continuity, ancestor accessibility and bounded page cache: PASS
(node:23595) ExperimentalWarning: stripTypeScriptTypes is an experimental feature and might change at any time
(Use `node --trace-warnings ...` to show where the warning was created)
PASS production directory: immediate 7-row window, true 1368 total/global position; full search/sort/edges deferred; old lifecycle rejected
(node:23606) ExperimentalWarning: stripTypeScriptTypes is an experimental feature and might change at any time
(Use `node --trace-warnings ...` to show where the warning was created)
reader drag-follow gate contract: PASS
dynamic highlight geometry/color/identity and static snapshot separation: PASS; pixels require runtime verification
(node:23623) ExperimentalWarning: stripTypeScriptTypes is an experimental feature and might change at any time
(Use `node --trace-warnings ...` to show where the warning was created)
optional confirmed entry handoff: synchronous real body, ownership/layout fences, old remote image lease removed without mutation, catalog/body byte cap, image/custom-font refusal and annotation isolation PASS
(node:23631) ExperimentalWarning: stripTypeScriptTypes is an experimental feature and might change at any time
(Use `node --trace-warnings ...` to show where the warning was created)
(node:23655) ExperimentalWarning: stripTypeScriptTypes is an experimental feature and might change at any time
(Use `node --trace-warnings ...` to show where the warning was created)
production entry milestones: independent barriers, durable ready delivery, quiet later pages and throwing diagnostic sink PASS
(node:23672) ExperimentalWarning: stripTypeScriptTypes is an experimental feature and might change at any time
(Use `node --trace-warnings ...` to show where the warning was created)
PASS entry presentation: all themes, shared confirmed settings, owner isolation, reset/failure, nonblocking window calls and stale callback guards.
PASS entry text reuse: one Unicode scan through real admission/cropping/handoff, absolute emoji/CRLF/bidi offsets, strict bad-block/scope rejection, bounded text without timers and cooperative full/image paths
(node:23689) ExperimentalWarning: stripTypeScriptTypes is an experimental feature and might change at any time
(Use `node --trace-warnings ...` to show where the warning was created)
entry window: narrow first chapter, global count, stale entry and deferred last-intent selection PASS
partial catalog: body-only entry, true/unknown edges and deferred manual/auto resume with stale owner rejection PASS
chapter controls: pending catalog resumes newest step only; stale ownership, errors and real boundaries do not select PASS
PASS narrow prepared entry handoff and latest in-memory progress precedence
PASS presented paged entry schedules no automatic full chapter read
explicit complete-text consumer: post-frame expansion, in-flight save ownership, native page retention, queued turn resume, stale lifecycle/layout rejection and no false EOF/title PASS
entry range interaction: paged turns prepare/use adjacent facts without full hydration; TTS explicitly awaits complete text and respects cancelled play intent PASS
PASS expansion atomic admission and cancellation during cooperative indexing
PASS continuous window initial-restore fence and no false chapter-boundary navigation
PASS real projection, chapter ownership, native payload handoff, image sizing and paged/continuous width wiring; no pixel acceptance claim
(node:23709) ExperimentalWarning: stripTypeScriptTypes is an experimental feature and might change at any time
(Use `node --trace-warnings ...` to show where the warning was created)
Debug-only event-loop probe: strict opt-in, actual delayed ticks, independent windows, bounded lifetime, background/late-load ownership PASS; this is not FPS evidence.
(node:23721) ExperimentalWarning: stripTypeScriptTypes is an experimental feature and might change at any time
(Use `node --trace-warnings ...` to show where the warning was created)
reader reported feedback regressions: PASS
actual SDK first-page admission: viewport/chapter order, stale selection and adjacent context PASS
(node:23729) ExperimentalWarning: stripTypeScriptTypes is an experimental feature and might change at any time
(Use `node --trace-warnings ...` to show where the warning was created)
(node:23741) ExperimentalWarning: stripTypeScriptTypes is an experimental feature and might change at any time
(Use `node --trace-warnings ...` to show where the warning was created)
font demand: checked readiness, lazy serial visible previews, shared loads and retry PASS
reader HDC target lease serialization: PASS
Reader Host staging/asset path boundary: PASS
(node:23813) ExperimentalWarning: stripTypeScriptTypes is an experimental feature and might change at any time
(Use `node --trace-warnings ...` to show where the warning was created)
Reader Host picker selection boundary: PASS
(node:23815) ExperimentalWarning: stripTypeScriptTypes is an experimental feature and might change at any time
(Use `node --trace-warnings ...` to show where the warning was created)
reader HttpTTS strict gateway: PASS
reader HttpTTS profile, secret boundary and nullable playback: PASS
reader HttpTTS URL credential placeholder boundary: PASS
reader OnlineTTS profile validator and credential alias binding: PASS
paragraph indent production measurement: Unicode offsets and continued fragments PASS (controlled metrics)
PASS original paragraph resume and giant-paragraph context fallback, no synthetic prefix or truncated shaping
PASS deep native paragraph line lookup reads only binary-search path plus one-page overflow
(node:23826) ExperimentalWarning: stripTypeScriptTypes is an experimental feature and might change at any time
(Use `node --trace-warnings ...` to show where the warning was created)
(node:23828) ExperimentalWarning: stripTypeScriptTypes is an experimental feature and might change at any time
(Use `node --trace-warnings ...` to show where the warning was created)
PASS actual initial chapter acquisition overlaps layout; publication/measurement, stale selection, refresh and rejection barriers remain intact
reading image resolve failed: Error: READING_IMAGE_INTRINSIC_GEOMETRY_MISMATCH
PASS known image geometry: prepared admission, invalid/remote fallback, original versus decoded sizes, mismatch rejection, forward-independent reverse/continuous geometry, deduplicated late leases, frozen pages, texture invalidation, stale/exit protection and invariant page/progress/scroll anchors. No device pixel claim.
(node:23839) ExperimentalWarning: stripTypeScriptTypes is an experimental feature and might change at any time
(Use `node --trace-warnings ...` to show where the warning was created)
reader layout architecture contract: PASS
PASS actual Core firstFrame DTOs (3 fresh, 3 legacy, 3 repaired), padded/unpadded locator segments, unchanged canonical scopes, and production decoded identity/path I/O guards
(node:23856) ExperimentalWarning: stripTypeScriptTypes is an experimental feature and might change at any time
(Use `node --trace-warnings ...` to show where the warning was created)
PASS reverse title ownership: real native measurement clear/take, head fit/reject, retained title and old-call negative control
PASS production reverse page: deep/tail bounded native metrics, Unicode, title/gaps, exact adjacency, partial edges and cancellation
PASS retained page integration: real measurement/retain/restore/queued neighbours, both orders, partial windows, CRLF/Emoji and mid-line request, canonical completion, cancellation, constant-size ownership and unchanged progress
(node:23867) ExperimentalWarning: stripTypeScriptTypes is an experimental feature and might change at any time
(Use `node --trace-warnings ...` to show where the warning was created)
Production measurement prefix: full-page early commit, pending suffix resume and cancellation PASS
PASS full text page commits before decoding a later image; unknown dimensions still resolve when space remains
PASS known immutable local image geometry admits following text synchronously; pixel failure cannot collapse page height
PASS production known-page bounds: local precedence, exact rematerialization and stale-scope rejection
PASS production title transfer: same geometry and one retained native layout across body batches
(node:23884) ExperimentalWarning: stripTypeScriptTypes is an experimental feature and might change at any time
(Use `node --trace-warnings ...` to show where the warning was created)
reader module selection contract: PASS
(node:23892) ExperimentalWarning: stripTypeScriptTypes is an experimental feature and might change at any time
(Use `node --trace-warnings ...` to show where the warning was created)
PASS PH87 day: actual SDK anchored popup, three guarded actions, application colors and dismissal
PASS PH87 night: actual SDK anchored popup, three guarded actions, application colors and dismissal
PASS PH87 disabled download/refresh, obscured and hidden controls cannot dispatch
PASS PH87 adaptive text/window geometry and popup lifecycle; native pixels/placement remain a platform gate
(node:23904) ExperimentalWarning: stripTypeScriptTypes is an experimental feature and might change at any time
(Use `node --trace-warnings ...` to show where the warning was created)
PASS production motion repair: first-frame clock, opening navigation/input, menu ownership/exactly-once, reduced motion, capsule lifecycle/timeline, shelf reversal and font sampled retarget. Device pixels remain separate.
(node:23919) ExperimentalWarning: stripTypeScriptTypes is an experimental feature and might change at any time
(Use `node --trace-warnings ...` to show where the warning was created)
PASS native paragraph SDK and ownership: transfer without reshaping, outgoing lease, replacement, independent snapshot parent and failure disposal
PASS initial paragraph preparation: partial native reuse without measuring, geometry/gap/mounted rejection, one actual fallback owner and deferred release
PASS native paragraph view SDK, original visible selection, absolute scalar highlight and unmount rejection
native Text measurement: installed SDK types, synchronous native measure/layout/read, unchanged source/style/controller and exact disposal PASS; native raster qualification remains separate
production canonical TOC headings, initial/previous/next/control guards and hot projection reuse: PASS
PASS Index directory title projection and local/remote known-chapter guards preserve canonical headings
(node:24000) ExperimentalWarning: stripTypeScriptTypes is an experimental feature and might change at any time
(Use `node --trace-warnings ...` to show where the warning was created)
(node:24014) ExperimentalWarning: stripTypeScriptTypes is an experimental feature and might change at any time
(Use `node --trace-warnings ...` to show where the warning was created)
PASS optional entry-memory diagnostic: strict cold Want, no RAM snapshots, independent durable current/neighbour and legacy image repair, pause/close fences, RAM-only release, guarded retained pages and unchanged ordinary preparation
reader page-bottom justification: PASS
reader page chrome dynamic layout: PASS
page chrome/native snapshot invalidation: PASS
page chrome complete layout reuse and safe-area/session invalidation: PASS
mounted slot revision delivery gates current/adjacent chrome capture: PASS
production texture refresh cache matrix: no idle frame waits; requested direction first; expensive captures remain spread: PASS
(node:24038) ExperimentalWarning: stripTypeScriptTypes is an experimental feature and might change at any time
(Use `node --trace-warnings ...` to show where the warning was created)
reader page-gesture pure state: PASS
reader page input production sequence regressions: PASS
(node:24054) ExperimentalWarning: stripTypeScriptTypes is an experimental feature and might change at any time
(Use `node --trace-warnings ...` to show where the warning was created)
production adjacent measurement isolation, cancellation and rejected admission: PASS
production current snapshot remains bound to physical slot after promotion: PASS
async texture copy preserves lifetime and rejects superseded capture: PASS
(node:24056) ExperimentalWarning: stripTypeScriptTypes is an experimental feature and might change at any time
(Use `node --trace-warnings ...` to show where the warning was created)
production evicted previous chapter: demand refill, coalescing, stale/failed replies and explicit retry: PASS
production reverse discovery: deep full/resident windows keep the visible anchor and never scan from chapter head: PASS
production promotion preparation honors requested direction and stale callback guard: PASS
production image snapshot admission: cold decode, no blank publication, bounded retry, stale/held cancellation and one disposal: PASS
single offscreen snapshot tree: detach immediately, dispose once after outstanding capture: PASS
snapshot publication interruption: pointer retains exact pixels; new page/exit drops them; UP revalidates upload: PASS
(node:24079) ExperimentalWarning: stripTypeScriptTypes is an experimental feature and might change at any time
(Use `node --trace-warnings ...` to show where the warning was created)
production page commit reply-loss reconciliation and unknown-result retention: PASS
production flat settle/regrab continuity and transaction boundary: PASS
production simulation mode-switch teardown and capability recovery: PASS
queued tap cue and physical velocity settlement use independent durations: PASS
(node:24091) ExperimentalWarning: stripTypeScriptTypes is an experimental feature and might change at any time
(Use `node --trace-warnings ...` to show where the warning was created)
reader page-turn pipeline contract: PASS
reader page-turn stable slot geometry and role transition: PASS
(node:24108) ExperimentalWarning: stripTypeScriptTypes is an experimental feature and might change at any time
(Use `node --trace-warnings ...` to show where the warning was created)
PASS PH112: 16 actual SDK page/status paper compositions, full-window crops, stable late geometry/theme updates, 16 shell overlays, native visibility gates and opaque unknown-theme fallback. Device pixels are separate evidence.
(node:24116) ExperimentalWarning: stripTypeScriptTypes is an experimental feature and might change at any time
(Use `node --trace-warnings ...` to show where the warning was created)
paragraph diagnostic: real SDK semantic + Builder + source/indent + same-object paint + late-font/dispose: PASS
negative controls: wrong canvas rejected; full-width-space source mutation rejected
native layout/pixels/fonts/index units/performance/device acceptance: NOT RUN / NOT CLAIMED
(node:24134) ExperimentalWarning: stripTypeScriptTypes is an experimental feature and might change at any time
(Use `node --trace-warnings ...` to show where the warning was created)
reader paragraph indentation projection: PASS
PASS persisted first build: real synchronous DTO/gateway, Unicode/scope/limits/paragraph guards, resource prerequisites and distinct ready/deferred/failed outcomes
(node:24182) ExperimentalWarning: stripTypeScriptTypes is an experimental feature and might change at any time
(Use `node --trace-warnings ...` to show where the warning was created)
PH89/91 actual SDK Builders: circular countdown/centred leading lane and one themed search action in both forms PASS; native text raster still requires VM inspection
(node:24197) ExperimentalWarning: stripTypeScriptTypes is an experimental feature and might change at any time
(Use `node --trace-warnings ...` to show where the warning was created)
PH reading: 4 production clocks, nonintersecting footer, native Builder layers, cancelled hold, closing capsule, Core original text PASS
(node:24213) ExperimentalWarning: stripTypeScriptTypes is an experimental feature and might change at any time
(Use `node --trace-warnings ...` to show where the warning was created)
PASS PH56–59 production SDK methods/Builders: measured regions/API fallback, reader underlay, bookmark threshold+ACK ordering, safe force refresh and two-action More; OEM pixels are not asserted
PASS PH59 real Index write/projection acknowledgments: success and both failure boundaries
PASS PH57 actual Window position/display listeners, equality dedup, rotation invalidation and resource release
PASS PH59 confirmed Core write with unavailable projection retains actual filled Builder and locks repeat writes
(node:24232) ExperimentalWarning: stripTypeScriptTypes is an experimental feature and might change at any time
(Use `node --trace-warnings ...` to show where the warning was created)
platform paragraph installed-SDK semantic adapter: PASS; API23 target support reviewed separately; renderer admission: NOT CLAIMED
bookshelf optional position decoder: actual valid/legacy/malformed behavior; preparation retains authority read PASS
(node:24258) ExperimentalWarning: stripTypeScriptTypes is an experimental feature and might change at any time
(Use `node --trace-warnings ...` to show where the warning was created)
(node:24269) ExperimentalWarning: stripTypeScriptTypes is an experimental feature and might change at any time
(Use `node --trace-warnings ...` to show where the warning was created)
Reader preparation network admission: PASS
Reading preparation runtime: deferred entry, clear/restore fences, foreground and network admission PASS
(node:24271) ExperimentalWarning: stripTypeScriptTypes is an experimental feature and might change at any time
(Use `node --trace-warnings ...` to show where the warning was created)
production target-revision and stale-generation release guards: PASS
production dropped-native-ACK, unadmitted revision and stable 2D recovery: PASS
(node:24280) ExperimentalWarning: stripTypeScriptTypes is an experimental feature and might change at any time
(Use `node --trace-warnings ...` to show where the warning was created)
(node:24292) ExperimentalWarning: stripTypeScriptTypes is an experimental feature and might change at any time
(Use `node --trace-warnings ...` to show where the warning was created)
{"passed":true,"boundary":"Unmodified production capability, persistence, promotion, settlement and Native/ArkUI event joins; controlled Core promises and platform callbacks, not physical frame or device proof.","cases":["held-save","save-reject","reject-before-handoff","duplicate-endpoint","anchor-mismatch","current-ACK","obsolete-ACK","unmounted-ACK","Native-slots","ArkUI-revision","terminal-release","non-Native-frame","legacy-Core","source-switch","gateway-switch","position-migration","control-selection"]}
{"passed":true,"scenarios":19,"cases":["durable-operation-revision-and-CAS/local","durable-operation-revision-and-CAS/remote","prewrite-read-recovery/local","prewrite-read-recovery/remote","repeated-prewrite-read-failure-can-recover","new-displayed-position-during-prewrite-recovery","rebuild/shared-lane/local","rebuild/shared-lane/remote","unknown-reconcile/lost","unknown-reconcile/reject","conflicting-core-never-overwritten","Core-position-changed-during-uncertain-write-recovery-read","invalidation/replace-rule.update","invalidation/replace.undo","invalidation/runtime-close","source-switch-cannot-use-ordinary-intent","LRE-prepared-A-yields-to-shared-pending-B","exit/content-boundary-admits-reconciled-receipt/lost-receipt","exit/content-boundary-admits-reconciled-receipt/prewrite-read"],"boundary":"Actual preparation fences, shared session owner, local/remote gateway commands, serial queue and LRE persistence boundary; controlled Core I/O, no device paint claim."}
(node:24319) ExperimentalWarning: stripTypeScriptTypes is an experimental feature and might change at any time
(Use `node --trace-warnings ...` to show where the warning was created)
{
  "status": "PASS",
  "checks": [
    "one dispatched operation plus one coalesced latest tail",
    "superseded prerequisite read never dispatches its stale write",
    "unknown predecessor reconciles before new tail; late original cannot overwrite/lost",
    "unknown predecessor reconciles before new tail; late original cannot overwrite/late",
    "late receipt cannot clear the newer displayed intent",
    "conflicting unknown is retained and blocks both tail and transaction",
    "legacy Core cannot infer mutation completion from matching anchor",
    "transaction freezes new ordinary admission, drains earlier tail and keeps serial ordering",
    "undispatched read failure remains safely retryable without duplicate writes",
    "content lifetime invalidation cancels the submitted adapter guard",
    "advertised CAS without no-row token fails closed before dispatch",
    "explicit CAS no-write rejection permits explicit fresh-baseline retry/local SDK",
    "explicit rejected write yields to newest tail without dispatching old target again/local SDK",
    "strong transaction recovers definite no-write rejection before crossing boundary/local SDK",
    "explicit CAS no-write rejection permits explicit fresh-baseline retry/remote feature boundary",
    "explicit rejected write yields to newest tail without dispatching old target again/remote feature boundary",
    "strong transaction recovers definite no-write rejection before crossing boundary/remote feature boundary",
    "ambiguous or unrelated rejection remains unknown/message only",
    "ambiguous or unrelated rejection remains unknown/timeout with reason",
    "ambiguous or unrelated rejection remains unknown/other invalid params",
    "ambiguous or unrelated rejection remains unknown/different remote command",
    "definite rejection of retry never discards its earlier unknown request"
  ],
  "boundary": "Production Owner and controlled Core CAS/serial adapters; no native/device acceptance."
}
reader product scope contract: PASS
(node:24345) ExperimentalWarning: stripTypeScriptTypes is an experimental feature and might change at any time
(Use `node --trace-warnings ...` to show where the warning was created)
production finite unknown observation, queued query expiry, late durable and continuous single drain: PASS
PH50/51 actual SDK: Query bounds, first result, button outline, submit; Quick/source headers and reversible progress PASS
(node:24354) ExperimentalWarning: stripTypeScriptTypes is an experimental feature and might change at any time
(Use `node --trace-warnings ...` to show where the warning was created)
reader rapid page-turn dynamic target: PASS
{"passed":true,"scenarios":64,"cases":["ordinary-measurement-admission:current","ordinary-measurement-admission:no-ticket","ordinary-measurement-admission:selection","ordinary-measurement-admission:lifecycle","ordinary-measurement-admission:chapter","ordinary-measurement-admission:layout","ordinary-measurement-admission:control","ordinary-measurement-admission:source-switch","ordinary-measurement-admission:migration","ordinary-measurement-admission:legacy","ordinary-measurement-admission:continuous","title:resident-window-is-not-chapter-start","first:paged","first:continuous","first-projection-fence:visible","first-projection-fence:control","first-projection-fence:source-switch","recovery:origin/paged","recovery:origin/continuous","recovery:target/paged","recovery:target/continuous","promotion:next","promotion:previous","write-reject","anchor-mismatch","obsolete-write","observer-throw:first/commit","observer-throw:first/chapter","observer-throw:first/ready","observer-throw:first/warmup","observer-throw:recover/commit","observer-throw:recover/chapter","observer-throw:recover/ready","observer-throw:recover/warmup","observer-throw:promote/commit","observer-throw:promote/chapter","observer-throw:promote/ready","observer-throw:promote/warmup","reentrant:first/commit/exit","reentrant:first/commit/selection","reentrant:first/commit/remeasure","reentrant:first/chapter/exit","reentrant:first/chapter/selection","reentrant:first/chapter/remeasure","reentrant:recover/commit/exit","reentrant:recover/commit/selection","reentrant:recover/commit/remeasure","reentrant:recover/chapter/exit","reentrant:recover/chapter/selection","reentrant:recover/chapter/remeasure","reentrant:promote/commit/exit","reentrant:promote/commit/selection","reentrant:promote/commit/remeasure","reentrant:promote/chapter/exit","reentrant:promote/chapter/selection","reentrant:promote/chapter/remeasure","negative:first-order","negative:recovery-order","negative:promotion-slot-order","ordinary-owner:old-success","ordinary-owner:old-failure","ordinary-owner:unmount-success","ordinary-owner:unmount-failure","ordinary-owner:normal-exit-waits"],"boundary":"Unmodified ordinary production methods/classes and selection policy with controlled Core/timer boundaries; explicit owner-publication order, not native delivery/paint or VM transient causation."}
(node:24367) ExperimentalWarning: stripTypeScriptTypes is an experimental feature and might change at any time
(Use `node --trace-warnings ...` to show where the warning was created)
(node:24431) ExperimentalWarning: stripTypeScriptTypes is an experimental feature and might change at any time
(Use `node --trace-warnings ...` to show where the warning was created)
PH116 actual reader admission, retained errors, retry generations, late-reply rejection, controls, SDK error actions and source/window ownership PASS
(node:24445) ExperimentalWarning: stripTypeScriptTypes is an experimental feature and might change at any time
(Use `node --trace-warnings ...` to show where the warning was created)
PH94/95 actual refresh lane, prompt/Coordinator revisions, decline/navigation and concurrent rule invalidation PASS
PH95 real Core wire -> production Host decode -> scoped progress publication: changed/unchanged body with/without saved progress PASS
PH95 production serialized recovery: publish-before-layout failure, cache-only retry, one-attempt bound, stale/missing/conflicting evidence PASS
(node:24460) ExperimentalWarning: stripTypeScriptTypes is an experimental feature and might change at any time
(Use `node --trace-warnings ...` to show where the warning was created)
PASS rendering work: empty 24-fragment page 1 clear/0 id scans; active marks 1 frame; duplicate/lifecycle/resize guards; Unicode 700 scan steps; 120 settings poses 0 paths; directory no-op correction 0
(node:24476) ExperimentalWarning: stripTypeScriptTypes is an experimental feature and might change at any time
(Use `node --trace-warnings ...` to show where the warning was created)
{"name":"actual TextInput uses explicit compact geometry and live app-theme text without repeating label","status":"PASS"}
{"name":"actual editor has distinct back and fixed bottom save/cancel outside scrolling fields","status":"PASS"}
{"name":"actual reading draft uses real book/source defaults and editing/global creation remain independent","status":"PASS"}
{"name":"save failure retains draft, confirmed save closes, cancel performs no write and pending Back cannot dismiss","status":"PASS"}
{"name":"same mounted footer reacts to mutation, uncertain writes and endpoint input guards","status":"PASS"}
{"name":"actual standalone settings Add action has no inherited reading scope","status":"PASS"}
PH52–54 actual SDK editor and business behavior PASS (6 groups); no device evidence.
(node:24481) ExperimentalWarning: stripTypeScriptTypes is an experimental feature and might change at any time
(Use `node --trace-warnings ...` to show where the warning was created)
reader Quick Replace pure/static contract: PASS
ReaderRuntimeOwner Ability lease lifecycle: PASS
Scoped source admission: single identity, sharing, invalidation race, missing source and old-Core fallback PASS
reader screen-awake lease: PASS
reader search highlight: PASS
reader copy: native selection maps to original UTF-16 text, synchronous INAPP write and failure recovery PASS
PASS native paragraph selection clamps to original visible page range
(node:24510) ExperimentalWarning: stripTypeScriptTypes is an experimental feature and might change at any time
(Use `node --trace-warnings ...` to show where the warning was created)
reader session capsule projection: PASS
Reader session recovery: PASS (actual control pose rebase, source-ready generations, pure SDK source Builders, More actions)
(node:24519) ExperimentalWarning: stripTypeScriptTypes is an experimental feature and might change at any time
(Use `node --trace-warnings ...` to show where the warning was created)
reader session launch: PASS (48 archived Figma actors, 54000 property comparisons; ownership/ACK/release/Reduce Motion)
reader session source identity: PASS
Settings real SDK Builder hierarchy: separate rounded paint and cached dynamic mask; 42 reversible width/theme poses + partial scroll + mutation PASS
(node:24539) ExperimentalWarning: stripTypeScriptTypes is an experimental feature and might change at any time
(Use `node --trace-warnings ...` to show where the warning was created)
reader settings pure/static contract: PASS
bundled category coverage: {
  novel: 875,
  comic: 107,
  music: 22,
  download: 25,
  other: 3,
  external: 14
}
reader source category isolation: PASS
(node:24547) ExperimentalWarning: stripTypeScriptTypes is an experimental feature and might change at any time
(Use `node --trace-warnings ...` to show where the warning was created)
PASS resident damaged chapter enters foreground correction with original anchors; corrected cache remains immediate
(node:24554) ExperimentalWarning: stripTypeScriptTypes is an experimental feature and might change at any time
(Use `node --trace-warnings ...` to show where the warning was created)
reader source-failure P0 route contract: PASS
startup boundaries: parallel Host marker/native open, restore barrier/order and marker failure cleanup; async admission, failed-open retry, close-before-ready release, post-ready cleanup and undispatched receipt preservation PASS
(node:24567) ExperimentalWarning: stripTypeScriptTypes is an experimental feature and might change at any time
(Use `node --trace-warnings ...` to show where the warning was created)
PASS startup-to-entry trace correlation, stale and same-book ready rejection, mounted lifecycle isolation; no pixel claims
(node:24581) ExperimentalWarning: stripTypeScriptTypes is an experimental feature and might change at any time
(Use `node --trace-warnings ...` to show where the warning was created)
(node:24587) ExperimentalWarning: stripTypeScriptTypes is an experimental feature and might change at any time
(Use `node --trace-warnings ...` to show where the warning was created)
PASS startup reading settings: real queue, confirmed recovery snapshot, defaults/migration/failure, owner isolation, parallel font preparation and pre-Index admission.
startup selected font: acknowledged identical owner/face reuse, failure retry, real-recovery recheck, selected-only preparation, custom receipt/fallback, native failure, stale choice and owner PASS
(node:24601) ExperimentalWarning: stripTypeScriptTypes is an experimental feature and might change at any time
(Use `node --trace-warnings ...` to show where the warning was created)
startup trace: release zero-sample/zero-log direct promises, immutable launch decision; debug monotonic process correlation, measured segments, original result/failure preservation, entry ownership and explicit code-only evidence PASS
(node:24607) ExperimentalWarning: stripTypeScriptTypes is an experimental feature and might change at any time
(Use `node --trace-warnings ...` to show where the warning was created)
PASS status height: hidden rotate, exact-window/split isolation, visible zero, replacement reset
{"name":"presented controls: zero initial measured region recovers through the metrics dependency","status":"PASS"}
{"name":"measured origin, width and height update without a theme change or remount","status":"PASS"}
{"name":"all eight reading palettes remain unchanged in the retained underlay","status":"PASS"}
PASS production SDK observers and observed-property scheduling; no native layout, device pixels or failure-frequency claim.
(node:24624) ExperimentalWarning: stripTypeScriptTypes is an experimental feature and might change at any time
(Use `node --trace-warnings ...` to show where the warning was created)
reader physical-key and screen-off Host contract: PASS
PASS PH114 production top typography: system resource units, AUTO native measurements, fallback, scaling and stable outer tracks
(node:24635) ExperimentalWarning: stripTypeScriptTypes is an experimental feature and might change at any time
(Use `node --trace-warnings ...` to show where the warning was created)
reader text-selection lifecycle contract: PASS
Text node diagnostic: installed SDK, exact measured-node reuse, native indent, clipping inputs and failure/disposal PASS; controlled metrics, no platform paint claim
PASS native paragraph window baseline compensation, unchanged shaping and exact ownership
PASS native resource acquisition and configure have bounded visible metric reads on a 10000-line paragraph
PASS complete initial geometry identity, exact native-node reuse, zero-measure expansion and incompatible-layout rejection
PASS production theme host: same-scheme restart, system linkage, app chrome, restore barrier failure/retry ordering and stale owner isolation
(node:24670) ExperimentalWarning: stripTypeScriptTypes is an experimental feature and might change at any time
(Use `node --trace-warnings ...` to show where the warning was created)
PASS PH67: four approved light bases and four unchanged Make night bases drive preview, ReadingSurface and system chrome; historical PH43 source, ink and effects retained.
(node:24681) ExperimentalWarning: stripTypeScriptTypes is an experimental feature and might change at any time
(Use `node --trace-warnings ...` to show where the warning was created)
PASS theme truth table, migrations, sync fallback, atomic publication, old failure isolation and current failure durable rollback
PASS removed local theme falls back to matching configured day/night default
PASS audition/formal mutual exclusion, no Core progress, synthesis-vs-audio completion, stale callbacks, candidate failure restoration, cancel and resume
PASS missing native acceptance cannot block audition cancellation; invalid pitch fails before host mutation
(node:24709) ExperimentalWarning: stripTypeScriptTypes is an experimental feature and might change at any time
(Use `node --trace-warnings ...` to show where the warning was created)
reader TTS background admission: pending, admitted, denied, foreground return and disabled preference PASS
PASS TTS config interaction: real Builder callbacks, choices, empty states, input gates, slider commits, draft races, stale overlays and audio strategy adapter methods; VM/native audio remain separate.
(node:24728) ExperimentalWarning: stripTypeScriptTypes is an experimental feature and might change at any time
(Use `node --trace-warnings ...` to show where the warning was created)
reader TTS exit progress ownership: PASS
(node:24750) ExperimentalWarning: stripTypeScriptTypes is an experimental feature and might change at any time
(Use `node --trace-warnings ...` to show where the warning was created)
reader TTS strict gateway: PASS
reader TTS precise rate round trip: PASS
PH101 versioned TTS start PASS: actual page reference/coordinator/gateway; strict Core fields; audio ACK; local version progress; stale-content stop; every queue and chapter command
(node:24766) ExperimentalWarning: stripTypeScriptTypes is an experimental feature and might change at any time
(Use `node --trace-warnings ...` to show where the warning was created)
PASS TTS launch intent at all 7 asynchronous preparation boundaries, readyPaused, resume, and two-click acknowledgement race
TTS explicit navigation production methods: serialized Core intent, only latest position generation publishes/speaks, stale in-flight replies rejected PASS
(node:24773) ExperimentalWarning: stripTypeScriptTypes is an experimental feature and might change at any time
(Use `node --trace-warnings ...` to show where the warning was created)
TTS follow production methods: all three baseline defects repaired; latest-target, rejection/retry, unknown-index prepared page, explicit seek, stale callbacks, foreground, source and deferred ownership PASS
(node:24787) ExperimentalWarning: stripTypeScriptTypes is an experimental feature and might change at any time
(Use `node --trace-warnings ...` to show where the warning was created)
reader TTS voice and persisted Host preferences: PASS
reader TTS system and HttpTTS product surface: PASS
PH44 TTS Quick preparation PASS: deferred ready/single-flight/zero audio+queue/independent metadata/obsolete+newer intent guards/active session/SDK first frame/retry; omission negative control rejected
(node:24806) ExperimentalWarning: stripTypeScriptTypes is an experimental feature and might change at any time
(Use `node --trace-warnings ...` to show where the warning was created)
reader TTS fake-host coordinator: PASS
PASS TTS short window: 0–844vp budgets, whole-form scroll fallback, unchanged 44vp Save/Cancel SDK actions
(node:24843) ExperimentalWarning: stripTypeScriptTypes is an experimental feature and might change at any time
(Use `node --trace-warnings ...` to show where the warning was created)
[ReaderTTS] stage=probe code=OPERATION_FAILED
[ReaderTTS] stage=start.failed code=OPERATION_FAILED
[ReaderTTS] stage=start.failed code=OPERATION_FAILED
[ReaderTTS] stage=start.failed code=OPERATION_FAILED
[ReaderTTS] stage=start.failed code=OPERATION_FAILED
[ReaderTTS] stage=start.failed code=OPERATION_FAILED
[ReaderTTS] stage=startCallbackTimeout code=OPERATION_FAILED
reader TTS state machine transactions and isolation: PASS
reader TTS pure state: PASS
Make V17 24-bar CSS track parity, alternate/delay/transitions, shared frame clock and frozen source: PASS
(node:24868) ExperimentalWarning: stripTypeScriptTypes is an experimental feature and might change at any time
(Use `node --trace-warnings ...` to show where the warning was created)
reader typography architecture contract: PASS
PASS unknown-image first-build: actual begin/capture/consume/physical-page chain; full-page suffix exclusion, in-page/pure-image deferral without guessed height or completion, deep Unicode saved anchor, real reverse resolver and known pending/failed geometry. Controlled metrics only; no native paint or durable-progress claim.
(node:24885) ExperimentalWarning: stripTypeScriptTypes is an experimental feature and might change at any time
(Use `node --trace-warnings ...` to show where the warning was created)
(node:24904) ExperimentalWarning: stripTypeScriptTypes is an experimental feature and might change at any time
(Use `node --trace-warnings ...` to show where the warning was created)
PASS actual unread reader admission: one progress read, first three navigable chapters only, typed empty retry, font/layout barrier, resume/explicit/source-switch preservation and stale cancellation
{"name":"actual success records native readback separately from expected style and VP request geometry","status":"PASS"}
{"name":"missing-api retains successful write and reports unavailable fields explicitly","status":"PASS"}
{"name":"readback-throws retains successful write and reports unavailable fields explicitly","status":"PASS"}
{"name":"partial-response retains successful write and reports unavailable fields explicitly","status":"PASS"}
{"name":"latest write failure logs numeric code only, remains pending, and explicit reapply recovers","status":"PASS"}
{"name":"old failure and logger exceptions cannot strand the latest intent or change applied deduplication","status":"PASS"}
{"name":"old window completion is identified and does not borrow replacement geometry or strand its write","status":"PASS"}
{"name":"all registered paper owners expose the actual shared background and retain exact foreground/navigation colors","status":"PASS"}
{"name":"missing or invalid paper backing preserves opaque legacy chrome and application ownership is always opaque","status":"PASS"}
{"name":"a different paper ID republishes even with equal colors while identical paper requests stay deduplicated","status":"PASS"}
PASS bounded actual Coordinator diagnostics; Window readback is controlled and is not device compositor evidence.
(node:24927) ExperimentalWarning: stripTypeScriptTypes is an experimental feature and might change at any time
(Use `node --trace-warnings ...` to show where the warning was created)
{"name":"eight real reading palettes survive hide/show and same/cross-scheme changes through actual Coordinator","status":"PASS"}
{"name":"new theme is drained after the previous native color write rejects","status":"PASS"}
{"name":"old window success cannot strand new window chrome","status":"PASS"}
{"name":"old window reject cannot strand new window chrome","status":"PASS"}
{"name":"failed latest request stays pending without an automatic retry loop and explicit reapply recovers","status":"PASS"}
{"name":"showing controls retries a failed color even when visible-bar policy and geometry are unchanged","status":"PASS"}
{"name":"actual cutout setting true to false preserves measured band across delayed show area and all eight themes","status":"PASS"}
{"name":"pending status reveal never borrows another window geometry or replacement window measurement","status":"PASS"}
{"name":"early positive event cannot end pending reveal before ACK; repeated show and app ownership preserve it","status":"PASS"}
{"name":"show superseded by hide converges and same-size rotation does not reuse the pending band","status":"PASS"}
PASS actual Coordinator + LRE palette requests; controlled Window promise completions only, no device pixel or failure-frequency claim.
reader window chrome P0 contract: PASS
(node:24997) ExperimentalWarning: stripTypeScriptTypes is an experimental feature and might change at any time
(Use `node --trace-warnings ...` to show where the warning was created)
PASS PH100 source metadata: actual Core offline search/detail fixture; plain intro, separate tags, existing date role and latest retained. Actual RuntimeOwner clean v6→v7, user copy/rule edits and discovery edits/deletions protected; no live/device claim.
(node:25027) ExperimentalWarning: stripTypeScriptTypes is an experimental feature and might change at any time
(Use `node --trace-warnings ...` to show where the warning was created)
(node:25130) ExperimentalWarning: stripTypeScriptTypes is an experimental feature and might change at any time
(Use `node --trace-warnings ...` to show where the warning was created)
PASS near-end force refresh bypasses prepared/durable catalogs, singleflights and appends chapter 950 in same mounted reader
PASS actual coordinator re-admits v6 durable catalog under current v8 before safe refresh
PASS failed refresh preserves old catalog/page, uses short retry backoff and never marks freshness
PASS late refresh cannot overwrite a same-book reentry or newer catalog evidence
PASS cold cached entry acquires only after full catalog near end, and later cached pages trigger the same path
PASS cold first acquisition joins real coordinator refresh1370; same gateway evidence still extends old mounted navigation
PASS first-session navigation only evicts its own process bodies and preserves an admitted dragging page
PASS cold near-end acquisition failures retain the visible page, singleflight and retry only after backoff
PASS a cancelled old flight cannot clear a replacement flight or publish its result
PASS parent and mounted gateway both reject incompatible refreshed catalog identities
PASS old catalog hydration cannot shrink a just-admitted append
PASS append and full hydration preserve in-flight page measurement generation; production completion still releases its lane
PASS source/book/rule/reordered/retargeted or variable-mutated catalogs cannot reuse the mounted bodies
PASS catalog compatibility uses effective merged variables, protects shared context/title and accepts shadowed/reordered variables
PASS an older concurrent acquisition cannot downgrade an adopted session
PASS full catalog pagination crosses 949/950/1000 to 1370 and respects revision changes
{"checks":16,"status":"PASS"}
reading chapter window: PASS
reading document projection: PASS
PASS document projection yields for one giant block and many small blocks; obsolete scope never publishes
document windows: one bounded Core request, absolute image/scalar offsets, Unicode boundary roundtrip, scope/cancellation and shared full-chapter map PASS
entry range: absolute resident map, shared identity isolation, complete paragraph context, opt-in protocol and no partial cache poisoning PASS
PASS cooperative shared map preparation: Unicode parity, scheduling, cancellation and resident offsets
range session: first request remains bounded, full paragraph context, retained entry consumed once, version-stable expansion and cancellation PASS
PASS cooperative paragraph projection: CRLF/blank-line semantics, scheduling and cancellation
reading entry preparation: PASS (scoped fences, Core rule command matrix, independent validity, two lanes, cancellation, payload budgets, memory pressure and normal miss recovery)
PASS persistent whole-shelf preparation: all identities, current targets first, metadata only, background priority, pause/resume and close
PASS persistent preparation rapid pause/resume and latest pending admission
PASS persistent preparation isolates per-book failures and retains retryable revision
PASS persistent preparation outcomes: legacy and current retryable cases, isolated target retry, no self-retry
PASS persistent result validation: missing neighbours finish; five malformed-result cases stay isolated and retryable
PASS persistent target reuse: progress book scope, source scope, global rule scope and revision reset
PASS persistent late cancellation: one pending call, seven calls on explicit resume, then no duplicates
PASS modern visible preparation: atomic body/progress/navigation only, background lane and handoff mutation fencing
PASS bounded shelf preparation: TXT, EPUB explicit breaks, remote, absolute restore and handoff
PASS content mutation epoch: stale chapter fenced, progress save retained, retry waits for idle
PASS visible durable preparation before whole-shelf scan, RAM-disabled priority, mid-scan viewport change, no duplicates, cancellation and missing-body retry
reading entry snapshot: no acquisition/full TOC/progress prerequisite, one request + retained body, strict identity/scope/navigation, old offline body and cancellation PASS
PASS separate chapter image layout identity: stable across windows, unchanged position scope, malformed metadata rejected
bounded catalog: 256-row pages, pinned revision, reject changed and cancelled projections PASS
lazy session: independent foreground/background consumers, priority and rebound observer ownership PASS
reading local page facts: exact bidirectional seams, replay, scope and canonical eligibility passed
(node:25532) ExperimentalWarning: stripTypeScriptTypes is an experimental feature and might change at any time
(Use `node --trace-warnings ...` to show where the warning was created)
neighbour preparation: near-first +/-3, one request, cancellation, body-only far window and background gateway PASS
(node:25559) ExperimentalWarning: stripTypeScriptTypes is an experimental feature and might change at any time
(Use `node --trace-warnings ...` to show where the warning was created)
ReadingOfflineGateway image materialization incomplete: OPERATION_FAILED
ReadingOfflineGateway image materialization incomplete: OPERATION_FAILED
ReadingOfflineGateway image materialization incomplete: OPERATION_FAILED
ReadingOfflineGateway image materialization incomplete: OPERATION_FAILED
ReadingOfflineGateway image materialization incomplete: OPERATION_FAILED
ReadingOfflineGateway image materialization incomplete: OPERATION_FAILED
{
  "pass": true,
  "checks": [
    "whole production DiskCache/Owner/Gateway/Index confirms completion, redirects and image geometry; linear body reads",
    "empty and whitespace finalUrl match the existing loadChapter identity semantics",
    "a body/version invalidation discards existing proof before exact local revalidation",
    "proof reuse never caches completion: deleted image bytes revoke exact manifest completion",
    "missing lifetime guard disables reuse; unsupported cacheOnly remains cached without body request",
    "mutation after an early worker completes rejects the entire parallel projection",
    "proof fence is captured before body read, not minted after a stale response",
    "processed is separate from completed; failure counts/reason/title survive while secret error text does not",
    "resource failure reports cached body and failed materialization together without hiding durable bytes",
    "processed-only updates cannot repeatedly toast unchanged zero/completion counts"
  ]
}
ReadingOfflineGateway image materialization incomplete: OPERATION_FAILED
reading offline gateway deterministic runtime: PASS
offline canonical volume projection, range guard, readable totals and lease rejection: PASS
(node:25606) ExperimentalWarning: stripTypeScriptTypes is an experimental feature and might change at any time
(Use `node --trace-warnings ...` to show where the warning was created)
{
  "status": "PASS",
  "productionSourceSha256": "b39654546c7215e9a9936cb95286310045e19ebde7e9c439f9553f569e863ba1",
  "checks": [
    "old/new versions and late old manifest coexist; completeness requires exact identity",
    "zero-length/missing resources cannot certify completion or harm another version",
    "legacy migration requires exact identity/version; neither ordinal nor delimiter collision is trusted",
    "failed manifest rename/crash temp cannot complete a chapter or replace the prior version",
    "a request captured before clear cannot republish; a fresh request can",
    "clear during fsync invalidates publication before rename and preserves unrelated books",
    "failed clear survives restart, denies reads until cleanup completes, and permanently revokes v1 fallback",
    "runtime close invalidates queued and newly requested cache operations"
  ]
}
reading offline image cache architecture: PASS
reading pagination index: PASS
reading pagination integration contract: PASS
PASS paragraph windows: actual gateway/scanner, bidirectional original paragraphs, emoji/CRLF/blank lines, giant multi-RPC, part underfill, scope/overlap/no-progress/cancellation, no whole RPC or progress/cache writes
reading Phone/TabletExpanded shared architecture contract: PASS
reading record accumulation contract: PASS
session documents: remounted gateway reuses adjacent body, original shared map, no native image ownership, scope/cancel/force-refresh and multi-owner cleanup PASS
{
  "status": "PASS",
  "checks": [
    "one cold snapshot supplies chapter and pending admission/local",
    "one cold snapshot supplies chapter and pending admission/remote",
    "snapshot miss resolves transaction before fallback/contentMissing",
    "snapshot miss resolves transaction before fallback/catalogMissing",
    "snapshot miss resolves transaction before fallback/leadingContentEmpty",
    "snapshot miss resolves transaction before fallback/sourceSwitchPending",
    "local missing entry never requests remote pending admission/modern=true",
    "local missing entry never requests remote pending admission/modern=false",
    "explicit source switch retains its strong transaction path",
    "legacy Core keeps acquisition and pending preflight",
    "prepared body preserves pending admission/session=false/pending=false",
    "prepared body preserves pending admission/session=false/pending=true",
    "prepared body preserves pending admission/session=true/pending=false",
    "prepared body preserves pending admission/session=true/pending=true",
    "late warm pending response cannot open an obsolete selection",
    "late snapshot never admits stale reader/selection",
    "late snapshot never admits stale reader/content",
    "late pending receipt cannot install a transaction for an obsolete selection",
    "direct fallback callers share one pending resolution",
    "failed pending admission remains closed and can be retried without losing the resolver"
  ],
  "boundary": "Actual session gateway, entry decoding, body retention and progress eligibility; controlled Core responses, no device paint claim."
}
reading session admission and measurement ownership: local/offline/prepared/switch/stale/font/selection PASS
reading session local/remote routing contract: PASS
reading whole-book processed-scalar progress: PASS
(node:25648) ExperimentalWarning: stripTypeScriptTypes is an experimental feature and might change at any time
(Use `node --trace-warnings ...` to show where the warning was created)
remote content admission contract: PASS
ML cache provenance, offline reading, non-source rejection and explicit protected refresh PASS
ML image-only chapter and short captions preserve access-notice admission PASS
PH75 Host: captured anchor context, forced/cache validation, typed receipt rejection, prepared bypass prevention, window ownership, scoped progress/bookmarks PASS
PH75 directory chapter-start proof: exact cache read, source/index binding, cancellation/CAS failure preservation, no fetch inputs, unscoped stored offsets untouched PASS
PH75 recoverable position conflicts are localized and never treated as source/network failures PASS
PH75 actual reader restore, explicit anchor, preservation, late selection, window proof and TTS write ownership PASS
PH75 unproven persistent offset never borrows current body proof PASS
PH85 actual LRE preserved-refresh notice: 14 admission, intent, status, generation and presentation-failure scenarios PASS
ML cache: offline readable old body, one-session notice, explicit protected refresh and decline without write PASS
ML actual Index cache recovery: explicit refresh, decline, stale route, preserved positions and failure feedback PASS
(node:25666) ExperimentalWarning: stripTypeScriptTypes is an experimental feature and might change at any time
(Use `node --trace-warnings ...` to show where the warning was created)
PH93 actual reader fresh-body/fallback admission, refresh results, mark reload races, quote/proof retention, page-mark deletion and cold-open safety PASS
PH93 actual Index: superseded mark read is retired; current IO failure remains retryable and visible PASS
(node:25680) ExperimentalWarning: stripTypeScriptTypes is an experimental feature and might change at any time
(Use `node --trace-warnings ...` to show where the warning was created)
R1/R9 actual session ownership, stale verdict/directory rejection and validated chapter handoff: PASS
remote reading flow gateway contract: PASS
reading image resolve failed: OPERATION_FAILED
remote reading flow deterministic runtime: PASS
PASS PH58 actual remote/reading-session adapters: optional force flag, offline refresh, identity and failure propagation
responsive surface width regression matrix: PASS
RSS and Discover responsive layout regressions: PASS
rss page architecture contract: PASS
rss subscription management page contract: PASS
rule entity management Core ownership contract: PASS
(node:25732) ExperimentalWarning: stripTypeScriptTypes is an experimental feature and might change at any time
(Use `node --trace-warnings ...` to show where the warning was created)
{
  "evidenceLayer": "SDK-extracted production methods and actual Coordinator/Gateway; synthetic RPC boundary, no device",
  "outcomes": [
    {
      "name": "Core publication contract: empty is classified without relaxing identity/version checks",
      "status": "PASS"
    },
    {
      "name": "Core publication contract: volume-only is classified without relaxing identity/version checks",
      "status": "PASS"
    },
    {
      "name": "Core publication contract: superseded readable is classified without relaxing identity/version checks",
      "status": "PASS"
    },
    {
      "name": "Core publication contract: empty with source version drift is classified without relaxing identity/version checks",
      "status": "PASS"
    },
    {
      "name": "Core publication contract: empty with source identity drift is classified without relaxing identity/version checks",
      "status": "PASS"
    },
    {
      "name": "Core publication contract: empty with book identity drift is classified without relaxing identity/version checks",
      "status": "PASS"
    },
    {
      "name": "unreadable volume-only catalog continues to a valid same-book candidate",
      "status": "PASS"
    },
    {
      "name": "a genuinely superseded readable catalog stops fallback and is never admitted or marked source-failed",
      "status": "PASS"
    },
    {
      "name": "visible groups cap six, concurrency two; speculative work has no progress/body/verdict-success",
      "status": "PASS"
    },
    {
      "name": "visible failed catalog tries another same-book candidate without body work",
      "status": "PASS"
    },
    {
      "name": "foreground preempts unrelated started preparation, propagates cancellation and resumes it without unhealthy proof",
      "status": "PASS"
    },
    {
      "name": "foreground joins same prepared book instead of cancelling its only active request",
      "status": "PASS"
    },
    {
      "name": "only background rounds cap unknown candidates; foreground fourth source succeeds",
      "status": "PASS"
    },
    {
      "name": "cancelled stops group fallback",
      "status": "PASS"
    },
    {
      "name": "identityMismatch stops group fallback",
      "status": "PASS"
    },
    {
      "name": "sourceVersionChanged stops group fallback",
      "status": "PASS"
    },
    {
      "name": "storageFailure stops group fallback",
      "status": "PASS"
    },
    {
      "name": "source-local capability failure tries independent same-book source",
      "status": "PASS"
    },
    {
      "name": "proxy/DNS environment failure stops source churn without candidate health penalty",
      "status": "PASS"
    },
    {
      "name": "whole foreground deadline includes waiting; process completion cannot publish late catalog",
      "status": "PASS"
    },
    {
      "name": "cancel waiting foreground releases consumer promptly and does not try next source",
      "status": "PASS"
    },
    {
      "name": "user cancels orphan foreground Core work, frees slots and allows another book",
      "status": "PASS"
    },
    {
      "name": "deadline cancels orphan foreground Core work, frees slots and allows another book",
      "status": "PASS"
    },
    {
      "name": "one cancelled caller preserves a live same-book foreground consumer",
      "status": "PASS"
    },
    {
      "name": "one cancelled caller preserves a live same-book background consumer",
      "status": "PASS"
    },
    {
      "name": "same-book reopen waits for cancelled Core operation and starts a new acquisition",
      "status": "PASS"
    },
    {
      "name": "same title with blank or conflicting author cannot authorize automatic source replacement",
      "status": "PASS"
    },
    {
      "name": "author label variants use one identity across search candidate and acquired detail without rewriting raw metadata",
      "status": "PASS"
    },
    {
      "name": "source-bound author decoration admits same-book detail and body while preserving raw rules context",
      "status": "PASS"
    },
    {
      "name": "genuine at-author and stale decorated proof cannot authorize another author",
      "status": "PASS"
    },
    {
      "name": "a recognized author template with an empty nickname remains unknown and cannot authorize fallback",
      "status": "PASS"
    },
    {
      "name": "acquired detail must revalidate decorated author against its own current proof",
      "status": "PASS"
    },
    {
      "name": "bounded author metadata policy cannot authorize a different or missing author",
      "status": "PASS"
    },
    {
      "name": "a matching normalized search author still requires the acquired detail author to match",
      "status": "PASS"
    },
    {
      "name": "hidden source-wait pauses and resumes same visible group once without cancellation",
      "status": "PASS"
    },
    {
      "name": "query replacement drops old waiting groups; old admitted work cannot enqueue old fallback",
      "status": "PASS"
    },
    {
      "name": "fresh prepared reused; stale catalog refresh failure handled and original promise rejects",
      "status": "PASS"
    },
    {
      "name": "change notification batches actual identities and source mutation resets",
      "status": "PASS"
    },
    {
      "name": "real selected search group primary empty TOC admits second and probes only selected body; no shelf write",
      "status": "PASS"
    },
    {
      "name": "real search body failure tries second source and reuses admitted body exactly once",
      "status": "PASS"
    },
    {
      "name": "real search catalog is visible before delayed body completes",
      "status": "PASS"
    },
    {
      "name": "real body storage failure stops group and preserves visible admitted catalog",
      "status": "PASS"
    },
    {
      "name": "shelf fixed source never auto-falls back",
      "status": "PASS"
    },
    {
      "name": "explicit fixed source never auto-falls back",
      "status": "PASS"
    },
    {
      "name": "visible range callback bounds group count, skips unchanged rows and clears stopped view",
      "status": "PASS"
    }
  ]
}
PASS same-key metadata/source-count enrichment emits no structural replacement
PASS 60 real SDK ObjectLink enrichments: image actor/URI retained, text and selected candidate current
PASS cover failure fallback/late callback/no repeated failed URL/missing cover/new book isolation
(node:25759) ExperimentalWarning: stripTypeScriptTypes is an experimental feature and might change at any time
(Use `node --trace-warnings ...` to show where the warning was created)
search detail shared cache admission wiring: PASS
PH68 source metadata: open/submit share in-flight and fresh revision, mutation rejects stale, retry recovers without duplicate RPC PASS
(node:25770) ExperimentalWarning: stripTypeScriptTypes is an experimental feature and might change at any time
(Use `node --trace-warnings ...` to show where the warning was created)
R5/R6 query=1000 unrelated=0: metadata RPC=1 returned=1 projected=1 captured=1 PASS
R5/R6 query=1000 unrelated=9000: metadata RPC=1 returned=1 projected=1 captured=1 PASS
R5/R6 partition isolation, exact missing, related admission, stable merge/split, stale cursor and ownership PASS
R5/R6 130-identity atomic source partition and complete 131-member two-page relation PASS
PASS actual SearchGateway retains safe HTTP request/operation/code/timing summary and unchanged error copy; independent rule errors do not inherit stale evidence
{"name":"initial history Scroll uses the top of the content viewport","status":"PASS"}
{"name":"all history appears before layout without per-item measurement or expansion","status":"PASS"}
{"name":"async history and narrow/tablet widths preserve every entry and existing scroll","status":"PASS"}
{"name":"no-source and load-error entries retain history chips and their actions","status":"PASS"}
{"name":"fresh-entry focus is consumed once and reset/return cannot recreate it","status":"PASS"}
{"name":"native focus waits for layout and a removed or returning page never steals it","status":"PASS"}
PH80/81 full scrollable history, zero text measurement and one-shot native focus lifecycle PASS; keyboard pixels remain a platform gate.
(node:25778) ExperimentalWarning: stripTypeScriptTypes is an experimental feature and might change at any time
(Use `node --trace-warnings ...` to show where the warning was created)
PH81/82/90 SDK input clip and hidden Web focus isolation PASS; native caret pixels checked separately
(node:25789) ExperimentalWarning: stripTypeScriptTypes is an experimental feature and might change at any time
(Use `node --trace-warnings ...` to show where the warning was created)
(node:25801) ExperimentalWarning: stripTypeScriptTypes is an experimental feature and might change at any time
(Use `node --trace-warnings ...` to show where the warning was created)
search orchestrator bounded concurrency and retained lifecycle: PASS
PH65 in-flight canonical merge becomes visible before sweep completion PASS
PH65 stale metadata/work guards, 39 counter updates and canonical grouping retention PASS
PH68 incremental deltas: failure retention without retry loop, hidden IO pause/resume, and busy union PASS
PH68 stopped query retains completed metadata without restarting source search PASS
R3 independent branches, stop pending-delta flush, retained failure recovery and query/history identity PASS
R3 failed local branch retries while online remains active; repeated retry does not duplicate work PASS
R6 actual empty source → publication → page/list: 1000 retained rows, zero flatten/index lookup/group rebuild/notice; populated-bucket deletion still invalidates PASS
R3 branch causes survive stop/retry, safe classified UI, successful recovery and old-run rejection PASS
PASS actual search failure state and log retain safe request/operation/code summary while healthy sources and visible copy remain unchanged
PASS local search uses sparse exact DTOs, dense bounded pages, revision retries, and stops stale pagination
PASS PH63/PH99 actual SDK card constraints across phone/tablet and themes: bottom alignment, proportional cover, native wrapping, no blank latest row, live metadata and selection retained; no native pixels asserted
(node:25862) ExperimentalWarning: stripTypeScriptTypes is an experimental feature and might change at any time
(Use `node --trace-warnings ...` to show where the warning was created)
PASS PH77/79 actual SDK Index→SearchPage scalar reset→Watch→grouping→tracked status Text: 1000 refs, 0 new/change groups, 0 copied DTO Props
PASS legacy SDK deep-copy counterexample: 3005 objects/18018 slots, 1000 new groups
PASS actual shelf callback, fresh query and compiled remount retain current payload; native frames are not measured
PASS actual SDK import guard rejects old TS→ETS edge and accepts pure-TS presentation types
(node:25877) ExperimentalWarning: stripTypeScriptTypes is an experimental feature and might change at any time
(Use `node --trace-warnings ...` to show where the warning was created)
search publication identity contract: PASS
{"name":"PH24 native loading indicator preserves 13/36 sizes and responds without remounting","status":"PASS"}
{"name":"PH37 four Toggle states retain geometry, track role, click and thumb position","status":"PASS"}
{"name":"PH7 real theme actions signal accepted defaults and reject wrong day/night type explicitly","status":"PASS"}
{"name":"PH67 SDK previews use four approved light bases and retain four original night bases","status":"PASS"}
{"name":"PH36 real Index Back returns General to Settings before Bookshelf and preserves overlay priority","status":"PASS"}
{"name":"PH34 actual General and Rules Scrolls align short contents at the top","status":"PASS"}
{"name":"PH35 real cache action has intrinsic height, bounded width and retained pending/result label","status":"PASS"}
search/settings physical feedback production/SDK regression PASS (7 groups); native pixels/device acceptance remain separate.
(node:25914) ExperimentalWarning: stripTypeScriptTypes is an experimental feature and might change at any time
(Use `node --trace-warnings ...` to show where the warning was created)
(node:25923) ExperimentalWarning: stripTypeScriptTypes is an experimental feature and might change at any time
(Use `node --trace-warnings ...` to show where the warning was created)
PASS: search selection preserves saved identity; sparse offscreen membership loads full local detail with stale guards; ambiguous and duplicate ownership remains safe
(node:25945) ExperimentalWarning: stripTypeScriptTypes is an experimental feature and might change at any time
(Use `node --trace-warnings ...` to show where the warning was created)
{
  "source": "file:///Users/minliny/Documents/Reader/.reader-isolated/catalog-949-20260925/Reader-for-HarmonyOS/entry/src/main/ets/pages/Index.ets",
  "evidenceLayer": "production methods parsed by Harmony SDK; no device or Core I/O",
  "outcomes": [
    {
      "name": "first source parses: search -> preview -> reading -> detail -> exact search state",
      "status": "PASS"
    },
    {
      "name": "failed first source -> replacement source -> trial -> detail -> original search",
      "status": "PASS"
    },
    {
      "name": "repeated preview replacements keep the original search parent",
      "status": "PASS"
    },
    {
      "name": "late failed first admission cannot replace a new preview or its return target",
      "status": "PASS"
    },
    {
      "name": "leaving preview during replacement rejects late success without changing the new route",
      "status": "PASS"
    },
    {
      "name": "late replacement failure cannot reopen an old detail or replace a newer search",
      "status": "PASS"
    },
    {
      "name": "a failed replacement keeps the original identity and search parent in the reader",
      "status": "PASS"
    },
    {
      "name": "shelf direct resume retains its own return semantics",
      "status": "PASS"
    },
    {
      "name": "shelf explicit info retains its own return semantics",
      "status": "PASS"
    }
  ]
}
search stable rows, enrichment and navigation state: PASS
search relevance: late exact title, stable ties, canonical variants, category scope, keyword cache PASS
progressive relevance ties, retained row identity, measured anchor and remount restoration PASS
PH65 4000 retained rows + 1 changed + 1 added; repeated publication 0 changes PASS
PH65 4000 retained grouping facts + one new row bounded normalization; canonical shelf label PASS
current-version catalog group representative; stale and other-version facts are not verified PASS
R6 query=1000 single metadata: newGroups=1 rowUpdates=1 structuralNotifications=0 normalize=0 groupSort=0; progress all=0 PASS
R6 4000 reversed rows: native batch=1 reload=1 Reader index scans=0 splice shifts=0 PASS
R7 layout-key resolution, mid-layout list changes, query/page guards, user cancellation, programmatic callbacks, merge/neighbors and late layout PASS
R1 display rank: schema2 current verification only; stale/v1/target-only/storage-refresh facts never grant or revoke whole-book readability PASS
R3 partial/stopped-empty/error safe classified messages and SDK disappearance hook PASS
(node:25963) ExperimentalWarning: stripTypeScriptTypes is an experimental feature and might change at any time
(Use `node --trace-warnings ...` to show where the warning was created)
select semantic contract: PASS
settings cache cleanup contract: PASS checks=9
settings responsive select overlay contract: PASS
(node:25991) ExperimentalWarning: stripTypeScriptTypes is an experimental feature and might change at any time
(Use `node --trace-warnings ...` to show where the warning was created)
PASS actual Index→LRE→Core progress/body: one authoritative progress read and body request, current offset wins over stale shelf projection
PASS committed-first-page optional projection, late bookmark preservation, cancellation and refresh revision ownership; no native timing claims
(node:26045) ExperimentalWarning: stripTypeScriptTypes is an experimental feature and might change at any time
(Use `node --trace-warnings ...` to show where the warning was created)
{"name":"missing/invalid name is unknown, not evidence of source removal","status":"PASS"}
{"name":"unready in-memory registries preserve caller supplied persisted identity label","status":"PASS"}
{"name":"temporary unknown Core name cannot erase cached exact-source name or progress","status":"PASS"}
{"name":"successful but unmatched/filtered source list does not prove deletion","status":"PASS"}
{"name":"late old hydration cannot overwrite newer successful name","status":"PASS"}
{"name":"Core deletion admitted while name lookup is pending is never resurrected","status":"PASS"}
{"name":"runtime/route-generation changes reject old results without borrowing another identity","status":"PASS"}
{"name":"source-name-only change invalidates the actual mounted row key while identity stays exact","status":"PASS"}
PH45 source name projection and actual Host hydration regressions PASS (8 groups); no device identity is inferred.
(node:26059) ExperimentalWarning: stripTypeScriptTypes is an experimental feature and might change at any time
(Use `node --trace-warnings ...` to show where the warning was created)
source check streaming progress contract: PASS
PASS foreground correction: real Owner/Coordinator/Preparation fencing, no self-cancel, old captures retired, bookmark handoff, normal cache, background and neighbour refusal, preserved-result failure, dispatched/unknown progress serialization and new-scope persistence
(node:26064) ExperimentalWarning: stripTypeScriptTypes is an experimental feature and might change at any time
(Use `node --trace-warnings ...` to show where the warning was created)
Source product tools static boundary: PASS
source supply chain: PASS
(node:26100) ExperimentalWarning: stripTypeScriptTypes is an experimental feature and might change at any time
(Use `node --trace-warnings ...` to show where the warning was created)
source-switch gateway contract: PASS
PH70 known candidate first paint, delta projection, registry deletion and missing-only discovery PASS
PH70 real Index source-switch entry paints known candidates before cache RPC PASS
PH70 actual Index/Gateway retain failed delta/reset without automatic retry loops PASS
R5 SourceSwitch relation pagination, stale retry, continuation, scoped verdict and deletion preservation PASS
PH116 source switch preserves target session and canonical metadata PASS
PASS: unpersisted selected source preserves exact version/variables through shared acquisition
PH116 every non-current source row permits a new attempt PASS
source-switch post-commit transaction contract: PASS
surface horizontal geometry: PASS (10 viewport widths)
PASS surface repair: production import lifecycle, serialized local mode migration/failure, shared projection, responsive sizing, history and spinner ownership
(node:26113) ExperimentalWarning: stripTypeScriptTypes is an experimental feature and might change at any time
(Use `node --trace-warnings ...` to show where the warning was created)
surface transition P0: PASS
svg provenance: 352 assets verified
PASS WebDAV Host production recovery: durable choices, allow-list, compensated flush, journal ownership, crash boundary, old backup, lost apply/commit response and idempotent completion
(node:26147) ExperimentalWarning: stripTypeScriptTypes is an experimental feature and might change at any time
(Use `node --trace-warnings ...` to show where the warning was created)
WebDAV product boundary/static contract: PASS
(node:26153) ExperimentalWarning: stripTypeScriptTypes is an experimental feature and might change at any time
(Use `node --trace-warnings ...` to show where the warning was created)
(node:26160) ExperimentalWarning: stripTypeScriptTypes is an experimental feature and might change at any time
(Use `node --trace-warnings ...` to show where the warning was created)
PASS system file open: cold/warm queue, reuse/stage cleanup, recovery/teardown fencing, URI admission, existing progress, guarded reader exit, source-switch deferral and manifest
PASS Appearance fields: retained SDK Day/Night/Day stepper and open/closed trigger paint, menu surface/border roles
(node:26168) ExperimentalWarning: stripTypeScriptTypes is an experimental feature and might change at any time
(Use `node --trace-warnings ...` to show where the warning was created)
node:fs:436
    return binding.readFileUtf8(path, stringToFlags(options.flag));
                   ^

Error: ENOENT: no such file or directory, open '/Users/minliny/Documents/Reader/.reader-isolated/catalog-949-20260925/Reader-UI/theme/registry.json'
    at Object.readFileSync (node:fs:436:20)
    at file:///Users/minliny/Documents/Reader/.reader-isolated/catalog-949-20260925/Reader-for-HarmonyOS/tools/generate-theme-icons.mjs:5:22
    at ModuleJob.run (node:internal/modules/esm/module_job:437:25)
    at async onImport.tracePromise.__proto__ (node:internal/modules/esm/loader:642:26)
    at async asyncRunEntryPointWithESMLoader (node:internal/modules/run_main:101:5) {
  errno: -2,
  code: 'ENOENT',
  syscall: 'open',
  path: '/Users/minliny/Documents/Reader/.reader-isolated/catalog-949-20260925/Reader-UI/theme/registry.json'
}

Node.js v26.0.0
node:internal/errors:998
  const err = new Error(message);
              ^

Error: Command failed: /opt/homebrew/Cellar/node/26.0.0/bin/node /Users/minliny/Documents/Reader/.reader-isolated/catalog-949-20260925/Reader-for-HarmonyOS/tools/generate-theme-icons.mjs --list
node:fs:436
    return binding.readFileUtf8(path, stringToFlags(options.flag));
                   ^

Error: ENOENT: no such file or directory, open '/Users/minliny/Documents/Reader/.reader-isolated/catalog-949-20260925/Reader-UI/theme/registry.json'
    at Object.readFileSync (node:fs:436:20)
    at file:///Users/minliny/Documents/Reader/.reader-isolated/catalog-949-20260925/Reader-for-HarmonyOS/tools/generate-theme-icons.mjs:5:22
    at ModuleJob.run (node:internal/modules/esm/module_job:437:25)
    at async onImport.tracePromise.__proto__ (node:internal/modules/esm/loader:642:26)
    at async asyncRunEntryPointWithESMLoader (node:internal/modules/run_main:101:5) {
  errno: -2,
  code: 'ENOENT',
  syscall: 'open',
  path: '/Users/minliny/Documents/Reader/.reader-isolated/catalog-949-20260925/Reader-UI/theme/registry.json'
}

Node.js v26.0.0

    at genericNodeError (node:internal/errors:998:15)
    at wrappedFn (node:internal/errors:543:14)
    at checkExecSyncError (node:child_process:925:11)
    at execFileSync (node:child_process:961:15)
    at file:///Users/minliny/Documents/Reader/.reader-isolated/catalog-949-20260925/Reader-for-HarmonyOS/tools/test-theme-dynamic-icons.mjs:123:31
    at ModuleJob.run (node:internal/modules/esm/module_job:437:25)
    at async onImport.tracePromise.__proto__ (node:internal/modules/esm/loader:642:26)
    at async asyncRunEntryPointWithESMLoader (node:internal/modules/run_main:101:5) {
  status: 1,
  signal: null,
  output: [
    null,
    '',
    'node:fs:436\n' +
      '    return binding.readFileUtf8(path, stringToFlags(options.flag));\n' +
      '                   ^\n' +
      '\n' +
      "Error: ENOENT: no such file or directory, open '/Users/minliny/Documents/Reader/.reader-isolated/catalog-949-20260925/Reader-UI/theme/registry.json'\n" +
      '    at Object.readFileSync (node:fs:436:20)\n' +
      '    at file:///Users/minliny/Documents/Reader/.reader-isolated/catalog-949-20260925/Reader-for-HarmonyOS/tools/generate-theme-icons.mjs:5:22\n' +
      '    at ModuleJob.run (node:internal/modules/esm/module_job:437:25)\n' +
      '    at async onImport.tracePromise.__proto__ (node:internal/modules/esm/loader:642:26)\n' +
      '    at async asyncRunEntryPointWithESMLoader (node:internal/modules/run_main:101:5) {\n' +
      '  errno: -2,\n' +
      "  code: 'ENOENT',\n" +
      "  syscall: 'open',\n" +
      "  path: '/Users/minliny/Documents/Reader/.reader-isolated/catalog-949-20260925/Reader-UI/theme/registry.json'\n" +
      '}\n' +
      '\n' +
      'Node.js v26.0.0\n'
  ],
  pid: 26213,
  stdout: '',
  stderr: 'node:fs:436\n' +
    '    return binding.readFileUtf8(path, stringToFlags(options.flag));\n' +
    '                   ^\n' +
    '\n' +
    "Error: ENOENT: no such file or directory, open '/Users/minliny/Documents/Reader/.reader-isolated/catalog-949-20260925/Reader-UI/theme/registry.json'\n" +
    '    at Object.readFileSync (node:fs:436:20)\n' +
    '    at file:///Users/minliny/Documents/Reader/.reader-isolated/catalog-949-20260925/Reader-for-HarmonyOS/tools/generate-theme-icons.mjs:5:22\n' +
    '    at ModuleJob.run (node:internal/modules/esm/module_job:437:25)\n' +
    '    at async onImport.tracePromise.__proto__ (node:internal/modules/esm/loader:642:26)\n' +
    '    at async asyncRunEntryPointWithESMLoader (node:internal/modules/run_main:101:5) {\n' +
    '  errno: -2,\n' +
    "  code: 'ENOENT',\n" +
    "  syscall: 'open',\n" +
    "  path: '/Users/minliny/Documents/Reader/.reader-isolated/catalog-949-20260925/Reader-UI/theme/registry.json'\n" +
    '}\n' +
    '\n' +
    'Node.js v26.0.0\n'
}

Node.js v26.0.0
/Users/minliny/Documents/Reader/.reader-isolated/catalog-949-20260925/Reader-for-HarmonyOS/scripts/check-local.sh failed (1): <no output>
