09-06 23:19:09.383     0     0 I I00000/HiLog: ========Zeroth log of type: init
09-06 23:19:15.003   424   424 I I02c01/CustCarrierMount: UpdateCotaOpkeyLink start
09-06 23:19:15.003   424   424 W I02c01/CustCarrierMount: not exsit CUST_GLOBAL_CARRIER_DIR or COTA_PARAM_CARRIER_DIR
09-06 23:19:15.385   424   424 I I02c01/CustCarrierMount: success to update cota carrier
09-10 18:18:42.427  2458  2458 W A01c06/ICON: AppIconWeatherModel --> initWeatherListener, retryTimes: 4
09-10 18:18:42.431  2458  2458 E A01c06/ICON: AppIconWeatherModel --> get weather info failed, code: 15700010, message: The DataShareHelper is not initialized successfully.
09-10 18:18:43.442  2458  2458 W A01c06/ICON: AppIconWeatherModel --> initWeatherListener, retryTimes: 4
09-10 18:18:43.447  2458  2458 E A01c06/ICON: AppIconWeatherModel --> get weather info failed, code: 15700010, message: The DataShareHelper is not initialized successfully.
09-10 18:18:44.457  2458  2458 W A01c06/ICON: AppIconWeatherModel --> initWeatherListener, retryTimes: 4
09-10 18:18:44.461  2458  2458 E A01c06/ICON: AppIconWeatherModel --> get weather info failed, code: 15700010, message: The DataShareHelper is not initialized successfully.
09-10 18:18:45.462  2458  2458 W A01c06/ICON: AppIconWeatherModel --> initWeatherListener, retryTimes: 4
09-10 18:18:45.468  2458  2458 E A01c06/ICON: AppIconWeatherModel --> get weather info failed, code: 15700010, message: The DataShareHelper is not initialized successfully.
09-10 18:18:46.475  2458  2458 W A01c06/ICON: AppIconWeatherModel --> initWeatherListener, retryTimes: 4
09-10 18:18:46.481  2458  2458 E A01c06/ICON: AppIconWeatherModel --> get weather info failed, code: 15700010, message: The DataShareHelper is not initialized successfully.
09-10 18:18:47.485  2458  2458 W A01c06/ICON: AppIconWeatherModel --> initWeatherListener, retryTimes: 4
09-10 18:18:47.490  2458  2458 E A01c06/ICON: AppIconWeatherModel --> get weather info failed, code: 15700010, message: The DataShareHelper is not initialized successfully.
09-10 18:18:48.499  2458  2458 W A01c06/ICON: AppIconWeatherModel --> initWeatherListener, retryTimes: 4
09-10 18:18:48.504  2458  2458 E A01c06/ICON: AppIconWeatherModel --> get weather info failed, code: 15700010, message: The DataShareHelper is not initialized successfully.
09-10 18:18:49.506  2458  2458 W A01c06/ICON: AppIconWeatherModel --> initWeatherListener, retryTimes: 4
09-10 18:18:49.513  2458  2458 E A01c06/ICON: AppIconWeatherModel --> get weather info failed, code: 15700010, message: The DataShareHelper is not initialized successfully.
09-10 18:18:50.517  2458  2458 W A01c06/ICON: AppIconWeatherModel --> initWeatherListener, retryTimes: 4
09-10 18:18:50.523  2458  2458 E A01c06/ICON: AppIconWeatherModel --> get weather info failed, code: 15700010, message: The DataShareHelper is not initialized successfully.
09-10 18:18:51.532  2458  2458 W A01c06/ICON: AppIconWeatherModel --> initWeatherListener, retryTimes: 4
09-10 18:18:51.538  2458  2458 E A01c06/ICON: AppIconWeatherModel --> get weather info failed, code: 15700010, message: The DataShareHelper is not initialized successfully.
09-10 18:18:52.539  2458  2458 W A01c06/ICON: AppIconWeatherModel --> initWeatherListener, retryTimes: 4
09-10 18:18:52.544  2458  2458 E A01c06/ICON: AppIconWeatherModel --> get weather info failed, code: 15700010, message: The DataShareHelper is not initialized successfully.
09-10 18:18:53.553  2458  2458 W A01c06/ICON: AppIconWeatherModel --> initWeatherListener, retryTimes: 4
09-10 18:18:53.560  2458  2458 E A01c06/ICON: AppIconWeatherModel --> get weather info failed, code: 15700010, message: The DataShareHelper is not initialized successfully.
09-10 18:18:54.561  2458  2458 W A01c06/ICON: AppIconWeatherModel --> initWeatherListener, retryTimes: 4
09-10 18:18:54.566  2458  2458 E A01c06/ICON: AppIconWeatherModel --> get weather info failed, code: 15700010, message: The DataShareHelper is not initialized successfully.
09-10 18:18:55.574  2458  2458 W A01c06/ICON: AppIconWeatherModel --> initWeatherListener, retryTimes: 4
09-10 18:18:55.581  2458  2458 E A01c06/ICON: AppIconWeatherModel --> get weather info failed, code: 15700010, message: The DataShareHelper is not initialized successfully.
09-10 18:18:56.584  2458  2458 W A01c06/ICON: AppIconWeatherModel --> initWeatherListener, retryTimes: 4
09-10 18:18:56.591  2458  2458 E A01c06/ICON: AppIconWeatherModel --> get weather info failed, code: 15700010, message: The DataShareHelper is not initialized successfully.
09-10 18:18:57.592  2458  2458 W A01c06/ICON: AppIconWeatherModel --> initWeatherListener, retryTimes: 4
09-10 18:18:57.600  2458  2458 E A01c06/ICON: AppIconWeatherModel --> get weather info failed, code: 15700010, message: The DataShareHelper is not initialized successfully.
09-10 18:18:58.602  2458  2458 W A01c06/ICON: AppIconWeatherModel --> initWeatherListener, retryTimes: 4
09-10 18:18:58.609  2458  2458 E A01c06/ICON: AppIconWeatherModel --> get weather info failed, code: 15700010, message: The DataShareHelper is not initialized successfully.
09-10 18:18:59.611  2458  2458 W A01c06/ICON: AppIconWeatherModel --> initWeatherListener, retryTimes: 4
09-10 18:18:59.617  2458  2458 E A01c06/ICON: AppIconWeatherModel --> get weather info failed, code: 15700010, message: The DataShareHelper is not initialized successfully.
09-10 18:19:00.007  2458  2458 I A01a01/NC: StatusBarSysEventUtil: onTimeChangeEvent
09-10 18:19:00.008  2458  2458 W A01c06/ICON: AppIconCalendarCache --> receive date change event, nowData: 10, dateText: ,image is transparent: false, image is empty: true
09-10 18:19:00.008  2458  2458 W A01c06/ICON: AppIconCalendarCache --> com.huawei.hmos.calendar is not dynamic icon, bundleName is com.huawei.hmos.calendar
09-10 18:19:00.008  2458  2458 E A01c06/ICON: AppIconCalendarCache --> backgroundImage resource error
09-10 18:19:00.008  2458  2458 E A01c06/ICON: AppIconCalendarCache --> calendarForegroundBuilder is null
09-10 18:19:00.618  2458  2458 W A01c06/ICON: AppIconWeatherModel --> initWeatherListener, retryTimes: 4
09-10 18:19:00.625  2458  2458 E A01c06/ICON: AppIconWeatherModel --> get weather info failed, code: 15700010, message: The DataShareHelper is not initialized successfully.
09-10 18:19:01.627  2458  2458 W A01c06/ICON: AppIconWeatherModel --> initWeatherListener, retryTimes: 4
09-10 18:19:01.634  2458  2458 E A01c06/ICON: AppIconWeatherModel --> get weather info failed, code: 15700010, message: The DataShareHelper is not initialized successfully.
09-10 18:19:02.638  2458  2458 W A01c06/ICON: AppIconWeatherModel --> initWeatherListener, retryTimes: 4
09-10 18:19:02.643  2458  2458 E A01c06/ICON: AppIconWeatherModel --> get weather info failed, code: 15700010, message: The DataShareHelper is not initialized successfully.
09-10 18:19:03.645  2458  2458 W A01c06/ICON: AppIconWeatherModel --> initWeatherListener, retryTimes: 4
09-10 18:19:03.648  2458  2458 E A01c06/ICON: AppIconWeatherModel --> get weather info failed, code: 15700010, message: The DataShareHelper is not initialized successfully.
09-10 18:19:04.654  2458  2458 W A01c06/ICON: AppIconWeatherModel --> initWeatherListener, retryTimes: 4
09-10 18:19:04.658  2458  2458 E A01c06/ICON: AppIconWeatherModel --> get weather info failed, code: 15700010, message: The DataShareHelper is not initialized successfully.
09-10 18:19:05.664  2458  2458 W A01c06/ICON: AppIconWeatherModel --> initWeatherListener, retryTimes: 4
09-10 18:19:05.671  2458  2458 E A01c06/ICON: AppIconWeatherModel --> get weather info failed, code: 15700010, message: The DataShareHelper is not initialized successfully.
09-10 18:19:06.673  2458  2458 W A01c06/ICON: AppIconWeatherModel --> initWeatherListener, retryTimes: 4
09-10 18:19:06.679  2458  2458 E A01c06/ICON: AppIconWeatherModel --> get weather info failed, code: 15700010, message: The DataShareHelper is not initialized successfully.
09-10 18:19:07.680  2458  2458 W A01c06/ICON: AppIconWeatherModel --> initWeatherListener, retryTimes: 4
09-10 18:19:07.685  2458  2458 E A01c06/ICON: AppIconWeatherModel --> get weather info failed, code: 15700010, message: The DataShareHelper is not initialized successfully.
09-10 18:19:08.687  2458  2458 W A01c06/ICON: AppIconWeatherModel --> initWeatherListener, retryTimes: 4
09-10 18:19:08.694  2458  2458 E A01c06/ICON: AppIconWeatherModel --> get weather info failed, code: 15700010, message: The DataShareHelper is not initialized successfully.
09-10 18:19:09.700  2458  2458 W A01c06/ICON: AppIconWeatherModel --> initWeatherListener, retryTimes: 4
09-10 18:19:09.707  2458  2458 E A01c06/ICON: AppIconWeatherModel --> get weather info failed, code: 15700010, message: The DataShareHelper is not initialized successfully.
09-10 18:19:10.715  2458  2458 W A01c06/ICON: AppIconWeatherModel --> initWeatherListener, retryTimes: 4
09-10 18:19:10.720  2458  2458 E A01c06/ICON: AppIconWeatherModel --> get weather info failed, code: 15700010, message: The DataShareHelper is not initialized successfully.
09-10 18:19:11.723  2458  2458 W A01c06/ICON: AppIconWeatherModel --> initWeatherListener, retryTimes: 4
09-10 18:19:11.729  2458  2458 E A01c06/ICON: AppIconWeatherModel --> get weather info failed, code: 15700010, message: The DataShareHelper is not initialized successfully.
09-10 18:19:12.737  2458  2458 W A01c06/ICON: AppIconWeatherModel --> initWeatherListener, retryTimes: 4
09-10 18:19:12.741  2458  2458 E A01c06/ICON: AppIconWeatherModel --> get weather info failed, code: 15700010, message: The DataShareHelper is not initialized successfully.
09-10 18:19:13.750  2458  2458 W A01c06/ICON: AppIconWeatherModel --> initWeatherListener, retryTimes: 4
09-10 18:19:13.756  2458  2458 E A01c06/ICON: AppIconWeatherModel --> get weather info failed, code: 15700010, message: The DataShareHelper is not initialized successfully.
09-10 18:19:14.759  2458  2458 W A01c06/ICON: AppIconWeatherModel --> initWeatherListener, retryTimes: 4
09-10 18:19:14.766  2458  2458 E A01c06/ICON: AppIconWeatherModel --> get weather info failed, code: 15700010, message: The DataShareHelper is not initialized successfully.
09-10 18:19:15.768  2458  2458 W A01c06/ICON: AppIconWeatherModel --> initWeatherListener, retryTimes: 4
09-10 18:19:15.775  2458  2458 E A01c06/ICON: AppIconWeatherModel --> get weather info failed, code: 15700010, message: The DataShareHelper is not initialized successfully.
09-10 18:19:16.776  2458  2458 W A01c06/ICON: AppIconWeatherModel --> initWeatherListener, retryTimes: 4
09-10 18:19:16.782  2458  2458 E A01c06/ICON: AppIconWeatherModel --> get weather info failed, code: 15700010, message: The DataShareHelper is not initialized successfully.
09-10 18:19:17.788  2458  2458 W A01c06/ICON: AppIconWeatherModel --> initWeatherListener, retryTimes: 4
09-10 18:19:17.795  2458  2458 E A01c06/ICON: AppIconWeatherModel --> get weather info failed, code: 15700010, message: The DataShareHelper is not initialized successfully.
09-10 18:19:18.805  2458  2458 W A01c06/ICON: AppIconWeatherModel --> initWeatherListener, retryTimes: 4
09-10 18:19:18.812  2458  2458 E A01c06/ICON: AppIconWeatherModel --> get weather info failed, code: 15700010, message: The DataShareHelper is not initialized successfully.
09-10 18:19:19.814  2458  2458 W A01c06/ICON: AppIconWeatherModel --> initWeatherListener, retryTimes: 4
09-10 18:19:19.821  2458  2458 E A01c06/ICON: AppIconWeatherModel --> get weather info failed, code: 15700010, message: The DataShareHelper is not initialized successfully.
09-10 18:19:20.831  2458  2458 W A01c06/ICON: AppIconWeatherModel --> initWeatherListener, retryTimes: 4
09-10 18:19:20.838  2458  2458 E A01c06/ICON: AppIconWeatherModel --> get weather info failed, code: 15700010, message: The DataShareHelper is not initialized successfully.
09-10 18:19:21.839  2458  2458 W A01c06/ICON: AppIconWeatherModel --> initWeatherListener, retryTimes: 4
09-10 18:19:21.843  2458  2458 E A01c06/ICON: AppIconWeatherModel --> get weather info failed, code: 15700010, message: The DataShareHelper is not initialized successfully.
09-10 18:19:22.843  2458  2458 W A01c06/ICON: AppIconWeatherModel --> initWeatherListener, retryTimes: 4
09-10 18:19:22.847  2458  2458 E A01c06/ICON: AppIconWeatherModel --> get weather info failed, code: 15700010, message: The DataShareHelper is not initialized successfully.
09-10 18:19:23.848  2458  2458 W A01c06/ICON: AppIconWeatherModel --> initWeatherListener, retryTimes: 4
09-10 18:19:23.851  2458  2458 E A01c06/ICON: AppIconWeatherModel --> get weather info failed, code: 15700010, message: The DataShareHelper is not initialized successfully.
09-10 18:19:24.853  2458  2458 W A01c06/ICON: AppIconWeatherModel --> initWeatherListener, retryTimes: 4
09-10 18:19:24.856  2458  2458 E A01c06/ICON: AppIconWeatherModel --> get weather info failed, code: 15700010, message: The DataShareHelper is not initialized successfully.
09-10 18:19:25.858  2458  2458 W A01c06/ICON: AppIconWeatherModel --> initWeatherListener, retryTimes: 4
09-10 18:19:25.862  2458  2458 E A01c06/ICON: AppIconWeatherModel --> get weather info failed, code: 15700010, message: The DataShareHelper is not initialized successfully.
09-10 18:19:26.863  2458  2458 W A01c06/ICON: AppIconWeatherModel --> initWeatherListener, retryTimes: 4
09-10 18:19:26.868  2458  2458 E A01c06/ICON: AppIconWeatherModel --> get weather info failed, code: 15700010, message: The DataShareHelper is not initialized successfully.
09-10 18:19:27.873  2458  2458 W A01c06/ICON: AppIconWeatherModel --> initWeatherListener, retryTimes: 4
09-10 18:19:27.878  2458  2458 E A01c06/ICON: AppIconWeatherModel --> get weather info failed, code: 15700010, message: The DataShareHelper is not initialized successfully.
09-10 18:19:28.879  2458  2458 W A01c06/ICON: AppIconWeatherModel --> initWeatherListener, retryTimes: 4
09-10 18:19:28.883  2458  2458 E A01c06/ICON: AppIconWeatherModel --> get weather info failed, code: 15700010, message: The DataShareHelper is not initialized successfully.
09-10 18:19:29.885  2458  2458 W A01c06/ICON: AppIconWeatherModel --> initWeatherListener, retryTimes: 4
09-10 18:19:29.890  2458  2458 E A01c06/ICON: AppIconWeatherModel --> get weather info failed, code: 15700010, message: The DataShareHelper is not initialized successfully.
09-10 18:19:30.896  2458  2458 W A01c06/ICON: AppIconWeatherModel --> initWeatherListener, retryTimes: 4
09-10 18:19:30.901  2458  2458 E A01c06/ICON: AppIconWeatherModel --> get weather info failed, code: 15700010, message: The DataShareHelper is not initialized successfully.
09-10 18:19:31.908  2458  2458 W A01c06/ICON: AppIconWeatherModel --> initWeatherListener, retryTimes: 4
09-10 18:19:31.914  2458  2458 E A01c06/ICON: AppIconWeatherModel --> get weather info failed, code: 15700010, message: The DataShareHelper is not initialized successfully.
09-10 18:19:32.917  2458  2458 W A01c06/ICON: AppIconWeatherModel --> initWeatherListener, retryTimes: 4
09-10 18:19:32.924  2458  2458 E A01c06/ICON: AppIconWeatherModel --> get weather info failed, code: 15700010, message: The DataShareHelper is not initialized successfully.
09-10 18:19:33.926  2458  2458 W A01c06/ICON: AppIconWeatherModel --> initWeatherListener, retryTimes: 4
09-10 18:19:33.934  2458  2458 E A01c06/ICON: AppIconWeatherModel --> get weather info failed, code: 15700010, message: The DataShareHelper is not initialized successfully.
09-10 18:19:34.943  2458  2458 W A01c06/ICON: AppIconWeatherModel --> initWeatherListener, retryTimes: 4
09-10 18:19:34.948  2458  2458 E A01c06/ICON: AppIconWeatherModel --> get weather info failed, code: 15700010, message: The DataShareHelper is not initialized successfully.
09-10 18:19:35.952  2458  2458 W A01c06/ICON: AppIconWeatherModel --> initWeatherListener, retryTimes: 4
09-10 18:19:35.957  2458  2458 E A01c06/ICON: AppIconWeatherModel --> get weather info failed, code: 15700010, message: The DataShareHelper is not initialized successfully.
09-10 18:19:36.967  2458  2458 W A01c06/ICON: AppIconWeatherModel --> initWeatherListener, retryTimes: 4
09-10 18:19:36.971  2458  2458 E A01c06/ICON: AppIconWeatherModel --> get weather info failed, code: 15700010, message: The DataShareHelper is not initialized successfully.
09-10 18:19:37.974  2458  2458 W A01c06/ICON: AppIconWeatherModel --> initWeatherListener, retryTimes: 4
09-10 18:19:37.981  2458  2458 E A01c06/ICON: AppIconWeatherModel --> get weather info failed, code: 15700010, message: The DataShareHelper is not initialized successfully.
09-10 18:19:38.990  2458  2458 W A01c06/ICON: AppIconWeatherModel --> initWeatherListener, retryTimes: 4
09-10 18:19:38.995  2458  2458 E A01c06/ICON: AppIconWeatherModel --> get weather info failed, code: 15700010, message: The DataShareHelper is not initialized successfully.
09-10 18:19:39.998  2458  2458 W A01c06/ICON: AppIconWeatherModel --> initWeatherListener, retryTimes: 4
09-10 18:19:40.002  2458  2458 E A01c06/ICON: AppIconWeatherModel --> get weather info failed, code: 15700010, message: The DataShareHelper is not initialized successfully.
09-10 18:19:41.011  2458  2458 W A01c06/ICON: AppIconWeatherModel --> initWeatherListener, retryTimes: 4
09-10 18:19:41.015  2458  2458 E A01c06/ICON: AppIconWeatherModel --> get weather info failed, code: 15700010, message: The DataShareHelper is not initialized successfully.
09-10 18:19:42.016  2458  2458 W A01c06/ICON: AppIconWeatherModel --> initWeatherListener, retryTimes: 4
09-10 18:19:42.020  2458  2458 E A01c06/ICON: AppIconWeatherModel --> get weather info failed, code: 15700010, message: The DataShareHelper is not initialized successfully.
09-10 18:19:43.021  2458  2458 W A01c06/ICON: AppIconWeatherModel --> initWeatherListener, retryTimes: 4
09-10 18:19:43.024  2458  2458 E A01c06/ICON: AppIconWeatherModel --> get weather info failed, code: 15700010, message: The DataShareHelper is not initialized successfully.
09-10 18:19:44.026  2458  2458 W A01c06/ICON: AppIconWeatherModel --> initWeatherListener, retryTimes: 4
09-10 18:19:44.028  2458  2458 E A01c06/ICON: AppIconWeatherModel --> get weather info failed, code: 15700010, message: The DataShareHelper is not initialized successfully.
09-10 18:19:45.029  2458  2458 W A01c06/ICON: AppIconWeatherModel --> initWeatherListener, retryTimes: 4
09-10 18:19:45.031  2458  2458 E A01c06/ICON: AppIconWeatherModel --> get weather info failed, code: 15700010, message: The DataShareHelper is not initialized successfully.
09-10 18:19:46.033  2458  2458 W A01c06/ICON: AppIconWeatherModel --> initWeatherListener, retryTimes: 4
09-10 18:19:46.035  2458  2458 E A01c06/ICON: AppIconWeatherModel --> get weather info failed, code: 15700010, message: The DataShareHelper is not initialized successfully.
09-10 18:19:47.037  2458  2458 W A01c06/ICON: AppIconWeatherModel --> initWeatherListener, retryTimes: 4
09-10 18:19:47.039  2458  2458 E A01c06/ICON: AppIconWeatherModel --> get weather info failed, code: 15700010, message: The DataShareHelper is not initialized successfully.
09-10 18:19:48.041  2458  2458 W A01c06/ICON: AppIconWeatherModel --> initWeatherListener, retryTimes: 4
09-10 18:19:48.043  2458  2458 E A01c06/ICON: AppIconWeatherModel --> get weather info failed, code: 15700010, message: The DataShareHelper is not initialized successfully.
09-10 18:19:49.045  2458  2458 W A01c06/ICON: AppIconWeatherModel --> initWeatherListener, retryTimes: 4
09-10 18:19:49.047  2458  2458 E A01c06/ICON: AppIconWeatherModel --> get weather info failed, code: 15700010, message: The DataShareHelper is not initialized successfully.
09-10 18:19:50.048  2458  2458 W A01c06/ICON: AppIconWeatherModel --> initWeatherListener, retryTimes: 4
09-10 18:19:50.050  2458  2458 E A01c06/ICON: AppIconWeatherModel --> get weather info failed, code: 15700010, message: The DataShareHelper is not initialized successfully.
09-10 18:19:51.051  2458  2458 W A01c06/ICON: AppIconWeatherModel --> initWeatherListener, retryTimes: 4
09-10 18:19:51.053  2458  2458 E A01c06/ICON: AppIconWeatherModel --> get weather info failed, code: 15700010, message: The DataShareHelper is not initialized successfully.
09-10 18:19:52.055  2458  2458 W A01c06/ICON: AppIconWeatherModel --> initWeatherListener, retryTimes: 4
09-10 18:19:52.057  2458  2458 E A01c06/ICON: AppIconWeatherModel --> get weather info failed, code: 15700010, message: The DataShareHelper is not initialized successfully.
09-10 18:19:53.058  2458  2458 W A01c06/ICON: AppIconWeatherModel --> initWeatherListener, retryTimes: 4
09-10 18:19:53.060  2458  2458 E A01c06/ICON: AppIconWeatherModel --> get weather info failed, code: 15700010, message: The DataShareHelper is not initialized successfully.
09-10 18:19:54.062  2458  2458 W A01c06/ICON: AppIconWeatherModel --> initWeatherListener, retryTimes: 4
09-10 18:19:54.064  2458  2458 E A01c06/ICON: AppIconWeatherModel --> get weather info failed, code: 15700010, message: The DataShareHelper is not initialized successfully.
09-10 18:19:55.065  2458  2458 W A01c06/ICON: AppIconWeatherModel --> initWeatherListener, retryTimes: 4
09-10 18:19:55.067  2458  2458 E A01c06/ICON: AppIconWeatherModel --> get weather info failed, code: 15700010, message: The DataShareHelper is not initialized successfully.
09-10 18:19:56.068  2458  2458 W A01c06/ICON: AppIconWeatherModel --> initWeatherListener, retryTimes: 4
09-10 18:19:56.071  2458  2458 E A01c06/ICON: AppIconWeatherModel --> get weather info failed, code: 15700010, message: The DataShareHelper is not initialized successfully.
09-10 18:19:57.072  2458  2458 W A01c06/ICON: AppIconWeatherModel --> initWeatherListener, retryTimes: 4
09-10 18:19:57.074  2458  2458 E A01c06/ICON: AppIconWeatherModel --> get weather info failed, code: 15700010, message: The DataShareHelper is not initialized successfully.
09-10 18:19:58.075  2458  2458 W A01c06/ICON: AppIconWeatherModel --> initWeatherListener, retryTimes: 4
09-10 18:19:58.077  2458  2458 E A01c06/ICON: AppIconWeatherModel --> get weather info failed, code: 15700010, message: The DataShareHelper is not initialized successfully.
09-10 18:19:59.078  2458  2458 W A01c06/ICON: AppIconWeatherModel --> initWeatherListener, retryTimes: 4
09-10 18:19:59.081  2458  2458 E A01c06/ICON: AppIconWeatherModel --> get weather info failed, code: 15700010, message: The DataShareHelper is not initialized successfully.
09-10 18:20:00.011  2458  2458 I A01a00/SYS_UI: StatisticsMaintenance: report statistics, do not limit
09-10 18:20:00.011  2458  2458 I A01a00/SYS_UI: MaintenanceRecord: Send maintenance event(1), extendType(6), ext: [{"ntfNum":{},"liveViewNum":{},"showPanelTime":[],"queueNum":0,"dropNum":[0,0],"volume":-2,"version":1,"taskException":"","swingStatus":""}]
09-10 18:20:00.011  2458  2458 I A01a01/NC: StatusBarSysEventUtil: onTimeChangeEvent
09-10 18:20:00.011  2458  2458 W A01c06/ICON: AppIconCalendarCache --> receive date change event, nowData: 10, dateText: ,image is transparent: false, image is empty: true
09-10 18:20:00.011  2458  2458 W A01c06/ICON: AppIconCalendarCache --> com.huawei.hmos.calendar is not dynamic icon, bundleName is com.huawei.hmos.calendar
09-10 18:20:00.011  2458  2458 E A01c06/ICON: AppIconCalendarCache --> backgroundImage resource error
09-10 18:20:00.011  2458  2458 E A01c06/ICON: AppIconCalendarCache --> calendarForegroundBuilder is null
09-10 18:20:00.014  2458  2458 I A01a00/SYS_UI: MaintenanceRecord: Send maintenance event(1) to push success
09-10 18:20:00.082  2458  2458 W A01c06/ICON: AppIconWeatherModel --> initWeatherListener, retryTimes: 4
09-10 18:20:00.084  2458  2458 E A01c06/ICON: AppIconWeatherModel --> get weather info failed, code: 15700010, message: The DataShareHelper is not initialized successfully.
09-10 18:20:01.085  2458  2458 W A01c06/ICON: AppIconWeatherModel --> initWeatherListener, retryTimes: 4
09-10 18:20:01.087  2458  2458 E A01c06/ICON: AppIconWeatherModel --> get weather info failed, code: 15700010, message: The DataShareHelper is not initialized successfully.
09-10 18:20:02.089  2458  2458 W A01c06/ICON: AppIconWeatherModel --> initWeatherListener, retryTimes: 4
09-10 18:20:02.091  2458  2458 E A01c06/ICON: AppIconWeatherModel --> get weather info failed, code: 15700010, message: The DataShareHelper is not initialized successfully.
09-10 18:20:03.093  2458  2458 W A01c06/ICON: AppIconWeatherModel --> initWeatherListener, retryTimes: 4
09-10 18:20:03.095  2458  2458 E A01c06/ICON: AppIconWeatherModel --> get weather info failed, code: 15700010, message: The DataShareHelper is not initialized successfully.
09-10 18:20:04.099  2458  2458 W A01c06/ICON: AppIconWeatherModel --> initWeatherListener, retryTimes: 4
09-10 18:20:04.101  2458  2458 E A01c06/ICON: AppIconWeatherModel --> get weather info failed, code: 15700010, message: The DataShareHelper is not initialized successfully.
09-10 18:20:05.103  2458  2458 W A01c06/ICON: AppIconWeatherModel --> initWeatherListener, retryTimes: 4
09-10 18:20:05.104  2458  2458 E A01c06/ICON: AppIconWeatherModel --> get weather info failed, code: 15700010, message: The DataShareHelper is not initialized successfully.
09-10 18:20:06.109  2458  2458 W A01c06/ICON: AppIconWeatherModel --> initWeatherListener, retryTimes: 4
09-10 18:20:06.111  2458  2458 E A01c06/ICON: AppIconWeatherModel --> get weather info failed, code: 15700010, message: The DataShareHelper is not initialized successfully.
09-10 18:20:07.115  2458  2458 W A01c06/ICON: AppIconWeatherModel --> initWeatherListener, retryTimes: 4
09-10 18:20:07.117  2458  2458 E A01c06/ICON: AppIconWeatherModel --> get weather info failed, code: 15700010, message: The DataShareHelper is not initialized successfully.
09-10 18:20:08.118  2458  2458 W A01c06/ICON: AppIconWeatherModel --> initWeatherListener, retryTimes: 4
09-10 18:20:08.120  2458  2458 E A01c06/ICON: AppIconWeatherModel --> get weather info failed, code: 15700010, message: The DataShareHelper is not initialized successfully.
09-10 18:20:09.123  2458  2458 W A01c06/ICON: AppIconWeatherModel --> initWeatherListener, retryTimes: 4
09-10 18:20:09.125  2458  2458 E A01c06/ICON: AppIconWeatherModel --> get weather info failed, code: 15700010, message: The DataShareHelper is not initialized successfully.
09-10 18:20:10.128  2458  2458 W A01c06/ICON: AppIconWeatherModel --> initWeatherListener, retryTimes: 4
09-10 18:20:10.130  2458  2458 E A01c06/ICON: AppIconWeatherModel --> get weather info failed, code: 15700010, message: The DataShareHelper is not initialized successfully.
09-10 18:20:11.131  2458  2458 W A01c06/ICON: AppIconWeatherModel --> initWeatherListener, retryTimes: 4
09-10 18:20:11.134  2458  2458 E A01c06/ICON: AppIconWeatherModel --> get weather info failed, code: 15700010, message: The DataShareHelper is not initialized successfully.
09-10 18:20:12.137  2458  2458 W A01c06/ICON: AppIconWeatherModel --> initWeatherListener, retryTimes: 4
09-10 18:20:12.139  2458  2458 E A01c06/ICON: AppIconWeatherModel --> get weather info failed, code: 15700010, message: The DataShareHelper is not initialized successfully.
09-10 18:20:13.142  2458  2458 W A01c06/ICON: AppIconWeatherModel --> initWeatherListener, retryTimes: 4
09-10 18:20:13.144  2458  2458 E A01c06/ICON: AppIconWeatherModel --> get weather info failed, code: 15700010, message: The DataShareHelper is not initialized successfully.
09-10 18:20:14.145  2458  2458 W A01c06/ICON: AppIconWeatherModel --> initWeatherListener, retryTimes: 4
09-10 18:20:14.147  2458  2458 E A01c06/ICON: AppIconWeatherModel --> get weather info failed, code: 15700010, message: The DataShareHelper is not initialized successfully.
09-10 18:20:15.149  2458  2458 W A01c06/ICON: AppIconWeatherModel --> initWeatherListener, retryTimes: 4
09-10 18:20:15.151  2458  2458 E A01c06/ICON: AppIconWeatherModel --> get weather info failed, code: 15700010, message: The DataShareHelper is not initialized successfully.
09-10 18:20:16.153  2458  2458 W A01c06/ICON: AppIconWeatherModel --> initWeatherListener, retryTimes: 4
09-10 18:20:16.155  2458  2458 E A01c06/ICON: AppIconWeatherModel --> get weather info failed, code: 15700010, message: The DataShareHelper is not initialized successfully.
09-10 18:20:17.157  2458  2458 W A01c06/ICON: AppIconWeatherModel --> initWeatherListener, retryTimes: 4
09-10 18:20:17.160  2458  2458 E A01c06/ICON: AppIconWeatherModel --> get weather info failed, code: 15700010, message: The DataShareHelper is not initialized successfully.
09-10 18:20:18.162  2458  2458 W A01c06/ICON: AppIconWeatherModel --> initWeatherListener, retryTimes: 4
09-10 18:20:18.165  2458  2458 E A01c06/ICON: AppIconWeatherModel --> get weather info failed, code: 15700010, message: The DataShareHelper is not initialized successfully.
09-10 18:20:19.166  2458  2458 W A01c06/ICON: AppIconWeatherModel --> initWeatherListener, retryTimes: 4
09-10 18:20:19.169  2458  2458 E A01c06/ICON: AppIconWeatherModel --> get weather info failed, code: 15700010, message: The DataShareHelper is not initialized successfully.
09-10 18:20:20.170  2458  2458 W A01c06/ICON: AppIconWeatherModel --> initWeatherListener, retryTimes: 4
09-10 18:20:20.173  2458  2458 E A01c06/ICON: AppIconWeatherModel --> get weather info failed, code: 15700010, message: The DataShareHelper is not initialized successfully.
09-10 18:20:21.175  2458  2458 W A01c06/ICON: AppIconWeatherModel --> initWeatherListener, retryTimes: 4
09-10 18:20:21.177  2458  2458 E A01c06/ICON: AppIconWeatherModel --> get weather info failed, code: 15700010, message: The DataShareHelper is not initialized successfully.
09-10 18:20:22.178  2458  2458 W A01c06/ICON: AppIconWeatherModel --> initWeatherListener, retryTimes: 4
09-10 18:20:22.182  2458  2458 E A01c06/ICON: AppIconWeatherModel --> get weather info failed, code: 15700010, message: The DataShareHelper is not initialized successfully.
09-10 18:20:23.184  2458  2458 W A01c06/ICON: AppIconWeatherModel --> initWeatherListener, retryTimes: 4
09-10 18:20:23.187  2458  2458 E A01c06/ICON: AppIconWeatherModel --> get weather info failed, code: 15700010, message: The DataShareHelper is not initialized successfully.
09-10 18:20:24.188  2458  2458 W A01c06/ICON: AppIconWeatherModel --> initWeatherListener, retryTimes: 4
09-10 18:20:24.190  2458  2458 E A01c06/ICON: AppIconWeatherModel --> get weather info failed, code: 15700010, message: The DataShareHelper is not initialized successfully.
09-10 18:20:25.194  2458  2458 W A01c06/ICON: AppIconWeatherModel --> initWeatherListener, retryTimes: 4
09-10 18:20:25.197  2458  2458 E A01c06/ICON: AppIconWeatherModel --> get weather info failed, code: 15700010, message: The DataShareHelper is not initialized successfully.
09-10 18:20:26.198  2458  2458 W A01c06/ICON: AppIconWeatherModel --> initWeatherListener, retryTimes: 4
09-10 18:20:26.200  2458  2458 E A01c06/ICON: AppIconWeatherModel --> get weather info failed, code: 15700010, message: The DataShareHelper is not initialized successfully.
09-10 18:20:27.200  2458  2458 W A01c06/ICON: AppIconWeatherModel --> initWeatherListener, retryTimes: 4
09-10 18:20:27.203  2458  2458 E A01c06/ICON: AppIconWeatherModel --> get weather info failed, code: 15700010, message: The DataShareHelper is not initialized successfully.
09-10 18:20:28.205  2458  2458 W A01c06/ICON: AppIconWeatherModel --> initWeatherListener, retryTimes: 4
09-10 18:20:28.209  2458  2458 E A01c06/ICON: AppIconWeatherModel --> get weather info failed, code: 15700010, message: The DataShareHelper is not initialized successfully.
09-10 18:20:29.210  2458  2458 W A01c06/ICON: AppIconWeatherModel --> initWeatherListener, retryTimes: 4
09-10 18:20:29.212  2458  2458 E A01c06/ICON: AppIconWeatherModel --> get weather info failed, code: 15700010, message: The DataShareHelper is not initialized successfully.
09-10 18:20:30.214  2458  2458 W A01c06/ICON: AppIconWeatherModel --> initWeatherListener, retryTimes: 4
09-10 18:20:30.217  2458  2458 E A01c06/ICON: AppIconWeatherModel --> get weather info failed, code: 15700010, message: The DataShareHelper is not initialized successfully.
09-10 18:20:31.220  2458  2458 W A01c06/ICON: AppIconWeatherModel --> initWeatherListener, retryTimes: 4
09-10 18:20:31.224  2458  2458 E A01c06/ICON: AppIconWeatherModel --> get weather info failed, code: 15700010, message: The DataShareHelper is not initialized successfully.
09-10 18:20:32.227  2458  2458 W A01c06/ICON: AppIconWeatherModel --> initWeatherListener, retryTimes: 4
09-10 18:20:32.229  2458  2458 E A01c06/ICON: AppIconWeatherModel --> get weather info failed, code: 15700010, message: The DataShareHelper is not initialized successfully.
09-10 18:20:33.240  2458  2458 W A01c06/ICON: AppIconWeatherModel --> initWeatherListener, retryTimes: 4
09-10 18:20:33.244  2458  2458 E A01c06/ICON: AppIconWeatherModel --> get weather info failed, code: 15700010, message: The DataShareHelper is not initialized successfully.
09-10 18:20:34.256  2458  2458 W A01c06/ICON: AppIconWeatherModel --> initWeatherListener, retryTimes: 4
09-10 18:20:34.260  2458  2458 E A01c06/ICON: AppIconWeatherModel --> get weather info failed, code: 15700010, message: The DataShareHelper is not initialized successfully.
09-10 18:20:35.261  2458  2458 W A01c06/ICON: AppIconWeatherModel --> initWeatherListener, retryTimes: 4
09-10 18:20:35.264  2458  2458 E A01c06/ICON: AppIconWeatherModel --> get weather info failed, code: 15700010, message: The DataShareHelper is not initialized successfully.
09-10 18:20:36.270  2458  2458 W A01c06/ICON: AppIconWeatherModel --> initWeatherListener, retryTimes: 4
09-10 18:20:36.273  2458  2458 E A01c06/ICON: AppIconWeatherModel --> get weather info failed, code: 15700010, message: The DataShareHelper is not initialized successfully.
09-10 18:20:37.275  2458  2458 W A01c06/ICON: AppIconWeatherModel --> initWeatherListener, retryTimes: 4
09-10 18:20:37.279  2458  2458 E A01c06/ICON: AppIconWeatherModel --> get weather info failed, code: 15700010, message: The DataShareHelper is not initialized successfully.
09-10 18:20:38.280  2458  2458 W A01c06/ICON: AppIconWeatherModel --> initWeatherListener, retryTimes: 4
09-10 18:20:38.282  2458  2458 E A01c06/ICON: AppIconWeatherModel --> get weather info failed, code: 15700010, message: The DataShareHelper is not initialized successfully.
09-10 18:20:39.283  2458  2458 W A01c06/ICON: AppIconWeatherModel --> initWeatherListener, retryTimes: 4
09-10 18:20:39.284  2458  2458 E A01c06/ICON: AppIconWeatherModel --> get weather info failed, code: 15700010, message: The DataShareHelper is not initialized successfully.
09-10 18:20:40.289  2458  2458 W A01c06/ICON: AppIconWeatherModel --> initWeatherListener, retryTimes: 4
09-10 18:20:40.292  2458  2458 E A01c06/ICON: AppIconWeatherModel --> get weather info failed, code: 15700010, message: The DataShareHelper is not initialized successfully.
09-10 18:20:41.294  2458  2458 W A01c06/ICON: AppIconWeatherModel --> initWeatherListener, retryTimes: 4
09-10 18:20:41.297  2458  2458 E A01c06/ICON: AppIconWeatherModel --> get weather info failed, code: 15700010, message: The DataShareHelper is not initialized successfully.
09-10 18:20:42.299  2458  2458 W A01c06/ICON: AppIconWeatherModel --> initWeatherListener, retryTimes: 4
09-10 18:20:42.302  2458  2458 E A01c06/ICON: AppIconWeatherModel --> get weather info failed, code: 15700010, message: The DataShareHelper is not initialized successfully.
09-10 18:20:43.303  2458  2458 W A01c06/ICON: AppIconWeatherModel --> initWeatherListener, retryTimes: 4
09-10 18:20:43.307  2458  2458 E A01c06/ICON: AppIconWeatherModel --> get weather info failed, code: 15700010, message: The DataShareHelper is not initialized successfully.
09-10 18:20:44.310  2458  2458 W A01c06/ICON: AppIconWeatherModel --> initWeatherListener, retryTimes: 4
09-10 18:20:44.313  2458  2458 E A01c06/ICON: AppIconWeatherModel --> get weather info failed, code: 15700010, message: The DataShareHelper is not initialized successfully.
09-10 18:20:45.315  2458  2458 W A01c06/ICON: AppIconWeatherModel --> initWeatherListener, retryTimes: 4
09-10 18:20:45.318  2458  2458 E A01c06/ICON: AppIconWeatherModel --> get weather info failed, code: 15700010, message: The DataShareHelper is not initialized successfully.
09-10 18:20:46.320  2458  2458 W A01c06/ICON: AppIconWeatherModel --> initWeatherListener, retryTimes: 4
09-10 18:20:46.323  2458  2458 E A01c06/ICON: AppIconWeatherModel --> get weather info failed, code: 15700010, message: The DataShareHelper is not initialized successfully.
09-10 18:20:47.327  2458  2458 W A01c06/ICON: AppIconWeatherModel --> initWeatherListener, retryTimes: 4
09-10 18:20:47.330  2458  2458 E A01c06/ICON: AppIconWeatherModel --> get weather info failed, code: 15700010, message: The DataShareHelper is not initialized successfully.
09-10 18:20:48.331  2458  2458 W A01c06/ICON: AppIconWeatherModel --> initWeatherListener, retryTimes: 4
09-10 18:20:48.335  2458  2458 E A01c06/ICON: AppIconWeatherModel --> get weather info failed, code: 15700010, message: The DataShareHelper is not initialized successfully.
09-10 18:20:49.337  2458  2458 W A01c06/ICON: AppIconWeatherModel --> initWeatherListener, retryTimes: 4
09-10 18:20:49.340  2458  2458 E A01c06/ICON: AppIconWeatherModel --> get weather info failed, code: 15700010, message: The DataShareHelper is not initialized successfully.
09-10 18:20:50.341  2458  2458 W A01c06/ICON: AppIconWeatherModel --> initWeatherListener, retryTimes: 4
09-10 18:20:50.344  2458  2458 E A01c06/ICON: AppIconWeatherModel --> get weather info failed, code: 15700010, message: The DataShareHelper is not initialized successfully.
09-10 18:20:51.347  2458  2458 W A01c06/ICON: AppIconWeatherModel --> initWeatherListener, retryTimes: 4
09-10 18:20:51.351  2458  2458 E A01c06/ICON: AppIconWeatherModel --> get weather info failed, code: 15700010, message: The DataShareHelper is not initialized successfully.
09-10 18:20:52.352  2458  2458 W A01c06/ICON: AppIconWeatherModel --> initWeatherListener, retryTimes: 4
09-10 18:20:52.357  2458  2458 E A01c06/ICON: AppIconWeatherModel --> get weather info failed, code: 15700010, message: The DataShareHelper is not initialized successfully.
09-10 18:20:53.358  2458  2458 W A01c06/ICON: AppIconWeatherModel --> initWeatherListener, retryTimes: 4
09-10 18:20:53.361  2458  2458 E A01c06/ICON: AppIconWeatherModel --> get weather info failed, code: 15700010, message: The DataShareHelper is not initialized successfully.
09-10 18:20:54.362  2458  2458 W A01c06/ICON: AppIconWeatherModel --> initWeatherListener, retryTimes: 4
09-10 18:20:54.365  2458  2458 E A01c06/ICON: AppIconWeatherModel --> get weather info failed, code: 15700010, message: The DataShareHelper is not initialized successfully.
09-10 18:20:55.368  2458  2458 W A01c06/ICON: AppIconWeatherModel --> initWeatherListener, retryTimes: 4
09-10 18:20:55.371  2458  2458 E A01c06/ICON: AppIconWeatherModel --> get weather info failed, code: 15700010, message: The DataShareHelper is not initialized successfully.
09-10 18:20:56.374  2458  2458 W A01c06/ICON: AppIconWeatherModel --> initWeatherListener, retryTimes: 4
09-10 18:20:56.377  2458  2458 E A01c06/ICON: AppIconWeatherModel --> get weather info failed, code: 15700010, message: The DataShareHelper is not initialized successfully.
09-10 18:20:57.378  2458  2458 W A01c06/ICON: AppIconWeatherModel --> initWeatherListener, retryTimes: 4
09-10 18:20:57.383  2458  2458 E A01c06/ICON: AppIconWeatherModel --> get weather info failed, code: 15700010, message: The DataShareHelper is not initialized successfully.
09-10 18:20:58.384  2458  2458 W A01c06/ICON: AppIconWeatherModel --> initWeatherListener, retryTimes: 4
09-10 18:20:58.389  2458  2458 E A01c06/ICON: AppIconWeatherModel --> get weather info failed, code: 15700010, message: The DataShareHelper is not initialized successfully.
09-10 18:20:59.390  2458  2458 W A01c06/ICON: AppIconWeatherModel --> initWeatherListener, retryTimes: 4
09-10 18:20:59.393  2458  2458 E A01c06/ICON: AppIconWeatherModel --> get weather info failed, code: 15700010, message: The DataShareHelper is not initialized successfully.
09-10 18:21:00.005  2458  2458 I A01a01/NC: StatusBarSysEventUtil: onTimeChangeEvent
09-10 18:21:00.005  2458  2458 W A01c06/ICON: AppIconCalendarCache --> receive date change event, nowData: 10, dateText: ,image is transparent: false, image is empty: true
09-10 18:21:00.005  2458  2458 W A01c06/ICON: AppIconCalendarCache --> com.huawei.hmos.calendar is not dynamic icon, bundleName is com.huawei.hmos.calendar
09-10 18:21:00.005  2458  2458 E A01c06/ICON: AppIconCalendarCache --> backgroundImage resource error
09-10 18:21:00.005  2458  2458 E A01c06/ICON: AppIconCalendarCache --> calendarForegroundBuilder is null
09-10 18:21:00.403  2458  2458 W A01c06/ICON: AppIconWeatherModel --> initWeatherListener, retryTimes: 4
09-10 18:21:00.408  2458  2458 E A01c06/ICON: AppIconWeatherModel --> get weather info failed, code: 15700010, message: The DataShareHelper is not initialized successfully.
09-10 18:21:01.411  2458  2458 W A01c06/ICON: AppIconWeatherModel --> initWeatherListener, retryTimes: 4
09-10 18:21:01.415  2458  2458 E A01c06/ICON: AppIconWeatherModel --> get weather info failed, code: 15700010, message: The DataShareHelper is not initialized successfully.
09-10 18:21:02.426  2458  2458 W A01c06/ICON: AppIconWeatherModel --> initWeatherListener, retryTimes: 4
09-10 18:21:02.430  2458  2458 E A01c06/ICON: AppIconWeatherModel --> get weather info failed, code: 15700010, message: The DataShareHelper is not initialized successfully.
09-10 18:21:03.433  2458  2458 W A01c06/ICON: AppIconWeatherModel --> initWeatherListener, retryTimes: 4
09-10 18:21:03.435  2458  2458 E A01c06/ICON: AppIconWeatherModel --> get weather info failed, code: 15700010, message: The DataShareHelper is not initialized successfully.
09-10 18:21:04.445  2458  2458 W A01c06/ICON: AppIconWeatherModel --> initWeatherListener, retryTimes: 4
09-10 18:21:04.456  2458  2458 E A01c06/ICON: AppIconWeatherModel --> get weather info failed, code: 15700010, message: The DataShareHelper is not initialized successfully.
09-10 18:21:05.459  2458  2458 W A01c06/ICON: AppIconWeatherModel --> initWeatherListener, retryTimes: 4
09-10 18:21:05.465  2458  2458 E A01c06/ICON: AppIconWeatherModel --> get weather info failed, code: 15700010, message: The DataShareHelper is not initialized successfully.
09-10 18:21:06.467  2458  2458 W A01c06/ICON: AppIconWeatherModel --> initWeatherListener, retryTimes: 4
09-10 18:21:06.474  2458  2458 E A01c06/ICON: AppIconWeatherModel --> get weather info failed, code: 15700010, message: The DataShareHelper is not initialized successfully.
09-10 18:21:07.478  2458  2458 W A01c06/ICON: AppIconWeatherModel --> initWeatherListener, retryTimes: 4
09-10 18:21:07.482  2458  2458 E A01c06/ICON: AppIconWeatherModel --> get weather info failed, code: 15700010, message: The DataShareHelper is not initialized successfully.
09-10 18:21:08.489  2458  2458 W A01c06/ICON: AppIconWeatherModel --> initWeatherListener, retryTimes: 4
09-10 18:21:08.493  2458  2458 E A01c06/ICON: AppIconWeatherModel --> get weather info failed, code: 15700010, message: The DataShareHelper is not initialized successfully.
09-10 18:21:09.496  2458  2458 W A01c06/ICON: AppIconWeatherModel --> initWeatherListener, retryTimes: 4
09-10 18:21:09.501  2458  2458 E A01c06/ICON: AppIconWeatherModel --> get weather info failed, code: 15700010, message: The DataShareHelper is not initialized successfully.
09-10 18:21:10.504  2458  2458 W A01c06/ICON: AppIconWeatherModel --> initWeatherListener, retryTimes: 4
09-10 18:21:10.511  2458  2458 E A01c06/ICON: AppIconWeatherModel --> get weather info failed, code: 15700010, message: The DataShareHelper is not initialized successfully.
09-10 18:21:11.515  2458  2458 W A01c06/ICON: AppIconWeatherModel --> initWeatherListener, retryTimes: 4
09-10 18:21:11.521  2458  2458 E A01c06/ICON: AppIconWeatherModel --> get weather info failed, code: 15700010, message: The DataShareHelper is not initialized successfully.
09-10 18:21:12.528  2458  2458 W A01c06/ICON: AppIconWeatherModel --> initWeatherListener, retryTimes: 4
09-10 18:21:12.533  2458  2458 E A01c06/ICON: AppIconWeatherModel --> get weather info failed, code: 15700010, message: The DataShareHelper is not initialized successfully.
09-10 18:21:13.533  2458  2458 W A01c06/ICON: AppIconWeatherModel --> initWeatherListener, retryTimes: 4
09-10 18:21:13.539  2458  2458 E A01c06/ICON: AppIconWeatherModel --> get weather info failed, code: 15700010, message: The DataShareHelper is not initialized successfully.
09-10 18:21:14.550  2458  2458 W A01c06/ICON: AppIconWeatherModel --> initWeatherListener, retryTimes: 4
09-10 18:21:14.555  2458  2458 E A01c06/ICON: AppIconWeatherModel --> get weather info failed, code: 15700010, message: The DataShareHelper is not initialized successfully.
09-10 18:21:15.558  2458  2458 W A01c06/ICON: AppIconWeatherModel --> initWeatherListener, retryTimes: 4
09-10 18:21:15.564  2458  2458 E A01c06/ICON: AppIconWeatherModel --> get weather info failed, code: 15700010, message: The DataShareHelper is not initialized successfully.
09-10 18:21:16.571  2458  2458 W A01c06/ICON: AppIconWeatherModel --> initWeatherListener, retryTimes: 4
09-10 18:21:16.578  2458  2458 E A01c06/ICON: AppIconWeatherModel --> get weather info failed, code: 15700010, message: The DataShareHelper is not initialized successfully.
09-10 18:21:17.586  2458  2458 W A01c06/ICON: AppIconWeatherModel --> initWeatherListener, retryTimes: 4
09-10 18:21:17.591  2458  2458 E A01c06/ICON: AppIconWeatherModel --> get weather info failed, code: 15700010, message: The DataShareHelper is not initialized successfully.
09-10 18:21:18.592  2458  2458 W A01c06/ICON: AppIconWeatherModel --> initWeatherListener, retryTimes: 4
09-10 18:21:18.599  2458  2458 E A01c06/ICON: AppIconWeatherModel --> get weather info failed, code: 15700010, message: The DataShareHelper is not initialized successfully.
09-10 18:21:19.600  2458  2458 W A01c06/ICON: AppIconWeatherModel --> initWeatherListener, retryTimes: 4
09-10 18:21:19.607  2458  2458 E A01c06/ICON: AppIconWeatherModel --> get weather info failed, code: 15700010, message: The DataShareHelper is not initialized successfully.
09-10 18:21:20.608  2458  2458 W A01c06/ICON: AppIconWeatherModel --> initWeatherListener, retryTimes: 4
09-10 18:21:20.615  2458  2458 E A01c06/ICON: AppIconWeatherModel --> get weather info failed, code: 15700010, message: The DataShareHelper is not initialized successfully.
09-10 18:21:21.618  2458  2458 W A01c06/ICON: AppIconWeatherModel --> initWeatherListener, retryTimes: 4
09-10 18:21:21.625  2458  2458 E A01c06/ICON: AppIconWeatherModel --> get weather info failed, code: 15700010, message: The DataShareHelper is not initialized successfully.
09-10 18:21:22.629  2458  2458 W A01c06/ICON: AppIconWeatherModel --> initWeatherListener, retryTimes: 4
09-10 18:21:22.634  2458  2458 E A01c06/ICON: AppIconWeatherModel --> get weather info failed, code: 15700010, message: The DataShareHelper is not initialized successfully.
09-10 18:21:23.636  2458  2458 W A01c06/ICON: AppIconWeatherModel --> initWeatherListener, retryTimes: 4
09-10 18:21:23.640  2458  2458 E A01c06/ICON: AppIconWeatherModel --> get weather info failed, code: 15700010, message: The DataShareHelper is not initialized successfully.
09-10 18:21:24.644  2458  2458 W A01c06/ICON: AppIconWeatherModel --> initWeatherListener, retryTimes: 4
09-10 18:21:24.649  2458  2458 E A01c06/ICON: AppIconWeatherModel --> get weather info failed, code: 15700010, message: The DataShareHelper is not initialized successfully.
09-10 18:21:25.650  2458  2458 W A01c06/ICON: AppIconWeatherModel --> initWeatherListener, retryTimes: 4
09-10 18:21:25.654  2458  2458 E A01c06/ICON: AppIconWeatherModel --> get weather info failed, code: 15700010, message: The DataShareHelper is not initialized successfully.
09-10 18:21:26.655  2458  2458 W A01c06/ICON: AppIconWeatherModel --> initWeatherListener, retryTimes: 4
09-10 18:21:26.660  2458  2458 E A01c06/ICON: AppIconWeatherModel --> get weather info failed, code: 15700010, message: The DataShareHelper is not initialized successfully.
09-10 18:21:27.663  2458  2458 W A01c06/ICON: AppIconWeatherModel --> initWeatherListener, retryTimes: 4
09-10 18:21:27.667  2458  2458 E A01c06/ICON: AppIconWeatherModel --> get weather info failed, code: 15700010, message: The DataShareHelper is not initialized successfully.
09-10 18:21:28.671  2458  2458 W A01c06/ICON: AppIconWeatherModel --> initWeatherListener, retryTimes: 4
09-10 18:21:28.676  2458  2458 E A01c06/ICON: AppIconWeatherModel --> get weather info failed, code: 15700010, message: The DataShareHelper is not initialized successfully.
09-10 18:21:29.677  2458  2458 W A01c06/ICON: AppIconWeatherModel --> initWeatherListener, retryTimes: 4
09-10 18:21:29.682  2458  2458 E A01c06/ICON: AppIconWeatherModel --> get weather info failed, code: 15700010, message: The DataShareHelper is not initialized successfully.
09-10 18:21:30.686  2458  2458 W A01c06/ICON: AppIconWeatherModel --> initWeatherListener, retryTimes: 4
09-10 18:21:30.692  2458  2458 E A01c06/ICON: AppIconWeatherModel --> get weather info failed, code: 15700010, message: The DataShareHelper is not initialized successfully.
09-10 18:21:31.694  2458  2458 W A01c06/ICON: AppIconWeatherModel --> initWeatherListener, retryTimes: 4
09-10 18:21:31.695  2458  2458 E A01c06/ICON: AppIconWeatherModel --> get weather info failed, code: 15700010, message: The DataShareHelper is not initialized successfully.
09-10 18:21:32.698  2458  2458 W A01c06/ICON: AppIconWeatherModel --> initWeatherListener, retryTimes: 4
09-10 18:21:32.705  2458  2458 E A01c06/ICON: AppIconWeatherModel --> get weather info failed, code: 15700010, message: The DataShareHelper is not initialized successfully.
09-10 18:21:33.707  2458  2458 W A01c06/ICON: AppIconWeatherModel --> initWeatherListener, retryTimes: 4
09-10 18:21:33.714  2458  2458 E A01c06/ICON: AppIconWeatherModel --> get weather info failed, code: 15700010, message: The DataShareHelper is not initialized successfully.
09-10 18:21:34.715  2458  2458 W A01c06/ICON: AppIconWeatherModel --> initWeatherListener, retryTimes: 4
09-10 18:21:34.719  2458  2458 E A01c06/ICON: AppIconWeatherModel --> get weather info failed, code: 15700010, message: The DataShareHelper is not initialized successfully.
09-10 18:21:35.720  2458  2458 W A01c06/ICON: AppIconWeatherModel --> initWeatherListener, retryTimes: 4
09-10 18:21:35.725  2458  2458 E A01c06/ICON: AppIconWeatherModel --> get weather info failed, code: 15700010, message: The DataShareHelper is not initialized successfully.
09-10 18:21:36.735  2458  2458 W A01c06/ICON: AppIconWeatherModel --> initWeatherListener, retryTimes: 4
09-10 18:21:36.740  2458  2458 E A01c06/ICON: AppIconWeatherModel --> get weather info failed, code: 15700010, message: The DataShareHelper is not initialized successfully.
09-10 18:21:37.745  2458  2458 W A01c06/ICON: AppIconWeatherModel --> initWeatherListener, retryTimes: 4
09-10 18:21:37.749  2458  2458 E A01c06/ICON: AppIconWeatherModel --> get weather info failed, code: 15700010, message: The DataShareHelper is not initialized successfully.
09-10 18:21:38.758  2458  2458 W A01c06/ICON: AppIconWeatherModel --> initWeatherListener, retryTimes: 4
09-10 18:21:38.764  2458  2458 E A01c06/ICON: AppIconWeatherModel --> get weather info failed, code: 15700010, message: The DataShareHelper is not initialized successfully.
09-10 18:21:39.772  2458  2458 W A01c06/ICON: AppIconWeatherModel --> initWeatherListener, retryTimes: 4
09-10 18:21:39.779  2458  2458 E A01c06/ICON: AppIconWeatherModel --> get weather info failed, code: 15700010, message: The DataShareHelper is not initialized successfully.
09-10 18:21:40.787  2458  2458 W A01c06/ICON: AppIconWeatherModel --> initWeatherListener, retryTimes: 4
09-10 18:21:40.793  2458  2458 E A01c06/ICON: AppIconWeatherModel --> get weather info failed, code: 15700010, message: The DataShareHelper is not initialized successfully.
09-10 18:21:41.795  2458  2458 W A01c06/ICON: AppIconWeatherModel --> initWeatherListener, retryTimes: 4
09-10 18:21:41.801  2458  2458 E A01c06/ICON: AppIconWeatherModel --> get weather info failed, code: 15700010, message: The DataShareHelper is not initialized successfully.
09-10 18:21:42.807  2458  2458 W A01c06/ICON: AppIconWeatherModel --> initWeatherListener, retryTimes: 4
09-10 18:21:42.814  2458  2458 E A01c06/ICON: AppIconWeatherModel --> get weather info failed, code: 15700010, message: The DataShareHelper is not initialized successfully.
09-10 18:21:43.817  2458  2458 W A01c06/ICON: AppIconWeatherModel --> initWeatherListener, retryTimes: 4
09-10 18:21:43.823  2458  2458 E A01c06/ICON: AppIconWeatherModel --> get weather info failed, code: 15700010, message: The DataShareHelper is not initialized successfully.
09-10 18:21:44.831  2458  2458 W A01c06/ICON: AppIconWeatherModel --> initWeatherListener, retryTimes: 4
09-10 18:21:44.836  2458  2458 E A01c06/ICON: AppIconWeatherModel --> get weather info failed, code: 15700010, message: The DataShareHelper is not initialized successfully.
09-10 18:21:45.847  2458  2458 W A01c06/ICON: AppIconWeatherModel --> initWeatherListener, retryTimes: 4
09-10 18:21:45.852  2458  2458 E A01c06/ICON: AppIconWeatherModel --> get weather info failed, code: 15700010, message: The DataShareHelper is not initialized successfully.
09-10 18:21:46.860  2458  2458 W A01c06/ICON: AppIconWeatherModel --> initWeatherListener, retryTimes: 4
09-10 18:21:46.865  2458  2458 E A01c06/ICON: AppIconWeatherModel --> get weather info failed, code: 15700010, message: The DataShareHelper is not initialized successfully.
09-10 18:21:47.866  2458  2458 W A01c06/ICON: AppIconWeatherModel --> initWeatherListener, retryTimes: 4
09-10 18:21:47.871  2458  2458 E A01c06/ICON: AppIconWeatherModel --> get weather info failed, code: 15700010, message: The DataShareHelper is not initialized successfully.
09-10 18:21:48.875  2458  2458 W A01c06/ICON: AppIconWeatherModel --> initWeatherListener, retryTimes: 4
09-10 18:21:48.879  2458  2458 E A01c06/ICON: AppIconWeatherModel --> get weather info failed, code: 15700010, message: The DataShareHelper is not initialized successfully.
09-10 18:21:49.880  2458  2458 W A01c06/ICON: AppIconWeatherModel --> initWeatherListener, retryTimes: 4
09-10 18:21:49.884  2458  2458 E A01c06/ICON: AppIconWeatherModel --> get weather info failed, code: 15700010, message: The DataShareHelper is not initialized successfully.
09-10 18:21:50.885  2458  2458 W A01c06/ICON: AppIconWeatherModel --> initWeatherListener, retryTimes: 4
09-10 18:21:50.891  2458  2458 E A01c06/ICON: AppIconWeatherModel --> get weather info failed, code: 15700010, message: The DataShareHelper is not initialized successfully.
09-10 18:21:51.892  2458  2458 W A01c06/ICON: AppIconWeatherModel --> initWeatherListener, retryTimes: 4
09-10 18:21:51.897  2458  2458 E A01c06/ICON: AppIconWeatherModel --> get weather info failed, code: 15700010, message: The DataShareHelper is not initialized successfully.
09-10 18:21:52.898  2458  2458 W A01c06/ICON: AppIconWeatherModel --> initWeatherListener, retryTimes: 4
09-10 18:21:52.903  2458  2458 E A01c06/ICON: AppIconWeatherModel --> get weather info failed, code: 15700010, message: The DataShareHelper is not initialized successfully.
09-10 18:21:53.907  2458  2458 W A01c06/ICON: AppIconWeatherModel --> initWeatherListener, retryTimes: 4
09-10 18:21:53.910  2458  2458 E A01c06/ICON: AppIconWeatherModel --> get weather info failed, code: 15700010, message: The DataShareHelper is not initialized successfully.
09-10 18:21:54.915  2458  2458 W A01c06/ICON: AppIconWeatherModel --> initWeatherListener, retryTimes: 4
09-10 18:21:54.920  2458  2458 E A01c06/ICON: AppIconWeatherModel --> get weather info failed, code: 15700010, message: The DataShareHelper is not initialized successfully.
09-10 18:21:55.922  2458  2458 W A01c06/ICON: AppIconWeatherModel --> initWeatherListener, retryTimes: 4
09-10 18:21:55.928  2458  2458 E A01c06/ICON: AppIconWeatherModel --> get weather info failed, code: 15700010, message: The DataShareHelper is not initialized successfully.
09-10 18:21:56.931  2458  2458 W A01c06/ICON: AppIconWeatherModel --> initWeatherListener, retryTimes: 4
09-10 18:21:56.938  2458  2458 E A01c06/ICON: AppIconWeatherModel --> get weather info failed, code: 15700010, message: The DataShareHelper is not initialized successfully.
09-10 18:21:57.944  2458  2458 W A01c06/ICON: AppIconWeatherModel --> initWeatherListener, retryTimes: 4
09-10 18:21:57.951  2458  2458 E A01c06/ICON: AppIconWeatherModel --> get weather info failed, code: 15700010, message: The DataShareHelper is not initialized successfully.
09-10 18:21:58.954  2458  2458 W A01c06/ICON: AppIconWeatherModel --> initWeatherListener, retryTimes: 4
09-10 18:21:58.962  2458  2458 E A01c06/ICON: AppIconWeatherModel --> get weather info failed, code: 15700010, message: The DataShareHelper is not initialized successfully.
09-10 18:21:59.964  2458  2458 W A01c06/ICON: AppIconWeatherModel --> initWeatherListener, retryTimes: 4
09-10 18:21:59.967  2458  2458 E A01c06/ICON: AppIconWeatherModel --> get weather info failed, code: 15700010, message: The DataShareHelper is not initialized successfully.
09-10 18:22:00.004  2458  2458 I A01a01/NC: StatusBarSysEventUtil: onTimeChangeEvent
09-10 18:22:00.005  2458  2458 W A01c06/ICON: AppIconCalendarCache --> receive date change event, nowData: 10, dateText: ,image is transparent: false, image is empty: true
09-10 18:22:00.005  2458  2458 W A01c06/ICON: AppIconCalendarCache --> com.huawei.hmos.calendar is not dynamic icon, bundleName is com.huawei.hmos.calendar
09-10 18:22:00.005  2458  2458 E A01c06/ICON: AppIconCalendarCache --> backgroundImage resource error
09-10 18:22:00.005  2458  2458 E A01c06/ICON: AppIconCalendarCache --> calendarForegroundBuilder is null
09-10 18:22:00.969  2458  2458 W A01c06/ICON: AppIconWeatherModel --> initWeatherListener, retryTimes: 4
09-10 18:22:00.972  2458  2458 E A01c06/ICON: AppIconWeatherModel --> get weather info failed, code: 15700010, message: The DataShareHelper is not initialized successfully.
09-10 18:22:01.975  2458  2458 W A01c06/ICON: AppIconWeatherModel --> initWeatherListener, retryTimes: 4
09-10 18:22:01.978  2458  2458 E A01c06/ICON: AppIconWeatherModel --> get weather info failed, code: 15700010, message: The DataShareHelper is not initialized successfully.
09-10 18:22:02.980  2458  2458 W A01c06/ICON: AppIconWeatherModel --> initWeatherListener, retryTimes: 4
09-10 18:22:02.984  2458  2458 E A01c06/ICON: AppIconWeatherModel --> get weather info failed, code: 15700010, message: The DataShareHelper is not initialized successfully.
09-10 18:22:03.986  2458  2458 W A01c06/ICON: AppIconWeatherModel --> initWeatherListener, retryTimes: 4
09-10 18:22:03.994  2458  2458 E A01c06/ICON: AppIconWeatherModel --> get weather info failed, code: 15700010, message: The DataShareHelper is not initialized successfully.
09-10 18:22:04.997  2458  2458 W A01c06/ICON: AppIconWeatherModel --> initWeatherListener, retryTimes: 4
09-10 18:22:05.003  2458  2458 E A01c06/ICON: AppIconWeatherModel --> get weather info failed, code: 15700010, message: The DataShareHelper is not initialized successfully.
09-10 18:22:06.005  2458  2458 W A01c06/ICON: AppIconWeatherModel --> initWeatherListener, retryTimes: 4
09-10 18:22:06.010  2458  2458 E A01c06/ICON: AppIconWeatherModel --> get weather info failed, code: 15700010, message: The DataShareHelper is not initialized successfully.
09-10 18:22:07.013  2458  2458 W A01c06/ICON: AppIconWeatherModel --> initWeatherListener, retryTimes: 4
09-10 18:22:07.017  2458  2458 E A01c06/ICON: AppIconWeatherModel --> get weather info failed, code: 15700010, message: The DataShareHelper is not initialized successfully.
09-10 18:22:08.021  2458  2458 W A01c06/ICON: AppIconWeatherModel --> initWeatherListener, retryTimes: 4
09-10 18:22:08.024  2458  2458 E A01c06/ICON: AppIconWeatherModel --> get weather info failed, code: 15700010, message: The DataShareHelper is not initialized successfully.
09-10 18:22:09.026  2458  2458 W A01c06/ICON: AppIconWeatherModel --> initWeatherListener, retryTimes: 4
09-10 18:22:09.029  2458  2458 E A01c06/ICON: AppIconWeatherModel --> get weather info failed, code: 15700010, message: The DataShareHelper is not initialized successfully.
09-10 18:22:10.032  2458  2458 W A01c06/ICON: AppIconWeatherModel --> initWeatherListener, retryTimes: 4
09-10 18:22:10.034  2458  2458 E A01c06/ICON: AppIconWeatherModel --> get weather info failed, code: 15700010, message: The DataShareHelper is not initialized successfully.
09-10 18:22:11.035  2458  2458 W A01c06/ICON: AppIconWeatherModel --> initWeatherListener, retryTimes: 4
09-10 18:22:11.040  2458  2458 E A01c06/ICON: AppIconWeatherModel --> get weather info failed, code: 15700010, message: The DataShareHelper is not initialized successfully.
09-10 18:22:12.047  2458  2458 W A01c06/ICON: AppIconWeatherModel --> initWeatherListener, retryTimes: 4
09-10 18:22:12.050  2458  2458 E A01c06/ICON: AppIconWeatherModel --> get weather info failed, code: 15700010, message: The DataShareHelper is not initialized successfully.
09-10 18:22:13.053  2458  2458 W A01c06/ICON: AppIconWeatherModel --> initWeatherListener, retryTimes: 4
09-10 18:22:13.055  2458  2458 E A01c06/ICON: AppIconWeatherModel --> get weather info failed, code: 15700010, message: The DataShareHelper is not initialized successfully.
09-10 18:22:14.056  2458  2458 W A01c06/ICON: AppIconWeatherModel --> initWeatherListener, retryTimes: 4
09-10 18:22:14.058  2458  2458 E A01c06/ICON: AppIconWeatherModel --> get weather info failed, code: 15700010, message: The DataShareHelper is not initialized successfully.
09-10 18:22:15.059  2458  2458 W A01c06/ICON: AppIconWeatherModel --> initWeatherListener, retryTimes: 4
09-10 18:22:15.061  2458  2458 E A01c06/ICON: AppIconWeatherModel --> get weather info failed, code: 15700010, message: The DataShareHelper is not initialized successfully.
09-10 18:22:16.065  2458  2458 W A01c06/ICON: AppIconWeatherModel --> initWeatherListener, retryTimes: 4
09-10 18:22:16.067  2458  2458 E A01c06/ICON: AppIconWeatherModel --> get weather info failed, code: 15700010, message: The DataShareHelper is not initialized successfully.
09-10 18:22:17.067  2458  2458 W A01c06/ICON: AppIconWeatherModel --> initWeatherListener, retryTimes: 4
09-10 18:22:17.069  2458  2458 E A01c06/ICON: AppIconWeatherModel --> get weather info failed, code: 15700010, message: The DataShareHelper is not initialized successfully.
09-10 18:22:18.070  2458  2458 W A01c06/ICON: AppIconWeatherModel --> initWeatherListener, retryTimes: 4
09-10 18:22:18.072  2458  2458 E A01c06/ICON: AppIconWeatherModel --> get weather info failed, code: 15700010, message: The DataShareHelper is not initialized successfully.
09-10 18:22:19.075  2458  2458 W A01c06/ICON: AppIconWeatherModel --> initWeatherListener, retryTimes: 4
09-10 18:22:19.077  2458  2458 E A01c06/ICON: AppIconWeatherModel --> get weather info failed, code: 15700010, message: The DataShareHelper is not initialized successfully.
09-10 18:22:20.080  2458  2458 W A01c06/ICON: AppIconWeatherModel --> initWeatherListener, retryTimes: 4
09-10 18:22:20.083  2458  2458 E A01c06/ICON: AppIconWeatherModel --> get weather info failed, code: 15700010, message: The DataShareHelper is not initialized successfully.
09-10 18:22:21.084  2458  2458 W A01c06/ICON: AppIconWeatherModel --> initWeatherListener, retryTimes: 4
09-10 18:22:21.086  2458  2458 E A01c06/ICON: AppIconWeatherModel --> get weather info failed, code: 15700010, message: The DataShareHelper is not initialized successfully.
09-10 18:22:22.090  2458  2458 W A01c06/ICON: AppIconWeatherModel --> initWeatherListener, retryTimes: 4
09-10 18:22:22.092  2458  2458 E A01c06/ICON: AppIconWeatherModel --> get weather info failed, code: 15700010, message: The DataShareHelper is not initialized successfully.
09-10 18:22:23.094  2458  2458 W A01c06/ICON: AppIconWeatherModel --> initWeatherListener, retryTimes: 4
09-10 18:22:23.096  2458  2458 E A01c06/ICON: AppIconWeatherModel --> get weather info failed, code: 15700010, message: The DataShareHelper is not initialized successfully.
09-10 18:22:24.098  2458  2458 W A01c06/ICON: AppIconWeatherModel --> initWeatherListener, retryTimes: 4
09-10 18:22:24.099  2458  2458 E A01c06/ICON: AppIconWeatherModel --> get weather info failed, code: 15700010, message: The DataShareHelper is not initialized successfully.
09-10 18:22:25.100  2458  2458 W A01c06/ICON: AppIconWeatherModel --> initWeatherListener, retryTimes: 4
09-10 18:22:25.102  2458  2458 E A01c06/ICON: AppIconWeatherModel --> get weather info failed, code: 15700010, message: The DataShareHelper is not initialized successfully.
09-10 18:22:26.102  2458  2458 W A01c06/ICON: AppIconWeatherModel --> initWeatherListener, retryTimes: 4
09-10 18:22:26.104  2458  2458 E A01c06/ICON: AppIconWeatherModel --> get weather info failed, code: 15700010, message: The DataShareHelper is not initialized successfully.
09-10 18:22:27.106  2458  2458 W A01c06/ICON: AppIconWeatherModel --> initWeatherListener, retryTimes: 4
09-10 18:22:27.109  2458  2458 E A01c06/ICON: AppIconWeatherModel --> get weather info failed, code: 15700010, message: The DataShareHelper is not initialized successfully.
09-10 18:22:28.111  2458  2458 W A01c06/ICON: AppIconWeatherModel --> initWeatherListener, retryTimes: 4
09-10 18:22:28.114  2458  2458 E A01c06/ICON: AppIconWeatherModel --> get weather info failed, code: 15700010, message: The DataShareHelper is not initialized successfully.
09-10 18:22:29.116  2458  2458 W A01c06/ICON: AppIconWeatherModel --> initWeatherListener, retryTimes: 4
09-10 18:22:29.118  2458  2458 E A01c06/ICON: AppIconWeatherModel --> get weather info failed, code: 15700010, message: The DataShareHelper is not initialized successfully.
09-10 18:22:30.119  2458  2458 W A01c06/ICON: AppIconWeatherModel --> initWeatherListener, retryTimes: 4
09-10 18:22:30.121  2458  2458 E A01c06/ICON: AppIconWeatherModel --> get weather info failed, code: 15700010, message: The DataShareHelper is not initialized successfully.
09-10 18:22:31.123  2458  2458 W A01c06/ICON: AppIconWeatherModel --> initWeatherListener, retryTimes: 4
09-10 18:22:31.126  2458  2458 E A01c06/ICON: AppIconWeatherModel --> get weather info failed, code: 15700010, message: The DataShareHelper is not initialized successfully.
09-10 18:22:32.131  2458  2458 W A01c06/ICON: AppIconWeatherModel --> initWeatherListener, retryTimes: 4
09-10 18:22:32.133  2458  2458 E A01c06/ICON: AppIconWeatherModel --> get weather info failed, code: 15700010, message: The DataShareHelper is not initialized successfully.
09-10 18:22:33.135  2458  2458 W A01c06/ICON: AppIconWeatherModel --> initWeatherListener, retryTimes: 4
09-10 18:22:33.137  2458  2458 E A01c06/ICON: AppIconWeatherModel --> get weather info failed, code: 15700010, message: The DataShareHelper is not initialized successfully.
09-10 18:22:34.139  2458  2458 W A01c06/ICON: AppIconWeatherModel --> initWeatherListener, retryTimes: 4
09-10 18:22:34.140  2458  2458 E A01c06/ICON: AppIconWeatherModel --> get weather info failed, code: 15700010, message: The DataShareHelper is not initialized successfully.
09-10 18:22:35.140  2458  2458 W A01c06/ICON: AppIconWeatherModel --> initWeatherListener, retryTimes: 4
09-10 18:22:35.143  2458  2458 E A01c06/ICON: AppIconWeatherModel --> get weather info failed, code: 15700010, message: The DataShareHelper is not initialized successfully.
09-10 18:22:36.144  2458  2458 W A01c06/ICON: AppIconWeatherModel --> initWeatherListener, retryTimes: 4
09-10 18:22:36.147  2458  2458 E A01c06/ICON: AppIconWeatherModel --> get weather info failed, code: 15700010, message: The DataShareHelper is not initialized successfully.
09-10 18:22:37.148  2458  2458 W A01c06/ICON: AppIconWeatherModel --> initWeatherListener, retryTimes: 4
09-10 18:22:37.151  2458  2458 E A01c06/ICON: AppIconWeatherModel --> get weather info failed, code: 15700010, message: The DataShareHelper is not initialized successfully.
09-10 18:22:38.153  2458  2458 W A01c06/ICON: AppIconWeatherModel --> initWeatherListener, retryTimes: 4
09-10 18:22:38.156  2458  2458 E A01c06/ICON: AppIconWeatherModel --> get weather info failed, code: 15700010, message: The DataShareHelper is not initialized successfully.
09-10 18:22:39.161  2458  2458 W A01c06/ICON: AppIconWeatherModel --> initWeatherListener, retryTimes: 4
09-10 18:22:39.163  2458  2458 E A01c06/ICON: AppIconWeatherModel --> get weather info failed, code: 15700010, message: The DataShareHelper is not initialized successfully.
09-10 18:22:40.166  2458  2458 W A01c06/ICON: AppIconWeatherModel --> initWeatherListener, retryTimes: 4
09-10 18:22:40.170  2458  2458 E A01c06/ICON: AppIconWeatherModel --> get weather info failed, code: 15700010, message: The DataShareHelper is not initialized successfully.
09-10 18:22:41.173  2458  2458 W A01c06/ICON: AppIconWeatherModel --> initWeatherListener, retryTimes: 4
09-10 18:22:41.175  2458  2458 E A01c06/ICON: AppIconWeatherModel --> get weather info failed, code: 15700010, message: The DataShareHelper is not initialized successfully.
09-10 18:22:42.177  2458  2458 W A01c06/ICON: AppIconWeatherModel --> initWeatherListener, retryTimes: 4
09-10 18:22:42.180  2458  2458 E A01c06/ICON: AppIconWeatherModel --> get weather info failed, code: 15700010, message: The DataShareHelper is not initialized successfully.
09-10 18:22:43.183  2458  2458 W A01c06/ICON: AppIconWeatherModel --> initWeatherListener, retryTimes: 4
09-10 18:22:43.186  2458  2458 E A01c06/ICON: AppIconWeatherModel --> get weather info failed, code: 15700010, message: The DataShareHelper is not initialized successfully.
09-10 18:22:44.187  2458  2458 W A01c06/ICON: AppIconWeatherModel --> initWeatherListener, retryTimes: 4
09-10 18:22:44.189  2458  2458 E A01c06/ICON: AppIconWeatherModel --> get weather info failed, code: 15700010, message: The DataShareHelper is not initialized successfully.
09-10 18:22:45.192  2458  2458 W A01c06/ICON: AppIconWeatherModel --> initWeatherListener, retryTimes: 4
09-10 18:22:45.195  2458  2458 E A01c06/ICON: AppIconWeatherModel --> get weather info failed, code: 15700010, message: The DataShareHelper is not initialized successfully.
09-10 18:22:46.201  2458  2458 W A01c06/ICON: AppIconWeatherModel --> initWeatherListener, retryTimes: 4
09-10 18:22:46.205  2458  2458 E A01c06/ICON: AppIconWeatherModel --> get weather info failed, code: 15700010, message: The DataShareHelper is not initialized successfully.
09-10 18:22:47.207  2458  2458 W A01c06/ICON: AppIconWeatherModel --> initWeatherListener, retryTimes: 4
09-10 18:22:47.210  2458  2458 E A01c06/ICON: AppIconWeatherModel --> get weather info failed, code: 15700010, message: The DataShareHelper is not initialized successfully.
09-10 18:22:48.212  2458  2458 W A01c06/ICON: AppIconWeatherModel --> initWeatherListener, retryTimes: 4
09-10 18:22:48.215  2458  2458 E A01c06/ICON: AppIconWeatherModel --> get weather info failed, code: 15700010, message: The DataShareHelper is not initialized successfully.
09-10 18:22:49.219  2458  2458 W A01c06/ICON: AppIconWeatherModel --> initWeatherListener, retryTimes: 4
09-10 18:22:49.221  2458  2458 E A01c06/ICON: AppIconWeatherModel --> get weather info failed, code: 15700010, message: The DataShareHelper is not initialized successfully.
09-10 18:22:50.223  2458  2458 W A01c06/ICON: AppIconWeatherModel --> initWeatherListener, retryTimes: 4
09-10 18:22:50.225  2458  2458 E A01c06/ICON: AppIconWeatherModel --> get weather info failed, code: 15700010, message: The DataShareHelper is not initialized successfully.
09-10 18:22:51.236  2458  2458 W A01c06/ICON: AppIconWeatherModel --> initWeatherListener, retryTimes: 4
09-10 18:22:51.241  2458  2458 E A01c06/ICON: AppIconWeatherModel --> get weather info failed, code: 15700010, message: The DataShareHelper is not initialized successfully.
09-10 18:22:52.243  2458  2458 W A01c06/ICON: AppIconWeatherModel --> initWeatherListener, retryTimes: 4
09-10 18:22:52.247  2458  2458 E A01c06/ICON: AppIconWeatherModel --> get weather info failed, code: 15700010, message: The DataShareHelper is not initialized successfully.
09-10 18:22:53.250  2458  2458 W A01c06/ICON: AppIconWeatherModel --> initWeatherListener, retryTimes: 4
09-10 18:22:53.252  2458  2458 E A01c06/ICON: AppIconWeatherModel --> get weather info failed, code: 15700010, message: The DataShareHelper is not initialized successfully.
09-10 18:22:54.253  2458  2458 W A01c06/ICON: AppIconWeatherModel --> initWeatherListener, retryTimes: 4
09-10 18:22:54.255  2458  2458 E A01c06/ICON: AppIconWeatherModel --> get weather info failed, code: 15700010, message: The DataShareHelper is not initialized successfully.
09-10 18:22:55.258  2458  2458 W A01c06/ICON: AppIconWeatherModel --> initWeatherListener, retryTimes: 4
09-10 18:22:55.262  2458  2458 E A01c06/ICON: AppIconWeatherModel --> get weather info failed, code: 15700010, message: The DataShareHelper is not initialized successfully.
09-10 18:22:56.265  2458  2458 W A01c06/ICON: AppIconWeatherModel --> initWeatherListener, retryTimes: 4
09-10 18:22:56.267  2458  2458 E A01c06/ICON: AppIconWeatherModel --> get weather info failed, code: 15700010, message: The DataShareHelper is not initialized successfully.
09-10 18:22:57.276  2458  2458 W A01c06/ICON: AppIconWeatherModel --> initWeatherListener, retryTimes: 4
09-10 18:22:57.281  2458  2458 E A01c06/ICON: AppIconWeatherModel --> get weather info failed, code: 15700010, message: The DataShareHelper is not initialized successfully.
09-10 18:22:58.282  2458  2458 W A01c06/ICON: AppIconWeatherModel --> initWeatherListener, retryTimes: 4
09-10 18:22:58.285  2458  2458 E A01c06/ICON: AppIconWeatherModel --> get weather info failed, code: 15700010, message: The DataShareHelper is not initialized successfully.
09-10 18:22:59.286  2458  2458 W A01c06/ICON: AppIconWeatherModel --> initWeatherListener, retryTimes: 4
09-10 18:22:59.289  2458  2458 E A01c06/ICON: AppIconWeatherModel --> get weather info failed, code: 15700010, message: The DataShareHelper is not initialized successfully.
09-10 18:23:00.007  2458  2458 I A01a01/NC: StatusBarSysEventUtil: onTimeChangeEvent
09-10 18:23:00.007  2458  2458 W A01c06/ICON: AppIconCalendarCache --> receive date change event, nowData: 10, dateText: ,image is transparent: false, image is empty: true
09-10 18:23:00.007  2458  2458 W A01c06/ICON: AppIconCalendarCache --> com.huawei.hmos.calendar is not dynamic icon, bundleName is com.huawei.hmos.calendar
09-10 18:23:00.007  2458  2458 E A01c06/ICON: AppIconCalendarCache --> backgroundImage resource error
09-10 18:23:00.007  2458  2458 E A01c06/ICON: AppIconCalendarCache --> calendarForegroundBuilder is null
09-10 18:23:00.291  2458  2458 W A01c06/ICON: AppIconWeatherModel --> initWeatherListener, retryTimes: 4
09-10 18:23:00.295  2458  2458 E A01c06/ICON: AppIconWeatherModel --> get weather info failed, code: 15700010, message: The DataShareHelper is not initialized successfully.
09-10 18:23:01.298  2458  2458 W A01c06/ICON: AppIconWeatherModel --> initWeatherListener, retryTimes: 4
09-10 18:23:01.301  2458  2458 E A01c06/ICON: AppIconWeatherModel --> get weather info failed, code: 15700010, message: The DataShareHelper is not initialized successfully.
09-10 18:23:02.303  2458  2458 W A01c06/ICON: AppIconWeatherModel --> initWeatherListener, retryTimes: 4
09-10 18:23:02.306  2458  2458 E A01c06/ICON: AppIconWeatherModel --> get weather info failed, code: 15700010, message: The DataShareHelper is not initialized successfully.
09-10 18:23:03.307  2458  2458 W A01c06/ICON: AppIconWeatherModel --> initWeatherListener, retryTimes: 4
09-10 18:23:03.309  2458  2458 E A01c06/ICON: AppIconWeatherModel --> get weather info failed, code: 15700010, message: The DataShareHelper is not initialized successfully.
09-10 18:23:04.310  2458  2458 W A01c06/ICON: AppIconWeatherModel --> initWeatherListener, retryTimes: 4
09-10 18:23:04.312  2458  2458 E A01c06/ICON: AppIconWeatherModel --> get weather info failed, code: 15700010, message: The DataShareHelper is not initialized successfully.
09-10 18:23:05.314  2458  2458 W A01c06/ICON: AppIconWeatherModel --> initWeatherListener, retryTimes: 4
09-10 18:23:05.317  2458  2458 E A01c06/ICON: AppIconWeatherModel --> get weather info failed, code: 15700010, message: The DataShareHelper is not initialized successfully.
09-10 18:23:06.318  2458  2458 W A01c06/ICON: AppIconWeatherModel --> initWeatherListener, retryTimes: 4
09-10 18:23:06.321  2458  2458 E A01c06/ICON: AppIconWeatherModel --> get weather info failed, code: 15700010, message: The DataShareHelper is not initialized successfully.
09-10 18:23:07.322  2458  2458 W A01c06/ICON: AppIconWeatherModel --> initWeatherListener, retryTimes: 4
09-10 18:23:07.325  2458  2458 E A01c06/ICON: AppIconWeatherModel --> get weather info failed, code: 15700010, message: The DataShareHelper is not initialized successfully.
09-10 18:23:08.327  2458  2458 W A01c06/ICON: AppIconWeatherModel --> initWeatherListener, retryTimes: 4
09-10 18:23:08.330  2458  2458 E A01c06/ICON: AppIconWeatherModel --> get weather info failed, code: 15700010, message: The DataShareHelper is not initialized successfully.
09-10 18:23:09.332  2458  2458 W A01c06/ICON: AppIconWeatherModel --> initWeatherListener, retryTimes: 4
09-10 18:23:09.334  2458  2458 E A01c06/ICON: AppIconWeatherModel --> get weather info failed, code: 15700010, message: The DataShareHelper is not initialized successfully.
09-10 18:23:10.337  2458  2458 W A01c06/ICON: AppIconWeatherModel --> initWeatherListener, retryTimes: 4
09-10 18:23:10.340  2458  2458 E A01c06/ICON: AppIconWeatherModel --> get weather info failed, code: 15700010, message: The DataShareHelper is not initialized successfully.
09-10 18:23:11.343  2458  2458 W A01c06/ICON: AppIconWeatherModel --> initWeatherListener, retryTimes: 4
09-10 18:23:11.346  2458  2458 E A01c06/ICON: AppIconWeatherModel --> get weather info failed, code: 15700010, message: The DataShareHelper is not initialized successfully.
09-10 18:23:12.348  2458  2458 W A01c06/ICON: AppIconWeatherModel --> initWeatherListener, retryTimes: 4
09-10 18:23:12.353  2458  2458 E A01c06/ICON: AppIconWeatherModel --> get weather info failed, code: 15700010, message: The DataShareHelper is not initialized successfully.
09-10 18:23:13.358  2458  2458 W A01c06/ICON: AppIconWeatherModel --> initWeatherListener, retryTimes: 4
09-10 18:23:13.363  2458  2458 E A01c06/ICON: AppIconWeatherModel --> get weather info failed, code: 15700010, message: The DataShareHelper is not initialized successfully.
09-10 18:23:14.365  2458  2458 W A01c06/ICON: AppIconWeatherModel --> initWeatherListener, retryTimes: 4
09-10 18:23:14.370  2458  2458 E A01c06/ICON: AppIconWeatherModel --> get weather info failed, code: 15700010, message: The DataShareHelper is not initialized successfully.
09-10 18:23:15.371  2458  2458 W A01c06/ICON: AppIconWeatherModel --> initWeatherListener, retryTimes: 4
09-10 18:23:15.375  2458  2458 E A01c06/ICON: AppIconWeatherModel --> get weather info failed, code: 15700010, message: The DataShareHelper is not initialized successfully.
09-10 18:23:16.382  2458  2458 W A01c06/ICON: AppIconWeatherModel --> initWeatherListener, retryTimes: 4
09-10 18:23:16.386  2458  2458 E A01c06/ICON: AppIconWeatherModel --> get weather info failed, code: 15700010, message: The DataShareHelper is not initialized successfully.
09-10 18:23:17.390  2458  2458 W A01c06/ICON: AppIconWeatherModel --> initWeatherListener, retryTimes: 4
09-10 18:23:17.393  2458  2458 E A01c06/ICON: AppIconWeatherModel --> get weather info failed, code: 15700010, message: The DataShareHelper is not initialized successfully.
09-10 18:23:18.396  2458  2458 W A01c06/ICON: AppIconWeatherModel --> initWeatherListener, retryTimes: 4
09-10 18:23:18.401  2458  2458 E A01c06/ICON: AppIconWeatherModel --> get weather info failed, code: 15700010, message: The DataShareHelper is not initialized successfully.
09-10 18:23:19.403  2458  2458 W A01c06/ICON: AppIconWeatherModel --> initWeatherListener, retryTimes: 4
09-10 18:23:19.406  2458  2458 E A01c06/ICON: AppIconWeatherModel --> get weather info failed, code: 15700010, message: The DataShareHelper is not initialized successfully.
09-10 18:23:20.411  2458  2458 W A01c06/ICON: AppIconWeatherModel --> initWeatherListener, retryTimes: 4
09-10 18:23:20.415  2458  2458 E A01c06/ICON: AppIconWeatherModel --> get weather info failed, code: 15700010, message: The DataShareHelper is not initialized successfully.
09-10 18:23:21.418  2458  2458 W A01c06/ICON: AppIconWeatherModel --> initWeatherListener, retryTimes: 4
09-10 18:23:21.423  2458  2458 E A01c06/ICON: AppIconWeatherModel --> get weather info failed, code: 15700010, message: The DataShareHelper is not initialized successfully.
09-10 18:23:22.425  2458  2458 W A01c06/ICON: AppIconWeatherModel --> initWeatherListener, retryTimes: 4
09-10 18:23:22.431  2458  2458 E A01c06/ICON: AppIconWeatherModel --> get weather info failed, code: 15700010, message: The DataShareHelper is not initialized successfully.
09-10 18:23:23.442  2458  2458 W A01c06/ICON: AppIconWeatherModel --> initWeatherListener, retryTimes: 4
09-10 18:23:23.446  2458  2458 E A01c06/ICON: AppIconWeatherModel --> get weather info failed, code: 15700010, message: The DataShareHelper is not initialized successfully.
09-10 18:23:24.448  2458  2458 W A01c06/ICON: AppIconWeatherModel --> initWeatherListener, retryTimes: 4
09-10 18:23:24.450  2458  2458 E A01c06/ICON: AppIconWeatherModel --> get weather info failed, code: 15700010, message: The DataShareHelper is not initialized successfully.
09-10 18:23:25.453  2458  2458 W A01c06/ICON: AppIconWeatherModel --> initWeatherListener, retryTimes: 4
09-10 18:23:25.458  2458  2458 E A01c06/ICON: AppIconWeatherModel --> get weather info failed, code: 15700010, message: The DataShareHelper is not initialized successfully.
09-10 18:23:26.458  2458  2458 W A01c06/ICON: AppIconWeatherModel --> initWeatherListener, retryTimes: 4
09-10 18:23:26.463  2458  2458 E A01c06/ICON: AppIconWeatherModel --> get weather info failed, code: 15700010, message: The DataShareHelper is not initialized successfully.
09-10 18:23:27.465  2458  2458 W A01c06/ICON: AppIconWeatherModel --> initWeatherListener, retryTimes: 4
09-10 18:23:27.470  2458  2458 E A01c06/ICON: AppIconWeatherModel --> get weather info failed, code: 15700010, message: The DataShareHelper is not initialized successfully.
09-10 18:23:28.473  2458  2458 W A01c06/ICON: AppIconWeatherModel --> initWeatherListener, retryTimes: 4
09-10 18:23:28.480  2458  2458 E A01c06/ICON: AppIconWeatherModel --> get weather info failed, code: 15700010, message: The DataShareHelper is not initialized successfully.
09-10 18:23:29.482  2458  2458 W A01c06/ICON: AppIconWeatherModel --> initWeatherListener, retryTimes: 4
09-10 18:23:29.484  2458  2458 E A01c06/ICON: AppIconWeatherModel --> get weather info failed, code: 15700010, message: The DataShareHelper is not initialized successfully.
09-10 18:23:30.486  2458  2458 W A01c06/ICON: AppIconWeatherModel --> initWeatherListener, retryTimes: 4
09-10 18:23:30.491  2458  2458 E A01c06/ICON: AppIconWeatherModel --> get weather info failed, code: 15700010, message: The DataShareHelper is not initialized successfully.
09-10 18:23:31.494  2458  2458 W A01c06/ICON: AppIconWeatherModel --> initWeatherListener, retryTimes: 4
09-10 18:23:31.500  2458  2458 E A01c06/ICON: AppIconWeatherModel --> get weather info failed, code: 15700010, message: The DataShareHelper is not initialized successfully.
09-10 18:23:32.502  2458  2458 W A01c06/ICON: AppIconWeatherModel --> initWeatherListener, retryTimes: 4
09-10 18:23:32.504  2458  2458 E A01c06/ICON: AppIconWeatherModel --> get weather info failed, code: 15700010, message: The DataShareHelper is not initialized successfully.
09-10 18:23:33.505  2458  2458 W A01c06/ICON: AppIconWeatherModel --> initWeatherListener, retryTimes: 4
09-10 18:23:33.512  2458  2458 E A01c06/ICON: AppIconWeatherModel --> get weather info failed, code: 15700010, message: The DataShareHelper is not initialized successfully.
09-10 18:23:34.514  2458  2458 W A01c06/ICON: AppIconWeatherModel --> initWeatherListener, retryTimes: 4
09-10 18:23:34.517  2458  2458 E A01c06/ICON: AppIconWeatherModel --> get weather info failed, code: 15700010, message: The DataShareHelper is not initialized successfully.
09-10 18:23:35.522  2458  2458 W A01c06/ICON: AppIconWeatherModel --> initWeatherListener, retryTimes: 4
09-10 18:23:35.526  2458  2458 E A01c06/ICON: AppIconWeatherModel --> get weather info failed, code: 15700010, message: The DataShareHelper is not initialized successfully.
09-10 18:23:36.527  2458  2458 W A01c06/ICON: AppIconWeatherModel --> initWeatherListener, retryTimes: 4
09-10 18:23:36.532  2458  2458 E A01c06/ICON: AppIconWeatherModel --> get weather info failed, code: 15700010, message: The DataShareHelper is not initialized successfully.
09-10 18:23:37.533  2458  2458 W A01c06/ICON: AppIconWeatherModel --> initWeatherListener, retryTimes: 4
09-10 18:23:37.539  2458  2458 E A01c06/ICON: AppIconWeatherModel --> get weather info failed, code: 15700010, message: The DataShareHelper is not initialized successfully.
09-10 18:23:38.542  2458  2458 W A01c06/ICON: AppIconWeatherModel --> initWeatherListener, retryTimes: 4
09-10 18:23:38.550  2458  2458 E A01c06/ICON: AppIconWeatherModel --> get weather info failed, code: 15700010, message: The DataShareHelper is not initialized successfully.
09-10 18:23:39.553  2458  2458 W A01c06/ICON: AppIconWeatherModel --> initWeatherListener, retryTimes: 4
09-10 18:23:39.556  2458  2458 E A01c06/ICON: AppIconWeatherModel --> get weather info failed, code: 15700010, message: The DataShareHelper is not initialized successfully.
09-10 18:23:40.560  2458  2458 W A01c06/ICON: AppIconWeatherModel --> initWeatherListener, retryTimes: 4
09-10 18:23:40.567  2458  2458 E A01c06/ICON: AppIconWeatherModel --> get weather info failed, code: 15700010, message: The DataShareHelper is not initialized successfully.
09-10 18:23:41.569  2458  2458 W A01c06/ICON: AppIconWeatherModel --> initWeatherListener, retryTimes: 4
09-10 18:23:41.576  2458  2458 E A01c06/ICON: AppIconWeatherModel --> get weather info failed, code: 15700010, message: The DataShareHelper is not initialized successfully.
09-10 18:23:42.578  2458  2458 W A01c06/ICON: AppIconWeatherModel --> initWeatherListener, retryTimes: 4
09-10 18:23:42.585  2458  2458 E A01c06/ICON: AppIconWeatherModel --> get weather info failed, code: 15700010, message: The DataShareHelper is not initialized successfully.
09-10 18:23:43.586  2458  2458 W A01c06/ICON: AppIconWeatherModel --> initWeatherListener, retryTimes: 4
09-10 18:23:43.592  2458  2458 E A01c06/ICON: AppIconWeatherModel --> get weather info failed, code: 15700010, message: The DataShareHelper is not initialized successfully.
09-10 18:23:44.595  2458  2458 W A01c06/ICON: AppIconWeatherModel --> initWeatherListener, retryTimes: 4
09-10 18:23:44.599  2458  2458 E A01c06/ICON: AppIconWeatherModel --> get weather info failed, code: 15700010, message: The DataShareHelper is not initialized successfully.
09-10 18:23:45.601  2458  2458 W A01c06/ICON: AppIconWeatherModel --> initWeatherListener, retryTimes: 4
09-10 18:23:45.608  2458  2458 E A01c06/ICON: AppIconWeatherModel --> get weather info failed, code: 15700010, message: The DataShareHelper is not initialized successfully.
09-10 18:23:46.609  2458  2458 W A01c06/ICON: AppIconWeatherModel --> initWeatherListener, retryTimes: 4
09-10 18:23:46.613  2458  2458 E A01c06/ICON: AppIconWeatherModel --> get weather info failed, code: 15700010, message: The DataShareHelper is not initialized successfully.
09-10 18:23:47.614  2458  2458 W A01c06/ICON: AppIconWeatherModel --> initWeatherListener, retryTimes: 4
09-10 18:23:47.616  2458  2458 E A01c06/ICON: AppIconWeatherModel --> get weather info failed, code: 15700010, message: The DataShareHelper is not initialized successfully.
09-10 18:23:48.619  2458  2458 W A01c06/ICON: AppIconWeatherModel --> initWeatherListener, retryTimes: 4
09-10 18:23:48.623  2458  2458 E A01c06/ICON: AppIconWeatherModel --> get weather info failed, code: 15700010, message: The DataShareHelper is not initialized successfully.
09-10 18:23:49.624  2458  2458 W A01c06/ICON: AppIconWeatherModel --> initWeatherListener, retryTimes: 4
09-10 18:23:49.628  2458  2458 E A01c06/ICON: AppIconWeatherModel --> get weather info failed, code: 15700010, message: The DataShareHelper is not initialized successfully.
09-10 18:23:50.629  2458  2458 W A01c06/ICON: AppIconWeatherModel --> initWeatherListener, retryTimes: 4
09-10 18:23:50.634  2458  2458 E A01c06/ICON: AppIconWeatherModel --> get weather info failed, code: 15700010, message: The DataShareHelper is not initialized successfully.
09-10 18:23:51.642  2458  2458 W A01c06/ICON: AppIconWeatherModel --> initWeatherListener, retryTimes: 4
09-10 18:23:51.647  2458  2458 E A01c06/ICON: AppIconWeatherModel --> get weather info failed, code: 15700010, message: The DataShareHelper is not initialized successfully.
09-10 18:23:52.649  2458  2458 W A01c06/ICON: AppIconWeatherModel --> initWeatherListener, retryTimes: 4
09-10 18:23:52.654  2458  2458 E A01c06/ICON: AppIconWeatherModel --> get weather info failed, code: 15700010, message: The DataShareHelper is not initialized successfully.
09-10 18:23:53.656  2458  2458 W A01c06/ICON: AppIconWeatherModel --> initWeatherListener, retryTimes: 4
09-10 18:23:53.661  2458  2458 E A01c06/ICON: AppIconWeatherModel --> get weather info failed, code: 15700010, message: The DataShareHelper is not initialized successfully.
09-10 18:23:54.664  2458  2458 W A01c06/ICON: AppIconWeatherModel --> initWeatherListener, retryTimes: 4
09-10 18:23:54.667  2458  2458 E A01c06/ICON: AppIconWeatherModel --> get weather info failed, code: 15700010, message: The DataShareHelper is not initialized successfully.
09-10 18:23:55.668  2458  2458 W A01c06/ICON: AppIconWeatherModel --> initWeatherListener, retryTimes: 4
09-10 18:23:55.674  2458  2458 E A01c06/ICON: AppIconWeatherModel --> get weather info failed, code: 15700010, message: The DataShareHelper is not initialized successfully.
09-10 18:23:56.675  2458  2458 W A01c06/ICON: AppIconWeatherModel --> initWeatherListener, retryTimes: 4
09-10 18:23:56.680  2458  2458 E A01c06/ICON: AppIconWeatherModel --> get weather info failed, code: 15700010, message: The DataShareHelper is not initialized successfully.
09-10 18:23:57.683  2458  2458 W A01c06/ICON: AppIconWeatherModel --> initWeatherListener, retryTimes: 4
09-10 18:23:57.690  2458  2458 E A01c06/ICON: AppIconWeatherModel --> get weather info failed, code: 15700010, message: The DataShareHelper is not initialized successfully.
09-10 18:23:58.692  2458  2458 W A01c06/ICON: AppIconWeatherModel --> initWeatherListener, retryTimes: 4
09-10 18:23:58.695  2458  2458 E A01c06/ICON: AppIconWeatherModel --> get weather info failed, code: 15700010, message: The DataShareHelper is not initialized successfully.
09-10 18:23:59.698  2458  2458 W A01c06/ICON: AppIconWeatherModel --> initWeatherListener, retryTimes: 4
09-10 18:23:59.701  2458  2458 E A01c06/ICON: AppIconWeatherModel --> get weather info failed, code: 15700010, message: The DataShareHelper is not initialized successfully.
09-10 18:24:00.006  2458  2458 I A01a01/NC: StatusBarSysEventUtil: onTimeChangeEvent
09-10 18:24:00.006  2458  2458 W A01c06/ICON: AppIconCalendarCache --> receive date change event, nowData: 10, dateText: ,image is transparent: false, image is empty: true
09-10 18:24:00.006  2458  2458 W A01c06/ICON: AppIconCalendarCache --> com.huawei.hmos.calendar is not dynamic icon, bundleName is com.huawei.hmos.calendar
09-10 18:24:00.006  2458  2458 E A01c06/ICON: AppIconCalendarCache --> backgroundImage resource error
09-10 18:24:00.006  2458  2458 E A01c06/ICON: AppIconCalendarCache --> calendarForegroundBuilder is null
09-10 18:24:00.703  2458  2458 W A01c06/ICON: AppIconWeatherModel --> initWeatherListener, retryTimes: 4
09-10 18:24:00.708  2458  2458 E A01c06/ICON: AppIconWeatherModel --> get weather info failed, code: 15700010, message: The DataShareHelper is not initialized successfully.
09-10 18:24:01.709  2458  2458 W A01c06/ICON: AppIconWeatherModel --> initWeatherListener, retryTimes: 4
09-10 18:24:01.714  2458  2458 E A01c06/ICON: AppIconWeatherModel --> get weather info failed, code: 15700010, message: The DataShareHelper is not initialized successfully.
09-10 18:24:02.715  2458  2458 W A01c06/ICON: AppIconWeatherModel --> initWeatherListener, retryTimes: 4
09-10 18:24:02.721  2458  2458 E A01c06/ICON: AppIconWeatherModel --> get weather info failed, code: 15700010, message: The DataShareHelper is not initialized successfully.
09-10 18:24:03.728  2458  2458 W A01c06/ICON: AppIconWeatherModel --> initWeatherListener, retryTimes: 4
09-10 18:24:03.735  2458  2458 E A01c06/ICON: AppIconWeatherModel --> get weather info failed, code: 15700010, message: The DataShareHelper is not initialized successfully.
09-10 18:24:04.736  2458  2458 W A01c06/ICON: AppIconWeatherModel --> initWeatherListener, retryTimes: 4
09-10 18:24:04.740  2458  2458 E A01c06/ICON: AppIconWeatherModel --> get weather info failed, code: 15700010, message: The DataShareHelper is not initialized successfully.
09-10 18:24:05.751  2458  2458 W A01c06/ICON: AppIconWeatherModel --> initWeatherListener, retryTimes: 4
09-10 18:24:05.757  2458  2458 E A01c06/ICON: AppIconWeatherModel --> get weather info failed, code: 15700010, message: The DataShareHelper is not initialized successfully.
09-10 18:24:06.759  2458  2458 W A01c06/ICON: AppIconWeatherModel --> initWeatherListener, retryTimes: 4
09-10 18:24:06.766  2458  2458 E A01c06/ICON: AppIconWeatherModel --> get weather info failed, code: 15700010, message: The DataShareHelper is not initialized successfully.
09-10 18:24:07.772  2458  2458 W A01c06/ICON: AppIconWeatherModel --> initWeatherListener, retryTimes: 4
09-10 18:24:07.777  2458  2458 E A01c06/ICON: AppIconWeatherModel --> get weather info failed, code: 15700010, message: The DataShareHelper is not initialized successfully.
09-10 18:24:08.780  2458  2458 W A01c06/ICON: AppIconWeatherModel --> initWeatherListener, retryTimes: 4
09-10 18:24:08.786  2458  2458 E A01c06/ICON: AppIconWeatherModel --> get weather info failed, code: 15700010, message: The DataShareHelper is not initialized successfully.
09-10 18:24:09.788  2458  2458 W A01c06/ICON: AppIconWeatherModel --> initWeatherListener, retryTimes: 4
09-10 18:24:09.792  2458  2458 E A01c06/ICON: AppIconWeatherModel --> get weather info failed, code: 15700010, message: The DataShareHelper is not initialized successfully.
09-10 18:24:10.798  2458  2458 W A01c06/ICON: AppIconWeatherModel --> initWeatherListener, retryTimes: 4
09-10 18:24:10.805  2458  2458 E A01c06/ICON: AppIconWeatherModel --> get weather info failed, code: 15700010, message: The DataShareHelper is not initialized successfully.
09-10 18:24:11.809  2458  2458 W A01c06/ICON: AppIconWeatherModel --> initWeatherListener, retryTimes: 4
09-10 18:24:11.815  2458  2458 E A01c06/ICON: AppIconWeatherModel --> get weather info failed, code: 15700010, message: The DataShareHelper is not initialized successfully.
09-10 18:24:12.817  2458  2458 W A01c06/ICON: AppIconWeatherModel --> initWeatherListener, retryTimes: 4
09-10 18:24:12.823  2458  2458 E A01c06/ICON: AppIconWeatherModel --> get weather info failed, code: 15700010, message: The DataShareHelper is not initialized successfully.
09-10 18:24:13.824  2458  2458 W A01c06/ICON: AppIconWeatherModel --> initWeatherListener, retryTimes: 4
09-10 18:24:13.830  2458  2458 E A01c06/ICON: AppIconWeatherModel --> get weather info failed, code: 15700010, message: The DataShareHelper is not initialized successfully.
09-10 18:24:14.831  2458  2458 W A01c06/ICON: AppIconWeatherModel --> initWeatherListener, retryTimes: 4
09-10 18:24:14.835  2458  2458 E A01c06/ICON: AppIconWeatherModel --> get weather info failed, code: 15700010, message: The DataShareHelper is not initialized successfully.
09-10 18:24:15.845  2458  2458 W A01c06/ICON: AppIconWeatherModel --> initWeatherListener, retryTimes: 4
09-10 18:24:15.850  2458  2458 E A01c06/ICON: AppIconWeatherModel --> get weather info failed, code: 15700010, message: The DataShareHelper is not initialized successfully.
09-10 18:24:16.852  2458  2458 W A01c06/ICON: AppIconWeatherModel --> initWeatherListener, retryTimes: 4
09-10 18:24:16.858  2458  2458 E A01c06/ICON: AppIconWeatherModel --> get weather info failed, code: 15700010, message: The DataShareHelper is not initialized successfully.
09-10 18:24:17.859  2458  2458 W A01c06/ICON: AppIconWeatherModel --> initWeatherListener, retryTimes: 4
09-10 18:24:17.865  2458  2458 E A01c06/ICON: AppIconWeatherModel --> get weather info failed, code: 15700010, message: The DataShareHelper is not initialized successfully.
09-10 18:24:18.870  2458  2458 W A01c06/ICON: AppIconWeatherModel --> initWeatherListener, retryTimes: 4
09-10 18:24:18.875  2458  2458 E A01c06/ICON: AppIconWeatherModel --> get weather info failed, code: 15700010, message: The DataShareHelper is not initialized successfully.
09-10 18:24:19.876  2458  2458 W A01c06/ICON: AppIconWeatherModel --> initWeatherListener, retryTimes: 4
09-10 18:24:19.879  2458  2458 E A01c06/ICON: AppIconWeatherModel --> get weather info failed, code: 15700010, message: The DataShareHelper is not initialized successfully.
09-10 18:24:20.880  2458  2458 W A01c06/ICON: AppIconWeatherModel --> initWeatherListener, retryTimes: 4
09-10 18:24:20.884  2458  2458 E A01c06/ICON: AppIconWeatherModel --> get weather info failed, code: 15700010, message: The DataShareHelper is not initialized successfully.
09-10 18:24:21.887  2458  2458 W A01c06/ICON: AppIconWeatherModel --> initWeatherListener, retryTimes: 4
09-10 18:24:21.893  2458  2458 E A01c06/ICON: AppIconWeatherModel --> get weather info failed, code: 15700010, message: The DataShareHelper is not initialized successfully.
09-10 18:24:22.896  2458  2458 W A01c06/ICON: AppIconWeatherModel --> initWeatherListener, retryTimes: 4
09-10 18:24:22.901  2458  2458 E A01c06/ICON: AppIconWeatherModel --> get weather info failed, code: 15700010, message: The DataShareHelper is not initialized successfully.
09-10 18:24:23.902  2458  2458 W A01c06/ICON: AppIconWeatherModel --> initWeatherListener, retryTimes: 4
09-10 18:24:23.906  2458  2458 E A01c06/ICON: AppIconWeatherModel --> get weather info failed, code: 15700010, message: The DataShareHelper is not initialized successfully.
09-10 18:24:24.908  2458  2458 W A01c06/ICON: AppIconWeatherModel --> initWeatherListener, retryTimes: 4
09-10 18:24:24.910  2458  2458 E A01c06/ICON: AppIconWeatherModel --> get weather info failed, code: 15700010, message: The DataShareHelper is not initialized successfully.
09-10 18:24:25.912  2458  2458 W A01c06/ICON: AppIconWeatherModel --> initWeatherListener, retryTimes: 4
09-10 18:24:25.916  2458  2458 E A01c06/ICON: AppIconWeatherModel --> get weather info failed, code: 15700010, message: The DataShareHelper is not initialized successfully.
09-10 18:24:26.923  2458  2458 W A01c06/ICON: AppIconWeatherModel --> initWeatherListener, retryTimes: 4
09-10 18:24:26.929  2458  2458 E A01c06/ICON: AppIconWeatherModel --> get weather info failed, code: 15700010, message: The DataShareHelper is not initialized successfully.
09-10 18:24:27.934  2458  2458 W A01c06/ICON: AppIconWeatherModel --> initWeatherListener, retryTimes: 4
09-10 18:24:27.939  2458  2458 E A01c06/ICON: AppIconWeatherModel --> get weather info failed, code: 15700010, message: The DataShareHelper is not initialized successfully.
09-10 18:24:28.940  2458  2458 W A01c06/ICON: AppIconWeatherModel --> initWeatherListener, retryTimes: 4
09-10 18:24:28.944  2458  2458 E A01c06/ICON: AppIconWeatherModel --> get weather info failed, code: 15700010, message: The DataShareHelper is not initialized successfully.
09-10 18:24:29.946  2458  2458 W A01c06/ICON: AppIconWeatherModel --> initWeatherListener, retryTimes: 4
09-10 18:24:29.950  2458  2458 E A01c06/ICON: AppIconWeatherModel --> get weather info failed, code: 15700010, message: The DataShareHelper is not initialized successfully.
09-10 18:24:30.954  2458  2458 W A01c06/ICON: AppIconWeatherModel --> initWeatherListener, retryTimes: 4
09-10 18:24:30.959  2458  2458 E A01c06/ICON: AppIconWeatherModel --> get weather info failed, code: 15700010, message: The DataShareHelper is not initialized successfully.
09-10 18:24:31.961  2458  2458 W A01c06/ICON: AppIconWeatherModel --> initWeatherListener, retryTimes: 4
09-10 18:24:31.965  2458  2458 E A01c06/ICON: AppIconWeatherModel --> get weather info failed, code: 15700010, message: The DataShareHelper is not initialized successfully.
09-10 18:24:32.967  2458  2458 W A01c06/ICON: AppIconWeatherModel --> initWeatherListener, retryTimes: 4
09-10 18:24:32.969  2458  2458 E A01c06/ICON: AppIconWeatherModel --> get weather info failed, code: 15700010, message: The DataShareHelper is not initialized successfully.
09-10 18:24:33.972  2458  2458 W A01c06/ICON: AppIconWeatherModel --> initWeatherListener, retryTimes: 4
09-10 18:24:33.977  2458  2458 E A01c06/ICON: AppIconWeatherModel --> get weather info failed, code: 15700010, message: The DataShareHelper is not initialized successfully.
09-10 18:24:34.981  2458  2458 W A01c06/ICON: AppIconWeatherModel --> initWeatherListener, retryTimes: 4
09-10 18:24:34.983  2458  2458 E A01c06/ICON: AppIconWeatherModel --> get weather info failed, code: 15700010, message: The DataShareHelper is not initialized successfully.
09-10 18:24:35.985  2458  2458 W A01c06/ICON: AppIconWeatherModel --> initWeatherListener, retryTimes: 4
09-10 18:24:35.991  2458  2458 E A01c06/ICON: AppIconWeatherModel --> get weather info failed, code: 15700010, message: The DataShareHelper is not initialized successfully.
09-10 18:24:36.998  2458  2458 W A01c06/ICON: AppIconWeatherModel --> initWeatherListener, retryTimes: 4
09-10 18:24:37.003  2458  2458 E A01c06/ICON: AppIconWeatherModel --> get weather info failed, code: 15700010, message: The DataShareHelper is not initialized successfully.
09-10 18:24:38.011  2458  2458 W A01c06/ICON: AppIconWeatherModel --> initWeatherListener, retryTimes: 4
09-10 18:24:38.015  2458  2458 E A01c06/ICON: AppIconWeatherModel --> get weather info failed, code: 15700010, message: The DataShareHelper is not initialized successfully.
09-10 18:24:39.023  2458  2458 W A01c06/ICON: AppIconWeatherModel --> initWeatherListener, retryTimes: 4
09-10 18:24:39.028  2458  2458 E A01c06/ICON: AppIconWeatherModel --> get weather info failed, code: 15700010, message: The DataShareHelper is not initialized successfully.
09-10 18:24:40.030  2458  2458 W A01c06/ICON: AppIconWeatherModel --> initWeatherListener, retryTimes: 4
09-10 18:24:40.032  2458  2458 E A01c06/ICON: AppIconWeatherModel --> get weather info failed, code: 15700010, message: The DataShareHelper is not initialized successfully.
09-10 18:24:41.034  2458  2458 W A01c06/ICON: AppIconWeatherModel --> initWeatherListener, retryTimes: 4
09-10 18:24:41.037  2458  2458 E A01c06/ICON: AppIconWeatherModel --> get weather info failed, code: 15700010, message: The DataShareHelper is not initialized successfully.
09-10 18:24:42.038  2458  2458 W A01c06/ICON: AppIconWeatherModel --> initWeatherListener, retryTimes: 4
09-10 18:24:42.041  2458  2458 E A01c06/ICON: AppIconWeatherModel --> get weather info failed, code: 15700010, message: The DataShareHelper is not initialized successfully.
09-10 18:24:43.043  2458  2458 W A01c06/ICON: AppIconWeatherModel --> initWeatherListener, retryTimes: 4
09-10 18:24:43.046  2458  2458 E A01c06/ICON: AppIconWeatherModel --> get weather info failed, code: 15700010, message: The DataShareHelper is not initialized successfully.
09-10 18:24:44.047  2458  2458 W A01c06/ICON: AppIconWeatherModel --> initWeatherListener, retryTimes: 4
09-10 18:24:44.050  2458  2458 E A01c06/ICON: AppIconWeatherModel --> get weather info failed, code: 15700010, message: The DataShareHelper is not initialized successfully.
09-10 18:24:45.051  2458  2458 W A01c06/ICON: AppIconWeatherModel --> initWeatherListener, retryTimes: 4
09-10 18:24:45.052  2458  2458 E A01c06/ICON: AppIconWeatherModel --> get weather info failed, code: 15700010, message: The DataShareHelper is not initialized successfully.
09-10 18:24:46.055  2458  2458 W A01c06/ICON: AppIconWeatherModel --> initWeatherListener, retryTimes: 4
09-10 18:24:46.057  2458  2458 E A01c06/ICON: AppIconWeatherModel --> get weather info failed, code: 15700010, message: The DataShareHelper is not initialized successfully.
09-10 18:24:47.058  2458  2458 W A01c06/ICON: AppIconWeatherModel --> initWeatherListener, retryTimes: 4
09-10 18:24:47.060  2458  2458 E A01c06/ICON: AppIconWeatherModel --> get weather info failed, code: 15700010, message: The DataShareHelper is not initialized successfully.
09-10 18:24:48.064  2458  2458 W A01c06/ICON: AppIconWeatherModel --> initWeatherListener, retryTimes: 4
09-10 18:24:48.066  2458  2458 E A01c06/ICON: AppIconWeatherModel --> get weather info failed, code: 15700010, message: The DataShareHelper is not initialized successfully.
09-10 18:24:49.068  2458  2458 W A01c06/ICON: AppIconWeatherModel --> initWeatherListener, retryTimes: 4
09-10 18:24:49.070  2458  2458 E A01c06/ICON: AppIconWeatherModel --> get weather info failed, code: 15700010, message: The DataShareHelper is not initialized successfully.
09-10 18:24:50.071  2458  2458 W A01c06/ICON: AppIconWeatherModel --> initWeatherListener, retryTimes: 4
09-10 18:24:50.072  2458  2458 E A01c06/ICON: AppIconWeatherModel --> get weather info failed, code: 15700010, message: The DataShareHelper is not initialized successfully.
09-10 18:24:51.073  2458  2458 W A01c06/ICON: AppIconWeatherModel --> initWeatherListener, retryTimes: 4
09-10 18:24:51.075  2458  2458 E A01c06/ICON: AppIconWeatherModel --> get weather info failed, code: 15700010, message: The DataShareHelper is not initialized successfully.
09-10 18:24:52.077  2458  2458 W A01c06/ICON: AppIconWeatherModel --> initWeatherListener, retryTimes: 4
09-10 18:24:52.079  2458  2458 E A01c06/ICON: AppIconWeatherModel --> get weather info failed, code: 15700010, message: The DataShareHelper is not initialized successfully.
09-10 18:24:53.080  2458  2458 W A01c06/ICON: AppIconWeatherModel --> initWeatherListener, retryTimes: 4
09-10 18:24:53.082  2458  2458 E A01c06/ICON: AppIconWeatherModel --> get weather info failed, code: 15700010, message: The DataShareHelper is not initialized successfully.
09-10 18:24:54.085  2458  2458 W A01c06/ICON: AppIconWeatherModel --> initWeatherListener, retryTimes: 4
09-10 18:24:54.087  2458  2458 E A01c06/ICON: AppIconWeatherModel --> get weather info failed, code: 15700010, message: The DataShareHelper is not initialized successfully.
09-10 18:24:55.089  2458  2458 W A01c06/ICON: AppIconWeatherModel --> initWeatherListener, retryTimes: 4
09-10 18:24:55.091  2458  2458 E A01c06/ICON: AppIconWeatherModel --> get weather info failed, code: 15700010, message: The DataShareHelper is not initialized successfully.
09-10 18:24:56.092  2458  2458 W A01c06/ICON: AppIconWeatherModel --> initWeatherListener, retryTimes: 4
09-10 18:24:56.093  2458  2458 E A01c06/ICON: AppIconWeatherModel --> get weather info failed, code: 15700010, message: The DataShareHelper is not initialized successfully.
09-10 18:24:57.095  2458  2458 W A01c06/ICON: AppIconWeatherModel --> initWeatherListener, retryTimes: 4
09-10 18:24:57.097  2458  2458 E A01c06/ICON: AppIconWeatherModel --> get weather info failed, code: 15700010, message: The DataShareHelper is not initialized successfully.
09-10 18:24:58.099  2458  2458 W A01c06/ICON: AppIconWeatherModel --> initWeatherListener, retryTimes: 4
09-10 18:24:58.101  2458  2458 E A01c06/ICON: AppIconWeatherModel --> get weather info failed, code: 15700010, message: The DataShareHelper is not initialized successfully.
09-10 18:24:59.102  2458  2458 W A01c06/ICON: AppIconWeatherModel --> initWeatherListener, retryTimes: 4
09-10 18:24:59.104  2458  2458 E A01c06/ICON: AppIconWeatherModel --> get weather info failed, code: 15700010, message: The DataShareHelper is not initialized successfully.
09-10 18:25:00.004  2458  2458 I A01a01/NC: StatusBarSysEventUtil: onTimeChangeEvent
09-10 18:25:00.005  2458  2458 W A01c06/ICON: AppIconCalendarCache --> receive date change event, nowData: 10, dateText: ,image is transparent: false, image is empty: true
09-10 18:25:00.006  2458  2458 W A01c06/ICON: AppIconCalendarCache --> com.huawei.hmos.calendar is not dynamic icon, bundleName is com.huawei.hmos.calendar
09-10 18:25:00.006  2458  2458 E A01c06/ICON: AppIconCalendarCache --> backgroundImage resource error
09-10 18:25:00.006  2458  2458 E A01c06/ICON: AppIconCalendarCache --> calendarForegroundBuilder is null
09-10 18:25:00.108  2458  2458 W A01c06/ICON: AppIconWeatherModel --> initWeatherListener, retryTimes: 4
09-10 18:25:00.111  2458  2458 E A01c06/ICON: AppIconWeatherModel --> get weather info failed, code: 15700010, message: The DataShareHelper is not initialized successfully.
09-10 18:25:01.112  2458  2458 W A01c06/ICON: AppIconWeatherModel --> initWeatherListener, retryTimes: 4
09-10 18:25:01.114  2458  2458 E A01c06/ICON: AppIconWeatherModel --> get weather info failed, code: 15700010, message: The DataShareHelper is not initialized successfully.
09-10 18:25:02.118  2458  2458 W A01c06/ICON: AppIconWeatherModel --> initWeatherListener, retryTimes: 4
09-10 18:25:02.120  2458  2458 E A01c06/ICON: AppIconWeatherModel --> get weather info failed, code: 15700010, message: The DataShareHelper is not initialized successfully.
09-10 18:25:03.121  2458  2458 W A01c06/ICON: AppIconWeatherModel --> initWeatherListener, retryTimes: 4
09-10 18:25:03.123  2458  2458 E A01c06/ICON: AppIconWeatherModel --> get weather info failed, code: 15700010, message: The DataShareHelper is not initialized successfully.
09-10 18:25:04.127  2458  2458 W A01c06/ICON: AppIconWeatherModel --> initWeatherListener, retryTimes: 4
09-10 18:25:04.129  2458  2458 E A01c06/ICON: AppIconWeatherModel --> get weather info failed, code: 15700010, message: The DataShareHelper is not initialized successfully.
09-10 18:25:05.132  2458  2458 W A01c06/ICON: AppIconWeatherModel --> initWeatherListener, retryTimes: 4
09-10 18:25:05.134  2458  2458 E A01c06/ICON: AppIconWeatherModel --> get weather info failed, code: 15700010, message: The DataShareHelper is not initialized successfully.
09-10 18:25:06.135  2458  2458 W A01c06/ICON: AppIconWeatherModel --> initWeatherListener, retryTimes: 4
09-10 18:25:06.138  2458  2458 E A01c06/ICON: AppIconWeatherModel --> get weather info failed, code: 15700010, message: The DataShareHelper is not initialized successfully.
09-10 18:25:07.138  2458  2458 W A01c06/ICON: AppIconWeatherModel --> initWeatherListener, retryTimes: 4
09-10 18:25:07.141  2458  2458 E A01c06/ICON: AppIconWeatherModel --> get weather info failed, code: 15700010, message: The DataShareHelper is not initialized successfully.
09-10 18:25:08.144  2458  2458 W A01c06/ICON: AppIconWeatherModel --> initWeatherListener, retryTimes: 4
09-10 18:25:08.147  2458  2458 E A01c06/ICON: AppIconWeatherModel --> get weather info failed, code: 15700010, message: The DataShareHelper is not initialized successfully.
09-10 18:25:09.151  2458  2458 W A01c06/ICON: AppIconWeatherModel --> initWeatherListener, retryTimes: 4
09-10 18:25:09.153  2458  2458 E A01c06/ICON: AppIconWeatherModel --> get weather info failed, code: 15700010, message: The DataShareHelper is not initialized successfully.
09-10 18:25:10.156  2458  2458 W A01c06/ICON: AppIconWeatherModel --> initWeatherListener, retryTimes: 4
09-10 18:25:10.160  2458  2458 E A01c06/ICON: AppIconWeatherModel --> get weather info failed, code: 15700010, message: The DataShareHelper is not initialized successfully.
09-10 18:25:11.161  2458  2458 W A01c06/ICON: AppIconWeatherModel --> initWeatherListener, retryTimes: 4
09-10 18:25:11.164  2458  2458 E A01c06/ICON: AppIconWeatherModel --> get weather info failed, code: 15700010, message: The DataShareHelper is not initialized successfully.
09-10 18:25:12.167  2458  2458 W A01c06/ICON: AppIconWeatherModel --> initWeatherListener, retryTimes: 4
09-10 18:25:12.171  2458  2458 E A01c06/ICON: AppIconWeatherModel --> get weather info failed, code: 15700010, message: The DataShareHelper is not initialized successfully.
09-10 18:25:13.178  2458  2458 W A01c06/ICON: AppIconWeatherModel --> initWeatherListener, retryTimes: 4
09-10 18:25:13.181  2458  2458 E A01c06/ICON: AppIconWeatherModel --> get weather info failed, code: 15700010, message: The DataShareHelper is not initialized successfully.
09-10 18:25:14.188  2458  2458 W A01c06/ICON: AppIconWeatherModel --> initWeatherListener, retryTimes: 4
09-10 18:25:14.190  2458  2458 E A01c06/ICON: AppIconWeatherModel --> get weather info failed, code: 15700010, message: The DataShareHelper is not initialized successfully.
09-10 18:25:15.193  2458  2458 W A01c06/ICON: AppIconWeatherModel --> initWeatherListener, retryTimes: 4
09-10 18:25:15.196  2458  2458 E A01c06/ICON: AppIconWeatherModel --> get weather info failed, code: 15700010, message: The DataShareHelper is not initialized successfully.
09-10 18:25:16.198  2458  2458 W A01c06/ICON: AppIconWeatherModel --> initWeatherListener, retryTimes: 4
09-10 18:25:16.202  2458  2458 E A01c06/ICON: AppIconWeatherModel --> get weather info failed, code: 15700010, message: The DataShareHelper is not initialized successfully.
09-10 18:25:17.208  2458  2458 W A01c06/ICON: AppIconWeatherModel --> initWeatherListener, retryTimes: 4
09-10 18:25:17.210  2458  2458 E A01c06/ICON: AppIconWeatherModel --> get weather info failed, code: 15700010, message: The DataShareHelper is not initialized successfully.
09-10 18:25:18.211  2458  2458 W A01c06/ICON: AppIconWeatherModel --> initWeatherListener, retryTimes: 4
09-10 18:25:18.214  2458  2458 E A01c06/ICON: AppIconWeatherModel --> get weather info failed, code: 15700010, message: The DataShareHelper is not initialized successfully.
09-10 18:25:19.226  2458  2458 W A01c06/ICON: AppIconWeatherModel --> initWeatherListener, retryTimes: 4
09-10 18:25:19.230  2458  2458 E A01c06/ICON: AppIconWeatherModel --> get weather info failed, code: 15700010, message: The DataShareHelper is not initialized successfully.
09-10 18:25:20.235  2458  2458 W A01c06/ICON: AppIconWeatherModel --> initWeatherListener, retryTimes: 4
09-10 18:25:20.238  2458  2458 E A01c06/ICON: AppIconWeatherModel --> get weather info failed, code: 15700010, message: The DataShareHelper is not initialized successfully.
09-10 18:25:21.238  2458  2458 W A01c06/ICON: AppIconWeatherModel --> initWeatherListener, retryTimes: 4
09-10 18:25:21.241  2458  2458 E A01c06/ICON: AppIconWeatherModel --> get weather info failed, code: 15700010, message: The DataShareHelper is not initialized successfully.
09-10 18:25:22.253  2458  2458 W A01c06/ICON: AppIconWeatherModel --> initWeatherListener, retryTimes: 4
09-10 18:25:22.258  2458  2458 E A01c06/ICON: AppIconWeatherModel --> get weather info failed, code: 15700010, message: The DataShareHelper is not initialized successfully.
09-10 18:25:23.264  2458  2458 W A01c06/ICON: AppIconWeatherModel --> initWeatherListener, retryTimes: 4
09-10 18:25:23.267  2458  2458 E A01c06/ICON: AppIconWeatherModel --> get weather info failed, code: 15700010, message: The DataShareHelper is not initialized successfully.
09-10 18:25:24.269  2458  2458 W A01c06/ICON: AppIconWeatherModel --> initWeatherListener, retryTimes: 4
09-10 18:25:24.272  2458  2458 E A01c06/ICON: AppIconWeatherModel --> get weather info failed, code: 15700010, message: The DataShareHelper is not initialized successfully.
09-10 18:25:25.273  2458  2458 W A01c06/ICON: AppIconWeatherModel --> initWeatherListener, retryTimes: 4
09-10 18:25:25.277  2458  2458 E A01c06/ICON: AppIconWeatherModel --> get weather info failed, code: 15700010, message: The DataShareHelper is not initialized successfully.
09-10 18:25:26.280  2458  2458 W A01c06/ICON: AppIconWeatherModel --> initWeatherListener, retryTimes: 4
09-10 18:25:26.283  2458  2458 E A01c06/ICON: AppIconWeatherModel --> get weather info failed, code: 15700010, message: The DataShareHelper is not initialized successfully.
09-10 18:25:27.291  2458  2458 W A01c06/ICON: AppIconWeatherModel --> initWeatherListener, retryTimes: 4
09-10 18:25:27.295  2458  2458 E A01c06/ICON: AppIconWeatherModel --> get weather info failed, code: 15700010, message: The DataShareHelper is not initialized successfully.
09-10 18:25:28.296  2458  2458 W A01c06/ICON: AppIconWeatherModel --> initWeatherListener, retryTimes: 4
09-10 18:25:28.300  2458  2458 E A01c06/ICON: AppIconWeatherModel --> get weather info failed, code: 15700010, message: The DataShareHelper is not initialized successfully.
09-10 18:25:29.301  2458  2458 W A01c06/ICON: AppIconWeatherModel --> initWeatherListener, retryTimes: 4
09-10 18:25:29.303  2458  2458 E A01c06/ICON: AppIconWeatherModel --> get weather info failed, code: 15700010, message: The DataShareHelper is not initialized successfully.
09-10 18:25:30.305  2458  2458 W A01c06/ICON: AppIconWeatherModel --> initWeatherListener, retryTimes: 4
09-10 18:25:30.309  2458  2458 E A01c06/ICON: AppIconWeatherModel --> get weather info failed, code: 15700010, message: The DataShareHelper is not initialized successfully.
09-10 18:25:31.311  2458  2458 W A01c06/ICON: AppIconWeatherModel --> initWeatherListener, retryTimes: 4
09-10 18:25:31.314  2458  2458 E A01c06/ICON: AppIconWeatherModel --> get weather info failed, code: 15700010, message: The DataShareHelper is not initialized successfully.
09-10 18:25:32.318  2458  2458 W A01c06/ICON: AppIconWeatherModel --> initWeatherListener, retryTimes: 4
09-10 18:25:32.321  2458  2458 E A01c06/ICON: AppIconWeatherModel --> get weather info failed, code: 15700010, message: The DataShareHelper is not initialized successfully.
09-10 18:25:33.323  2458  2458 W A01c06/ICON: AppIconWeatherModel --> initWeatherListener, retryTimes: 4
09-10 18:25:33.325  2458  2458 E A01c06/ICON: AppIconWeatherModel --> get weather info failed, code: 15700010, message: The DataShareHelper is not initialized successfully.
09-10 18:25:34.329  2458  2458 W A01c06/ICON: AppIconWeatherModel --> initWeatherListener, retryTimes: 4
09-10 18:25:34.332  2458  2458 E A01c06/ICON: AppIconWeatherModel --> get weather info failed, code: 15700010, message: The DataShareHelper is not initialized successfully.
09-10 18:25:35.335  2458  2458 W A01c06/ICON: AppIconWeatherModel --> initWeatherListener, retryTimes: 4
09-10 18:25:35.338  2458  2458 E A01c06/ICON: AppIconWeatherModel --> get weather info failed, code: 15700010, message: The DataShareHelper is not initialized successfully.
09-10 18:25:36.338  2458  2458 W A01c06/ICON: AppIconWeatherModel --> initWeatherListener, retryTimes: 4
09-10 18:25:36.340  2458  2458 E A01c06/ICON: AppIconWeatherModel --> get weather info failed, code: 15700010, message: The DataShareHelper is not initialized successfully.
09-10 18:25:37.342  2458  2458 W A01c06/ICON: AppIconWeatherModel --> initWeatherListener, retryTimes: 4
09-10 18:25:37.345  2458  2458 E A01c06/ICON: AppIconWeatherModel --> get weather info failed, code: 15700010, message: The DataShareHelper is not initialized successfully.
09-10 18:25:38.348  2458  2458 W A01c06/ICON: AppIconWeatherModel --> initWeatherListener, retryTimes: 4
09-10 18:25:38.350  2458  2458 E A01c06/ICON: AppIconWeatherModel --> get weather info failed, code: 15700010, message: The DataShareHelper is not initialized successfully.
09-10 18:25:39.352  2458  2458 W A01c06/ICON: AppIconWeatherModel --> initWeatherListener, retryTimes: 4
09-10 18:25:39.354  2458  2458 E A01c06/ICON: AppIconWeatherModel --> get weather info failed, code: 15700010, message: The DataShareHelper is not initialized successfully.
09-10 18:25:40.356  2458  2458 W A01c06/ICON: AppIconWeatherModel --> initWeatherListener, retryTimes: 4
09-10 18:25:40.360  2458  2458 E A01c06/ICON: AppIconWeatherModel --> get weather info failed, code: 15700010, message: The DataShareHelper is not initialized successfully.
09-10 18:25:41.364  2458  2458 W A01c06/ICON: AppIconWeatherModel --> initWeatherListener, retryTimes: 4
09-10 18:25:41.367  2458  2458 E A01c06/ICON: AppIconWeatherModel --> get weather info failed, code: 15700010, message: The DataShareHelper is not initialized successfully.
09-10 18:25:42.369  2458  2458 W A01c06/ICON: AppIconWeatherModel --> initWeatherListener, retryTimes: 4
09-10 18:25:42.373  2458  2458 E A01c06/ICON: AppIconWeatherModel --> get weather info failed, code: 15700010, message: The DataShareHelper is not initialized successfully.
09-10 18:25:43.376  2458  2458 W A01c06/ICON: AppIconWeatherModel --> initWeatherListener, retryTimes: 4
09-10 18:25:43.381  2458  2458 E A01c06/ICON: AppIconWeatherModel --> get weather info failed, code: 15700010, message: The DataShareHelper is not initialized successfully.
09-10 18:25:44.384  2458  2458 W A01c06/ICON: AppIconWeatherModel --> initWeatherListener, retryTimes: 4
09-10 18:25:44.386  2458  2458 E A01c06/ICON: AppIconWeatherModel --> get weather info failed, code: 15700010, message: The DataShareHelper is not initialized successfully.
09-10 18:25:45.389  2458  2458 W A01c06/ICON: AppIconWeatherModel --> initWeatherListener, retryTimes: 4
09-10 18:25:45.393  2458  2458 E A01c06/ICON: AppIconWeatherModel --> get weather info failed, code: 15700010, message: The DataShareHelper is not initialized successfully.
09-10 18:25:46.394  2458  2458 W A01c06/ICON: AppIconWeatherModel --> initWeatherListener, retryTimes: 4
09-10 18:25:46.398  2458  2458 E A01c06/ICON: AppIconWeatherModel --> get weather info failed, code: 15700010, message: The DataShareHelper is not initialized successfully.
09-10 18:25:47.399  2458  2458 W A01c06/ICON: AppIconWeatherModel --> initWeatherListener, retryTimes: 4
09-10 18:25:47.402  2458  2458 E A01c06/ICON: AppIconWeatherModel --> get weather info failed, code: 15700010, message: The DataShareHelper is not initialized successfully.
09-10 18:25:48.404  2458  2458 W A01c06/ICON: AppIconWeatherModel --> initWeatherListener, retryTimes: 4
09-10 18:25:48.408  2458  2458 E A01c06/ICON: AppIconWeatherModel --> get weather info failed, code: 15700010, message: The DataShareHelper is not initialized successfully.
09-10 18:25:49.410  2458  2458 W A01c06/ICON: AppIconWeatherModel --> initWeatherListener, retryTimes: 4
09-10 18:25:49.414  2458  2458 E A01c06/ICON: AppIconWeatherModel --> get weather info failed, code: 15700010, message: The DataShareHelper is not initialized successfully.
09-10 18:25:50.421  2458  2458 W A01c06/ICON: AppIconWeatherModel --> initWeatherListener, retryTimes: 4
09-10 18:25:50.424  2458  2458 E A01c06/ICON: AppIconWeatherModel --> get weather info failed, code: 15700010, message: The DataShareHelper is not initialized successfully.
09-10 18:25:51.427  2458  2458 W A01c06/ICON: AppIconWeatherModel --> initWeatherListener, retryTimes: 4
09-10 18:25:51.431  2458  2458 E A01c06/ICON: AppIconWeatherModel --> get weather info failed, code: 15700010, message: The DataShareHelper is not initialized successfully.
09-10 18:25:52.433  2458  2458 W A01c06/ICON: AppIconWeatherModel --> initWeatherListener, retryTimes: 4
09-10 18:25:52.438  2458  2458 E A01c06/ICON: AppIconWeatherModel --> get weather info failed, code: 15700010, message: The DataShareHelper is not initialized successfully.
09-10 18:25:53.440  2458  2458 W A01c06/ICON: AppIconWeatherModel --> initWeatherListener, retryTimes: 4
09-10 18:25:53.445  2458  2458 E A01c06/ICON: AppIconWeatherModel --> get weather info failed, code: 15700010, message: The DataShareHelper is not initialized successfully.
09-10 18:25:54.446  2458  2458 W A01c06/ICON: AppIconWeatherModel --> initWeatherListener, retryTimes: 4
09-10 18:25:54.451  2458  2458 E A01c06/ICON: AppIconWeatherModel --> get weather info failed, code: 15700010, message: The DataShareHelper is not initialized successfully.
09-10 18:25:55.457  2458  2458 W A01c06/ICON: AppIconWeatherModel --> initWeatherListener, retryTimes: 4
09-10 18:25:55.461  2458  2458 E A01c06/ICON: AppIconWeatherModel --> get weather info failed, code: 15700010, message: The DataShareHelper is not initialized successfully.
09-10 18:25:56.467  2458  2458 W A01c06/ICON: AppIconWeatherModel --> initWeatherListener, retryTimes: 4
09-10 18:25:56.471  2458  2458 E A01c06/ICON: AppIconWeatherModel --> get weather info failed, code: 15700010, message: The DataShareHelper is not initialized successfully.
09-10 18:25:57.475  2458  2458 W A01c06/ICON: AppIconWeatherModel --> initWeatherListener, retryTimes: 4
09-10 18:25:57.482  2458  2458 E A01c06/ICON: AppIconWeatherModel --> get weather info failed, code: 15700010, message: The DataShareHelper is not initialized successfully.
09-10 18:25:58.491  2458  2458 W A01c06/ICON: AppIconWeatherModel --> initWeatherListener, retryTimes: 4
09-10 18:25:58.499  2458  2458 E A01c06/ICON: AppIconWeatherModel --> get weather info failed, code: 15700010, message: The DataShareHelper is not initialized successfully.
09-10 18:25:59.510  2458  2458 W A01c06/ICON: AppIconWeatherModel --> initWeatherListener, retryTimes: 4
09-10 18:25:59.514  2458  2458 E A01c06/ICON: AppIconWeatherModel --> get weather info failed, code: 15700010, message: The DataShareHelper is not initialized successfully.
09-10 18:26:00.007  2458  2458 I A01a01/NC: StatusBarSysEventUtil: onTimeChangeEvent
09-10 18:26:00.009  2458  2458 W A01c06/ICON: AppIconCalendarCache --> receive date change event, nowData: 10, dateText: ,image is transparent: false, image is empty: true
09-10 18:26:00.009  2458  2458 W A01c06/ICON: AppIconCalendarCache --> com.huawei.hmos.calendar is not dynamic icon, bundleName is com.huawei.hmos.calendar
09-10 18:26:00.009  2458  2458 E A01c06/ICON: AppIconCalendarCache --> backgroundImage resource error
09-10 18:26:00.009  2458  2458 E A01c06/ICON: AppIconCalendarCache --> calendarForegroundBuilder is null
09-10 18:26:00.519  2458  2458 W A01c06/ICON: AppIconWeatherModel --> initWeatherListener, retryTimes: 4
09-10 18:26:00.527  2458  2458 E A01c06/ICON: AppIconWeatherModel --> get weather info failed, code: 15700010, message: The DataShareHelper is not initialized successfully.
09-10 18:26:01.532  2458  2458 W A01c06/ICON: AppIconWeatherModel --> initWeatherListener, retryTimes: 4
09-10 18:26:01.539  2458  2458 E A01c06/ICON: AppIconWeatherModel --> get weather info failed, code: 15700010, message: The DataShareHelper is not initialized successfully.
09-10 18:26:02.541  2458  2458 W A01c06/ICON: AppIconWeatherModel --> initWeatherListener, retryTimes: 4
09-10 18:26:02.549  2458  2458 E A01c06/ICON: AppIconWeatherModel --> get weather info failed, code: 15700010, message: The DataShareHelper is not initialized successfully.
09-10 18:26:03.550  2458  2458 W A01c06/ICON: AppIconWeatherModel --> initWeatherListener, retryTimes: 4
09-10 18:26:03.555  2458  2458 E A01c06/ICON: AppIconWeatherModel --> get weather info failed, code: 15700010, message: The DataShareHelper is not initialized successfully.
09-10 18:26:04.564  2458  2458 W A01c06/ICON: AppIconWeatherModel --> initWeatherListener, retryTimes: 4
09-10 18:26:04.568  2458  2458 E A01c06/ICON: AppIconWeatherModel --> get weather info failed, code: 15700010, message: The DataShareHelper is not initialized successfully.
09-10 18:26:05.571  2458  2458 W A01c06/ICON: AppIconWeatherModel --> initWeatherListener, retryTimes: 4
09-10 18:26:05.576  2458  2458 E A01c06/ICON: AppIconWeatherModel --> get weather info failed, code: 15700010, message: The DataShareHelper is not initialized successfully.
09-10 18:26:06.578  2458  2458 W A01c06/ICON: AppIconWeatherModel --> initWeatherListener, retryTimes: 4
09-10 18:26:06.584  2458  2458 E A01c06/ICON: AppIconWeatherModel --> get weather info failed, code: 15700010, message: The DataShareHelper is not initialized successfully.
09-10 18:26:07.590  2458  2458 W A01c06/ICON: AppIconWeatherModel --> initWeatherListener, retryTimes: 4
09-10 18:26:07.597  2458  2458 E A01c06/ICON: AppIconWeatherModel --> get weather info failed, code: 15700010, message: The DataShareHelper is not initialized successfully.
09-10 18:26:08.600  2458  2458 W A01c06/ICON: AppIconWeatherModel --> initWeatherListener, retryTimes: 4
09-10 18:26:08.607  2458  2458 E A01c06/ICON: AppIconWeatherModel --> get weather info failed, code: 15700010, message: The DataShareHelper is not initialized successfully.
09-10 18:26:09.609  2458  2458 W A01c06/ICON: AppIconWeatherModel --> initWeatherListener, retryTimes: 4
09-10 18:26:09.614  2458  2458 E A01c06/ICON: AppIconWeatherModel --> get weather info failed, code: 15700010, message: The DataShareHelper is not initialized successfully.
09-10 18:26:10.621  2458  2458 W A01c06/ICON: AppIconWeatherModel --> initWeatherListener, retryTimes: 4
09-10 18:26:10.628  2458  2458 E A01c06/ICON: AppIconWeatherModel --> get weather info failed, code: 15700010, message: The DataShareHelper is not initialized successfully.
09-10 18:26:11.629  2458  2458 W A01c06/ICON: AppIconWeatherModel --> initWeatherListener, retryTimes: 4
09-10 18:26:11.634  2458  2458 E A01c06/ICON: AppIconWeatherModel --> get weather info failed, code: 15700010, message: The DataShareHelper is not initialized successfully.
09-10 18:26:12.640  2458  2458 W A01c06/ICON: AppIconWeatherModel --> initWeatherListener, retryTimes: 4
09-10 18:26:12.647  2458  2458 E A01c06/ICON: AppIconWeatherModel --> get weather info failed, code: 15700010, message: The DataShareHelper is not initialized successfully.
09-10 18:26:13.652  2458  2458 W A01c06/ICON: AppIconWeatherModel --> initWeatherListener, retryTimes: 4
09-10 18:26:13.659  2458  2458 E A01c06/ICON: AppIconWeatherModel --> get weather info failed, code: 15700010, message: The DataShareHelper is not initialized successfully.
09-10 18:26:14.667  2458  2458 W A01c06/ICON: AppIconWeatherModel --> initWeatherListener, retryTimes: 4
09-10 18:26:14.671  2458  2458 E A01c06/ICON: AppIconWeatherModel --> get weather info failed, code: 15700010, message: The DataShareHelper is not initialized successfully.
09-10 18:26:15.678  2458  2458 W A01c06/ICON: AppIconWeatherModel --> initWeatherListener, retryTimes: 4
09-10 18:26:15.683  2458  2458 E A01c06/ICON: AppIconWeatherModel --> get weather info failed, code: 15700010, message: The DataShareHelper is not initialized successfully.
09-10 18:26:16.683  2458  2458 W A01c06/ICON: AppIconWeatherModel --> initWeatherListener, retryTimes: 4
09-10 18:26:16.689  2458  2458 E A01c06/ICON: AppIconWeatherModel --> get weather info failed, code: 15700010, message: The DataShareHelper is not initialized successfully.
09-10 18:26:17.690  2458  2458 W A01c06/ICON: AppIconWeatherModel --> initWeatherListener, retryTimes: 4
09-10 18:26:17.694  2458  2458 E A01c06/ICON: AppIconWeatherModel --> get weather info failed, code: 15700010, message: The DataShareHelper is not initialized successfully.
09-10 18:26:18.696  2458  2458 W A01c06/ICON: AppIconWeatherModel --> initWeatherListener, retryTimes: 4
09-10 18:26:18.701  2458  2458 E A01c06/ICON: AppIconWeatherModel --> get weather info failed, code: 15700010, message: The DataShareHelper is not initialized successfully.
09-10 18:26:19.704  2458  2458 W A01c06/ICON: AppIconWeatherModel --> initWeatherListener, retryTimes: 4
09-10 18:26:19.709  2458  2458 E A01c06/ICON: AppIconWeatherModel --> get weather info failed, code: 15700010, message: The DataShareHelper is not initialized successfully.
09-10 18:26:20.712  2458  2458 W A01c06/ICON: AppIconWeatherModel --> initWeatherListener, retryTimes: 4
09-10 18:26:20.717  2458  2458 E A01c06/ICON: AppIconWeatherModel --> get weather info failed, code: 15700010, message: The DataShareHelper is not initialized successfully.
09-10 18:26:21.724  2458  2458 W A01c06/ICON: AppIconWeatherModel --> initWeatherListener, retryTimes: 4
09-10 18:26:21.729  2458  2458 E A01c06/ICON: AppIconWeatherModel --> get weather info failed, code: 15700010, message: The DataShareHelper is not initialized successfully.
09-10 18:26:22.739  2458  2458 W A01c06/ICON: AppIconWeatherModel --> initWeatherListener, retryTimes: 4
09-10 18:26:22.743  2458  2458 E A01c06/ICON: AppIconWeatherModel --> get weather info failed, code: 15700010, message: The DataShareHelper is not initialized successfully.
09-10 18:26:23.751  2458  2458 W A01c06/ICON: AppIconWeatherModel --> initWeatherListener, retryTimes: 4
09-10 18:26:23.759  2458  2458 E A01c06/ICON: AppIconWeatherModel --> get weather info failed, code: 15700010, message: The DataShareHelper is not initialized successfully.
09-10 18:26:24.761  2458  2458 W A01c06/ICON: AppIconWeatherModel --> initWeatherListener, retryTimes: 4
09-10 18:26:24.767  2458  2458 E A01c06/ICON: AppIconWeatherModel --> get weather info failed, code: 15700010, message: The DataShareHelper is not initialized successfully.
09-10 18:26:25.770  2458  2458 W A01c06/ICON: AppIconWeatherModel --> initWeatherListener, retryTimes: 4
09-10 18:26:25.776  2458  2458 E A01c06/ICON: AppIconWeatherModel --> get weather info failed, code: 15700010, message: The DataShareHelper is not initialized successfully.
09-10 18:26:26.778  2458  2458 W A01c06/ICON: AppIconWeatherModel --> initWeatherListener, retryTimes: 4
09-10 18:26:26.784  2458  2458 E A01c06/ICON: AppIconWeatherModel --> get weather info failed, code: 15700010, message: The DataShareHelper is not initialized successfully.
09-10 18:26:27.792  2458  2458 W A01c06/ICON: AppIconWeatherModel --> initWeatherListener, retryTimes: 4
09-10 18:26:27.800  2458  2458 E A01c06/ICON: AppIconWeatherModel --> get weather info failed, code: 15700010, message: The DataShareHelper is not initialized successfully.
09-10 18:26:28.809  2458  2458 W A01c06/ICON: AppIconWeatherModel --> initWeatherListener, retryTimes: 4
09-10 18:26:28.817  2458  2458 E A01c06/ICON: AppIconWeatherModel --> get weather info failed, code: 15700010, message: The DataShareHelper is not initialized successfully.
09-10 18:26:29.822  2458  2458 W A01c06/ICON: AppIconWeatherModel --> initWeatherListener, retryTimes: 4
09-10 18:26:29.827  2458  2458 E A01c06/ICON: AppIconWeatherModel --> get weather info failed, code: 15700010, message: The DataShareHelper is not initialized successfully.
09-10 18:26:30.828  2458  2458 W A01c06/ICON: AppIconWeatherModel --> initWeatherListener, retryTimes: 4
09-10 18:26:30.833  2458  2458 E A01c06/ICON: AppIconWeatherModel --> get weather info failed, code: 15700010, message: The DataShareHelper is not initialized successfully.
09-10 18:26:31.833  2458  2458 W A01c06/ICON: AppIconWeatherModel --> initWeatherListener, retryTimes: 4
09-10 18:26:31.836  2458  2458 E A01c06/ICON: AppIconWeatherModel --> get weather info failed, code: 15700010, message: The DataShareHelper is not initialized successfully.
09-10 18:26:32.840  2458  2458 W A01c06/ICON: AppIconWeatherModel --> initWeatherListener, retryTimes: 4
09-10 18:26:32.844  2458  2458 E A01c06/ICON: AppIconWeatherModel --> get weather info failed, code: 15700010, message: The DataShareHelper is not initialized successfully.
09-10 18:26:33.848  2458  2458 W A01c06/ICON: AppIconWeatherModel --> initWeatherListener, retryTimes: 4
09-10 18:26:33.851  2458  2458 E A01c06/ICON: AppIconWeatherModel --> get weather info failed, code: 15700010, message: The DataShareHelper is not initialized successfully.
09-10 18:26:34.852  2458  2458 W A01c06/ICON: AppIconWeatherModel --> initWeatherListener, retryTimes: 4
09-10 18:26:34.856  2458  2458 E A01c06/ICON: AppIconWeatherModel --> get weather info failed, code: 15700010, message: The DataShareHelper is not initialized successfully.
09-10 18:26:35.861  2458  2458 W A01c06/ICON: AppIconWeatherModel --> initWeatherListener, retryTimes: 4
09-10 18:26:35.865  2458  2458 E A01c06/ICON: AppIconWeatherModel --> get weather info failed, code: 15700010, message: The DataShareHelper is not initialized successfully.
09-10 18:26:36.867  2458  2458 W A01c06/ICON: AppIconWeatherModel --> initWeatherListener, retryTimes: 4
09-10 18:26:36.871  2458  2458 E A01c06/ICON: AppIconWeatherModel --> get weather info failed, code: 15700010, message: The DataShareHelper is not initialized successfully.
09-10 18:26:37.873  2458  2458 W A01c06/ICON: AppIconWeatherModel --> initWeatherListener, retryTimes: 4
09-10 18:26:37.877  2458  2458 E A01c06/ICON: AppIconWeatherModel --> get weather info failed, code: 15700010, message: The DataShareHelper is not initialized successfully.
09-10 18:26:38.878  2458  2458 W A01c06/ICON: AppIconWeatherModel --> initWeatherListener, retryTimes: 4
09-10 18:26:38.882  2458  2458 E A01c06/ICON: AppIconWeatherModel --> get weather info failed, code: 15700010, message: The DataShareHelper is not initialized successfully.
09-10 18:26:39.885  2458  2458 W A01c06/ICON: AppIconWeatherModel --> initWeatherListener, retryTimes: 4
09-10 18:26:39.890  2458  2458 E A01c06/ICON: AppIconWeatherModel --> get weather info failed, code: 15700010, message: The DataShareHelper is not initialized successfully.
09-10 18:26:40.892  2458  2458 W A01c06/ICON: AppIconWeatherModel --> initWeatherListener, retryTimes: 4
09-10 18:26:40.895  2458  2458 E A01c06/ICON: AppIconWeatherModel --> get weather info failed, code: 15700010, message: The DataShareHelper is not initialized successfully.
09-10 18:26:41.899  2458  2458 W A01c06/ICON: AppIconWeatherModel --> initWeatherListener, retryTimes: 4
09-10 18:26:41.903  2458  2458 E A01c06/ICON: AppIconWeatherModel --> get weather info failed, code: 15700010, message: The DataShareHelper is not initialized successfully.
09-10 18:26:42.906  2458  2458 W A01c06/ICON: AppIconWeatherModel --> initWeatherListener, retryTimes: 4
09-10 18:26:42.911  2458  2458 E A01c06/ICON: AppIconWeatherModel --> get weather info failed, code: 15700010, message: The DataShareHelper is not initialized successfully.
09-10 18:26:43.913  2458  2458 W A01c06/ICON: AppIconWeatherModel --> initWeatherListener, retryTimes: 4
09-10 18:26:43.917  2458  2458 E A01c06/ICON: AppIconWeatherModel --> get weather info failed, code: 15700010, message: The DataShareHelper is not initialized successfully.
09-10 18:26:44.921  2458  2458 W A01c06/ICON: AppIconWeatherModel --> initWeatherListener, retryTimes: 4
09-10 18:26:44.924  2458  2458 E A01c06/ICON: AppIconWeatherModel --> get weather info failed, code: 15700010, message: The DataShareHelper is not initialized successfully.
09-10 18:26:45.933  2458  2458 W A01c06/ICON: AppIconWeatherModel --> initWeatherListener, retryTimes: 4
09-10 18:26:45.938  2458  2458 E A01c06/ICON: AppIconWeatherModel --> get weather info failed, code: 15700010, message: The DataShareHelper is not initialized successfully.
09-10 18:26:46.939  2458  2458 W A01c06/ICON: AppIconWeatherModel --> initWeatherListener, retryTimes: 4
09-10 18:26:46.943  2458  2458 E A01c06/ICON: AppIconWeatherModel --> get weather info failed, code: 15700010, message: The DataShareHelper is not initialized successfully.
09-10 18:26:47.945  2458  2458 W A01c06/ICON: AppIconWeatherModel --> initWeatherListener, retryTimes: 4
09-10 18:26:47.950  2458  2458 E A01c06/ICON: AppIconWeatherModel --> get weather info failed, code: 15700010, message: The DataShareHelper is not initialized successfully.
09-10 18:26:48.953  2458  2458 W A01c06/ICON: AppIconWeatherModel --> initWeatherListener, retryTimes: 4
09-10 18:26:48.959  2458  2458 E A01c06/ICON: AppIconWeatherModel --> get weather info failed, code: 15700010, message: The DataShareHelper is not initialized successfully.
09-10 18:26:49.968  2458  2458 W A01c06/ICON: AppIconWeatherModel --> initWeatherListener, retryTimes: 4
09-10 18:26:49.975  2458  2458 E A01c06/ICON: AppIconWeatherModel --> get weather info failed, code: 15700010, message: The DataShareHelper is not initialized successfully.
09-10 18:26:50.977  2458  2458 W A01c06/ICON: AppIconWeatherModel --> initWeatherListener, retryTimes: 4
09-10 18:26:50.983  2458  2458 E A01c06/ICON: AppIconWeatherModel --> get weather info failed, code: 15700010, message: The DataShareHelper is not initialized successfully.
09-10 18:26:51.987  2458  2458 W A01c06/ICON: AppIconWeatherModel --> initWeatherListener, retryTimes: 4
09-10 18:26:51.993  2458  2458 E A01c06/ICON: AppIconWeatherModel --> get weather info failed, code: 15700010, message: The DataShareHelper is not initialized successfully.
09-10 18:26:52.995  2458  2458 W A01c06/ICON: AppIconWeatherModel --> initWeatherListener, retryTimes: 4
09-10 18:26:53.001  2458  2458 E A01c06/ICON: AppIconWeatherModel --> get weather info failed, code: 15700010, message: The DataShareHelper is not initialized successfully.
09-10 18:26:54.002  2458  2458 W A01c06/ICON: AppIconWeatherModel --> initWeatherListener, retryTimes: 4
09-10 18:26:54.007  2458  2458 E A01c06/ICON: AppIconWeatherModel --> get weather info failed, code: 15700010, message: The DataShareHelper is not initialized successfully.
09-10 18:26:55.010  2458  2458 W A01c06/ICON: AppIconWeatherModel --> initWeatherListener, retryTimes: 4
09-10 18:26:55.014  2458  2458 E A01c06/ICON: AppIconWeatherModel --> get weather info failed, code: 15700010, message: The DataShareHelper is not initialized successfully.
09-10 18:26:56.018  2458  2458 W A01c06/ICON: AppIconWeatherModel --> initWeatherListener, retryTimes: 4
09-10 18:26:56.022  2458  2458 E A01c06/ICON: AppIconWeatherModel --> get weather info failed, code: 15700010, message: The DataShareHelper is not initialized successfully.
09-10 18:26:57.022  2458  2458 W A01c06/ICON: AppIconWeatherModel --> initWeatherListener, retryTimes: 4
09-10 18:26:57.025  2458  2458 E A01c06/ICON: AppIconWeatherModel --> get weather info failed, code: 15700010, message: The DataShareHelper is not initialized successfully.
09-10 18:26:58.026  2458  2458 W A01c06/ICON: AppIconWeatherModel --> initWeatherListener, retryTimes: 4
09-10 18:26:58.030  2458  2458 E A01c06/ICON: AppIconWeatherModel --> get weather info failed, code: 15700010, message: The DataShareHelper is not initialized successfully.
09-10 18:26:59.032  2458  2458 W A01c06/ICON: AppIconWeatherModel --> initWeatherListener, retryTimes: 4
09-10 18:26:59.034  2458  2458 E A01c06/ICON: AppIconWeatherModel --> get weather info failed, code: 15700010, message: The DataShareHelper is not initialized successfully.
09-10 18:27:00.004  2458  2458 I A01a01/NC: StatusBarSysEventUtil: onTimeChangeEvent
09-10 18:27:00.005  2458  2458 W A01c06/ICON: AppIconCalendarCache --> receive date change event, nowData: 10, dateText: ,image is transparent: false, image is empty: true
09-10 18:27:00.005  2458  2458 W A01c06/ICON: AppIconCalendarCache --> com.huawei.hmos.calendar is not dynamic icon, bundleName is com.huawei.hmos.calendar
09-10 18:27:00.005  2458  2458 E A01c06/ICON: AppIconCalendarCache --> backgroundImage resource error
09-10 18:27:00.005  2458  2458 E A01c06/ICON: AppIconCalendarCache --> calendarForegroundBuilder is null
09-10 18:27:00.037  2458  2458 W A01c06/ICON: AppIconWeatherModel --> initWeatherListener, retryTimes: 4
09-10 18:27:00.040  2458  2458 E A01c06/ICON: AppIconWeatherModel --> get weather info failed, code: 15700010, message: The DataShareHelper is not initialized successfully.
09-10 18:27:01.042  2458  2458 W A01c06/ICON: AppIconWeatherModel --> initWeatherListener, retryTimes: 4
09-10 18:27:01.045  2458  2458 E A01c06/ICON: AppIconWeatherModel --> get weather info failed, code: 15700010, message: The DataShareHelper is not initialized successfully.
09-10 18:27:02.045  2458  2458 W A01c06/ICON: AppIconWeatherModel --> initWeatherListener, retryTimes: 4
09-10 18:27:02.048  2458  2458 E A01c06/ICON: AppIconWeatherModel --> get weather info failed, code: 15700010, message: The DataShareHelper is not initialized successfully.
09-10 18:27:03.051  2458  2458 W A01c06/ICON: AppIconWeatherModel --> initWeatherListener, retryTimes: 4
09-10 18:27:03.053  2458  2458 E A01c06/ICON: AppIconWeatherModel --> get weather info failed, code: 15700010, message: The DataShareHelper is not initialized successfully.
09-10 18:27:04.056  2458  2458 W A01c06/ICON: AppIconWeatherModel --> initWeatherListener, retryTimes: 4
09-10 18:27:04.059  2458  2458 E A01c06/ICON: AppIconWeatherModel --> get weather info failed, code: 15700010, message: The DataShareHelper is not initialized successfully.
09-10 18:27:05.061  2458  2458 W A01c06/ICON: AppIconWeatherModel --> initWeatherListener, retryTimes: 4
09-10 18:27:05.063  2458  2458 E A01c06/ICON: AppIconWeatherModel --> get weather info failed, code: 15700010, message: The DataShareHelper is not initialized successfully.
09-10 18:27:06.064  2458  2458 W A01c06/ICON: AppIconWeatherModel --> initWeatherListener, retryTimes: 4
09-10 18:27:06.066  2458  2458 E A01c06/ICON: AppIconWeatherModel --> get weather info failed, code: 15700010, message: The DataShareHelper is not initialized successfully.
09-10 18:27:07.069  2458  2458 W A01c06/ICON: AppIconWeatherModel --> initWeatherListener, retryTimes: 4
09-10 18:27:07.071  2458  2458 E A01c06/ICON: AppIconWeatherModel --> get weather info failed, code: 15700010, message: The DataShareHelper is not initialized successfully.
09-10 18:27:08.074  2458  2458 W A01c06/ICON: AppIconWeatherModel --> initWeatherListener, retryTimes: 4
09-10 18:27:08.076  2458  2458 E A01c06/ICON: AppIconWeatherModel --> get weather info failed, code: 15700010, message: The DataShareHelper is not initialized successfully.
09-10 18:27:09.077  2458  2458 W A01c06/ICON: AppIconWeatherModel --> initWeatherListener, retryTimes: 4
09-10 18:27:09.079  2458  2458 E A01c06/ICON: AppIconWeatherModel --> get weather info failed, code: 15700010, message: The DataShareHelper is not initialized successfully.
09-10 18:27:10.080  2458  2458 W A01c06/ICON: AppIconWeatherModel --> initWeatherListener, retryTimes: 4
09-10 18:27:10.082  2458  2458 E A01c06/ICON: AppIconWeatherModel --> get weather info failed, code: 15700010, message: The DataShareHelper is not initialized successfully.
09-10 18:27:11.086  2458  2458 W A01c06/ICON: AppIconWeatherModel --> initWeatherListener, retryTimes: 4
09-10 18:27:11.089  2458  2458 E A01c06/ICON: AppIconWeatherModel --> get weather info failed, code: 15700010, message: The DataShareHelper is not initialized successfully.
09-10 18:27:12.090  2458  2458 W A01c06/ICON: AppIconWeatherModel --> initWeatherListener, retryTimes: 4
09-10 18:27:12.092  2458  2458 E A01c06/ICON: AppIconWeatherModel --> get weather info failed, code: 15700010, message: The DataShareHelper is not initialized successfully.
09-10 18:27:13.096  2458  2458 W A01c06/ICON: AppIconWeatherModel --> initWeatherListener, retryTimes: 4
09-10 18:27:13.099  2458  2458 E A01c06/ICON: AppIconWeatherModel --> get weather info failed, code: 15700010, message: The DataShareHelper is not initialized successfully.
09-10 18:27:14.100  2458  2458 W A01c06/ICON: AppIconWeatherModel --> initWeatherListener, retryTimes: 4
09-10 18:27:14.102  2458  2458 E A01c06/ICON: AppIconWeatherModel --> get weather info failed, code: 15700010, message: The DataShareHelper is not initialized successfully.
09-10 18:27:15.103  2458  2458 W A01c06/ICON: AppIconWeatherModel --> initWeatherListener, retryTimes: 4
09-10 18:27:15.105  2458  2458 E A01c06/ICON: AppIconWeatherModel --> get weather info failed, code: 15700010, message: The DataShareHelper is not initialized successfully.
09-10 18:27:16.107  2458  2458 W A01c06/ICON: AppIconWeatherModel --> initWeatherListener, retryTimes: 4
09-10 18:27:16.110  2458  2458 E A01c06/ICON: AppIconWeatherModel --> get weather info failed, code: 15700010, message: The DataShareHelper is not initialized successfully.
09-10 18:27:17.111  2458  2458 W A01c06/ICON: AppIconWeatherModel --> initWeatherListener, retryTimes: 4
09-10 18:27:17.114  2458  2458 E A01c06/ICON: AppIconWeatherModel --> get weather info failed, code: 15700010, message: The DataShareHelper is not initialized successfully.
09-10 18:27:18.116  2458  2458 W A01c06/ICON: AppIconWeatherModel --> initWeatherListener, retryTimes: 4
09-10 18:27:18.119  2458  2458 E A01c06/ICON: AppIconWeatherModel --> get weather info failed, code: 15700010, message: The DataShareHelper is not initialized successfully.
09-10 18:27:19.120  2458  2458 W A01c06/ICON: AppIconWeatherModel --> initWeatherListener, retryTimes: 4
09-10 18:27:19.123  2458  2458 E A01c06/ICON: AppIconWeatherModel --> get weather info failed, code: 15700010, message: The DataShareHelper is not initialized successfully.
09-10 18:27:20.124  2458  2458 W A01c06/ICON: AppIconWeatherModel --> initWeatherListener, retryTimes: 4
09-10 18:27:20.127  2458  2458 E A01c06/ICON: AppIconWeatherModel --> get weather info failed, code: 15700010, message: The DataShareHelper is not initialized successfully.
09-10 18:27:21.129  2458  2458 W A01c06/ICON: AppIconWeatherModel --> initWeatherListener, retryTimes: 4
09-10 18:27:21.131  2458  2458 E A01c06/ICON: AppIconWeatherModel --> get weather info failed, code: 15700010, message: The DataShareHelper is not initialized successfully.
09-10 18:27:22.133  2458  2458 W A01c06/ICON: AppIconWeatherModel --> initWeatherListener, retryTimes: 4
09-10 18:27:22.135  2458  2458 E A01c06/ICON: AppIconWeatherModel --> get weather info failed, code: 15700010, message: The DataShareHelper is not initialized successfully.
09-10 18:27:23.137  2458  2458 W A01c06/ICON: AppIconWeatherModel --> initWeatherListener, retryTimes: 4
09-10 18:27:23.140  2458  2458 E A01c06/ICON: AppIconWeatherModel --> get weather info failed, code: 15700010, message: The DataShareHelper is not initialized successfully.
09-10 18:27:24.143  2458  2458 W A01c06/ICON: AppIconWeatherModel --> initWeatherListener, retryTimes: 4
09-10 18:27:24.145  2458  2458 E A01c06/ICON: AppIconWeatherModel --> get weather info failed, code: 15700010, message: The DataShareHelper is not initialized successfully.
09-10 18:27:25.147  2458  2458 W A01c06/ICON: AppIconWeatherModel --> initWeatherListener, retryTimes: 4
09-10 18:27:25.153  2458  2458 E A01c06/ICON: AppIconWeatherModel --> get weather info failed, code: 15700010, message: The DataShareHelper is not initialized successfully.
09-10 18:27:26.153  2458  2458 W A01c06/ICON: AppIconWeatherModel --> initWeatherListener, retryTimes: 4
09-10 18:27:26.154  2458  2458 E A01c06/ICON: AppIconWeatherModel --> get weather info failed, code: 15700010, message: The DataShareHelper is not initialized successfully.
09-10 18:27:27.156  2458  2458 W A01c06/ICON: AppIconWeatherModel --> initWeatherListener, retryTimes: 4
09-10 18:27:27.159  2458  2458 E A01c06/ICON: AppIconWeatherModel --> get weather info failed, code: 15700010, message: The DataShareHelper is not initialized successfully.
09-10 18:27:28.160  2458  2458 W A01c06/ICON: AppIconWeatherModel --> initWeatherListener, retryTimes: 4
09-10 18:27:28.162  2458  2458 E A01c06/ICON: AppIconWeatherModel --> get weather info failed, code: 15700010, message: The DataShareHelper is not initialized successfully.
09-10 18:27:29.164  2458  2458 W A01c06/ICON: AppIconWeatherModel --> initWeatherListener, retryTimes: 4
09-10 18:27:29.166  2458  2458 E A01c06/ICON: AppIconWeatherModel --> get weather info failed, code: 15700010, message: The DataShareHelper is not initialized successfully.
09-10 18:27:30.169  2458  2458 W A01c06/ICON: AppIconWeatherModel --> initWeatherListener, retryTimes: 4
09-10 18:27:30.173  2458  2458 E A01c06/ICON: AppIconWeatherModel --> get weather info failed, code: 15700010, message: The DataShareHelper is not initialized successfully.
09-10 18:27:31.176  2458  2458 W A01c06/ICON: AppIconWeatherModel --> initWeatherListener, retryTimes: 4
09-10 18:27:31.179  2458  2458 E A01c06/ICON: AppIconWeatherModel --> get weather info failed, code: 15700010, message: The DataShareHelper is not initialized successfully.
09-10 18:27:32.181  2458  2458 W A01c06/ICON: AppIconWeatherModel --> initWeatherListener, retryTimes: 4
09-10 18:27:32.183  2458  2458 E A01c06/ICON: AppIconWeatherModel --> get weather info failed, code: 15700010, message: The DataShareHelper is not initialized successfully.
09-10 18:27:33.186  2458  2458 W A01c06/ICON: AppIconWeatherModel --> initWeatherListener, retryTimes: 4
09-10 18:27:33.190  2458  2458 E A01c06/ICON: AppIconWeatherModel --> get weather info failed, code: 15700010, message: The DataShareHelper is not initialized successfully.
09-10 18:27:34.192  2458  2458 W A01c06/ICON: AppIconWeatherModel --> initWeatherListener, retryTimes: 4
09-10 18:27:34.195  2458  2458 E A01c06/ICON: AppIconWeatherModel --> get weather info failed, code: 15700010, message: The DataShareHelper is not initialized successfully.
09-10 18:27:35.196  2458  2458 W A01c06/ICON: AppIconWeatherModel --> initWeatherListener, retryTimes: 4
09-10 18:27:35.198  2458  2458 E A01c06/ICON: AppIconWeatherModel --> get weather info failed, code: 15700010, message: The DataShareHelper is not initialized successfully.
09-10 18:27:36.198  2458  2458 W A01c06/ICON: AppIconWeatherModel --> initWeatherListener, retryTimes: 4
09-10 18:27:36.201  2458  2458 E A01c06/ICON: AppIconWeatherModel --> get weather info failed, code: 15700010, message: The DataShareHelper is not initialized successfully.
09-10 18:27:37.205  2458  2458 W A01c06/ICON: AppIconWeatherModel --> initWeatherListener, retryTimes: 4
09-10 18:27:37.209  2458  2458 E A01c06/ICON: AppIconWeatherModel --> get weather info failed, code: 15700010, message: The DataShareHelper is not initialized successfully.
09-10 18:27:38.212  2458  2458 W A01c06/ICON: AppIconWeatherModel --> initWeatherListener, retryTimes: 4
09-10 18:27:38.215  2458  2458 E A01c06/ICON: AppIconWeatherModel --> get weather info failed, code: 15700010, message: The DataShareHelper is not initialized successfully.
09-10 18:27:39.218  2458  2458 W A01c06/ICON: AppIconWeatherModel --> initWeatherListener, retryTimes: 4
09-10 18:27:39.220  2458  2458 E A01c06/ICON: AppIconWeatherModel --> get weather info failed, code: 15700010, message: The DataShareHelper is not initialized successfully.
09-10 18:27:40.222  2458  2458 W A01c06/ICON: AppIconWeatherModel --> initWeatherListener, retryTimes: 4
09-10 18:27:40.227  2458  2458 E A01c06/ICON: AppIconWeatherModel --> get weather info failed, code: 15700010, message: The DataShareHelper is not initialized successfully.
09-10 18:27:41.229  2458  2458 W A01c06/ICON: AppIconWeatherModel --> initWeatherListener, retryTimes: 4
09-10 18:27:41.231  2458  2458 E A01c06/ICON: AppIconWeatherModel --> get weather info failed, code: 15700010, message: The DataShareHelper is not initialized successfully.
09-10 18:27:42.242  2458  2458 W A01c06/ICON: AppIconWeatherModel --> initWeatherListener, retryTimes: 4
09-10 18:27:42.246  2458  2458 E A01c06/ICON: AppIconWeatherModel --> get weather info failed, code: 15700010, message: The DataShareHelper is not initialized successfully.
09-10 18:27:43.257  2458  2458 W A01c06/ICON: AppIconWeatherModel --> initWeatherListener, retryTimes: 4
09-10 18:27:43.262  2458  2458 E A01c06/ICON: AppIconWeatherModel --> get weather info failed, code: 15700010, message: The DataShareHelper is not initialized successfully.
09-10 18:27:44.263  2458  2458 W A01c06/ICON: AppIconWeatherModel --> initWeatherListener, retryTimes: 4
09-10 18:27:44.265  2458  2458 E A01c06/ICON: AppIconWeatherModel --> get weather info failed, code: 15700010, message: The DataShareHelper is not initialized successfully.
09-10 18:27:45.267  2458  2458 W A01c06/ICON: AppIconWeatherModel --> initWeatherListener, retryTimes: 4
09-10 18:27:45.270  2458  2458 E A01c06/ICON: AppIconWeatherModel --> get weather info failed, code: 15700010, message: The DataShareHelper is not initialized successfully.
09-10 18:27:46.274  2458  2458 W A01c06/ICON: AppIconWeatherModel --> initWeatherListener, retryTimes: 4
09-10 18:27:46.280  2458  2458 E A01c06/ICON: AppIconWeatherModel --> get weather info failed, code: 15700010, message: The DataShareHelper is not initialized successfully.
09-10 18:27:47.282  2458  2458 W A01c06/ICON: AppIconWeatherModel --> initWeatherListener, retryTimes: 4
09-10 18:27:47.285  2458  2458 E A01c06/ICON: AppIconWeatherModel --> get weather info failed, code: 15700010, message: The DataShareHelper is not initialized successfully.
09-10 18:27:48.291  2458  2458 W A01c06/ICON: AppIconWeatherModel --> initWeatherListener, retryTimes: 4
09-10 18:27:48.296  2458  2458 E A01c06/ICON: AppIconWeatherModel --> get weather info failed, code: 15700010, message: The DataShareHelper is not initialized successfully.
09-10 18:27:49.299  2458  2458 W A01c06/ICON: AppIconWeatherModel --> initWeatherListener, retryTimes: 4
09-10 18:27:49.303  2458  2458 E A01c06/ICON: AppIconWeatherModel --> get weather info failed, code: 15700010, message: The DataShareHelper is not initialized successfully.
09-10 18:27:50.305  2458  2458 W A01c06/ICON: AppIconWeatherModel --> initWeatherListener, retryTimes: 4
09-10 18:27:50.306  2458  2458 E A01c06/ICON: AppIconWeatherModel --> get weather info failed, code: 15700010, message: The DataShareHelper is not initialized successfully.
09-10 18:27:51.311  2458  2458 W A01c06/ICON: AppIconWeatherModel --> initWeatherListener, retryTimes: 4
09-10 18:27:51.314  2458  2458 E A01c06/ICON: AppIconWeatherModel --> get weather info failed, code: 15700010, message: The DataShareHelper is not initialized successfully.
09-10 18:27:52.316  2458  2458 W A01c06/ICON: AppIconWeatherModel --> initWeatherListener, retryTimes: 4
09-10 18:27:52.320  2458  2458 E A01c06/ICON: AppIconWeatherModel --> get weather info failed, code: 15700010, message: The DataShareHelper is not initialized successfully.
09-10 18:27:53.322  2458  2458 W A01c06/ICON: AppIconWeatherModel --> initWeatherListener, retryTimes: 4
09-10 18:27:53.324  2458  2458 E A01c06/ICON: AppIconWeatherModel --> get weather info failed, code: 15700010, message: The DataShareHelper is not initialized successfully.
09-10 18:27:54.326  2458  2458 W A01c06/ICON: AppIconWeatherModel --> initWeatherListener, retryTimes: 4
09-10 18:27:54.329  2458  2458 E A01c06/ICON: AppIconWeatherModel --> get weather info failed, code: 15700010, message: The DataShareHelper is not initialized successfully.
09-10 18:27:55.332  2458  2458 W A01c06/ICON: AppIconWeatherModel --> initWeatherListener, retryTimes: 4
09-10 18:27:55.334  2458  2458 E A01c06/ICON: AppIconWeatherModel --> get weather info failed, code: 15700010, message: The DataShareHelper is not initialized successfully.
09-10 18:27:56.335  2458  2458 W A01c06/ICON: AppIconWeatherModel --> initWeatherListener, retryTimes: 4
09-10 18:27:56.337  2458  2458 E A01c06/ICON: AppIconWeatherModel --> get weather info failed, code: 15700010, message: The DataShareHelper is not initialized successfully.
09-10 18:27:57.340  2458  2458 W A01c06/ICON: AppIconWeatherModel --> initWeatherListener, retryTimes: 4
09-10 18:27:57.343  2458  2458 E A01c06/ICON: AppIconWeatherModel --> get weather info failed, code: 15700010, message: The DataShareHelper is not initialized successfully.
09-10 18:27:58.344  2458  2458 W A01c06/ICON: AppIconWeatherModel --> initWeatherListener, retryTimes: 4
09-10 18:27:58.347  2458  2458 E A01c06/ICON: AppIconWeatherModel --> get weather info failed, code: 15700010, message: The DataShareHelper is not initialized successfully.
09-10 18:27:59.350  2458  2458 W A01c06/ICON: AppIconWeatherModel --> initWeatherListener, retryTimes: 4
09-10 18:27:59.353  2458  2458 E A01c06/ICON: AppIconWeatherModel --> get weather info failed, code: 15700010, message: The DataShareHelper is not initialized successfully.
09-10 18:28:00.010  2458  2458 I A01a01/NC: StatusBarSysEventUtil: onTimeChangeEvent
09-10 18:28:00.010  2458  2458 W A01c06/ICON: AppIconCalendarCache --> receive date change event, nowData: 10, dateText: ,image is transparent: false, image is empty: true
09-10 18:28:00.010  2458  2458 W A01c06/ICON: AppIconCalendarCache --> com.huawei.hmos.calendar is not dynamic icon, bundleName is com.huawei.hmos.calendar
09-10 18:28:00.010  2458  2458 E A01c06/ICON: AppIconCalendarCache --> backgroundImage resource error
09-10 18:28:00.010  2458  2458 E A01c06/ICON: AppIconCalendarCache --> calendarForegroundBuilder is null
09-10 18:28:00.359  2458  2458 W A01c06/ICON: AppIconWeatherModel --> initWeatherListener, retryTimes: 4
09-10 18:28:00.363  2458  2458 E A01c06/ICON: AppIconWeatherModel --> get weather info failed, code: 15700010, message: The DataShareHelper is not initialized successfully.
09-10 18:28:01.366  2458  2458 W A01c06/ICON: AppIconWeatherModel --> initWeatherListener, retryTimes: 4
09-10 18:28:01.370  2458  2458 E A01c06/ICON: AppIconWeatherModel --> get weather info failed, code: 15700010, message: The DataShareHelper is not initialized successfully.
09-10 18:28:02.374  2458  2458 W A01c06/ICON: AppIconWeatherModel --> initWeatherListener, retryTimes: 4
09-10 18:28:02.376  2458  2458 E A01c06/ICON: AppIconWeatherModel --> get weather info failed, code: 15700010, message: The DataShareHelper is not initialized successfully.
09-10 18:28:03.377  2458  2458 W A01c06/ICON: AppIconWeatherModel --> initWeatherListener, retryTimes: 4
09-10 18:28:03.381  2458  2458 E A01c06/ICON: AppIconWeatherModel --> get weather info failed, code: 15700010, message: The DataShareHelper is not initialized successfully.
09-10 18:28:04.382  2458  2458 W A01c06/ICON: AppIconWeatherModel --> initWeatherListener, retryTimes: 4
09-10 18:28:04.386  2458  2458 E A01c06/ICON: AppIconWeatherModel --> get weather info failed, code: 15700010, message: The DataShareHelper is not initialized successfully.
09-10 18:28:05.389  2458  2458 W A01c06/ICON: AppIconWeatherModel --> initWeatherListener, retryTimes: 4
09-10 18:28:05.392  2458  2458 E A01c06/ICON: AppIconWeatherModel --> get weather info failed, code: 15700010, message: The DataShareHelper is not initialized successfully.
09-10 18:28:06.393  2458  2458 W A01c06/ICON: AppIconWeatherModel --> initWeatherListener, retryTimes: 4
09-10 18:28:06.397  2458  2458 E A01c06/ICON: AppIconWeatherModel --> get weather info failed, code: 15700010, message: The DataShareHelper is not initialized successfully.
09-10 18:28:07.399  2458  2458 W A01c06/ICON: AppIconWeatherModel --> initWeatherListener, retryTimes: 4
09-10 18:28:07.402  2458  2458 E A01c06/ICON: AppIconWeatherModel --> get weather info failed, code: 15700010, message: The DataShareHelper is not initialized successfully.
09-10 18:28:08.405  2458  2458 W A01c06/ICON: AppIconWeatherModel --> initWeatherListener, retryTimes: 4
09-10 18:28:08.408  2458  2458 E A01c06/ICON: AppIconWeatherModel --> get weather info failed, code: 15700010, message: The DataShareHelper is not initialized successfully.
09-10 18:28:09.412  2458  2458 W A01c06/ICON: AppIconWeatherModel --> initWeatherListener, retryTimes: 4
09-10 18:28:09.417  2458  2458 E A01c06/ICON: AppIconWeatherModel --> get weather info failed, code: 15700010, message: The DataShareHelper is not initialized successfully.
09-10 18:28:10.420  2458  2458 W A01c06/ICON: AppIconWeatherModel --> initWeatherListener, retryTimes: 4
09-10 18:28:10.424  2458  2458 E A01c06/ICON: AppIconWeatherModel --> get weather info failed, code: 15700010, message: The DataShareHelper is not initialized successfully.
09-10 18:28:11.428  2458  2458 W A01c06/ICON: AppIconWeatherModel --> initWeatherListener, retryTimes: 4
09-10 18:28:11.431  2458  2458 E A01c06/ICON: AppIconWeatherModel --> get weather info failed, code: 15700010, message: The DataShareHelper is not initialized successfully.
09-10 18:28:12.441  2458  2458 W A01c06/ICON: AppIconWeatherModel --> initWeatherListener, retryTimes: 4
09-10 18:28:12.447  2458  2458 E A01c06/ICON: AppIconWeatherModel --> get weather info failed, code: 15700010, message: The DataShareHelper is not initialized successfully.
09-10 18:28:13.449  2458  2458 W A01c06/ICON: AppIconWeatherModel --> initWeatherListener, retryTimes: 4
09-10 18:28:13.453  2458  2458 E A01c06/ICON: AppIconWeatherModel --> get weather info failed, code: 15700010, message: The DataShareHelper is not initialized successfully.
09-10 18:28:14.465  2458  2458 W A01c06/ICON: AppIconWeatherModel --> initWeatherListener, retryTimes: 4
09-10 18:28:14.468  2458  2458 E A01c06/ICON: AppIconWeatherModel --> get weather info failed, code: 15700010, message: The DataShareHelper is not initialized successfully.
09-10 18:28:15.476  2458  2458 W A01c06/ICON: AppIconWeatherModel --> initWeatherListener, retryTimes: 4
09-10 18:28:15.481  2458  2458 E A01c06/ICON: AppIconWeatherModel --> get weather info failed, code: 15700010, message: The DataShareHelper is not initialized successfully.
09-10 18:28:16.492  2458  2458 W A01c06/ICON: AppIconWeatherModel --> initWeatherListener, retryTimes: 4
09-10 18:28:16.496  2458  2458 E A01c06/ICON: AppIconWeatherModel --> get weather info failed, code: 15700010, message: The DataShareHelper is not initialized successfully.
09-10 18:28:17.500  2458  2458 W A01c06/ICON: AppIconWeatherModel --> initWeatherListener, retryTimes: 4
09-10 18:28:17.504  2458  2458 E A01c06/ICON: AppIconWeatherModel --> get weather info failed, code: 15700010, message: The DataShareHelper is not initialized successfully.
09-10 18:28:18.509  2458  2458 W A01c06/ICON: AppIconWeatherModel --> initWeatherListener, retryTimes: 4
09-10 18:28:18.516  2458  2458 E A01c06/ICON: AppIconWeatherModel --> get weather info failed, code: 15700010, message: The DataShareHelper is not initialized successfully.
09-10 18:28:19.519  2458  2458 W A01c06/ICON: AppIconWeatherModel --> initWeatherListener, retryTimes: 4
09-10 18:28:19.526  2458  2458 E A01c06/ICON: AppIconWeatherModel --> get weather info failed, code: 15700010, message: The DataShareHelper is not initialized successfully.
09-10 18:28:20.528  2458  2458 W A01c06/ICON: AppIconWeatherModel --> initWeatherListener, retryTimes: 4
09-10 18:28:20.533  2458  2458 E A01c06/ICON: AppIconWeatherModel --> get weather info failed, code: 15700010, message: The DataShareHelper is not initialized successfully.
09-10 18:28:21.535  2458  2458 W A01c06/ICON: AppIconWeatherModel --> initWeatherListener, retryTimes: 4
09-10 18:28:21.540  2458  2458 E A01c06/ICON: AppIconWeatherModel --> get weather info failed, code: 15700010, message: The DataShareHelper is not initialized successfully.
09-10 18:28:22.542  2458  2458 W A01c06/ICON: AppIconWeatherModel --> initWeatherListener, retryTimes: 4
09-10 18:28:22.547  2458  2458 E A01c06/ICON: AppIconWeatherModel --> get weather info failed, code: 15700010, message: The DataShareHelper is not initialized successfully.
09-10 18:28:23.549  2458  2458 W A01c06/ICON: AppIconWeatherModel --> initWeatherListener, retryTimes: 4
09-10 18:28:23.556  2458  2458 E A01c06/ICON: AppIconWeatherModel --> get weather info failed, code: 15700010, message: The DataShareHelper is not initialized successfully.
09-10 18:28:24.562  2458  2458 W A01c06/ICON: AppIconWeatherModel --> initWeatherListener, retryTimes: 4
09-10 18:28:24.569  2458  2458 E A01c06/ICON: AppIconWeatherModel --> get weather info failed, code: 15700010, message: The DataShareHelper is not initialized successfully.
09-10 18:28:25.573  2458  2458 W A01c06/ICON: AppIconWeatherModel --> initWeatherListener, retryTimes: 4
09-10 18:28:25.580  2458  2458 E A01c06/ICON: AppIconWeatherModel --> get weather info failed, code: 15700010, message: The DataShareHelper is not initialized successfully.
09-10 18:28:26.587  2458  2458 W A01c06/ICON: AppIconWeatherModel --> initWeatherListener, retryTimes: 4
09-10 18:28:26.593  2458  2458 E A01c06/ICON: AppIconWeatherModel --> get weather info failed, code: 15700010, message: The DataShareHelper is not initialized successfully.
09-10 18:28:27.597  2458  2458 W A01c06/ICON: AppIconWeatherModel --> initWeatherListener, retryTimes: 4
09-10 18:28:27.604  2458  2458 E A01c06/ICON: AppIconWeatherModel --> get weather info failed, code: 15700010, message: The DataShareHelper is not initialized successfully.
09-10 18:28:28.608  2458  2458 W A01c06/ICON: AppIconWeatherModel --> initWeatherListener, retryTimes: 4
09-10 18:28:28.613  2458  2458 E A01c06/ICON: AppIconWeatherModel --> get weather info failed, code: 15700010, message: The DataShareHelper is not initialized successfully.
09-10 18:28:29.619  2458  2458 W A01c06/ICON: AppIconWeatherModel --> initWeatherListener, retryTimes: 4
09-10 18:28:29.623  2458  2458 E A01c06/ICON: AppIconWeatherModel --> get weather info failed, code: 15700010, message: The DataShareHelper is not initialized successfully.
09-10 18:28:30.630  2458  2458 W A01c06/ICON: AppIconWeatherModel --> initWeatherListener, retryTimes: 4
09-10 18:28:30.637  2458  2458 E A01c06/ICON: AppIconWeatherModel --> get weather info failed, code: 15700010, message: The DataShareHelper is not initialized successfully.
09-10 18:28:31.637  2458  2458 W A01c06/ICON: AppIconWeatherModel --> initWeatherListener, retryTimes: 4
09-10 18:28:31.643  2458  2458 E A01c06/ICON: AppIconWeatherModel --> get weather info failed, code: 15700010, message: The DataShareHelper is not initialized successfully.
09-10 18:28:32.647  2458  2458 W A01c06/ICON: AppIconWeatherModel --> initWeatherListener, retryTimes: 4
09-10 18:28:32.652  2458  2458 E A01c06/ICON: AppIconWeatherModel --> get weather info failed, code: 15700010, message: The DataShareHelper is not initialized successfully.
09-10 18:28:33.661  2458  2458 W A01c06/ICON: AppIconWeatherModel --> initWeatherListener, retryTimes: 4
09-10 18:28:33.665  2458  2458 E A01c06/ICON: AppIconWeatherModel --> get weather info failed, code: 15700010, message: The DataShareHelper is not initialized successfully.
09-10 18:28:34.672  2458  2458 W A01c06/ICON: AppIconWeatherModel --> initWeatherListener, retryTimes: 4
09-10 18:28:34.674  2458  2458 E A01c06/ICON: AppIconWeatherModel --> get weather info failed, code: 15700010, message: The DataShareHelper is not initialized successfully.
09-10 18:28:35.684  2458  2458 W A01c06/ICON: AppIconWeatherModel --> initWeatherListener, retryTimes: 4
09-10 18:28:35.688  2458  2458 E A01c06/ICON: AppIconWeatherModel --> get weather info failed, code: 15700010, message: The DataShareHelper is not initialized successfully.
09-10 18:28:36.690  2458  2458 W A01c06/ICON: AppIconWeatherModel --> initWeatherListener, retryTimes: 4
09-10 18:28:36.696  2458  2458 E A01c06/ICON: AppIconWeatherModel --> get weather info failed, code: 15700010, message: The DataShareHelper is not initialized successfully.
09-10 18:28:37.698  2458  2458 W A01c06/ICON: AppIconWeatherModel --> initWeatherListener, retryTimes: 4
09-10 18:28:37.701  2458  2458 E A01c06/ICON: AppIconWeatherModel --> get weather info failed, code: 15700010, message: The DataShareHelper is not initialized successfully.
09-10 18:28:38.709  2458  2458 W A01c06/ICON: AppIconWeatherModel --> initWeatherListener, retryTimes: 4
09-10 18:28:38.716  2458  2458 E A01c06/ICON: AppIconWeatherModel --> get weather info failed, code: 15700010, message: The DataShareHelper is not initialized successfully.
09-10 18:28:39.719  2458  2458 W A01c06/ICON: AppIconWeatherModel --> initWeatherListener, retryTimes: 4
09-10 18:28:39.727  2458  2458 E A01c06/ICON: AppIconWeatherModel --> get weather info failed, code: 15700010, message: The DataShareHelper is not initialized successfully.
09-10 18:28:40.730  2458  2458 W A01c06/ICON: AppIconWeatherModel --> initWeatherListener, retryTimes: 4
09-10 18:28:40.737  2458  2458 E A01c06/ICON: AppIconWeatherModel --> get weather info failed, code: 15700010, message: The DataShareHelper is not initialized successfully.
09-10 18:28:41.744  2458  2458 W A01c06/ICON: AppIconWeatherModel --> initWeatherListener, retryTimes: 4
09-10 18:28:41.748  2458  2458 E A01c06/ICON: AppIconWeatherModel --> get weather info failed, code: 15700010, message: The DataShareHelper is not initialized successfully.
09-10 18:28:42.756  2458  2458 W A01c06/ICON: AppIconWeatherModel --> initWeatherListener, retryTimes: 4
09-10 18:28:42.761  2458  2458 E A01c06/ICON: AppIconWeatherModel --> get weather info failed, code: 15700010, message: The DataShareHelper is not initialized successfully.
09-10 18:28:43.763  2458  2458 W A01c06/ICON: AppIconWeatherModel --> initWeatherListener, retryTimes: 4
09-10 18:28:43.768  2458  2458 E A01c06/ICON: AppIconWeatherModel --> get weather info failed, code: 15700010, message: The DataShareHelper is not initialized successfully.
09-10 18:28:44.777  2458  2458 W A01c06/ICON: AppIconWeatherModel --> initWeatherListener, retryTimes: 4
09-10 18:28:44.781  2458  2458 E A01c06/ICON: AppIconWeatherModel --> get weather info failed, code: 15700010, message: The DataShareHelper is not initialized successfully.
09-10 18:28:45.787  2458  2458 W A01c06/ICON: AppIconWeatherModel --> initWeatherListener, retryTimes: 4
09-10 18:28:45.791  2458  2458 E A01c06/ICON: AppIconWeatherModel --> get weather info failed, code: 15700010, message: The DataShareHelper is not initialized successfully.
09-10 18:28:46.791  2458  2458 W A01c06/ICON: AppIconWeatherModel --> initWeatherListener, retryTimes: 4
09-10 18:28:46.794  2458  2458 E A01c06/ICON: AppIconWeatherModel --> get weather info failed, code: 15700010, message: The DataShareHelper is not initialized successfully.
09-10 18:28:47.800  2458  2458 W A01c06/ICON: AppIconWeatherModel --> initWeatherListener, retryTimes: 4
09-10 18:28:47.804  2458  2458 E A01c06/ICON: AppIconWeatherModel --> get weather info failed, code: 15700010, message: The DataShareHelper is not initialized successfully.
09-10 18:28:48.809  2458  2458 W A01c06/ICON: AppIconWeatherModel --> initWeatherListener, retryTimes: 4
09-10 18:28:48.813  2458  2458 E A01c06/ICON: AppIconWeatherModel --> get weather info failed, code: 15700010, message: The DataShareHelper is not initialized successfully.
09-10 18:28:49.814  2458  2458 W A01c06/ICON: AppIconWeatherModel --> initWeatherListener, retryTimes: 4
09-10 18:28:49.817  2458  2458 E A01c06/ICON: AppIconWeatherModel --> get weather info failed, code: 15700010, message: The DataShareHelper is not initialized successfully.
09-10 18:28:50.818  2458  2458 W A01c06/ICON: AppIconWeatherModel --> initWeatherListener, retryTimes: 4
09-10 18:28:50.821  2458  2458 E A01c06/ICON: AppIconWeatherModel --> get weather info failed, code: 15700010, message: The DataShareHelper is not initialized successfully.
09-10 18:28:51.823  2458  2458 W A01c06/ICON: AppIconWeatherModel --> initWeatherListener, retryTimes: 4
09-10 18:28:51.825  2458  2458 E A01c06/ICON: AppIconWeatherModel --> get weather info failed, code: 15700010, message: The DataShareHelper is not initialized successfully.
09-10 18:28:52.830  2458  2458 W A01c06/ICON: AppIconWeatherModel --> initWeatherListener, retryTimes: 4
09-10 18:28:52.832  2458  2458 E A01c06/ICON: AppIconWeatherModel --> get weather info failed, code: 15700010, message: The DataShareHelper is not initialized successfully.
09-10 18:28:53.834  2458  2458 W A01c06/ICON: AppIconWeatherModel --> initWeatherListener, retryTimes: 4
09-10 18:28:53.837  2458  2458 E A01c06/ICON: AppIconWeatherModel --> get weather info failed, code: 15700010, message: The DataShareHelper is not initialized successfully.
09-10 18:28:54.839  2458  2458 W A01c06/ICON: AppIconWeatherModel --> initWeatherListener, retryTimes: 4
09-10 18:28:54.841  2458  2458 E A01c06/ICON: AppIconWeatherModel --> get weather info failed, code: 15700010, message: The DataShareHelper is not initialized successfully.
09-10 18:28:55.842  2458  2458 W A01c06/ICON: AppIconWeatherModel --> initWeatherListener, retryTimes: 4
09-10 18:28:55.844  2458  2458 E A01c06/ICON: AppIconWeatherModel --> get weather info failed, code: 15700010, message: The DataShareHelper is not initialized successfully.
09-10 18:28:56.845  2458  2458 W A01c06/ICON: AppIconWeatherModel --> initWeatherListener, retryTimes: 4
09-10 18:28:56.848  2458  2458 E A01c06/ICON: AppIconWeatherModel --> get weather info failed, code: 15700010, message: The DataShareHelper is not initialized successfully.
09-10 18:28:57.853  2458  2458 W A01c06/ICON: AppIconWeatherModel --> initWeatherListener, retryTimes: 4
09-10 18:28:57.855  2458  2458 E A01c06/ICON: AppIconWeatherModel --> get weather info failed, code: 15700010, message: The DataShareHelper is not initialized successfully.
09-10 18:28:58.856  2458  2458 W A01c06/ICON: AppIconWeatherModel --> initWeatherListener, retryTimes: 4
09-10 18:28:58.859  2458  2458 E A01c06/ICON: AppIconWeatherModel --> get weather info failed, code: 15700010, message: The DataShareHelper is not initialized successfully.
09-10 18:28:59.860  2458  2458 W A01c06/ICON: AppIconWeatherModel --> initWeatherListener, retryTimes: 4
09-10 18:28:59.862  2458  2458 E A01c06/ICON: AppIconWeatherModel --> get weather info failed, code: 15700010, message: The DataShareHelper is not initialized successfully.
09-10 18:29:00.002  2458  2458 I A01a01/NC: StatusBarSysEventUtil: onTimeChangeEvent
09-10 18:29:00.002  2458  2458 W A01c06/ICON: AppIconCalendarCache --> receive date change event, nowData: 10, dateText: ,image is transparent: false, image is empty: true
09-10 18:29:00.002  2458  2458 W A01c06/ICON: AppIconCalendarCache --> com.huawei.hmos.calendar is not dynamic icon, bundleName is com.huawei.hmos.calendar
09-10 18:29:00.002  2458  2458 E A01c06/ICON: AppIconCalendarCache --> backgroundImage resource error
09-10 18:29:00.003  2458  2458 E A01c06/ICON: AppIconCalendarCache --> calendarForegroundBuilder is null
09-10 18:29:00.864  2458  2458 W A01c06/ICON: AppIconWeatherModel --> initWeatherListener, retryTimes: 4
09-10 18:29:00.866  2458  2458 E A01c06/ICON: AppIconWeatherModel --> get weather info failed, code: 15700010, message: The DataShareHelper is not initialized successfully.
09-10 18:29:01.869  2458  2458 W A01c06/ICON: AppIconWeatherModel --> initWeatherListener, retryTimes: 4
09-10 18:29:01.871  2458  2458 E A01c06/ICON: AppIconWeatherModel --> get weather info failed, code: 15700010, message: The DataShareHelper is not initialized successfully.
09-10 18:29:02.874  2458  2458 W A01c06/ICON: AppIconWeatherModel --> initWeatherListener, retryTimes: 4
09-10 18:29:02.875  2458  2458 E A01c06/ICON: AppIconWeatherModel --> get weather info failed, code: 15700010, message: The DataShareHelper is not initialized successfully.
09-10 18:29:03.877  2458  2458 W A01c06/ICON: AppIconWeatherModel --> initWeatherListener, retryTimes: 4
09-10 18:29:03.881  2458  2458 E A01c06/ICON: AppIconWeatherModel --> get weather info failed, code: 15700010, message: The DataShareHelper is not initialized successfully.
09-10 18:29:04.882  2458  2458 W A01c06/ICON: AppIconWeatherModel --> initWeatherListener, retryTimes: 4
09-10 18:29:04.884  2458  2458 E A01c06/ICON: AppIconWeatherModel --> get weather info failed, code: 15700010, message: The DataShareHelper is not initialized successfully.
09-10 18:29:05.885  2458  2458 W A01c06/ICON: AppIconWeatherModel --> initWeatherListener, retryTimes: 4
09-10 18:29:05.888  2458  2458 E A01c06/ICON: AppIconWeatherModel --> get weather info failed, code: 15700010, message: The DataShareHelper is not initialized successfully.
09-10 18:29:06.890  2458  2458 W A01c06/ICON: AppIconWeatherModel --> initWeatherListener, retryTimes: 4
09-10 18:29:06.893  2458  2458 E A01c06/ICON: AppIconWeatherModel --> get weather info failed, code: 15700010, message: The DataShareHelper is not initialized successfully.
09-10 18:29:07.894  2458  2458 W A01c06/ICON: AppIconWeatherModel --> initWeatherListener, retryTimes: 4
09-10 18:29:07.896  2458  2458 E A01c06/ICON: AppIconWeatherModel --> get weather info failed, code: 15700010, message: The DataShareHelper is not initialized successfully.
09-10 18:29:08.897  2458  2458 W A01c06/ICON: AppIconWeatherModel --> initWeatherListener, retryTimes: 4
09-10 18:29:08.900  2458  2458 E A01c06/ICON: AppIconWeatherModel --> get weather info failed, code: 15700010, message: The DataShareHelper is not initialized successfully.
09-10 18:29:09.902  2458  2458 W A01c06/ICON: AppIconWeatherModel --> initWeatherListener, retryTimes: 4
09-10 18:29:09.905  2458  2458 E A01c06/ICON: AppIconWeatherModel --> get weather info failed, code: 15700010, message: The DataShareHelper is not initialized successfully.
09-10 18:29:10.906  2458  2458 W A01c06/ICON: AppIconWeatherModel --> initWeatherListener, retryTimes: 4
09-10 18:29:10.909  2458  2458 E A01c06/ICON: AppIconWeatherModel --> get weather info failed, code: 15700010, message: The DataShareHelper is not initialized successfully.
09-10 18:29:11.914  2458  2458 W A01c06/ICON: AppIconWeatherModel --> initWeatherListener, retryTimes: 4
09-10 18:29:11.917  2458  2458 E A01c06/ICON: AppIconWeatherModel --> get weather info failed, code: 15700010, message: The DataShareHelper is not initialized successfully.
09-10 18:29:12.920  2458  2458 W A01c06/ICON: AppIconWeatherModel --> initWeatherListener, retryTimes: 4
09-10 18:29:12.922  2458  2458 E A01c06/ICON: AppIconWeatherModel --> get weather info failed, code: 15700010, message: The DataShareHelper is not initialized successfully.
09-10 18:29:13.926  2458  2458 W A01c06/ICON: AppIconWeatherModel --> initWeatherListener, retryTimes: 4
09-10 18:29:13.930  2458  2458 E A01c06/ICON: AppIconWeatherModel --> get weather info failed, code: 15700010, message: The DataShareHelper is not initialized successfully.
09-10 18:29:14.933  2458  2458 W A01c06/ICON: AppIconWeatherModel --> initWeatherListener, retryTimes: 4
09-10 18:29:14.935  2458  2458 E A01c06/ICON: AppIconWeatherModel --> get weather info failed, code: 15700010, message: The DataShareHelper is not initialized successfully.
09-10 18:29:15.938  2458  2458 W A01c06/ICON: AppIconWeatherModel --> initWeatherListener, retryTimes: 4
09-10 18:29:15.941  2458  2458 E A01c06/ICON: AppIconWeatherModel --> get weather info failed, code: 15700010, message: The DataShareHelper is not initialized successfully.
09-10 18:29:16.943  2458  2458 W A01c06/ICON: AppIconWeatherModel --> initWeatherListener, retryTimes: 4
09-10 18:29:16.946  2458  2458 E A01c06/ICON: AppIconWeatherModel --> get weather info failed, code: 15700010, message: The DataShareHelper is not initialized successfully.
09-10 18:29:17.948  2458  2458 W A01c06/ICON: AppIconWeatherModel --> initWeatherListener, retryTimes: 4
09-10 18:29:17.951  2458  2458 E A01c06/ICON: AppIconWeatherModel --> get weather info failed, code: 15700010, message: The DataShareHelper is not initialized successfully.
09-10 18:29:18.955  2458  2458 W A01c06/ICON: AppIconWeatherModel --> initWeatherListener, retryTimes: 4
09-10 18:29:18.957  2458  2458 E A01c06/ICON: AppIconWeatherModel --> get weather info failed, code: 15700010, message: The DataShareHelper is not initialized successfully.
09-10 18:29:19.958  2458  2458 W A01c06/ICON: AppIconWeatherModel --> initWeatherListener, retryTimes: 4
09-10 18:29:19.961  2458  2458 E A01c06/ICON: AppIconWeatherModel --> get weather info failed, code: 15700010, message: The DataShareHelper is not initialized successfully.
09-10 18:29:20.964  2458  2458 W A01c06/ICON: AppIconWeatherModel --> initWeatherListener, retryTimes: 4
09-10 18:29:20.967  2458  2458 E A01c06/ICON: AppIconWeatherModel --> get weather info failed, code: 15700010, message: The DataShareHelper is not initialized successfully.
09-10 18:29:21.969  2458  2458 W A01c06/ICON: AppIconWeatherModel --> initWeatherListener, retryTimes: 4
09-10 18:29:21.972  2458  2458 E A01c06/ICON: AppIconWeatherModel --> get weather info failed, code: 15700010, message: The DataShareHelper is not initialized successfully.
09-10 18:29:22.973  2458  2458 W A01c06/ICON: AppIconWeatherModel --> initWeatherListener, retryTimes: 4
09-10 18:29:22.977  2458  2458 E A01c06/ICON: AppIconWeatherModel --> get weather info failed, code: 15700010, message: The DataShareHelper is not initialized successfully.
09-10 18:29:23.980  2458  2458 W A01c06/ICON: AppIconWeatherModel --> initWeatherListener, retryTimes: 4
09-10 18:29:23.983  2458  2458 E A01c06/ICON: AppIconWeatherModel --> get weather info failed, code: 15700010, message: The DataShareHelper is not initialized successfully.
09-10 18:29:24.985  2458  2458 W A01c06/ICON: AppIconWeatherModel --> initWeatherListener, retryTimes: 4
09-10 18:29:24.988  2458  2458 E A01c06/ICON: AppIconWeatherModel --> get weather info failed, code: 15700010, message: The DataShareHelper is not initialized successfully.
09-10 18:29:25.991  2458  2458 W A01c06/ICON: AppIconWeatherModel --> initWeatherListener, retryTimes: 4
09-10 18:29:25.994  2458  2458 E A01c06/ICON: AppIconWeatherModel --> get weather info failed, code: 15700010, message: The DataShareHelper is not initialized successfully.
09-10 18:29:26.997  2458  2458 W A01c06/ICON: AppIconWeatherModel --> initWeatherListener, retryTimes: 4
09-10 18:29:27.000  2458  2458 E A01c06/ICON: AppIconWeatherModel --> get weather info failed, code: 15700010, message: The DataShareHelper is not initialized successfully.
09-10 18:29:28.002  2458  2458 W A01c06/ICON: AppIconWeatherModel --> initWeatherListener, retryTimes: 4
09-10 18:29:28.005  2458  2458 E A01c06/ICON: AppIconWeatherModel --> get weather info failed, code: 15700010, message: The DataShareHelper is not initialized successfully.
09-10 18:29:29.007  2458  2458 W A01c06/ICON: AppIconWeatherModel --> initWeatherListener, retryTimes: 4
09-10 18:29:29.010  2458  2458 E A01c06/ICON: AppIconWeatherModel --> get weather info failed, code: 15700010, message: The DataShareHelper is not initialized successfully.
09-10 18:29:30.011  2458  2458 W A01c06/ICON: AppIconWeatherModel --> initWeatherListener, retryTimes: 4
09-10 18:29:30.014  2458  2458 E A01c06/ICON: AppIconWeatherModel --> get weather info failed, code: 15700010, message: The DataShareHelper is not initialized successfully.
09-10 18:29:31.016  2458  2458 W A01c06/ICON: AppIconWeatherModel --> initWeatherListener, retryTimes: 4
09-10 18:29:31.020  2458  2458 E A01c06/ICON: AppIconWeatherModel --> get weather info failed, code: 15700010, message: The DataShareHelper is not initialized successfully.
09-10 18:29:32.022  2458  2458 W A01c06/ICON: AppIconWeatherModel --> initWeatherListener, retryTimes: 4
09-10 18:29:32.025  2458  2458 E A01c06/ICON: AppIconWeatherModel --> get weather info failed, code: 15700010, message: The DataShareHelper is not initialized successfully.
09-10 18:29:33.027  2458  2458 W A01c06/ICON: AppIconWeatherModel --> initWeatherListener, retryTimes: 4
09-10 18:29:33.030  2458  2458 E A01c06/ICON: AppIconWeatherModel --> get weather info failed, code: 15700010, message: The DataShareHelper is not initialized successfully.
09-10 18:29:34.033  2458  2458 W A01c06/ICON: AppIconWeatherModel --> initWeatherListener, retryTimes: 4
09-10 18:29:34.037  2458  2458 E A01c06/ICON: AppIconWeatherModel --> get weather info failed, code: 15700010, message: The DataShareHelper is not initialized successfully.
09-10 18:29:35.039  2458  2458 W A01c06/ICON: AppIconWeatherModel --> initWeatherListener, retryTimes: 4
09-10 18:29:35.042  2458  2458 E A01c06/ICON: AppIconWeatherModel --> get weather info failed, code: 15700010, message: The DataShareHelper is not initialized successfully.
09-10 18:29:36.044  2458  2458 W A01c06/ICON: AppIconWeatherModel --> initWeatherListener, retryTimes: 4
09-10 18:29:36.047  2458  2458 E A01c06/ICON: AppIconWeatherModel --> get weather info failed, code: 15700010, message: The DataShareHelper is not initialized successfully.
09-10 18:29:37.049  2458  2458 W A01c06/ICON: AppIconWeatherModel --> initWeatherListener, retryTimes: 4
09-10 18:29:37.053  2458  2458 E A01c06/ICON: AppIconWeatherModel --> get weather info failed, code: 15700010, message: The DataShareHelper is not initialized successfully.
09-10 18:29:38.055  2458  2458 W A01c06/ICON: AppIconWeatherModel --> initWeatherListener, retryTimes: 4
09-10 18:29:38.059  2458  2458 E A01c06/ICON: AppIconWeatherModel --> get weather info failed, code: 15700010, message: The DataShareHelper is not initialized successfully.
09-10 18:29:39.060  2458  2458 W A01c06/ICON: AppIconWeatherModel --> initWeatherListener, retryTimes: 4
09-10 18:29:39.061  2458  2458 E A01c06/ICON: AppIconWeatherModel --> get weather info failed, code: 15700010, message: The DataShareHelper is not initialized successfully.
09-10 18:29:40.063  2458  2458 W A01c06/ICON: AppIconWeatherModel --> initWeatherListener, retryTimes: 4
09-10 18:29:40.066  2458  2458 E A01c06/ICON: AppIconWeatherModel --> get weather info failed, code: 15700010, message: The DataShareHelper is not initialized successfully.
09-10 18:29:41.068  2458  2458 W A01c06/ICON: AppIconWeatherModel --> initWeatherListener, retryTimes: 4
09-10 18:29:41.071  2458  2458 E A01c06/ICON: AppIconWeatherModel --> get weather info failed, code: 15700010, message: The DataShareHelper is not initialized successfully.
09-10 18:29:42.074  2458  2458 W A01c06/ICON: AppIconWeatherModel --> initWeatherListener, retryTimes: 4
09-10 18:29:42.078  2458  2458 E A01c06/ICON: AppIconWeatherModel --> get weather info failed, code: 15700010, message: The DataShareHelper is not initialized successfully.
09-10 18:29:43.080  2458  2458 W A01c06/ICON: AppIconWeatherModel --> initWeatherListener, retryTimes: 4
09-10 18:29:43.083  2458  2458 E A01c06/ICON: AppIconWeatherModel --> get weather info failed, code: 15700010, message: The DataShareHelper is not initialized successfully.
09-10 18:29:44.084  2458  2458 W A01c06/ICON: AppIconWeatherModel --> initWeatherListener, retryTimes: 4
09-10 18:29:44.088  2458  2458 E A01c06/ICON: AppIconWeatherModel --> get weather info failed, code: 15700010, message: The DataShareHelper is not initialized successfully.
09-10 18:29:45.089  2458  2458 W A01c06/ICON: AppIconWeatherModel --> initWeatherListener, retryTimes: 4
09-10 18:29:45.093  2458  2458 E A01c06/ICON: AppIconWeatherModel --> get weather info failed, code: 15700010, message: The DataShareHelper is not initialized successfully.
09-10 18:29:46.095  2458  2458 W A01c06/ICON: AppIconWeatherModel --> initWeatherListener, retryTimes: 4
09-10 18:29:46.100  2458  2458 E A01c06/ICON: AppIconWeatherModel --> get weather info failed, code: 15700010, message: The DataShareHelper is not initialized successfully.
09-10 18:29:47.102  2458  2458 W A01c06/ICON: AppIconWeatherModel --> initWeatherListener, retryTimes: 4
09-10 18:29:47.106  2458  2458 E A01c06/ICON: AppIconWeatherModel --> get weather info failed, code: 15700010, message: The DataShareHelper is not initialized successfully.
09-10 18:29:48.112  2458  2458 W A01c06/ICON: AppIconWeatherModel --> initWeatherListener, retryTimes: 4
09-10 18:29:48.117  2458  2458 E A01c06/ICON: AppIconWeatherModel --> get weather info failed, code: 15700010, message: The DataShareHelper is not initialized successfully.
09-10 18:29:49.119  2458  2458 W A01c06/ICON: AppIconWeatherModel --> initWeatherListener, retryTimes: 4
09-10 18:29:49.122  2458  2458 E A01c06/ICON: AppIconWeatherModel --> get weather info failed, code: 15700010, message: The DataShareHelper is not initialized successfully.
09-10 18:29:50.123  2458  2458 W A01c06/ICON: AppIconWeatherModel --> initWeatherListener, retryTimes: 4
09-10 18:29:50.127  2458  2458 E A01c06/ICON: AppIconWeatherModel --> get weather info failed, code: 15700010, message: The DataShareHelper is not initialized successfully.
09-10 18:29:51.130  2458  2458 W A01c06/ICON: AppIconWeatherModel --> initWeatherListener, retryTimes: 4
09-10 18:29:51.135  2458  2458 E A01c06/ICON: AppIconWeatherModel --> get weather info failed, code: 15700010, message: The DataShareHelper is not initialized successfully.
09-10 18:29:52.139  2458  2458 W A01c06/ICON: AppIconWeatherModel --> initWeatherListener, retryTimes: 4
09-10 18:29:52.144  2458  2458 E A01c06/ICON: AppIconWeatherModel --> get weather info failed, code: 15700010, message: The DataShareHelper is not initialized successfully.
09-10 18:29:53.152  2458  2458 W A01c06/ICON: AppIconWeatherModel --> initWeatherListener, retryTimes: 4
09-10 18:29:53.156  2458  2458 E A01c06/ICON: AppIconWeatherModel --> get weather info failed, code: 15700010, message: The DataShareHelper is not initialized successfully.
09-10 18:29:54.160  2458  2458 W A01c06/ICON: AppIconWeatherModel --> initWeatherListener, retryTimes: 4
09-10 18:29:54.162  2458  2458 E A01c06/ICON: AppIconWeatherModel --> get weather info failed, code: 15700010, message: The DataShareHelper is not initialized successfully.
09-10 18:29:55.166  2458  2458 W A01c06/ICON: AppIconWeatherModel --> initWeatherListener, retryTimes: 4
09-10 18:29:55.170  2458  2458 E A01c06/ICON: AppIconWeatherModel --> get weather info failed, code: 15700010, message: The DataShareHelper is not initialized successfully.
09-10 18:29:56.172  2458  2458 W A01c06/ICON: AppIconWeatherModel --> initWeatherListener, retryTimes: 4
09-10 18:29:56.176  2458  2458 E A01c06/ICON: AppIconWeatherModel --> get weather info failed, code: 15700010, message: The DataShareHelper is not initialized successfully.
09-10 18:29:57.182  2458  2458 W A01c06/ICON: AppIconWeatherModel --> initWeatherListener, retryTimes: 4
09-10 18:29:57.186  2458  2458 E A01c06/ICON: AppIconWeatherModel --> get weather info failed, code: 15700010, message: The DataShareHelper is not initialized successfully.
09-10 18:29:58.189  2458  2458 W A01c06/ICON: AppIconWeatherModel --> initWeatherListener, retryTimes: 4
09-10 18:29:58.194  2458  2458 E A01c06/ICON: AppIconWeatherModel --> get weather info failed, code: 15700010, message: The DataShareHelper is not initialized successfully.
09-10 18:29:59.196  2458  2458 W A01c06/ICON: AppIconWeatherModel --> initWeatherListener, retryTimes: 4
09-10 18:29:59.200  2458  2458 E A01c06/ICON: AppIconWeatherModel --> get weather info failed, code: 15700010, message: The DataShareHelper is not initialized successfully.
09-10 18:30:00.008  2458  2458 I A01a00/SYS_UI: StatisticsMaintenance: report statistics, do not limit
09-10 18:30:00.008  2458  2458 I A01a00/SYS_UI: MaintenanceRecord: Send maintenance event(1), extendType(6), ext: [{"ntfNum":{},"liveViewNum":{},"showPanelTime":[],"queueNum":0,"dropNum":[0,0],"volume":-2,"version":1,"taskException":"","swingStatus":""}]
09-10 18:30:00.009  2458  2458 I A01a01/NC: StatusBarSysEventUtil: onTimeChangeEvent
09-10 18:30:00.009  2458  2458 W A01c06/ICON: AppIconCalendarCache --> receive date change event, nowData: 10, dateText: ,image is transparent: false, image is empty: true
09-10 18:30:00.009  2458  2458 W A01c06/ICON: AppIconCalendarCache --> com.huawei.hmos.calendar is not dynamic icon, bundleName is com.huawei.hmos.calendar
09-10 18:30:00.009  2458  2458 E A01c06/ICON: AppIconCalendarCache --> backgroundImage resource error
09-10 18:30:00.009  2458  2458 E A01c06/ICON: AppIconCalendarCache --> calendarForegroundBuilder is null
09-10 18:30:00.011  2458  2458 I A01a00/SYS_UI: MaintenanceRecord: Send maintenance event(1) to push success
09-10 18:30:00.201  2458  2458 W A01c06/ICON: AppIconWeatherModel --> initWeatherListener, retryTimes: 4
09-10 18:30:00.205  2458  2458 E A01c06/ICON: AppIconWeatherModel --> get weather info failed, code: 15700010, message: The DataShareHelper is not initialized successfully.
09-10 18:30:01.211  2458  2458 W A01c06/ICON: AppIconWeatherModel --> initWeatherListener, retryTimes: 4
09-10 18:30:01.215  2458  2458 E A01c06/ICON: AppIconWeatherModel --> get weather info failed, code: 15700010, message: The DataShareHelper is not initialized successfully.
09-10 18:30:02.222  2458  2458 W A01c06/ICON: AppIconWeatherModel --> initWeatherListener, retryTimes: 4
09-10 18:30:02.224  2458  2458 E A01c06/ICON: AppIconWeatherModel --> get weather info failed, code: 15700010, message: The DataShareHelper is not initialized successfully.
09-10 18:30:03.226  2458  2458 W A01c06/ICON: AppIconWeatherModel --> initWeatherListener, retryTimes: 4
09-10 18:30:03.234  2458  2458 E A01c06/ICON: AppIconWeatherModel --> get weather info failed, code: 15700010, message: The DataShareHelper is not initialized successfully.
09-10 18:30:04.237  2458  2458 W A01c06/ICON: AppIconWeatherModel --> initWeatherListener, retryTimes: 4
09-10 18:30:04.242  2458  2458 E A01c06/ICON: AppIconWeatherModel --> get weather info failed, code: 15700010, message: The DataShareHelper is not initialized successfully.
09-10 18:30:05.244  2458  2458 W A01c06/ICON: AppIconWeatherModel --> initWeatherListener, retryTimes: 4
09-10 18:30:05.246  2458  2458 E A01c06/ICON: AppIconWeatherModel --> get weather info failed, code: 15700010, message: The DataShareHelper is not initialized successfully.
09-10 18:30:06.247  2458  2458 W A01c06/ICON: AppIconWeatherModel --> initWeatherListener, retryTimes: 4
09-10 18:30:06.252  2458  2458 E A01c06/ICON: AppIconWeatherModel --> get weather info failed, code: 15700010, message: The DataShareHelper is not initialized successfully.
09-10 18:30:07.255  2458  2458 W A01c06/ICON: AppIconWeatherModel --> initWeatherListener, retryTimes: 4
09-10 18:30:07.260  2458  2458 E A01c06/ICON: AppIconWeatherModel --> get weather info failed, code: 15700010, message: The DataShareHelper is not initialized successfully.
09-10 18:30:08.264  2458  2458 W A01c06/ICON: AppIconWeatherModel --> initWeatherListener, retryTimes: 4
09-10 18:30:08.266  2458  2458 E A01c06/ICON: AppIconWeatherModel --> get weather info failed, code: 15700010, message: The DataShareHelper is not initialized successfully.
09-10 18:30:09.271  2458  2458 W A01c06/ICON: AppIconWeatherModel --> initWeatherListener, retryTimes: 4
09-10 18:30:09.275  2458  2458 E A01c06/ICON: AppIconWeatherModel --> get weather info failed, code: 15700010, message: The DataShareHelper is not initialized successfully.
09-10 18:30:10.279  2458  2458 W A01c06/ICON: AppIconWeatherModel --> initWeatherListener, retryTimes: 4
09-10 18:30:10.283  2458  2458 E A01c06/ICON: AppIconWeatherModel --> get weather info failed, code: 15700010, message: The DataShareHelper is not initialized successfully.
09-10 18:30:11.288  2458  2458 W A01c06/ICON: AppIconWeatherModel --> initWeatherListener, retryTimes: 4
09-10 18:30:11.291  2458  2458 E A01c06/ICON: AppIconWeatherModel --> get weather info failed, code: 15700010, message: The DataShareHelper is not initialized successfully.
09-10 18:30:12.293  2458  2458 W A01c06/ICON: AppIconWeatherModel --> initWeatherListener, retryTimes: 4
09-10 18:30:12.299  2458  2458 E A01c06/ICON: AppIconWeatherModel --> get weather info failed, code: 15700010, message: The DataShareHelper is not initialized successfully.
09-10 18:30:13.303  2458  2458 W A01c06/ICON: AppIconWeatherModel --> initWeatherListener, retryTimes: 4
09-10 18:30:13.310  2458  2458 E A01c06/ICON: AppIconWeatherModel --> get weather info failed, code: 15700010, message: The DataShareHelper is not initialized successfully.
09-10 18:30:14.312  2458  2458 W A01c06/ICON: AppIconWeatherModel --> initWeatherListener, retryTimes: 4
09-10 18:30:14.315  2458  2458 E A01c06/ICON: AppIconWeatherModel --> get weather info failed, code: 15700010, message: The DataShareHelper is not initialized successfully.
09-10 18:30:15.317  2458  2458 W A01c06/ICON: AppIconWeatherModel --> initWeatherListener, retryTimes: 4
09-10 18:30:15.323  2458  2458 E A01c06/ICON: AppIconWeatherModel --> get weather info failed, code: 15700010, message: The DataShareHelper is not initialized successfully.
09-10 18:30:16.324  2458  2458 W A01c06/ICON: AppIconWeatherModel --> initWeatherListener, retryTimes: 4
09-10 18:30:16.331  2458  2458 E A01c06/ICON: AppIconWeatherModel --> get weather info failed, code: 15700010, message: The DataShareHelper is not initialized successfully.
09-10 18:30:17.333  2458  2458 W A01c06/ICON: AppIconWeatherModel --> initWeatherListener, retryTimes: 4
09-10 18:30:17.336  2458  2458 E A01c06/ICON: AppIconWeatherModel --> get weather info failed, code: 15700010, message: The DataShareHelper is not initialized successfully.
09-10 18:30:18.343  2458  2458 W A01c06/ICON: AppIconWeatherModel --> initWeatherListener, retryTimes: 4
09-10 18:30:18.351  2458  2458 E A01c06/ICON: AppIconWeatherModel --> get weather info failed, code: 15700010, message: The DataShareHelper is not initialized successfully.
09-10 18:30:19.356  2458  2458 W A01c06/ICON: AppIconWeatherModel --> initWeatherListener, retryTimes: 4
09-10 18:30:19.363  2458  2458 E A01c06/ICON: AppIconWeatherModel --> get weather info failed, code: 15700010, message: The DataShareHelper is not initialized successfully.
09-10 18:30:20.374  2458  2458 W A01c06/ICON: AppIconWeatherModel --> initWeatherListener, retryTimes: 4
09-10 18:30:20.381  2458  2458 E A01c06/ICON: AppIconWeatherModel --> get weather info failed, code: 15700010, message: The DataShareHelper is not initialized successfully.
09-10 18:30:21.384  2458  2458 W A01c06/ICON: AppIconWeatherModel --> initWeatherListener, retryTimes: 4
09-10 18:30:21.392  2458  2458 E A01c06/ICON: AppIconWeatherModel --> get weather info failed, code: 15700010, message: The DataShareHelper is not initialized successfully.
09-10 18:30:22.397  2458  2458 W A01c06/ICON: AppIconWeatherModel --> initWeatherListener, retryTimes: 4
09-10 18:30:22.401  2458  2458 E A01c06/ICON: AppIconWeatherModel --> get weather info failed, code: 15700010, message: The DataShareHelper is not initialized successfully.
09-10 18:30:23.403  2458  2458 W A01c06/ICON: AppIconWeatherModel --> initWeatherListener, retryTimes: 4
09-10 18:30:23.407  2458  2458 E A01c06/ICON: AppIconWeatherModel --> get weather info failed, code: 15700010, message: The DataShareHelper is not initialized successfully.
09-10 18:30:24.408  2458  2458 W A01c06/ICON: AppIconWeatherModel --> initWeatherListener, retryTimes: 4
09-10 18:30:24.414  2458  2458 E A01c06/ICON: AppIconWeatherModel --> get weather info failed, code: 15700010, message: The DataShareHelper is not initialized successfully.
09-10 18:30:25.416  2458  2458 W A01c06/ICON: AppIconWeatherModel --> initWeatherListener, retryTimes: 4
09-10 18:30:25.421  2458  2458 E A01c06/ICON: AppIconWeatherModel --> get weather info failed, code: 15700010, message: The DataShareHelper is not initialized successfully.
09-10 18:30:26.422  2458  2458 W A01c06/ICON: AppIconWeatherModel --> initWeatherListener, retryTimes: 4
09-10 18:30:26.426  2458  2458 E A01c06/ICON: AppIconWeatherModel --> get weather info failed, code: 15700010, message: The DataShareHelper is not initialized successfully.
09-10 18:30:27.435  2458  2458 W A01c06/ICON: AppIconWeatherModel --> initWeatherListener, retryTimes: 4
09-10 18:30:27.444  2458  2458 E A01c06/ICON: AppIconWeatherModel --> get weather info failed, code: 15700010, message: The DataShareHelper is not initialized successfully.
09-10 18:30:28.446  2458  2458 W A01c06/ICON: AppIconWeatherModel --> initWeatherListener, retryTimes: 4
09-10 18:30:28.451  2458  2458 E A01c06/ICON: AppIconWeatherModel --> get weather info failed, code: 15700010, message: The DataShareHelper is not initialized successfully.
09-10 18:30:29.458  2458  2458 W A01c06/ICON: AppIconWeatherModel --> initWeatherListener, retryTimes: 4
09-10 18:30:29.463  2458  2458 E A01c06/ICON: AppIconWeatherModel --> get weather info failed, code: 15700010, message: The DataShareHelper is not initialized successfully.
09-10 18:30:30.467  2458  2458 W A01c06/ICON: AppIconWeatherModel --> initWeatherListener, retryTimes: 4
09-10 18:30:30.472  2458  2458 E A01c06/ICON: AppIconWeatherModel --> get weather info failed, code: 15700010, message: The DataShareHelper is not initialized successfully.
09-10 18:30:31.477  2458  2458 W A01c06/ICON: AppIconWeatherModel --> initWeatherListener, retryTimes: 4
09-10 18:30:31.481  2458  2458 E A01c06/ICON: AppIconWeatherModel --> get weather info failed, code: 15700010, message: The DataShareHelper is not initialized successfully.
09-10 18:30:32.483  2458  2458 W A01c06/ICON: AppIconWeatherModel --> initWeatherListener, retryTimes: 4
09-10 18:30:32.487  2458  2458 E A01c06/ICON: AppIconWeatherModel --> get weather info failed, code: 15700010, message: The DataShareHelper is not initialized successfully.
09-10 18:30:33.489  2458  2458 W A01c06/ICON: AppIconWeatherModel --> initWeatherListener, retryTimes: 4
09-10 18:30:33.493  2458  2458 E A01c06/ICON: AppIconWeatherModel --> get weather info failed, code: 15700010, message: The DataShareHelper is not initialized successfully.
09-10 18:30:34.497  2458  2458 W A01c06/ICON: AppIconWeatherModel --> initWeatherListener, retryTimes: 4
09-10 18:30:34.501  2458  2458 E A01c06/ICON: AppIconWeatherModel --> get weather info failed, code: 15700010, message: The DataShareHelper is not initialized successfully.
09-10 18:30:35.510  2458  2458 W A01c06/ICON: AppIconWeatherModel --> initWeatherListener, retryTimes: 4
09-10 18:30:35.514  2458  2458 E A01c06/ICON: AppIconWeatherModel --> get weather info failed, code: 15700010, message: The DataShareHelper is not initialized successfully.
09-10 18:30:36.517  2458  2458 W A01c06/ICON: AppIconWeatherModel --> initWeatherListener, retryTimes: 4
09-10 18:30:36.524  2458  2458 E A01c06/ICON: AppIconWeatherModel --> get weather info failed, code: 15700010, message: The DataShareHelper is not initialized successfully.
09-10 18:30:37.534  2458  2458 W A01c06/ICON: AppIconWeatherModel --> initWeatherListener, retryTimes: 4
09-10 18:30:37.542  2458  2458 E A01c06/ICON: AppIconWeatherModel --> get weather info failed, code: 15700010, message: The DataShareHelper is not initialized successfully.
09-10 18:30:38.544  2458  2458 W A01c06/ICON: AppIconWeatherModel --> initWeatherListener, retryTimes: 4
09-10 18:30:38.548  2458  2458 E A01c06/ICON: AppIconWeatherModel --> get weather info failed, code: 15700010, message: The DataShareHelper is not initialized successfully.
09-10 18:30:39.550  2458  2458 W A01c06/ICON: AppIconWeatherModel --> initWeatherListener, retryTimes: 4
09-10 18:30:39.557  2458  2458 E A01c06/ICON: AppIconWeatherModel --> get weather info failed, code: 15700010, message: The DataShareHelper is not initialized successfully.
09-10 18:30:40.558  2458  2458 W A01c06/ICON: AppIconWeatherModel --> initWeatherListener, retryTimes: 4
09-10 18:30:40.563  2458  2458 E A01c06/ICON: AppIconWeatherModel --> get weather info failed, code: 15700010, message: The DataShareHelper is not initialized successfully.
09-10 18:30:41.564  2458  2458 W A01c06/ICON: AppIconWeatherModel --> initWeatherListener, retryTimes: 4
09-10 18:30:41.567  2458  2458 E A01c06/ICON: AppIconWeatherModel --> get weather info failed, code: 15700010, message: The DataShareHelper is not initialized successfully.
09-10 18:30:42.568  2458  2458 W A01c06/ICON: AppIconWeatherModel --> initWeatherListener, retryTimes: 4
09-10 18:30:42.573  2458  2458 E A01c06/ICON: AppIconWeatherModel --> get weather info failed, code: 15700010, message: The DataShareHelper is not initialized successfully.
09-10 18:30:43.580  2458  2458 W A01c06/ICON: AppIconWeatherModel --> initWeatherListener, retryTimes: 4
09-10 18:30:43.584  2458  2458 E A01c06/ICON: AppIconWeatherModel --> get weather info failed, code: 15700010, message: The DataShareHelper is not initialized successfully.
09-10 18:30:44.586  2458  2458 W A01c06/ICON: AppIconWeatherModel --> initWeatherListener, retryTimes: 4
09-10 18:30:44.590  2458  2458 E A01c06/ICON: AppIconWeatherModel --> get weather info failed, code: 15700010, message: The DataShareHelper is not initialized successfully.
09-10 18:30:45.592  2458  2458 W A01c06/ICON: AppIconWeatherModel --> initWeatherListener, retryTimes: 4
09-10 18:30:45.596  2458  2458 E A01c06/ICON: AppIconWeatherModel --> get weather info failed, code: 15700010, message: The DataShareHelper is not initialized successfully.
09-10 18:30:46.599  2458  2458 W A01c06/ICON: AppIconWeatherModel --> initWeatherListener, retryTimes: 4
09-10 18:30:46.601  2458  2458 E A01c06/ICON: AppIconWeatherModel --> get weather info failed, code: 15700010, message: The DataShareHelper is not initialized successfully.
09-10 18:30:47.604  2458  2458 W A01c06/ICON: AppIconWeatherModel --> initWeatherListener, retryTimes: 4
09-10 18:30:47.609  2458  2458 E A01c06/ICON: AppIconWeatherModel --> get weather info failed, code: 15700010, message: The DataShareHelper is not initialized successfully.
09-10 18:30:48.610  2458  2458 W A01c06/ICON: AppIconWeatherModel --> initWeatherListener, retryTimes: 4
09-10 18:30:48.615  2458  2458 E A01c06/ICON: AppIconWeatherModel --> get weather info failed, code: 15700010, message: The DataShareHelper is not initialized successfully.
09-10 18:30:49.620  2458  2458 W A01c06/ICON: AppIconWeatherModel --> initWeatherListener, retryTimes: 4
09-10 18:30:49.624  2458  2458 E A01c06/ICON: AppIconWeatherModel --> get weather info failed, code: 15700010, message: The DataShareHelper is not initialized successfully.
09-10 18:30:50.626  2458  2458 W A01c06/ICON: AppIconWeatherModel --> initWeatherListener, retryTimes: 4
09-10 18:30:50.630  2458  2458 E A01c06/ICON: AppIconWeatherModel --> get weather info failed, code: 15700010, message: The DataShareHelper is not initialized successfully.
09-10 18:30:51.632  2458  2458 W A01c06/ICON: AppIconWeatherModel --> initWeatherListener, retryTimes: 4
09-10 18:30:51.634  2458  2458 E A01c06/ICON: AppIconWeatherModel --> get weather info failed, code: 15700010, message: The DataShareHelper is not initialized successfully.
09-10 18:30:52.643  2458  2458 W A01c06/ICON: AppIconWeatherModel --> initWeatherListener, retryTimes: 4
09-10 18:30:52.649  2458  2458 E A01c06/ICON: AppIconWeatherModel --> get weather info failed, code: 15700010, message: The DataShareHelper is not initialized successfully.
09-10 18:30:53.650  2458  2458 W A01c06/ICON: AppIconWeatherModel --> initWeatherListener, retryTimes: 4
09-10 18:30:53.654  2458  2458 E A01c06/ICON: AppIconWeatherModel --> get weather info failed, code: 15700010, message: The DataShareHelper is not initialized successfully.
09-10 18:30:54.658  2458  2458 W A01c06/ICON: AppIconWeatherModel --> initWeatherListener, retryTimes: 4
09-10 18:30:54.664  2458  2458 E A01c06/ICON: AppIconWeatherModel --> get weather info failed, code: 15700010, message: The DataShareHelper is not initialized successfully.
09-10 18:30:55.666  2458  2458 W A01c06/ICON: AppIconWeatherModel --> initWeatherListener, retryTimes: 4
09-10 18:30:55.670  2458  2458 E A01c06/ICON: AppIconWeatherModel --> get weather info failed, code: 15700010, message: The DataShareHelper is not initialized successfully.
09-10 18:30:56.671  2458  2458 W A01c06/ICON: AppIconWeatherModel --> initWeatherListener, retryTimes: 4
09-10 18:30:56.673  2458  2458 E A01c06/ICON: AppIconWeatherModel --> get weather info failed, code: 15700010, message: The DataShareHelper is not initialized successfully.
09-10 18:30:57.675  2458  2458 W A01c06/ICON: AppIconWeatherModel --> initWeatherListener, retryTimes: 4
09-10 18:30:57.679  2458  2458 E A01c06/ICON: AppIconWeatherModel --> get weather info failed, code: 15700010, message: The DataShareHelper is not initialized successfully.
09-10 18:30:58.679  2458  2458 W A01c06/ICON: AppIconWeatherModel --> initWeatherListener, retryTimes: 4
09-10 18:30:58.684  2458  2458 E A01c06/ICON: AppIconWeatherModel --> get weather info failed, code: 15700010, message: The DataShareHelper is not initialized successfully.
09-10 18:30:59.684  2458  2458 W A01c06/ICON: AppIconWeatherModel --> initWeatherListener, retryTimes: 4
09-10 18:30:59.689  2458  2458 E A01c06/ICON: AppIconWeatherModel --> get weather info failed, code: 15700010, message: The DataShareHelper is not initialized successfully.
09-10 18:31:00.004  2458  2458 I A01a01/NC: StatusBarSysEventUtil: onTimeChangeEvent
09-10 18:31:00.004  2458  2458 W A01c06/ICON: AppIconCalendarCache --> receive date change event, nowData: 10, dateText: ,image is transparent: false, image is empty: true
09-10 18:31:00.004  2458  2458 W A01c06/ICON: AppIconCalendarCache --> com.huawei.hmos.calendar is not dynamic icon, bundleName is com.huawei.hmos.calendar
09-10 18:31:00.004  2458  2458 E A01c06/ICON: AppIconCalendarCache --> backgroundImage resource error
09-10 18:31:00.004  2458  2458 E A01c06/ICON: AppIconCalendarCache --> calendarForegroundBuilder is null
09-10 18:31:00.691  2458  2458 W A01c06/ICON: AppIconWeatherModel --> initWeatherListener, retryTimes: 4
09-10 18:31:00.695  2458  2458 E A01c06/ICON: AppIconWeatherModel --> get weather info failed, code: 15700010, message: The DataShareHelper is not initialized successfully.
09-10 18:31:01.696  2458  2458 W A01c06/ICON: AppIconWeatherModel --> initWeatherListener, retryTimes: 4
09-10 18:31:01.699  2458  2458 E A01c06/ICON: AppIconWeatherModel --> get weather info failed, code: 15700010, message: The DataShareHelper is not initialized successfully.
09-10 18:31:02.702  2458  2458 W A01c06/ICON: AppIconWeatherModel --> initWeatherListener, retryTimes: 4
09-10 18:31:02.705  2458  2458 E A01c06/ICON: AppIconWeatherModel --> get weather info failed, code: 15700010, message: The DataShareHelper is not initialized successfully.
09-10 18:31:03.707  2458  2458 W A01c06/ICON: AppIconWeatherModel --> initWeatherListener, retryTimes: 4
09-10 18:31:03.712  2458  2458 E A01c06/ICON: AppIconWeatherModel --> get weather info failed, code: 15700010, message: The DataShareHelper is not initialized successfully.
09-10 18:31:04.714  2458  2458 W A01c06/ICON: AppIconWeatherModel --> initWeatherListener, retryTimes: 4
09-10 18:31:04.719  2458  2458 E A01c06/ICON: AppIconWeatherModel --> get weather info failed, code: 15700010, message: The DataShareHelper is not initialized successfully.
09-10 18:31:05.726  2458  2458 W A01c06/ICON: AppIconWeatherModel --> initWeatherListener, retryTimes: 4
09-10 18:31:05.730  2458  2458 E A01c06/ICON: AppIconWeatherModel --> get weather info failed, code: 15700010, message: The DataShareHelper is not initialized successfully.
09-10 18:31:06.733  2458  2458 W A01c06/ICON: AppIconWeatherModel --> initWeatherListener, retryTimes: 4
09-10 18:31:06.736  2458  2458 E A01c06/ICON: AppIconWeatherModel --> get weather info failed, code: 15700010, message: The DataShareHelper is not initialized successfully.
09-10 18:31:07.738  2458  2458 W A01c06/ICON: AppIconWeatherModel --> initWeatherListener, retryTimes: 4
09-10 18:31:07.743  2458  2458 E A01c06/ICON: AppIconWeatherModel --> get weather info failed, code: 15700010, message: The DataShareHelper is not initialized successfully.
09-10 18:31:08.748  2458  2458 W A01c06/ICON: AppIconWeatherModel --> initWeatherListener, retryTimes: 4
09-10 18:31:08.754  2458  2458 E A01c06/ICON: AppIconWeatherModel --> get weather info failed, code: 15700010, message: The DataShareHelper is not initialized successfully.
09-10 18:31:09.764  2458  2458 W A01c06/ICON: AppIconWeatherModel --> initWeatherListener, retryTimes: 4
09-10 18:31:09.771  2458  2458 E A01c06/ICON: AppIconWeatherModel --> get weather info failed, code: 15700010, message: The DataShareHelper is not initialized successfully.
09-10 18:31:10.772  2458  2458 W A01c06/ICON: AppIconWeatherModel --> initWeatherListener, retryTimes: 4
09-10 18:31:10.776  2458  2458 E A01c06/ICON: AppIconWeatherModel --> get weather info failed, code: 15700010, message: The DataShareHelper is not initialized successfully.
09-10 18:31:11.779  2458  2458 W A01c06/ICON: AppIconWeatherModel --> initWeatherListener, retryTimes: 4
09-10 18:31:11.782  2458  2458 E A01c06/ICON: AppIconWeatherModel --> get weather info failed, code: 15700010, message: The DataShareHelper is not initialized successfully.
09-10 18:31:12.785  2458  2458 W A01c06/ICON: AppIconWeatherModel --> initWeatherListener, retryTimes: 4
09-10 18:31:12.789  2458  2458 E A01c06/ICON: AppIconWeatherModel --> get weather info failed, code: 15700010, message: The DataShareHelper is not initialized successfully.
09-10 18:31:13.790  2458  2458 W A01c06/ICON: AppIconWeatherModel --> initWeatherListener, retryTimes: 4
09-10 18:31:13.794  2458  2458 E A01c06/ICON: AppIconWeatherModel --> get weather info failed, code: 15700010, message: The DataShareHelper is not initialized successfully.
09-10 18:31:14.798  2458  2458 W A01c06/ICON: AppIconWeatherModel --> initWeatherListener, retryTimes: 4
09-10 18:31:14.802  2458  2458 E A01c06/ICON: AppIconWeatherModel --> get weather info failed, code: 15700010, message: The DataShareHelper is not initialized successfully.
09-10 18:31:15.812  2458  2458 W A01c06/ICON: AppIconWeatherModel --> initWeatherListener, retryTimes: 4
09-10 18:31:15.815  2458  2458 E A01c06/ICON: AppIconWeatherModel --> get weather info failed, code: 15700010, message: The DataShareHelper is not initialized successfully.
09-10 18:31:16.819  2458  2458 W A01c06/ICON: AppIconWeatherModel --> initWeatherListener, retryTimes: 4
09-10 18:31:16.820  2458  2458 E A01c06/ICON: AppIconWeatherModel --> get weather info failed, code: 15700010, message: The DataShareHelper is not initialized successfully.
09-10 18:31:17.823  2458  2458 W A01c06/ICON: AppIconWeatherModel --> initWeatherListener, retryTimes: 4
09-10 18:31:17.825  2458  2458 E A01c06/ICON: AppIconWeatherModel --> get weather info failed, code: 15700010, message: The DataShareHelper is not initialized successfully.
09-10 18:31:18.828  2458  2458 W A01c06/ICON: AppIconWeatherModel --> initWeatherListener, retryTimes: 4
09-10 18:31:18.831  2458  2458 E A01c06/ICON: AppIconWeatherModel --> get weather info failed, code: 15700010, message: The DataShareHelper is not initialized successfully.
09-10 18:31:19.833  2458  2458 W A01c06/ICON: AppIconWeatherModel --> initWeatherListener, retryTimes: 4
09-10 18:31:19.837  2458  2458 E A01c06/ICON: AppIconWeatherModel --> get weather info failed, code: 15700010, message: The DataShareHelper is not initialized successfully.
09-10 18:31:20.841  2458  2458 W A01c06/ICON: AppIconWeatherModel --> initWeatherListener, retryTimes: 4
09-10 18:31:20.843  2458  2458 E A01c06/ICON: AppIconWeatherModel --> get weather info failed, code: 15700010, message: The DataShareHelper is not initialized successfully.
09-10 18:31:21.846  2458  2458 W A01c06/ICON: AppIconWeatherModel --> initWeatherListener, retryTimes: 4
09-10 18:31:21.848  2458  2458 E A01c06/ICON: AppIconWeatherModel --> get weather info failed, code: 15700010, message: The DataShareHelper is not initialized successfully.
09-10 18:31:22.849  2458  2458 W A01c06/ICON: AppIconWeatherModel --> initWeatherListener, retryTimes: 4
09-10 18:31:22.851  2458  2458 E A01c06/ICON: AppIconWeatherModel --> get weather info failed, code: 15700010, message: The DataShareHelper is not initialized successfully.
09-10 18:31:23.853  2458  2458 W A01c06/ICON: AppIconWeatherModel --> initWeatherListener, retryTimes: 4
09-10 18:31:23.855  2458  2458 E A01c06/ICON: AppIconWeatherModel --> get weather info failed, code: 15700010, message: The DataShareHelper is not initialized successfully.
09-10 18:31:24.856  2458  2458 W A01c06/ICON: AppIconWeatherModel --> initWeatherListener, retryTimes: 4
09-10 18:31:24.859  2458  2458 E A01c06/ICON: AppIconWeatherModel --> get weather info failed, code: 15700010, message: The DataShareHelper is not initialized successfully.
09-10 18:31:25.861  2458  2458 W A01c06/ICON: AppIconWeatherModel --> initWeatherListener, retryTimes: 4
09-10 18:31:25.863  2458  2458 E A01c06/ICON: AppIconWeatherModel --> get weather info failed, code: 15700010, message: The DataShareHelper is not initialized successfully.
09-10 18:31:26.866  2458  2458 W A01c06/ICON: AppIconWeatherModel --> initWeatherListener, retryTimes: 4
09-10 18:31:26.868  2458  2458 E A01c06/ICON: AppIconWeatherModel --> get weather info failed, code: 15700010, message: The DataShareHelper is not initialized successfully.
09-10 18:31:27.869  2458  2458 W A01c06/ICON: AppIconWeatherModel --> initWeatherListener, retryTimes: 4
09-10 18:31:27.871  2458  2458 E A01c06/ICON: AppIconWeatherModel --> get weather info failed, code: 15700010, message: The DataShareHelper is not initialized successfully.
09-10 18:31:28.873  2458  2458 W A01c06/ICON: AppIconWeatherModel --> initWeatherListener, retryTimes: 4
09-10 18:31:28.875  2458  2458 E A01c06/ICON: AppIconWeatherModel --> get weather info failed, code: 15700010, message: The DataShareHelper is not initialized successfully.
09-10 18:31:29.879  2458  2458 W A01c06/ICON: AppIconWeatherModel --> initWeatherListener, retryTimes: 4
09-10 18:31:29.881  2458  2458 E A01c06/ICON: AppIconWeatherModel --> get weather info failed, code: 15700010, message: The DataShareHelper is not initialized successfully.
09-10 18:31:30.884  2458  2458 W A01c06/ICON: AppIconWeatherModel --> initWeatherListener, retryTimes: 4
09-10 18:31:30.888  2458  2458 E A01c06/ICON: AppIconWeatherModel --> get weather info failed, code: 15700010, message: The DataShareHelper is not initialized successfully.
09-10 18:31:31.889  2458  2458 W A01c06/ICON: AppIconWeatherModel --> initWeatherListener, retryTimes: 4
09-10 18:31:31.891  2458  2458 E A01c06/ICON: AppIconWeatherModel --> get weather info failed, code: 15700010, message: The DataShareHelper is not initialized successfully.
09-10 18:31:32.891  2458  2458 W A01c06/ICON: AppIconWeatherModel --> initWeatherListener, retryTimes: 4
09-10 18:31:32.893  2458  2458 E A01c06/ICON: AppIconWeatherModel --> get weather info failed, code: 15700010, message: The DataShareHelper is not initialized successfully.
09-10 18:31:33.897  2458  2458 W A01c06/ICON: AppIconWeatherModel --> initWeatherListener, retryTimes: 4
09-10 18:31:33.901  2458  2458 E A01c06/ICON: AppIconWeatherModel --> get weather info failed, code: 15700010, message: The DataShareHelper is not initialized successfully.
09-10 18:31:34.904  2458  2458 W A01c06/ICON: AppIconWeatherModel --> initWeatherListener, retryTimes: 4
09-10 18:31:34.906  2458  2458 E A01c06/ICON: AppIconWeatherModel --> get weather info failed, code: 15700010, message: The DataShareHelper is not initialized successfully.
09-10 18:31:35.908  2458  2458 W A01c06/ICON: AppIconWeatherModel --> initWeatherListener, retryTimes: 4
09-10 18:31:35.910  2458  2458 E A01c06/ICON: AppIconWeatherModel --> get weather info failed, code: 15700010, message: The DataShareHelper is not initialized successfully.
09-10 18:31:36.912  2458  2458 W A01c06/ICON: AppIconWeatherModel --> initWeatherListener, retryTimes: 4
09-10 18:31:36.914  2458  2458 E A01c06/ICON: AppIconWeatherModel --> get weather info failed, code: 15700010, message: The DataShareHelper is not initialized successfully.
09-10 18:31:37.914  2458  2458 W A01c06/ICON: AppIconWeatherModel --> initWeatherListener, retryTimes: 4
09-10 18:31:37.917  2458  2458 E A01c06/ICON: AppIconWeatherModel --> get weather info failed, code: 15700010, message: The DataShareHelper is not initialized successfully.
09-10 18:31:38.920  2458  2458 W A01c06/ICON: AppIconWeatherModel --> initWeatherListener, retryTimes: 4
09-10 18:31:38.922  2458  2458 E A01c06/ICON: AppIconWeatherModel --> get weather info failed, code: 15700010, message: The DataShareHelper is not initialized successfully.
09-10 18:31:39.925  2458  2458 W A01c06/ICON: AppIconWeatherModel --> initWeatherListener, retryTimes: 4
09-10 18:31:39.927  2458  2458 E A01c06/ICON: AppIconWeatherModel --> get weather info failed, code: 15700010, message: The DataShareHelper is not initialized successfully.
09-10 18:31:40.930  2458  2458 W A01c06/ICON: AppIconWeatherModel --> initWeatherListener, retryTimes: 4
09-10 18:31:40.933  2458  2458 E A01c06/ICON: AppIconWeatherModel --> get weather info failed, code: 15700010, message: The DataShareHelper is not initialized successfully.
09-10 18:31:41.936  2458  2458 W A01c06/ICON: AppIconWeatherModel --> initWeatherListener, retryTimes: 4
09-10 18:31:41.939  2458  2458 E A01c06/ICON: AppIconWeatherModel --> get weather info failed, code: 15700010, message: The DataShareHelper is not initialized successfully.
09-10 18:31:42.941  2458  2458 W A01c06/ICON: AppIconWeatherModel --> initWeatherListener, retryTimes: 4
09-10 18:31:42.944  2458  2458 E A01c06/ICON: AppIconWeatherModel --> get weather info failed, code: 15700010, message: The DataShareHelper is not initialized successfully.
09-10 18:31:43.947  2458  2458 W A01c06/ICON: AppIconWeatherModel --> initWeatherListener, retryTimes: 4
09-10 18:31:43.949  2458  2458 E A01c06/ICON: AppIconWeatherModel --> get weather info failed, code: 15700010, message: The DataShareHelper is not initialized successfully.
09-10 18:31:44.951  2458  2458 W A01c06/ICON: AppIconWeatherModel --> initWeatherListener, retryTimes: 4
09-10 18:31:44.953  2458  2458 E A01c06/ICON: AppIconWeatherModel --> get weather info failed, code: 15700010, message: The DataShareHelper is not initialized successfully.
09-10 18:31:45.957  2458  2458 W A01c06/ICON: AppIconWeatherModel --> initWeatherListener, retryTimes: 4
09-10 18:31:45.960  2458  2458 E A01c06/ICON: AppIconWeatherModel --> get weather info failed, code: 15700010, message: The DataShareHelper is not initialized successfully.
09-10 18:31:46.962  2458  2458 W A01c06/ICON: AppIconWeatherModel --> initWeatherListener, retryTimes: 4
09-10 18:31:46.965  2458  2458 E A01c06/ICON: AppIconWeatherModel --> get weather info failed, code: 15700010, message: The DataShareHelper is not initialized successfully.
09-10 18:31:47.967  2458  2458 W A01c06/ICON: AppIconWeatherModel --> initWeatherListener, retryTimes: 4
09-10 18:31:47.971  2458  2458 E A01c06/ICON: AppIconWeatherModel --> get weather info failed, code: 15700010, message: The DataShareHelper is not initialized successfully.
09-10 18:31:48.974  2458  2458 W A01c06/ICON: AppIconWeatherModel --> initWeatherListener, retryTimes: 4
09-10 18:31:48.977  2458  2458 E A01c06/ICON: AppIconWeatherModel --> get weather info failed, code: 15700010, message: The DataShareHelper is not initialized successfully.
09-10 18:31:49.978  2458  2458 W A01c06/ICON: AppIconWeatherModel --> initWeatherListener, retryTimes: 4
09-10 18:31:49.981  2458  2458 E A01c06/ICON: AppIconWeatherModel --> get weather info failed, code: 15700010, message: The DataShareHelper is not initialized successfully.
09-10 18:31:50.984  2458  2458 W A01c06/ICON: AppIconWeatherModel --> initWeatherListener, retryTimes: 4
09-10 18:31:50.987  2458  2458 E A01c06/ICON: AppIconWeatherModel --> get weather info failed, code: 15700010, message: The DataShareHelper is not initialized successfully.
09-10 18:31:51.988  2458  2458 W A01c06/ICON: AppIconWeatherModel --> initWeatherListener, retryTimes: 4
09-10 18:31:51.990  2458  2458 E A01c06/ICON: AppIconWeatherModel --> get weather info failed, code: 15700010, message: The DataShareHelper is not initialized successfully.
09-10 18:31:52.992  2458  2458 W A01c06/ICON: AppIconWeatherModel --> initWeatherListener, retryTimes: 4
09-10 18:31:52.993  2458  2458 E A01c06/ICON: AppIconWeatherModel --> get weather info failed, code: 15700010, message: The DataShareHelper is not initialized successfully.
09-10 18:31:53.995  2458  2458 W A01c06/ICON: AppIconWeatherModel --> initWeatherListener, retryTimes: 4
09-10 18:31:54.000  2458  2458 E A01c06/ICON: AppIconWeatherModel --> get weather info failed, code: 15700010, message: The DataShareHelper is not initialized successfully.
09-10 18:31:55.001  2458  2458 W A01c06/ICON: AppIconWeatherModel --> initWeatherListener, retryTimes: 4
09-10 18:31:55.004  2458  2458 E A01c06/ICON: AppIconWeatherModel --> get weather info failed, code: 15700010, message: The DataShareHelper is not initialized successfully.
09-10 18:31:56.005  2458  2458 W A01c06/ICON: AppIconWeatherModel --> initWeatherListener, retryTimes: 4
09-10 18:31:56.009  2458  2458 E A01c06/ICON: AppIconWeatherModel --> get weather info failed, code: 15700010, message: The DataShareHelper is not initialized successfully.
09-10 18:31:57.012  2458  2458 W A01c06/ICON: AppIconWeatherModel --> initWeatherListener, retryTimes: 4
09-10 18:31:57.014  2458  2458 E A01c06/ICON: AppIconWeatherModel --> get weather info failed, code: 15700010, message: The DataShareHelper is not initialized successfully.
09-10 18:31:58.018  2458  2458 W A01c06/ICON: AppIconWeatherModel --> initWeatherListener, retryTimes: 4
09-10 18:31:58.022  2458  2458 E A01c06/ICON: AppIconWeatherModel --> get weather info failed, code: 15700010, message: The DataShareHelper is not initialized successfully.
09-10 18:31:59.024  2458  2458 W A01c06/ICON: AppIconWeatherModel --> initWeatherListener, retryTimes: 4
09-10 18:31:59.028  2458  2458 E A01c06/ICON: AppIconWeatherModel --> get weather info failed, code: 15700010, message: The DataShareHelper is not initialized successfully.
09-10 18:32:00.006  2458  2458 I A01a01/NC: StatusBarSysEventUtil: onTimeChangeEvent
09-10 18:32:00.007  2458  2458 W A01c06/ICON: AppIconCalendarCache --> receive date change event, nowData: 10, dateText: ,image is transparent: false, image is empty: true
09-10 18:32:00.007  2458  2458 W A01c06/ICON: AppIconCalendarCache --> com.huawei.hmos.calendar is not dynamic icon, bundleName is com.huawei.hmos.calendar
09-10 18:32:00.007  2458  2458 E A01c06/ICON: AppIconCalendarCache --> backgroundImage resource error
09-10 18:32:00.007  2458  2458 E A01c06/ICON: AppIconCalendarCache --> calendarForegroundBuilder is null
09-10 18:32:00.029  2458  2458 W A01c06/ICON: AppIconWeatherModel --> initWeatherListener, retryTimes: 4
09-10 18:32:00.032  2458  2458 E A01c06/ICON: AppIconWeatherModel --> get weather info failed, code: 15700010, message: The DataShareHelper is not initialized successfully.
09-10 18:32:01.037  2458  2458 W A01c06/ICON: AppIconWeatherModel --> initWeatherListener, retryTimes: 4
09-10 18:32:01.041  2458  2458 E A01c06/ICON: AppIconWeatherModel --> get weather info failed, code: 15700010, message: The DataShareHelper is not initialized successfully.
09-10 18:32:02.042  2458  2458 W A01c06/ICON: AppIconWeatherModel --> initWeatherListener, retryTimes: 4
09-10 18:32:02.045  2458  2458 E A01c06/ICON: AppIconWeatherModel --> get weather info failed, code: 15700010, message: The DataShareHelper is not initialized successfully.
09-10 18:32:03.049  2458  2458 W A01c06/ICON: AppIconWeatherModel --> initWeatherListener, retryTimes: 4
09-10 18:32:03.052  2458  2458 E A01c06/ICON: AppIconWeatherModel --> get weather info failed, code: 15700010, message: The DataShareHelper is not initialized successfully.
09-10 18:32:04.063  2458  2458 W A01c06/ICON: AppIconWeatherModel --> initWeatherListener, retryTimes: 4
09-10 18:32:04.071  2458  2458 E A01c06/ICON: AppIconWeatherModel --> get weather info failed, code: 15700010, message: The DataShareHelper is not initialized successfully.
09-10 18:32:05.072  2458  2458 W A01c06/ICON: AppIconWeatherModel --> initWeatherListener, retryTimes: 4
09-10 18:32:05.075  2458  2458 E A01c06/ICON: AppIconWeatherModel --> get weather info failed, code: 15700010, message: The DataShareHelper is not initialized successfully.
09-10 18:32:06.079  2458  2458 W A01c06/ICON: AppIconWeatherModel --> initWeatherListener, retryTimes: 4
09-10 18:32:06.082  2458  2458 E A01c06/ICON: AppIconWeatherModel --> get weather info failed, code: 15700010, message: The DataShareHelper is not initialized successfully.
09-10 18:32:07.085  2458  2458 W A01c06/ICON: AppIconWeatherModel --> initWeatherListener, retryTimes: 4
09-10 18:32:07.088  2458  2458 E A01c06/ICON: AppIconWeatherModel --> get weather info failed, code: 15700010, message: The DataShareHelper is not initialized successfully.
09-10 18:32:08.090  2458  2458 W A01c06/ICON: AppIconWeatherModel --> initWeatherListener, retryTimes: 4
09-10 18:32:08.094  2458  2458 E A01c06/ICON: AppIconWeatherModel --> get weather info failed, code: 15700010, message: The DataShareHelper is not initialized successfully.
09-10 18:32:09.095  2458  2458 W A01c06/ICON: AppIconWeatherModel --> initWeatherListener, retryTimes: 4
09-10 18:32:09.101  2458  2458 E A01c06/ICON: AppIconWeatherModel --> get weather info failed, code: 15700010, message: The DataShareHelper is not initialized successfully.
09-10 18:32:10.104  2458  2458 W A01c06/ICON: AppIconWeatherModel --> initWeatherListener, retryTimes: 4
09-10 18:32:10.106  2458  2458 E A01c06/ICON: AppIconWeatherModel --> get weather info failed, code: 15700010, message: The DataShareHelper is not initialized successfully.
09-10 18:32:11.109  2458  2458 W A01c06/ICON: AppIconWeatherModel --> initWeatherListener, retryTimes: 4
09-10 18:32:11.112  2458  2458 E A01c06/ICON: AppIconWeatherModel --> get weather info failed, code: 15700010, message: The DataShareHelper is not initialized successfully.
09-10 18:32:12.115  2458  2458 W A01c06/ICON: AppIconWeatherModel --> initWeatherListener, retryTimes: 4
09-10 18:32:12.117  2458  2458 E A01c06/ICON: AppIconWeatherModel --> get weather info failed, code: 15700010, message: The DataShareHelper is not initialized successfully.
09-10 18:32:13.119  2458  2458 W A01c06/ICON: AppIconWeatherModel --> initWeatherListener, retryTimes: 4
09-10 18:32:13.122  2458  2458 E A01c06/ICON: AppIconWeatherModel --> get weather info failed, code: 15700010, message: The DataShareHelper is not initialized successfully.
09-10 18:32:14.124  2458  2458 W A01c06/ICON: AppIconWeatherModel --> initWeatherListener, retryTimes: 4
09-10 18:32:14.128  2458  2458 E A01c06/ICON: AppIconWeatherModel --> get weather info failed, code: 15700010, message: The DataShareHelper is not initialized successfully.
09-10 18:32:15.129  2458  2458 W A01c06/ICON: AppIconWeatherModel --> initWeatherListener, retryTimes: 4
09-10 18:32:15.132  2458  2458 E A01c06/ICON: AppIconWeatherModel --> get weather info failed, code: 15700010, message: The DataShareHelper is not initialized successfully.
09-10 18:32:16.134  2458  2458 W A01c06/ICON: AppIconWeatherModel --> initWeatherListener, retryTimes: 4
09-10 18:32:16.137  2458  2458 E A01c06/ICON: AppIconWeatherModel --> get weather info failed, code: 15700010, message: The DataShareHelper is not initialized successfully.
09-10 18:32:17.146  2458  2458 W A01c06/ICON: AppIconWeatherModel --> initWeatherListener, retryTimes: 4
09-10 18:32:17.149  2458  2458 E A01c06/ICON: AppIconWeatherModel --> get weather info failed, code: 15700010, message: The DataShareHelper is not initialized successfully.
09-10 18:32:18.151  2458  2458 W A01c06/ICON: AppIconWeatherModel --> initWeatherListener, retryTimes: 4
09-10 18:32:18.154  2458  2458 E A01c06/ICON: AppIconWeatherModel --> get weather info failed, code: 15700010, message: The DataShareHelper is not initialized successfully.
09-10 18:32:19.156  2458  2458 W A01c06/ICON: AppIconWeatherModel --> initWeatherListener, retryTimes: 4
09-10 18:32:19.161  2458  2458 E A01c06/ICON: AppIconWeatherModel --> get weather info failed, code: 15700010, message: The DataShareHelper is not initialized successfully.
09-10 18:32:20.163  2458  2458 W A01c06/ICON: AppIconWeatherModel --> initWeatherListener, retryTimes: 4
09-10 18:32:20.167  2458  2458 E A01c06/ICON: AppIconWeatherModel --> get weather info failed, code: 15700010, message: The DataShareHelper is not initialized successfully.
09-10 18:32:21.168  2458  2458 W A01c06/ICON: AppIconWeatherModel --> initWeatherListener, retryTimes: 4
09-10 18:32:21.172  2458  2458 E A01c06/ICON: AppIconWeatherModel --> get weather info failed, code: 15700010, message: The DataShareHelper is not initialized successfully.
09-10 18:32:22.173  2458  2458 W A01c06/ICON: AppIconWeatherModel --> initWeatherListener, retryTimes: 4
09-10 18:32:22.177  2458  2458 E A01c06/ICON: AppIconWeatherModel --> get weather info failed, code: 15700010, message: The DataShareHelper is not initialized successfully.
09-10 18:32:23.179  2458  2458 W A01c06/ICON: AppIconWeatherModel --> initWeatherListener, retryTimes: 4
09-10 18:32:23.182  2458  2458 E A01c06/ICON: AppIconWeatherModel --> get weather info failed, code: 15700010, message: The DataShareHelper is not initialized successfully.
09-10 18:32:24.185  2458  2458 W A01c06/ICON: AppIconWeatherModel --> initWeatherListener, retryTimes: 4
09-10 18:32:24.188  2458  2458 E A01c06/ICON: AppIconWeatherModel --> get weather info failed, code: 15700010, message: The DataShareHelper is not initialized successfully.
09-10 18:32:25.189  2458  2458 W A01c06/ICON: AppIconWeatherModel --> initWeatherListener, retryTimes: 4
09-10 18:32:25.192  2458  2458 E A01c06/ICON: AppIconWeatherModel --> get weather info failed, code: 15700010, message: The DataShareHelper is not initialized successfully.
09-10 18:32:26.193  2458  2458 W A01c06/ICON: AppIconWeatherModel --> initWeatherListener, retryTimes: 4
09-10 18:32:26.194  2458  2458 E A01c06/ICON: AppIconWeatherModel --> get weather info failed, code: 15700010, message: The DataShareHelper is not initialized successfully.
09-10 18:32:27.200  2458  2458 W A01c06/ICON: AppIconWeatherModel --> initWeatherListener, retryTimes: 4
09-10 18:32:27.203  2458  2458 E A01c06/ICON: AppIconWeatherModel --> get weather info failed, code: 15700010, message: The DataShareHelper is not initialized successfully.
09-10 18:32:28.204  2458  2458 W A01c06/ICON: AppIconWeatherModel --> initWeatherListener, retryTimes: 4
09-10 18:32:28.209  2458  2458 E A01c06/ICON: AppIconWeatherModel --> get weather info failed, code: 15700010, message: The DataShareHelper is not initialized successfully.
09-10 18:32:29.216  2458  2458 W A01c06/ICON: AppIconWeatherModel --> initWeatherListener, retryTimes: 4
09-10 18:32:29.219  2458  2458 E A01c06/ICON: AppIconWeatherModel --> get weather info failed, code: 15700010, message: The DataShareHelper is not initialized successfully.
09-10 18:32:30.221  2458  2458 W A01c06/ICON: AppIconWeatherModel --> initWeatherListener, retryTimes: 4
09-10 18:32:30.225  2458  2458 E A01c06/ICON: AppIconWeatherModel --> get weather info failed, code: 15700010, message: The DataShareHelper is not initialized successfully.
09-10 18:32:31.227  2458  2458 W A01c06/ICON: AppIconWeatherModel --> initWeatherListener, retryTimes: 4
09-10 18:32:31.231  2458  2458 E A01c06/ICON: AppIconWeatherModel --> get weather info failed, code: 15700010, message: The DataShareHelper is not initialized successfully.
09-10 18:32:32.242  2458  2458 W A01c06/ICON: AppIconWeatherModel --> initWeatherListener, retryTimes: 4
09-10 18:32:32.244  2458  2458 E A01c06/ICON: AppIconWeatherModel --> get weather info failed, code: 15700010, message: The DataShareHelper is not initialized successfully.
09-10 18:32:33.248  2458  2458 W A01c06/ICON: AppIconWeatherModel --> initWeatherListener, retryTimes: 4
09-10 18:32:33.252  2458  2458 E A01c06/ICON: AppIconWeatherModel --> get weather info failed, code: 15700010, message: The DataShareHelper is not initialized successfully.
09-10 18:32:34.254  2458  2458 W A01c06/ICON: AppIconWeatherModel --> initWeatherListener, retryTimes: 4
09-10 18:32:34.258  2458  2458 E A01c06/ICON: AppIconWeatherModel --> get weather info failed, code: 15700010, message: The DataShareHelper is not initialized successfully.
09-10 18:32:35.262  2458  2458 W A01c06/ICON: AppIconWeatherModel --> initWeatherListener, retryTimes: 4
09-10 18:32:35.264  2458  2458 E A01c06/ICON: AppIconWeatherModel --> get weather info failed, code: 15700010, message: The DataShareHelper is not initialized successfully.
09-10 18:32:36.275  2458  2458 W A01c06/ICON: AppIconWeatherModel --> initWeatherListener, retryTimes: 4
09-10 18:32:36.280  2458  2458 E A01c06/ICON: AppIconWeatherModel --> get weather info failed, code: 15700010, message: The DataShareHelper is not initialized successfully.
09-10 18:32:37.291  2458  2458 W A01c06/ICON: AppIconWeatherModel --> initWeatherListener, retryTimes: 4
09-10 18:32:37.295  2458  2458 E A01c06/ICON: AppIconWeatherModel --> get weather info failed, code: 15700010, message: The DataShareHelper is not initialized successfully.
09-10 18:32:38.299  2458  2458 W A01c06/ICON: AppIconWeatherModel --> initWeatherListener, retryTimes: 4
09-10 18:32:38.301  2458  2458 E A01c06/ICON: AppIconWeatherModel --> get weather info failed, code: 15700010, message: The DataShareHelper is not initialized successfully.
09-10 18:32:39.312  2458  2458 W A01c06/ICON: AppIconWeatherModel --> initWeatherListener, retryTimes: 4
09-10 18:32:39.316  2458  2458 E A01c06/ICON: AppIconWeatherModel --> get weather info failed, code: 15700010, message: The DataShareHelper is not initialized successfully.
09-10 18:32:40.325  2458  2458 W A01c06/ICON: AppIconWeatherModel --> initWeatherListener, retryTimes: 4
09-10 18:32:40.332  2458  2458 E A01c06/ICON: AppIconWeatherModel --> get weather info failed, code: 15700010, message: The DataShareHelper is not initialized successfully.
09-10 18:32:41.338  2458  2458 W A01c06/ICON: AppIconWeatherModel --> initWeatherListener, retryTimes: 4
09-10 18:32:41.341  2458  2458 E A01c06/ICON: AppIconWeatherModel --> get weather info failed, code: 15700010, message: The DataShareHelper is not initialized successfully.
09-10 18:32:42.350  2458  2458 W A01c06/ICON: AppIconWeatherModel --> initWeatherListener, retryTimes: 4
09-10 18:32:42.354  2458  2458 E A01c06/ICON: AppIconWeatherModel --> get weather info failed, code: 15700010, message: The DataShareHelper is not initialized successfully.
09-10 18:32:43.360  2458  2458 W A01c06/ICON: AppIconWeatherModel --> initWeatherListener, retryTimes: 4
09-10 18:32:43.367  2458  2458 E A01c06/ICON: AppIconWeatherModel --> get weather info failed, code: 15700010, message: The DataShareHelper is not initialized successfully.
09-10 18:32:44.370  2458  2458 W A01c06/ICON: AppIconWeatherModel --> initWeatherListener, retryTimes: 4
09-10 18:32:44.373  2458  2458 E A01c06/ICON: AppIconWeatherModel --> get weather info failed, code: 15700010, message: The DataShareHelper is not initialized successfully.
09-10 18:32:45.377  2458  2458 W A01c06/ICON: AppIconWeatherModel --> initWeatherListener, retryTimes: 4
09-10 18:32:45.381  2458  2458 E A01c06/ICON: AppIconWeatherModel --> get weather info failed, code: 15700010, message: The DataShareHelper is not initialized successfully.
09-10 18:32:46.388  2458  2458 W A01c06/ICON: AppIconWeatherModel --> initWeatherListener, retryTimes: 4
09-10 18:32:46.394  2458  2458 E A01c06/ICON: AppIconWeatherModel --> get weather info failed, code: 15700010, message: The DataShareHelper is not initialized successfully.
09-10 18:32:47.396  2458  2458 W A01c06/ICON: AppIconWeatherModel --> initWeatherListener, retryTimes: 4
09-10 18:32:47.400  2458  2458 E A01c06/ICON: AppIconWeatherModel --> get weather info failed, code: 15700010, message: The DataShareHelper is not initialized successfully.
09-10 18:32:48.405  2458  2458 W A01c06/ICON: AppIconWeatherModel --> initWeatherListener, retryTimes: 4
09-10 18:32:48.410  2458  2458 E A01c06/ICON: AppIconWeatherModel --> get weather info failed, code: 15700010, message: The DataShareHelper is not initialized successfully.
09-10 18:32:49.413  2458  2458 W A01c06/ICON: AppIconWeatherModel --> initWeatherListener, retryTimes: 4
09-10 18:32:49.419  2458  2458 E A01c06/ICON: AppIconWeatherModel --> get weather info failed, code: 15700010, message: The DataShareHelper is not initialized successfully.
09-10 18:32:50.423  2458  2458 W A01c06/ICON: AppIconWeatherModel --> initWeatherListener, retryTimes: 4
09-10 18:32:50.429  2458  2458 E A01c06/ICON: AppIconWeatherModel --> get weather info failed, code: 15700010, message: The DataShareHelper is not initialized successfully.
09-10 18:32:51.431  2458  2458 W A01c06/ICON: AppIconWeatherModel --> initWeatherListener, retryTimes: 4
09-10 18:32:51.437  2458  2458 E A01c06/ICON: AppIconWeatherModel --> get weather info failed, code: 15700010, message: The DataShareHelper is not initialized successfully.
09-10 18:32:52.438  2458  2458 W A01c06/ICON: AppIconWeatherModel --> initWeatherListener, retryTimes: 4
09-10 18:32:52.442  2458  2458 E A01c06/ICON: AppIconWeatherModel --> get weather info failed, code: 15700010, message: The DataShareHelper is not initialized successfully.
09-10 18:32:53.448  2458  2458 W A01c06/ICON: AppIconWeatherModel --> initWeatherListener, retryTimes: 4
09-10 18:32:53.451  2458  2458 E A01c06/ICON: AppIconWeatherModel --> get weather info failed, code: 15700010, message: The DataShareHelper is not initialized successfully.
09-10 18:32:54.454  2458  2458 W A01c06/ICON: AppIconWeatherModel --> initWeatherListener, retryTimes: 4
09-10 18:32:54.463  2458  2458 E A01c06/ICON: AppIconWeatherModel --> get weather info failed, code: 15700010, message: The DataShareHelper is not initialized successfully.
09-10 18:32:55.471  2458  2458 W A01c06/ICON: AppIconWeatherModel --> initWeatherListener, retryTimes: 4
09-10 18:32:55.476  2458  2458 E A01c06/ICON: AppIconWeatherModel --> get weather info failed, code: 15700010, message: The DataShareHelper is not initialized successfully.
09-10 18:32:56.478  2458  2458 W A01c06/ICON: AppIconWeatherModel --> initWeatherListener, retryTimes: 4
09-10 18:32:56.484  2458  2458 E A01c06/ICON: AppIconWeatherModel --> get weather info failed, code: 15700010, message: The DataShareHelper is not initialized successfully.
09-10 18:32:57.490  2458  2458 W A01c06/ICON: AppIconWeatherModel --> initWeatherListener, retryTimes: 4
09-10 18:32:57.495  2458  2458 E A01c06/ICON: AppIconWeatherModel --> get weather info failed, code: 15700010, message: The DataShareHelper is not initialized successfully.
09-10 18:32:58.498  2458  2458 W A01c06/ICON: AppIconWeatherModel --> initWeatherListener, retryTimes: 4
09-10 18:32:58.503  2458  2458 E A01c06/ICON: AppIconWeatherModel --> get weather info failed, code: 15700010, message: The DataShareHelper is not initialized successfully.
09-10 18:32:59.506  2458  2458 W A01c06/ICON: AppIconWeatherModel --> initWeatherListener, retryTimes: 4
09-10 18:32:59.511  2458  2458 E A01c06/ICON: AppIconWeatherModel --> get weather info failed, code: 15700010, message: The DataShareHelper is not initialized successfully.
09-10 18:33:00.003  2458  2458 I A01a01/NC: StatusBarSysEventUtil: onTimeChangeEvent
09-10 18:33:00.003  2458  2458 W A01c06/ICON: AppIconCalendarCache --> receive date change event, nowData: 10, dateText: ,image is transparent: false, image is empty: true
09-10 18:33:00.003  2458  2458 W A01c06/ICON: AppIconCalendarCache --> com.huawei.hmos.calendar is not dynamic icon, bundleName is com.huawei.hmos.calendar
09-10 18:33:00.003  2458  2458 E A01c06/ICON: AppIconCalendarCache --> backgroundImage resource error
09-10 18:33:00.003  2458  2458 E A01c06/ICON: AppIconCalendarCache --> calendarForegroundBuilder is null
09-10 18:33:00.512  2458  2458 W A01c06/ICON: AppIconWeatherModel --> initWeatherListener, retryTimes: 4
09-10 18:33:00.520  2458  2458 E A01c06/ICON: AppIconWeatherModel --> get weather info failed, code: 15700010, message: The DataShareHelper is not initialized successfully.
09-10 18:33:01.526  2458  2458 W A01c06/ICON: AppIconWeatherModel --> initWeatherListener, retryTimes: 4
09-10 18:33:01.533  2458  2458 E A01c06/ICON: AppIconWeatherModel --> get weather info failed, code: 15700010, message: The DataShareHelper is not initialized successfully.
09-10 18:33:02.539  2458  2458 W A01c06/ICON: AppIconWeatherModel --> initWeatherListener, retryTimes: 4
09-10 18:33:02.544  2458  2458 E A01c06/ICON: AppIconWeatherModel --> get weather info failed, code: 15700010, message: The DataShareHelper is not initialized successfully.
09-10 18:33:03.547  2458  2458 W A01c06/ICON: AppIconWeatherModel --> initWeatherListener, retryTimes: 4
09-10 18:33:03.550  2458  2458 E A01c06/ICON: AppIconWeatherModel --> get weather info failed, code: 15700010, message: The DataShareHelper is not initialized successfully.
09-10 18:33:04.551  2458  2458 W A01c06/ICON: AppIconWeatherModel --> initWeatherListener, retryTimes: 4
09-10 18:33:04.557  2458  2458 E A01c06/ICON: AppIconWeatherModel --> get weather info failed, code: 15700010, message: The DataShareHelper is not initialized successfully.
09-10 18:33:05.560  2458  2458 W A01c06/ICON: AppIconWeatherModel --> initWeatherListener, retryTimes: 4
09-10 18:33:05.566  2458  2458 E A01c06/ICON: AppIconWeatherModel --> get weather info failed, code: 15700010, message: The DataShareHelper is not initialized successfully.
09-10 18:33:06.569  2458  2458 W A01c06/ICON: AppIconWeatherModel --> initWeatherListener, retryTimes: 4
09-10 18:33:06.576  2458  2458 E A01c06/ICON: AppIconWeatherModel --> get weather info failed, code: 15700010, message: The DataShareHelper is not initialized successfully.
09-10 18:33:07.584  2458  2458 W A01c06/ICON: AppIconWeatherModel --> initWeatherListener, retryTimes: 4
09-10 18:33:07.589  2458  2458 E A01c06/ICON: AppIconWeatherModel --> get weather info failed, code: 15700010, message: The DataShareHelper is not initialized successfully.
09-10 18:33:08.598  2458  2458 W A01c06/ICON: AppIconWeatherModel --> initWeatherListener, retryTimes: 4
09-10 18:33:08.602  2458  2458 E A01c06/ICON: AppIconWeatherModel --> get weather info failed, code: 15700010, message: The DataShareHelper is not initialized successfully.
09-10 18:33:09.605  2458  2458 W A01c06/ICON: AppIconWeatherModel --> initWeatherListener, retryTimes: 4
09-10 18:33:09.612  2458  2458 E A01c06/ICON: AppIconWeatherModel --> get weather info failed, code: 15700010, message: The DataShareHelper is not initialized successfully.
09-10 18:33:10.615  2458  2458 W A01c06/ICON: AppIconWeatherModel --> initWeatherListener, retryTimes: 4
09-10 18:33:10.622  2458  2458 E A01c06/ICON: AppIconWeatherModel --> get weather info failed, code: 15700010, message: The DataShareHelper is not initialized successfully.
09-10 18:33:11.632  2458  2458 W A01c06/ICON: AppIconWeatherModel --> initWeatherListener, retryTimes: 4
09-10 18:33:11.637  2458  2458 E A01c06/ICON: AppIconWeatherModel --> get weather info failed, code: 15700010, message: The DataShareHelper is not initialized successfully.
09-10 18:33:12.640  2458  2458 W A01c06/ICON: AppIconWeatherModel --> initWeatherListener, retryTimes: 4
09-10 18:33:12.645  2458  2458 E A01c06/ICON: AppIconWeatherModel --> get weather info failed, code: 15700010, message: The DataShareHelper is not initialized successfully.
09-10 18:33:13.646  2458  2458 W A01c06/ICON: AppIconWeatherModel --> initWeatherListener, retryTimes: 4
09-10 18:33:13.653  2458  2458 E A01c06/ICON: AppIconWeatherModel --> get weather info failed, code: 15700010, message: The DataShareHelper is not initialized successfully.
09-10 18:33:14.655  2458  2458 W A01c06/ICON: AppIconWeatherModel --> initWeatherListener, retryTimes: 4
09-10 18:33:14.660  2458  2458 E A01c06/ICON: AppIconWeatherModel --> get weather info failed, code: 15700010, message: The DataShareHelper is not initialized successfully.
09-10 18:33:15.664  2458  2458 W A01c06/ICON: AppIconWeatherModel --> initWeatherListener, retryTimes: 4
09-10 18:33:15.667  2458  2458 E A01c06/ICON: AppIconWeatherModel --> get weather info failed, code: 15700010, message: The DataShareHelper is not initialized successfully.
09-10 18:33:16.672  2458  2458 W A01c06/ICON: AppIconWeatherModel --> initWeatherListener, retryTimes: 4
09-10 18:33:16.677  2458  2458 E A01c06/ICON: AppIconWeatherModel --> get weather info failed, code: 15700010, message: The DataShareHelper is not initialized successfully.
09-10 18:33:17.679  2458  2458 W A01c06/ICON: AppIconWeatherModel --> initWeatherListener, retryTimes: 4
09-10 18:33:17.683  2458  2458 E A01c06/ICON: AppIconWeatherModel --> get weather info failed, code: 15700010, message: The DataShareHelper is not initialized successfully.
09-10 18:33:18.685  2458  2458 W A01c06/ICON: AppIconWeatherModel --> initWeatherListener, retryTimes: 4
09-10 18:33:18.690  2458  2458 E A01c06/ICON: AppIconWeatherModel --> get weather info failed, code: 15700010, message: The DataShareHelper is not initialized successfully.
09-10 18:33:19.693  2458  2458 W A01c06/ICON: AppIconWeatherModel --> initWeatherListener, retryTimes: 4
09-10 18:33:19.696  2458  2458 E A01c06/ICON: AppIconWeatherModel --> get weather info failed, code: 15700010, message: The DataShareHelper is not initialized successfully.
09-10 18:33:20.697  2458  2458 W A01c06/ICON: AppIconWeatherModel --> initWeatherListener, retryTimes: 4
09-10 18:33:20.701  2458  2458 E A01c06/ICON: AppIconWeatherModel --> get weather info failed, code: 15700010, message: The DataShareHelper is not initialized successfully.
09-10 18:33:21.709  2458  2458 W A01c06/ICON: AppIconWeatherModel --> initWeatherListener, retryTimes: 4
09-10 18:33:21.714  2458  2458 E A01c06/ICON: AppIconWeatherModel --> get weather info failed, code: 15700010, message: The DataShareHelper is not initialized successfully.
09-10 18:33:22.714  2458  2458 W A01c06/ICON: AppIconWeatherModel --> initWeatherListener, retryTimes: 4
09-10 18:33:22.718  2458  2458 E A01c06/ICON: AppIconWeatherModel --> get weather info failed, code: 15700010, message: The DataShareHelper is not initialized successfully.
09-10 18:33:23.720  2458  2458 W A01c06/ICON: AppIconWeatherModel --> initWeatherListener, retryTimes: 4
09-10 18:33:23.726  2458  2458 E A01c06/ICON: AppIconWeatherModel --> get weather info failed, code: 15700010, message: The DataShareHelper is not initialized successfully.
09-10 18:33:24.730  2458  2458 W A01c06/ICON: AppIconWeatherModel --> initWeatherListener, retryTimes: 4
09-10 18:33:24.738  2458  2458 E A01c06/ICON: AppIconWeatherModel --> get weather info failed, code: 15700010, message: The DataShareHelper is not initialized successfully.
09-10 18:33:25.743  2458  2458 W A01c06/ICON: AppIconWeatherModel --> initWeatherListener, retryTimes: 4
09-10 18:33:25.747  2458  2458 E A01c06/ICON: AppIconWeatherModel --> get weather info failed, code: 15700010, message: The DataShareHelper is not initialized successfully.
09-10 18:33:26.750  2458  2458 W A01c06/ICON: AppIconWeatherModel --> initWeatherListener, retryTimes: 4
09-10 18:33:26.755  2458  2458 E A01c06/ICON: AppIconWeatherModel --> get weather info failed, code: 15700010, message: The DataShareHelper is not initialized successfully.
09-10 18:33:27.759  2458  2458 W A01c06/ICON: AppIconWeatherModel --> initWeatherListener, retryTimes: 4
09-10 18:33:27.766  2458  2458 E A01c06/ICON: AppIconWeatherModel --> get weather info failed, code: 15700010, message: The DataShareHelper is not initialized successfully.
09-10 18:33:28.768  2458  2458 W A01c06/ICON: AppIconWeatherModel --> initWeatherListener, retryTimes: 4
09-10 18:33:28.771  2458  2458 E A01c06/ICON: AppIconWeatherModel --> get weather info failed, code: 15700010, message: The DataShareHelper is not initialized successfully.
09-10 18:33:29.775  2458  2458 W A01c06/ICON: AppIconWeatherModel --> initWeatherListener, retryTimes: 4
09-10 18:33:29.782  2458  2458 E A01c06/ICON: AppIconWeatherModel --> get weather info failed, code: 15700010, message: The DataShareHelper is not initialized successfully.
09-10 18:33:30.785  2458  2458 W A01c06/ICON: AppIconWeatherModel --> initWeatherListener, retryTimes: 4
09-10 18:33:30.789  2458  2458 E A01c06/ICON: AppIconWeatherModel --> get weather info failed, code: 15700010, message: The DataShareHelper is not initialized successfully.
09-10 18:33:31.792  2458  2458 W A01c06/ICON: AppIconWeatherModel --> initWeatherListener, retryTimes: 4
09-10 18:33:31.798  2458  2458 E A01c06/ICON: AppIconWeatherModel --> get weather info failed, code: 15700010, message: The DataShareHelper is not initialized successfully.
09-10 18:33:32.803  2458  2458 W A01c06/ICON: AppIconWeatherModel --> initWeatherListener, retryTimes: 4
09-10 18:33:32.807  2458  2458 E A01c06/ICON: AppIconWeatherModel --> get weather info failed, code: 15700010, message: The DataShareHelper is not initialized successfully.
09-10 18:33:33.811  2458  2458 W A01c06/ICON: AppIconWeatherModel --> initWeatherListener, retryTimes: 4
09-10 18:33:33.815  2458  2458 E A01c06/ICON: AppIconWeatherModel --> get weather info failed, code: 15700010, message: The DataShareHelper is not initialized successfully.
09-10 18:33:34.816  2458  2458 W A01c06/ICON: AppIconWeatherModel --> initWeatherListener, retryTimes: 4
09-10 18:33:34.820  2458  2458 E A01c06/ICON: AppIconWeatherModel --> get weather info failed, code: 15700010, message: The DataShareHelper is not initialized successfully.
09-10 18:33:35.821  2458  2458 W A01c06/ICON: AppIconWeatherModel --> initWeatherListener, retryTimes: 4
09-10 18:33:35.824  2458  2458 E A01c06/ICON: AppIconWeatherModel --> get weather info failed, code: 15700010, message: The DataShareHelper is not initialized successfully.
09-10 18:33:36.825  2458  2458 W A01c06/ICON: AppIconWeatherModel --> initWeatherListener, retryTimes: 4
09-10 18:33:36.828  2458  2458 E A01c06/ICON: AppIconWeatherModel --> get weather info failed, code: 15700010, message: The DataShareHelper is not initialized successfully.
09-10 18:33:37.828  2458  2458 W A01c06/ICON: AppIconWeatherModel --> initWeatherListener, retryTimes: 4
09-10 18:33:37.830  2458  2458 E A01c06/ICON: AppIconWeatherModel --> get weather info failed, code: 15700010, message: The DataShareHelper is not initialized successfully.
09-10 18:33:38.832  2458  2458 W A01c06/ICON: AppIconWeatherModel --> initWeatherListener, retryTimes: 4
09-10 18:33:38.834  2458  2458 E A01c06/ICON: AppIconWeatherModel --> get weather info failed, code: 15700010, message: The DataShareHelper is not initialized successfully.
09-10 18:33:39.836  2458  2458 W A01c06/ICON: AppIconWeatherModel --> initWeatherListener, retryTimes: 4
09-10 18:33:39.839  2458  2458 E A01c06/ICON: AppIconWeatherModel --> get weather info failed, code: 15700010, message: The DataShareHelper is not initialized successfully.
09-10 18:33:40.840  2458  2458 W A01c06/ICON: AppIconWeatherModel --> initWeatherListener, retryTimes: 4
09-10 18:33:40.841  2458  2458 E A01c06/ICON: AppIconWeatherModel --> get weather info failed, code: 15700010, message: The DataShareHelper is not initialized successfully.
09-10 18:33:41.843  2458  2458 W A01c06/ICON: AppIconWeatherModel --> initWeatherListener, retryTimes: 4
09-10 18:33:41.845  2458  2458 E A01c06/ICON: AppIconWeatherModel --> get weather info failed, code: 15700010, message: The DataShareHelper is not initialized successfully.
09-10 18:33:42.849  2458  2458 W A01c06/ICON: AppIconWeatherModel --> initWeatherListener, retryTimes: 4
09-10 18:33:42.851  2458  2458 E A01c06/ICON: AppIconWeatherModel --> get weather info failed, code: 15700010, message: The DataShareHelper is not initialized successfully.
09-10 18:33:43.854  2458  2458 W A01c06/ICON: AppIconWeatherModel --> initWeatherListener, retryTimes: 4
09-10 18:33:43.856  2458  2458 E A01c06/ICON: AppIconWeatherModel --> get weather info failed, code: 15700010, message: The DataShareHelper is not initialized successfully.
09-10 18:33:44.857  2458  2458 W A01c06/ICON: AppIconWeatherModel --> initWeatherListener, retryTimes: 4
09-10 18:33:44.860  2458  2458 E A01c06/ICON: AppIconWeatherModel --> get weather info failed, code: 15700010, message: The DataShareHelper is not initialized successfully.
09-10 18:33:45.863  2458  2458 W A01c06/ICON: AppIconWeatherModel --> initWeatherListener, retryTimes: 4
09-10 18:33:45.864  2458  2458 E A01c06/ICON: AppIconWeatherModel --> get weather info failed, code: 15700010, message: The DataShareHelper is not initialized successfully.
09-10 18:33:46.866  2458  2458 W A01c06/ICON: AppIconWeatherModel --> initWeatherListener, retryTimes: 4
09-10 18:33:46.869  2458  2458 E A01c06/ICON: AppIconWeatherModel --> get weather info failed, code: 15700010, message: The DataShareHelper is not initialized successfully.
09-10 18:33:47.870  2458  2458 W A01c06/ICON: AppIconWeatherModel --> initWeatherListener, retryTimes: 4
09-10 18:33:47.872  2458  2458 E A01c06/ICON: AppIconWeatherModel --> get weather info failed, code: 15700010, message: The DataShareHelper is not initialized successfully.
09-10 18:33:48.875  2458  2458 W A01c06/ICON: AppIconWeatherModel --> initWeatherListener, retryTimes: 4
09-10 18:33:48.877  2458  2458 E A01c06/ICON: AppIconWeatherModel --> get weather info failed, code: 15700010, message: The DataShareHelper is not initialized successfully.
09-10 18:33:49.878  2458  2458 W A01c06/ICON: AppIconWeatherModel --> initWeatherListener, retryTimes: 4
09-10 18:33:49.880  2458  2458 E A01c06/ICON: AppIconWeatherModel --> get weather info failed, code: 15700010, message: The DataShareHelper is not initialized successfully.
09-10 18:33:50.883  2458  2458 W A01c06/ICON: AppIconWeatherModel --> initWeatherListener, retryTimes: 4
09-10 18:33:50.886  2458  2458 E A01c06/ICON: AppIconWeatherModel --> get weather info failed, code: 15700010, message: The DataShareHelper is not initialized successfully.
09-10 18:33:51.887  2458  2458 W A01c06/ICON: AppIconWeatherModel --> initWeatherListener, retryTimes: 4
09-10 18:33:51.889  2458  2458 E A01c06/ICON: AppIconWeatherModel --> get weather info failed, code: 15700010, message: The DataShareHelper is not initialized successfully.
09-10 18:33:52.891  2458  2458 W A01c06/ICON: AppIconWeatherModel --> initWeatherListener, retryTimes: 4
09-10 18:33:52.893  2458  2458 E A01c06/ICON: AppIconWeatherModel --> get weather info failed, code: 15700010, message: The DataShareHelper is not initialized successfully.
09-10 18:33:53.897  2458  2458 W A01c06/ICON: AppIconWeatherModel --> initWeatherListener, retryTimes: 4
09-10 18:33:53.900  2458  2458 E A01c06/ICON: AppIconWeatherModel --> get weather info failed, code: 15700010, message: The DataShareHelper is not initialized successfully.
09-10 18:33:54.901  2458  2458 W A01c06/ICON: AppIconWeatherModel --> initWeatherListener, retryTimes: 4
09-10 18:33:54.903  2458  2458 E A01c06/ICON: AppIconWeatherModel --> get weather info failed, code: 15700010, message: The DataShareHelper is not initialized successfully.
09-10 18:33:55.905  2458  2458 W A01c06/ICON: AppIconWeatherModel --> initWeatherListener, retryTimes: 4
09-10 18:33:55.907  2458  2458 E A01c06/ICON: AppIconWeatherModel --> get weather info failed, code: 15700010, message: The DataShareHelper is not initialized successfully.
09-10 18:33:56.910  2458  2458 W A01c06/ICON: AppIconWeatherModel --> initWeatherListener, retryTimes: 4
09-10 18:33:56.913  2458  2458 E A01c06/ICON: AppIconWeatherModel --> get weather info failed, code: 15700010, message: The DataShareHelper is not initialized successfully.
09-10 18:33:57.915  2458  2458 W A01c06/ICON: AppIconWeatherModel --> initWeatherListener, retryTimes: 4
09-10 18:33:57.919  2458  2458 E A01c06/ICON: AppIconWeatherModel --> get weather info failed, code: 15700010, message: The DataShareHelper is not initialized successfully.
09-10 18:33:58.921  2458  2458 W A01c06/ICON: AppIconWeatherModel --> initWeatherListener, retryTimes: 4
09-10 18:33:58.924  2458  2458 E A01c06/ICON: AppIconWeatherModel --> get weather info failed, code: 15700010, message: The DataShareHelper is not initialized successfully.
09-10 18:33:59.925  2458  2458 W A01c06/ICON: AppIconWeatherModel --> initWeatherListener, retryTimes: 4
09-10 18:33:59.927  2458  2458 E A01c06/ICON: AppIconWeatherModel --> get weather info failed, code: 15700010, message: The DataShareHelper is not initialized successfully.
09-10 18:34:00.003  2458  2458 I A01a01/NC: StatusBarSysEventUtil: onTimeChangeEvent
09-10 18:34:00.003  2458  2458 W A01c06/ICON: AppIconCalendarCache --> receive date change event, nowData: 10, dateText: ,image is transparent: false, image is empty: true
09-10 18:34:00.003  2458  2458 W A01c06/ICON: AppIconCalendarCache --> com.huawei.hmos.calendar is not dynamic icon, bundleName is com.huawei.hmos.calendar
09-10 18:34:00.003  2458  2458 E A01c06/ICON: AppIconCalendarCache --> backgroundImage resource error
09-10 18:34:00.003  2458  2458 E A01c06/ICON: AppIconCalendarCache --> calendarForegroundBuilder is null
09-10 18:34:00.930  2458  2458 W A01c06/ICON: AppIconWeatherModel --> initWeatherListener, retryTimes: 4
09-10 18:34:00.932  2458  2458 E A01c06/ICON: AppIconWeatherModel --> get weather info failed, code: 15700010, message: The DataShareHelper is not initialized successfully.
09-10 18:34:01.933  2458  2458 W A01c06/ICON: AppIconWeatherModel --> initWeatherListener, retryTimes: 4
09-10 18:34:01.935  2458  2458 E A01c06/ICON: AppIconWeatherModel --> get weather info failed, code: 15700010, message: The DataShareHelper is not initialized successfully.
09-10 18:34:02.938  2458  2458 W A01c06/ICON: AppIconWeatherModel --> initWeatherListener, retryTimes: 4
09-10 18:34:02.941  2458  2458 E A01c06/ICON: AppIconWeatherModel --> get weather info failed, code: 15700010, message: The DataShareHelper is not initialized successfully.
09-10 18:34:03.942  2458  2458 W A01c06/ICON: AppIconWeatherModel --> initWeatherListener, retryTimes: 4
09-10 18:34:03.945  2458  2458 E A01c06/ICON: AppIconWeatherModel --> get weather info failed, code: 15700010, message: The DataShareHelper is not initialized successfully.
09-10 18:34:04.948  2458  2458 W A01c06/ICON: AppIconWeatherModel --> initWeatherListener, retryTimes: 4
09-10 18:34:04.950  2458  2458 E A01c06/ICON: AppIconWeatherModel --> get weather info failed, code: 15700010, message: The DataShareHelper is not initialized successfully.
09-10 18:34:05.951  2458  2458 W A01c06/ICON: AppIconWeatherModel --> initWeatherListener, retryTimes: 4
09-10 18:34:05.953  2458  2458 E A01c06/ICON: AppIconWeatherModel --> get weather info failed, code: 15700010, message: The DataShareHelper is not initialized successfully.
09-10 18:34:06.958  2458  2458 W A01c06/ICON: AppIconWeatherModel --> initWeatherListener, retryTimes: 4
09-10 18:34:06.961  2458  2458 E A01c06/ICON: AppIconWeatherModel --> get weather info failed, code: 15700010, message: The DataShareHelper is not initialized successfully.
09-10 18:34:07.963  2458  2458 W A01c06/ICON: AppIconWeatherModel --> initWeatherListener, retryTimes: 4
09-10 18:34:07.966  2458  2458 E A01c06/ICON: AppIconWeatherModel --> get weather info failed, code: 15700010, message: The DataShareHelper is not initialized successfully.
09-10 18:34:08.968  2458  2458 W A01c06/ICON: AppIconWeatherModel --> initWeatherListener, retryTimes: 4
09-10 18:34:08.971  2458  2458 E A01c06/ICON: AppIconWeatherModel --> get weather info failed, code: 15700010, message: The DataShareHelper is not initialized successfully.
09-10 18:34:09.973  2458  2458 W A01c06/ICON: AppIconWeatherModel --> initWeatherListener, retryTimes: 4
09-10 18:34:09.976  2458  2458 E A01c06/ICON: AppIconWeatherModel --> get weather info failed, code: 15700010, message: The DataShareHelper is not initialized successfully.
09-10 18:34:10.977  2458  2458 W A01c06/ICON: AppIconWeatherModel --> initWeatherListener, retryTimes: 4
09-10 18:34:10.981  2458  2458 E A01c06/ICON: AppIconWeatherModel --> get weather info failed, code: 15700010, message: The DataShareHelper is not initialized successfully.
09-10 18:34:11.982  2458  2458 W A01c06/ICON: AppIconWeatherModel --> initWeatherListener, retryTimes: 4
09-10 18:34:11.985  2458  2458 E A01c06/ICON: AppIconWeatherModel --> get weather info failed, code: 15700010, message: The DataShareHelper is not initialized successfully.
09-10 18:34:12.988  2458  2458 W A01c06/ICON: AppIconWeatherModel --> initWeatherListener, retryTimes: 4
09-10 18:34:12.991  2458  2458 E A01c06/ICON: AppIconWeatherModel --> get weather info failed, code: 15700010, message: The DataShareHelper is not initialized successfully.
09-10 18:34:13.993  2458  2458 W A01c06/ICON: AppIconWeatherModel --> initWeatherListener, retryTimes: 4
09-10 18:34:13.996  2458  2458 E A01c06/ICON: AppIconWeatherModel --> get weather info failed, code: 15700010, message: The DataShareHelper is not initialized successfully.
09-10 18:34:14.998  2458  2458 W A01c06/ICON: AppIconWeatherModel --> initWeatherListener, retryTimes: 4
09-10 18:34:15.001  2458  2458 E A01c06/ICON: AppIconWeatherModel --> get weather info failed, code: 15700010, message: The DataShareHelper is not initialized successfully.
09-10 18:34:16.002  2458  2458 W A01c06/ICON: AppIconWeatherModel --> initWeatherListener, retryTimes: 4
09-10 18:34:16.005  2458  2458 E A01c06/ICON: AppIconWeatherModel --> get weather info failed, code: 15700010, message: The DataShareHelper is not initialized successfully.
09-10 18:34:17.012  2458  2458 W A01c06/ICON: AppIconWeatherModel --> initWeatherListener, retryTimes: 4
09-10 18:34:17.015  2458  2458 E A01c06/ICON: AppIconWeatherModel --> get weather info failed, code: 15700010, message: The DataShareHelper is not initialized successfully.
09-10 18:34:18.016  2458  2458 W A01c06/ICON: AppIconWeatherModel --> initWeatherListener, retryTimes: 4
09-10 18:34:18.021  2458  2458 E A01c06/ICON: AppIconWeatherModel --> get weather info failed, code: 15700010, message: The DataShareHelper is not initialized successfully.
09-10 18:34:19.023  2458  2458 W A01c06/ICON: AppIconWeatherModel --> initWeatherListener, retryTimes: 4
09-10 18:34:19.026  2458  2458 E A01c06/ICON: AppIconWeatherModel --> get weather info failed, code: 15700010, message: The DataShareHelper is not initialized successfully.
09-10 18:34:20.028  2458  2458 W A01c06/ICON: AppIconWeatherModel --> initWeatherListener, retryTimes: 4
09-10 18:34:20.032  2458  2458 E A01c06/ICON: AppIconWeatherModel --> get weather info failed, code: 15700010, message: The DataShareHelper is not initialized successfully.
09-10 18:34:21.036  2458  2458 W A01c06/ICON: AppIconWeatherModel --> initWeatherListener, retryTimes: 4
09-10 18:34:21.041  2458  2458 E A01c06/ICON: AppIconWeatherModel --> get weather info failed, code: 15700010, message: The DataShareHelper is not initialized successfully.
09-10 18:34:22.044  2458  2458 W A01c06/ICON: AppIconWeatherModel --> initWeatherListener, retryTimes: 4
09-10 18:34:22.048  2458  2458 E A01c06/ICON: AppIconWeatherModel --> get weather info failed, code: 15700010, message: The DataShareHelper is not initialized successfully.
09-10 18:34:23.049  2458  2458 W A01c06/ICON: AppIconWeatherModel --> initWeatherListener, retryTimes: 4
09-10 18:34:23.053  2458  2458 E A01c06/ICON: AppIconWeatherModel --> get weather info failed, code: 15700010, message: The DataShareHelper is not initialized successfully.
09-10 18:34:24.055  2458  2458 W A01c06/ICON: AppIconWeatherModel --> initWeatherListener, retryTimes: 4
09-10 18:34:24.059  2458  2458 E A01c06/ICON: AppIconWeatherModel --> get weather info failed, code: 15700010, message: The DataShareHelper is not initialized successfully.
09-10 18:34:25.062  2458  2458 W A01c06/ICON: AppIconWeatherModel --> initWeatherListener, retryTimes: 4
09-10 18:34:25.066  2458  2458 E A01c06/ICON: AppIconWeatherModel --> get weather info failed, code: 15700010, message: The DataShareHelper is not initialized successfully.
09-10 18:34:26.068  2458  2458 W A01c06/ICON: AppIconWeatherModel --> initWeatherListener, retryTimes: 4
09-10 18:34:26.071  2458  2458 E A01c06/ICON: AppIconWeatherModel --> get weather info failed, code: 15700010, message: The DataShareHelper is not initialized successfully.
09-10 18:34:27.078  2458  2458 W A01c06/ICON: AppIconWeatherModel --> initWeatherListener, retryTimes: 4
09-10 18:34:27.082  2458  2458 E A01c06/ICON: AppIconWeatherModel --> get weather info failed, code: 15700010, message: The DataShareHelper is not initialized successfully.
09-10 18:34:28.084  2458  2458 W A01c06/ICON: AppIconWeatherModel --> initWeatherListener, retryTimes: 4
09-10 18:34:28.089  2458  2458 E A01c06/ICON: AppIconWeatherModel --> get weather info failed, code: 15700010, message: The DataShareHelper is not initialized successfully.
09-10 18:34:29.090  2458  2458 W A01c06/ICON: AppIconWeatherModel --> initWeatherListener, retryTimes: 4
09-10 18:34:29.093  2458  2458 E A01c06/ICON: AppIconWeatherModel --> get weather info failed, code: 15700010, message: The DataShareHelper is not initialized successfully.
09-10 18:34:30.097  2458  2458 W A01c06/ICON: AppIconWeatherModel --> initWeatherListener, retryTimes: 4
09-10 18:34:30.100  2458  2458 E A01c06/ICON: AppIconWeatherModel --> get weather info failed, code: 15700010, message: The DataShareHelper is not initialized successfully.
09-10 18:34:31.103  2458  2458 W A01c06/ICON: AppIconWeatherModel --> initWeatherListener, retryTimes: 4
09-10 18:34:31.107  2458  2458 E A01c06/ICON: AppIconWeatherModel --> get weather info failed, code: 15700010, message: The DataShareHelper is not initialized successfully.
09-10 18:34:32.108  2458  2458 W A01c06/ICON: AppIconWeatherModel --> initWeatherListener, retryTimes: 4
09-10 18:34:32.111  2458  2458 E A01c06/ICON: AppIconWeatherModel --> get weather info failed, code: 15700010, message: The DataShareHelper is not initialized successfully.
09-10 18:34:33.112  2458  2458 W A01c06/ICON: AppIconWeatherModel --> initWeatherListener, retryTimes: 4
09-10 18:34:33.116  2458  2458 E A01c06/ICON: AppIconWeatherModel --> get weather info failed, code: 15700010, message: The DataShareHelper is not initialized successfully.
09-10 18:34:34.119  2458  2458 W A01c06/ICON: AppIconWeatherModel --> initWeatherListener, retryTimes: 4
09-10 18:34:34.122  2458  2458 E A01c06/ICON: AppIconWeatherModel --> get weather info failed, code: 15700010, message: The DataShareHelper is not initialized successfully.
09-10 18:34:35.123  2458  2458 W A01c06/ICON: AppIconWeatherModel --> initWeatherListener, retryTimes: 4
09-10 18:34:35.126  2458  2458 E A01c06/ICON: AppIconWeatherModel --> get weather info failed, code: 15700010, message: The DataShareHelper is not initialized successfully.
09-10 18:34:36.128  2458  2458 W A01c06/ICON: AppIconWeatherModel --> initWeatherListener, retryTimes: 4
09-10 18:34:36.130  2458  2458 E A01c06/ICON: AppIconWeatherModel --> get weather info failed, code: 15700010, message: The DataShareHelper is not initialized successfully.
09-10 18:34:37.136  2458  2458 W A01c06/ICON: AppIconWeatherModel --> initWeatherListener, retryTimes: 4
09-10 18:34:37.141  2458  2458 E A01c06/ICON: AppIconWeatherModel --> get weather info failed, code: 15700010, message: The DataShareHelper is not initialized successfully.
09-10 18:34:38.142  2458  2458 W A01c06/ICON: AppIconWeatherModel --> initWeatherListener, retryTimes: 4
09-10 18:34:38.147  2458  2458 E A01c06/ICON: AppIconWeatherModel --> get weather info failed, code: 15700010, message: The DataShareHelper is not initialized successfully.
09-10 18:34:39.149  2458  2458 W A01c06/ICON: AppIconWeatherModel --> initWeatherListener, retryTimes: 4
09-10 18:34:39.151  2458  2458 E A01c06/ICON: AppIconWeatherModel --> get weather info failed, code: 15700010, message: The DataShareHelper is not initialized successfully.
09-10 18:34:40.152  2458  2458 W A01c06/ICON: AppIconWeatherModel --> initWeatherListener, retryTimes: 4
09-10 18:34:40.155  2458  2458 E A01c06/ICON: AppIconWeatherModel --> get weather info failed, code: 15700010, message: The DataShareHelper is not initialized successfully.
09-10 18:34:41.159  2458  2458 W A01c06/ICON: AppIconWeatherModel --> initWeatherListener, retryTimes: 4
09-10 18:34:41.162  2458  2458 E A01c06/ICON: AppIconWeatherModel --> get weather info failed, code: 15700010, message: The DataShareHelper is not initialized successfully.
09-10 18:34:42.168  2458  2458 W A01c06/ICON: AppIconWeatherModel --> initWeatherListener, retryTimes: 4
09-10 18:34:42.172  2458  2458 E A01c06/ICON: AppIconWeatherModel --> get weather info failed, code: 15700010, message: The DataShareHelper is not initialized successfully.
09-10 18:34:43.174  2458  2458 W A01c06/ICON: AppIconWeatherModel --> initWeatherListener, retryTimes: 4
09-10 18:34:43.179  2458  2458 E A01c06/ICON: AppIconWeatherModel --> get weather info failed, code: 15700010, message: The DataShareHelper is not initialized successfully.
09-10 18:34:44.181  2458  2458 W A01c06/ICON: AppIconWeatherModel --> initWeatherListener, retryTimes: 4
09-10 18:34:44.184  2458  2458 E A01c06/ICON: AppIconWeatherModel --> get weather info failed, code: 15700010, message: The DataShareHelper is not initialized successfully.
09-10 18:34:45.187  2458  2458 W A01c06/ICON: AppIconWeatherModel --> initWeatherListener, retryTimes: 4
09-10 18:34:45.190  2458  2458 E A01c06/ICON: AppIconWeatherModel --> get weather info failed, code: 15700010, message: The DataShareHelper is not initialized successfully.
09-10 18:34:46.199  2458  2458 W A01c06/ICON: AppIconWeatherModel --> initWeatherListener, retryTimes: 4
09-10 18:34:46.202  2458  2458 E A01c06/ICON: AppIconWeatherModel --> get weather info failed, code: 15700010, message: The DataShareHelper is not initialized successfully.
09-10 18:34:47.204  2458  2458 W A01c06/ICON: AppIconWeatherModel --> initWeatherListener, retryTimes: 4
09-10 18:34:47.206  2458  2458 E A01c06/ICON: AppIconWeatherModel --> get weather info failed, code: 15700010, message: The DataShareHelper is not initialized successfully.
09-10 18:34:48.211  2458  2458 W A01c06/ICON: AppIconWeatherModel --> initWeatherListener, retryTimes: 4
09-10 18:34:48.216  2458  2458 E A01c06/ICON: AppIconWeatherModel --> get weather info failed, code: 15700010, message: The DataShareHelper is not initialized successfully.
09-10 18:34:49.220  2458  2458 W A01c06/ICON: AppIconWeatherModel --> initWeatherListener, retryTimes: 4
09-10 18:34:49.224  2458  2458 E A01c06/ICON: AppIconWeatherModel --> get weather info failed, code: 15700010, message: The DataShareHelper is not initialized successfully.
09-10 18:34:50.226  2458  2458 W A01c06/ICON: AppIconWeatherModel --> initWeatherListener, retryTimes: 4
09-10 18:34:50.229  2458  2458 E A01c06/ICON: AppIconWeatherModel --> get weather info failed, code: 15700010, message: The DataShareHelper is not initialized successfully.
09-10 18:34:51.230  2458  2458 W A01c06/ICON: AppIconWeatherModel --> initWeatherListener, retryTimes: 4
09-10 18:34:51.235  2458  2458 E A01c06/ICON: AppIconWeatherModel --> get weather info failed, code: 15700010, message: The DataShareHelper is not initialized successfully.
09-10 18:34:52.241  2458  2458 W A01c06/ICON: AppIconWeatherModel --> initWeatherListener, retryTimes: 4
09-10 18:34:52.246  2458  2458 E A01c06/ICON: AppIconWeatherModel --> get weather info failed, code: 15700010, message: The DataShareHelper is not initialized successfully.
09-10 18:34:53.250  2458  2458 W A01c06/ICON: AppIconWeatherModel --> initWeatherListener, retryTimes: 4
09-10 18:34:53.253  2458  2458 E A01c06/ICON: AppIconWeatherModel --> get weather info failed, code: 15700010, message: The DataShareHelper is not initialized successfully.
09-10 18:34:54.254  2458  2458 W A01c06/ICON: AppIconWeatherModel --> initWeatherListener, retryTimes: 4
09-10 18:34:54.257  2458  2458 E A01c06/ICON: AppIconWeatherModel --> get weather info failed, code: 15700010, message: The DataShareHelper is not initialized successfully.
09-10 18:34:55.259  2458  2458 W A01c06/ICON: AppIconWeatherModel --> initWeatherListener, retryTimes: 4
09-10 18:34:55.263  2458  2458 E A01c06/ICON: AppIconWeatherModel --> get weather info failed, code: 15700010, message: The DataShareHelper is not initialized successfully.
09-10 18:34:56.265  2458  2458 W A01c06/ICON: AppIconWeatherModel --> initWeatherListener, retryTimes: 4
09-10 18:34:56.267  2458  2458 E A01c06/ICON: AppIconWeatherModel --> get weather info failed, code: 15700010, message: The DataShareHelper is not initialized successfully.
09-10 18:34:57.274  2458  2458 W A01c06/ICON: AppIconWeatherModel --> initWeatherListener, retryTimes: 4
09-10 18:34:57.279  2458  2458 E A01c06/ICON: AppIconWeatherModel --> get weather info failed, code: 15700010, message: The DataShareHelper is not initialized successfully.
09-10 18:34:58.287  2458  2458 W A01c06/ICON: AppIconWeatherModel --> initWeatherListener, retryTimes: 4
09-10 18:34:58.292  2458  2458 E A01c06/ICON: AppIconWeatherModel --> get weather info failed, code: 15700010, message: The DataShareHelper is not initialized successfully.
09-10 18:34:59.302  2458  2458 W A01c06/ICON: AppIconWeatherModel --> initWeatherListener, retryTimes: 4
09-10 18:34:59.305  2458  2458 E A01c06/ICON: AppIconWeatherModel --> get weather info failed, code: 15700010, message: The DataShareHelper is not initialized successfully.
09-10 18:35:00.003  2458  2458 I A01a01/NC: StatusBarSysEventUtil: onTimeChangeEvent
09-10 18:35:00.003  2458  2458 W A01c06/ICON: AppIconCalendarCache --> receive date change event, nowData: 10, dateText: ,image is transparent: false, image is empty: true
09-10 18:35:00.003  2458  2458 W A01c06/ICON: AppIconCalendarCache --> com.huawei.hmos.calendar is not dynamic icon, bundleName is com.huawei.hmos.calendar
09-10 18:35:00.003  2458  2458 E A01c06/ICON: AppIconCalendarCache --> backgroundImage resource error
09-10 18:35:00.003  2458  2458 E A01c06/ICON: AppIconCalendarCache --> calendarForegroundBuilder is null
09-10 18:35:00.315  2458  2458 W A01c06/ICON: AppIconWeatherModel --> initWeatherListener, retryTimes: 4
09-10 18:35:00.320  2458  2458 E A01c06/ICON: AppIconWeatherModel --> get weather info failed, code: 15700010, message: The DataShareHelper is not initialized successfully.
09-10 18:35:01.322  2458  2458 W A01c06/ICON: AppIconWeatherModel --> initWeatherListener, retryTimes: 4
09-10 18:35:01.328  2458  2458 E A01c06/ICON: AppIconWeatherModel --> get weather info failed, code: 15700010, message: The DataShareHelper is not initialized successfully.
09-10 18:35:02.329  2458  2458 W A01c06/ICON: AppIconWeatherModel --> initWeatherListener, retryTimes: 4
09-10 18:35:02.332  2458  2458 E A01c06/ICON: AppIconWeatherModel --> get weather info failed, code: 15700010, message: The DataShareHelper is not initialized successfully.
09-10 18:35:03.333  2458  2458 W A01c06/ICON: AppIconWeatherModel --> initWeatherListener, retryTimes: 4
09-10 18:35:03.335  2458  2458 E A01c06/ICON: AppIconWeatherModel --> get weather info failed, code: 15700010, message: The DataShareHelper is not initialized successfully.
09-10 18:35:04.338  2458  2458 W A01c06/ICON: AppIconWeatherModel --> initWeatherListener, retryTimes: 4
09-10 18:35:04.346  2458  2458 E A01c06/ICON: AppIconWeatherModel --> get weather info failed, code: 15700010, message: The DataShareHelper is not initialized successfully.
09-10 18:35:05.354  2458  2458 W A01c06/ICON: AppIconWeatherModel --> initWeatherListener, retryTimes: 4
09-10 18:35:05.357  2458  2458 E A01c06/ICON: AppIconWeatherModel --> get weather info failed, code: 15700010, message: The DataShareHelper is not initialized successfully.
09-10 18:35:06.359  2458  2458 W A01c06/ICON: AppIconWeatherModel --> initWeatherListener, retryTimes: 4
09-10 18:35:06.364  2458  2458 E A01c06/ICON: AppIconWeatherModel --> get weather info failed, code: 15700010, message: The DataShareHelper is not initialized successfully.
09-10 18:35:07.367  2458  2458 W A01c06/ICON: AppIconWeatherModel --> initWeatherListener, retryTimes: 4
09-10 18:35:07.375  2458  2458 E A01c06/ICON: AppIconWeatherModel --> get weather info failed, code: 15700010, message: The DataShareHelper is not initialized successfully.
09-10 18:35:08.384  2458  2458 W A01c06/ICON: AppIconWeatherModel --> initWeatherListener, retryTimes: 4
09-10 18:35:08.389  2458  2458 E A01c06/ICON: AppIconWeatherModel --> get weather info failed, code: 15700010, message: The DataShareHelper is not initialized successfully.
09-10 18:35:09.393  2458  2458 W A01c06/ICON: AppIconWeatherModel --> initWeatherListener, retryTimes: 4
09-10 18:35:09.401  2458  2458 E A01c06/ICON: AppIconWeatherModel --> get weather info failed, code: 15700010, message: The DataShareHelper is not initialized successfully.
09-10 18:35:10.405  2458  2458 W A01c06/ICON: AppIconWeatherModel --> initWeatherListener, retryTimes: 4
09-10 18:35:10.414  2458  2458 E A01c06/ICON: AppIconWeatherModel --> get weather info failed, code: 15700010, message: The DataShareHelper is not initialized successfully.
09-10 18:35:11.418  2458  2458 W A01c06/ICON: AppIconWeatherModel --> initWeatherListener, retryTimes: 4
09-10 18:35:11.421  2458  2458 E A01c06/ICON: AppIconWeatherModel --> get weather info failed, code: 15700010, message: The DataShareHelper is not initialized successfully.
09-10 18:35:12.429  2458  2458 W A01c06/ICON: AppIconWeatherModel --> initWeatherListener, retryTimes: 4
09-10 18:35:12.434  2458  2458 E A01c06/ICON: AppIconWeatherModel --> get weather info failed, code: 15700010, message: The DataShareHelper is not initialized successfully.
09-10 18:35:13.440  2458  2458 W A01c06/ICON: AppIconWeatherModel --> initWeatherListener, retryTimes: 4
09-10 18:35:13.445  2458  2458 E A01c06/ICON: AppIconWeatherModel --> get weather info failed, code: 15700010, message: The DataShareHelper is not initialized successfully.
09-10 18:35:14.448  2458  2458 W A01c06/ICON: AppIconWeatherModel --> initWeatherListener, retryTimes: 4
09-10 18:35:14.451  2458  2458 E A01c06/ICON: AppIconWeatherModel --> get weather info failed, code: 15700010, message: The DataShareHelper is not initialized successfully.
09-10 18:35:15.457  2458  2458 W A01c06/ICON: AppIconWeatherModel --> initWeatherListener, retryTimes: 4
09-10 18:35:15.461  2458  2458 E A01c06/ICON: AppIconWeatherModel --> get weather info failed, code: 15700010, message: The DataShareHelper is not initialized successfully.
09-10 18:35:16.468  2458  2458 W A01c06/ICON: AppIconWeatherModel --> initWeatherListener, retryTimes: 4
09-10 18:35:16.472  2458  2458 E A01c06/ICON: AppIconWeatherModel --> get weather info failed, code: 15700010, message: The DataShareHelper is not initialized successfully.
09-10 18:35:17.475  2458  2458 W A01c06/ICON: AppIconWeatherModel --> initWeatherListener, retryTimes: 4
09-10 18:35:17.480  2458  2458 E A01c06/ICON: AppIconWeatherModel --> get weather info failed, code: 15700010, message: The DataShareHelper is not initialized successfully.
09-10 18:35:18.486  2458  2458 W A01c06/ICON: AppIconWeatherModel --> initWeatherListener, retryTimes: 4
09-10 18:35:18.491  2458  2458 E A01c06/ICON: AppIconWeatherModel --> get weather info failed, code: 15700010, message: The DataShareHelper is not initialized successfully.
09-10 18:35:19.495  2458  2458 W A01c06/ICON: AppIconWeatherModel --> initWeatherListener, retryTimes: 4
09-10 18:35:19.501  2458  2458 E A01c06/ICON: AppIconWeatherModel --> get weather info failed, code: 15700010, message: The DataShareHelper is not initialized successfully.
09-10 18:35:20.512  2458  2458 W A01c06/ICON: AppIconWeatherModel --> initWeatherListener, retryTimes: 4
09-10 18:35:20.517  2458  2458 E A01c06/ICON: AppIconWeatherModel --> get weather info failed, code: 15700010, message: The DataShareHelper is not initialized successfully.
09-10 18:35:21.527  2458  2458 W A01c06/ICON: AppIconWeatherModel --> initWeatherListener, retryTimes: 4
09-10 18:35:21.534  2458  2458 E A01c06/ICON: AppIconWeatherModel --> get weather info failed, code: 15700010, message: The DataShareHelper is not initialized successfully.
09-10 18:35:22.535  2458  2458 W A01c06/ICON: AppIconWeatherModel --> initWeatherListener, retryTimes: 4
09-10 18:35:22.540  2458  2458 E A01c06/ICON: AppIconWeatherModel --> get weather info failed, code: 15700010, message: The DataShareHelper is not initialized successfully.
09-10 18:35:23.541  2458  2458 W A01c06/ICON: AppIconWeatherModel --> initWeatherListener, retryTimes: 4
09-10 18:35:23.546  2458  2458 E A01c06/ICON: AppIconWeatherModel --> get weather info failed, code: 15700010, message: The DataShareHelper is not initialized successfully.
09-10 18:35:24.550  2458  2458 W A01c06/ICON: AppIconWeatherModel --> initWeatherListener, retryTimes: 4
09-10 18:35:24.557  2458  2458 E A01c06/ICON: AppIconWeatherModel --> get weather info failed, code: 15700010, message: The DataShareHelper is not initialized successfully.
09-10 18:35:25.566  2458  2458 W A01c06/ICON: AppIconWeatherModel --> initWeatherListener, retryTimes: 4
09-10 18:35:25.575  2458  2458 E A01c06/ICON: AppIconWeatherModel --> get weather info failed, code: 15700010, message: The DataShareHelper is not initialized successfully.
09-10 18:35:26.576  2458  2458 W A01c06/ICON: AppIconWeatherModel --> initWeatherListener, retryTimes: 4
09-10 18:35:26.582  2458  2458 E A01c06/ICON: AppIconWeatherModel --> get weather info failed, code: 15700010, message: The DataShareHelper is not initialized successfully.
09-10 18:35:27.590  2458  2458 W A01c06/ICON: AppIconWeatherModel --> initWeatherListener, retryTimes: 4
09-10 18:35:27.596  2458  2458 E A01c06/ICON: AppIconWeatherModel --> get weather info failed, code: 15700010, message: The DataShareHelper is not initialized successfully.
09-10 18:35:28.597  2458  2458 W A01c06/ICON: AppIconWeatherModel --> initWeatherListener, retryTimes: 4
09-10 18:35:28.603  2458  2458 E A01c06/ICON: AppIconWeatherModel --> get weather info failed, code: 15700010, message: The DataShareHelper is not initialized successfully.
09-10 18:35:29.605  2458  2458 W A01c06/ICON: AppIconWeatherModel --> initWeatherListener, retryTimes: 4
09-10 18:35:29.613  2458  2458 E A01c06/ICON: AppIconWeatherModel --> get weather info failed, code: 15700010, message: The DataShareHelper is not initialized successfully.
09-10 18:35:30.615  2458  2458 W A01c06/ICON: AppIconWeatherModel --> initWeatherListener, retryTimes: 4
09-10 18:35:30.622  2458  2458 E A01c06/ICON: AppIconWeatherModel --> get weather info failed, code: 15700010, message: The DataShareHelper is not initialized successfully.
09-10 18:35:31.622  2458  2458 W A01c06/ICON: AppIconWeatherModel --> initWeatherListener, retryTimes: 4
09-10 18:35:31.629  2458  2458 E A01c06/ICON: AppIconWeatherModel --> get weather info failed, code: 15700010, message: The DataShareHelper is not initialized successfully.
09-10 18:35:32.632  2458  2458 W A01c06/ICON: AppIconWeatherModel --> initWeatherListener, retryTimes: 4
09-10 18:35:32.636  2458  2458 E A01c06/ICON: AppIconWeatherModel --> get weather info failed, code: 15700010, message: The DataShareHelper is not initialized successfully.
09-10 18:35:33.639  2458  2458 W A01c06/ICON: AppIconWeatherModel --> initWeatherListener, retryTimes: 4
09-10 18:35:33.643  2458  2458 E A01c06/ICON: AppIconWeatherModel --> get weather info failed, code: 15700010, message: The DataShareHelper is not initialized successfully.
09-10 18:35:34.643  2458  2458 W A01c06/ICON: AppIconWeatherModel --> initWeatherListener, retryTimes: 4
09-10 18:35:34.648  2458  2458 E A01c06/ICON: AppIconWeatherModel --> get weather info failed, code: 15700010, message: The DataShareHelper is not initialized successfully.
09-10 18:35:35.649  2458  2458 W A01c06/ICON: AppIconWeatherModel --> initWeatherListener, retryTimes: 4
09-10 18:35:35.652  2458  2458 E A01c06/ICON: AppIconWeatherModel --> get weather info failed, code: 15700010, message: The DataShareHelper is not initialized successfully.
09-10 18:35:36.655  2458  2458 W A01c06/ICON: AppIconWeatherModel --> initWeatherListener, retryTimes: 4
09-10 18:35:36.656  2458  2458 E A01c06/ICON: AppIconWeatherModel --> get weather info failed, code: 15700010, message: The DataShareHelper is not initialized successfully.
09-10 18:35:37.662  2458  2458 W A01c06/ICON: AppIconWeatherModel --> initWeatherListener, retryTimes: 4
09-10 18:35:37.666  2458  2458 E A01c06/ICON: AppIconWeatherModel --> get weather info failed, code: 15700010, message: The DataShareHelper is not initialized successfully.
09-10 18:35:38.675  2458  2458 W A01c06/ICON: AppIconWeatherModel --> initWeatherListener, retryTimes: 4
09-10 18:35:38.682  2458  2458 E A01c06/ICON: AppIconWeatherModel --> get weather info failed, code: 15700010, message: The DataShareHelper is not initialized successfully.
09-10 18:35:39.685  2458  2458 W A01c06/ICON: AppIconWeatherModel --> initWeatherListener, retryTimes: 4
09-10 18:35:39.692  2458  2458 E A01c06/ICON: AppIconWeatherModel --> get weather info failed, code: 15700010, message: The DataShareHelper is not initialized successfully.
09-10 18:35:40.695  2458  2458 W A01c06/ICON: AppIconWeatherModel --> initWeatherListener, retryTimes: 4
09-10 18:35:40.699  2458  2458 E A01c06/ICON: AppIconWeatherModel --> get weather info failed, code: 15700010, message: The DataShareHelper is not initialized successfully.
09-10 18:35:41.700  2458  2458 W A01c06/ICON: AppIconWeatherModel --> initWeatherListener, retryTimes: 4
09-10 18:35:41.705  2458  2458 E A01c06/ICON: AppIconWeatherModel --> get weather info failed, code: 15700010, message: The DataShareHelper is not initialized successfully.
09-10 18:35:42.715  2458  2458 W A01c06/ICON: AppIconWeatherModel --> initWeatherListener, retryTimes: 4
09-10 18:35:42.719  2458  2458 E A01c06/ICON: AppIconWeatherModel --> get weather info failed, code: 15700010, message: The DataShareHelper is not initialized successfully.
09-10 18:35:43.721  2458  2458 W A01c06/ICON: AppIconWeatherModel --> initWeatherListener, retryTimes: 4
09-10 18:35:43.725  2458  2458 E A01c06/ICON: AppIconWeatherModel --> get weather info failed, code: 15700010, message: The DataShareHelper is not initialized successfully.
09-10 18:35:44.727  2458  2458 W A01c06/ICON: AppIconWeatherModel --> initWeatherListener, retryTimes: 4
09-10 18:35:44.731  2458  2458 E A01c06/ICON: AppIconWeatherModel --> get weather info failed, code: 15700010, message: The DataShareHelper is not initialized successfully.
09-10 18:35:45.736  2458  2458 W A01c06/ICON: AppIconWeatherModel --> initWeatherListener, retryTimes: 4
09-10 18:35:45.740  2458  2458 E A01c06/ICON: AppIconWeatherModel --> get weather info failed, code: 15700010, message: The DataShareHelper is not initialized successfully.
09-10 18:35:46.742  2458  2458 W A01c06/ICON: AppIconWeatherModel --> initWeatherListener, retryTimes: 4
09-10 18:35:46.745  2458  2458 E A01c06/ICON: AppIconWeatherModel --> get weather info failed, code: 15700010, message: The DataShareHelper is not initialized successfully.
09-10 18:35:47.749  2458  2458 W A01c06/ICON: AppIconWeatherModel --> initWeatherListener, retryTimes: 4
09-10 18:35:47.755  2458  2458 E A01c06/ICON: AppIconWeatherModel --> get weather info failed, code: 15700010, message: The DataShareHelper is not initialized successfully.
09-10 18:35:48.760  2458  2458 W A01c06/ICON: AppIconWeatherModel --> initWeatherListener, retryTimes: 4
09-10 18:35:48.766  2458  2458 E A01c06/ICON: AppIconWeatherModel --> get weather info failed, code: 15700010, message: The DataShareHelper is not initialized successfully.
09-10 18:35:49.769  2458  2458 W A01c06/ICON: AppIconWeatherModel --> initWeatherListener, retryTimes: 4
09-10 18:35:49.773  2458  2458 E A01c06/ICON: AppIconWeatherModel --> get weather info failed, code: 15700010, message: The DataShareHelper is not initialized successfully.
09-10 18:35:50.777  2458  2458 W A01c06/ICON: AppIconWeatherModel --> initWeatherListener, retryTimes: 4
09-10 18:35:50.781  2458  2458 E A01c06/ICON: AppIconWeatherModel --> get weather info failed, code: 15700010, message: The DataShareHelper is not initialized successfully.
09-10 18:35:51.785  2458  2458 W A01c06/ICON: AppIconWeatherModel --> initWeatherListener, retryTimes: 4
09-10 18:35:51.792  2458  2458 E A01c06/ICON: AppIconWeatherModel --> get weather info failed, code: 15700010, message: The DataShareHelper is not initialized successfully.
09-10 18:35:52.793  2458  2458 W A01c06/ICON: AppIconWeatherModel --> initWeatherListener, retryTimes: 4
09-10 18:35:52.798  2458  2458 E A01c06/ICON: AppIconWeatherModel --> get weather info failed, code: 15700010, message: The DataShareHelper is not initialized successfully.
09-10 18:35:53.800  2458  2458 W A01c06/ICON: AppIconWeatherModel --> initWeatherListener, retryTimes: 4
09-10 18:35:53.804  2458  2458 E A01c06/ICON: AppIconWeatherModel --> get weather info failed, code: 15700010, message: The DataShareHelper is not initialized successfully.
09-10 18:35:54.805  2458  2458 W A01c06/ICON: AppIconWeatherModel --> initWeatherListener, retryTimes: 4
09-10 18:35:54.809  2458  2458 E A01c06/ICON: AppIconWeatherModel --> get weather info failed, code: 15700010, message: The DataShareHelper is not initialized successfully.
09-10 18:35:55.812  2458  2458 W A01c06/ICON: AppIconWeatherModel --> initWeatherListener, retryTimes: 4
09-10 18:35:55.814  2458  2458 E A01c06/ICON: AppIconWeatherModel --> get weather info failed, code: 15700010, message: The DataShareHelper is not initialized successfully.
09-10 18:35:56.815  2458  2458 W A01c06/ICON: AppIconWeatherModel --> initWeatherListener, retryTimes: 4
09-10 18:35:56.819  2458  2458 E A01c06/ICON: AppIconWeatherModel --> get weather info failed, code: 15700010, message: The DataShareHelper is not initialized successfully.
09-10 18:35:57.824  2458  2458 W A01c06/ICON: AppIconWeatherModel --> initWeatherListener, retryTimes: 4
09-10 18:35:57.827  2458  2458 E A01c06/ICON: AppIconWeatherModel --> get weather info failed, code: 15700010, message: The DataShareHelper is not initialized successfully.
09-10 18:35:58.830  2458  2458 W A01c06/ICON: AppIconWeatherModel --> initWeatherListener, retryTimes: 4
09-10 18:35:58.833  2458  2458 E A01c06/ICON: AppIconWeatherModel --> get weather info failed, code: 15700010, message: The DataShareHelper is not initialized successfully.
09-10 18:35:59.834  2458  2458 W A01c06/ICON: AppIconWeatherModel --> initWeatherListener, retryTimes: 4
09-10 18:35:59.837  2458  2458 E A01c06/ICON: AppIconWeatherModel --> get weather info failed, code: 15700010, message: The DataShareHelper is not initialized successfully.
09-10 18:36:00.010  2458  2458 I A01a01/NC: StatusBarSysEventUtil: onTimeChangeEvent
09-10 18:36:00.010  2458  2458 W A01c06/ICON: AppIconCalendarCache --> receive date change event, nowData: 10, dateText: ,image is transparent: false, image is empty: true
09-10 18:36:00.010  2458  2458 W A01c06/ICON: AppIconCalendarCache --> com.huawei.hmos.calendar is not dynamic icon, bundleName is com.huawei.hmos.calendar
09-10 18:36:00.010  2458  2458 E A01c06/ICON: AppIconCalendarCache --> backgroundImage resource error
09-10 18:36:00.010  2458  2458 E A01c06/ICON: AppIconCalendarCache --> calendarForegroundBuilder is null
09-10 18:36:00.838  2458  2458 W A01c06/ICON: AppIconWeatherModel --> initWeatherListener, retryTimes: 4
09-10 18:36:00.841  2458  2458 E A01c06/ICON: AppIconWeatherModel --> get weather info failed, code: 15700010, message: The DataShareHelper is not initialized successfully.
09-10 18:36:01.841  2458  2458 W A01c06/ICON: AppIconWeatherModel --> initWeatherListener, retryTimes: 4
09-10 18:36:01.843  2458  2458 E A01c06/ICON: AppIconWeatherModel --> get weather info failed, code: 15700010, message: The DataShareHelper is not initialized successfully.
09-10 18:36:02.845  2458  2458 W A01c06/ICON: AppIconWeatherModel --> initWeatherListener, retryTimes: 4
09-10 18:36:02.847  2458  2458 E A01c06/ICON: AppIconWeatherModel --> get weather info failed, code: 15700010, message: The DataShareHelper is not initialized successfully.
09-10 18:36:03.848  2458  2458 W A01c06/ICON: AppIconWeatherModel --> initWeatherListener, retryTimes: 4
09-10 18:36:03.850  2458  2458 E A01c06/ICON: AppIconWeatherModel --> get weather info failed, code: 15700010, message: The DataShareHelper is not initialized successfully.
09-10 18:36:04.850  2458  2458 W A01c06/ICON: AppIconWeatherModel --> initWeatherListener, retryTimes: 4
09-10 18:36:04.852  2458  2458 E A01c06/ICON: AppIconWeatherModel --> get weather info failed, code: 15700010, message: The DataShareHelper is not initialized successfully.
09-10 18:36:05.854  2458  2458 W A01c06/ICON: AppIconWeatherModel --> initWeatherListener, retryTimes: 4
09-10 18:36:05.856  2458  2458 E A01c06/ICON: AppIconWeatherModel --> get weather info failed, code: 15700010, message: The DataShareHelper is not initialized successfully.
09-10 18:36:06.857  2458  2458 W A01c06/ICON: AppIconWeatherModel --> initWeatherListener, retryTimes: 4
09-10 18:36:06.859  2458  2458 E A01c06/ICON: AppIconWeatherModel --> get weather info failed, code: 15700010, message: The DataShareHelper is not initialized successfully.
09-10 18:36:07.861  2458  2458 W A01c06/ICON: AppIconWeatherModel --> initWeatherListener, retryTimes: 4
09-10 18:36:07.863  2458  2458 E A01c06/ICON: AppIconWeatherModel --> get weather info failed, code: 15700010, message: The DataShareHelper is not initialized successfully.
09-10 18:36:08.867  2458  2458 W A01c06/ICON: AppIconWeatherModel --> initWeatherListener, retryTimes: 4
09-10 18:36:08.869  2458  2458 E A01c06/ICON: AppIconWeatherModel --> get weather info failed, code: 15700010, message: The DataShareHelper is not initialized successfully.
09-10 18:36:09.871  2458  2458 W A01c06/ICON: AppIconWeatherModel --> initWeatherListener, retryTimes: 4
09-10 18:36:09.872  2458  2458 E A01c06/ICON: AppIconWeatherModel --> get weather info failed, code: 15700010, message: The DataShareHelper is not initialized successfully.
09-10 18:36:10.874  2458  2458 W A01c06/ICON: AppIconWeatherModel --> initWeatherListener, retryTimes: 4
09-10 18:36:10.877  2458  2458 E A01c06/ICON: AppIconWeatherModel --> get weather info failed, code: 15700010, message: The DataShareHelper is not initialized successfully.
09-10 18:36:11.879  2458  2458 W A01c06/ICON: AppIconWeatherModel --> initWeatherListener, retryTimes: 4
09-10 18:36:11.881  2458  2458 E A01c06/ICON: AppIconWeatherModel --> get weather info failed, code: 15700010, message: The DataShareHelper is not initialized successfully.
09-10 18:36:12.884  2458  2458 W A01c06/ICON: AppIconWeatherModel --> initWeatherListener, retryTimes: 4
09-10 18:36:12.885  2458  2458 E A01c06/ICON: AppIconWeatherModel --> get weather info failed, code: 15700010, message: The DataShareHelper is not initialized successfully.
09-10 18:36:13.888  2458  2458 W A01c06/ICON: AppIconWeatherModel --> initWeatherListener, retryTimes: 4
09-10 18:36:13.890  2458  2458 E A01c06/ICON: AppIconWeatherModel --> get weather info failed, code: 15700010, message: The DataShareHelper is not initialized successfully.
09-10 18:36:14.892  2458  2458 W A01c06/ICON: AppIconWeatherModel --> initWeatherListener, retryTimes: 4
09-10 18:36:14.894  2458  2458 E A01c06/ICON: AppIconWeatherModel --> get weather info failed, code: 15700010, message: The DataShareHelper is not initialized successfully.
09-10 18:36:15.896  2458  2458 W A01c06/ICON: AppIconWeatherModel --> initWeatherListener, retryTimes: 4
09-10 18:36:15.899  2458  2458 E A01c06/ICON: AppIconWeatherModel --> get weather info failed, code: 15700010, message: The DataShareHelper is not initialized successfully.
09-10 18:36:16.900  2458  2458 W A01c06/ICON: AppIconWeatherModel --> initWeatherListener, retryTimes: 4
09-10 18:36:16.902  2458  2458 E A01c06/ICON: AppIconWeatherModel --> get weather info failed, code: 15700010, message: The DataShareHelper is not initialized successfully.
09-10 18:36:17.902  2458  2458 W A01c06/ICON: AppIconWeatherModel --> initWeatherListener, retryTimes: 4
09-10 18:36:17.905  2458  2458 E A01c06/ICON: AppIconWeatherModel --> get weather info failed, code: 15700010, message: The DataShareHelper is not initialized successfully.
09-10 18:36:18.910  2458  2458 W A01c06/ICON: AppIconWeatherModel --> initWeatherListener, retryTimes: 4
09-10 18:36:18.913  2458  2458 E A01c06/ICON: AppIconWeatherModel --> get weather info failed, code: 15700010, message: The DataShareHelper is not initialized successfully.
09-10 18:36:19.915  2458  2458 W A01c06/ICON: AppIconWeatherModel --> initWeatherListener, retryTimes: 4
09-10 18:36:19.943  2458  2458 E A01c06/ICON: AppIconWeatherModel --> get weather info failed, code: 15700010, message: The DataShareHelper is not initialized successfully.
09-10 18:36:20.948  2458  2458 W A01c06/ICON: AppIconWeatherModel --> initWeatherListener, retryTimes: 4
09-10 18:36:20.952  2458  2458 E A01c06/ICON: AppIconWeatherModel --> get weather info failed, code: 15700010, message: The DataShareHelper is not initialized successfully.
09-10 18:36:21.953  2458  2458 W A01c06/ICON: AppIconWeatherModel --> initWeatherListener, retryTimes: 4
09-10 18:36:22.105  2458  2458 E A01c06/ICON: AppIconWeatherModel --> get weather info failed, code: 15700010, message: The DataShareHelper is not initialized successfully.
09-10 18:36:23.106  2458  2458 W A01c06/ICON: AppIconWeatherModel --> initWeatherListener, retryTimes: 4
09-10 18:36:23.108  2458  2458 E A01c06/ICON: AppIconWeatherModel --> get weather info failed, code: 15700010, message: The DataShareHelper is not initialized successfully.
09-10 18:36:24.110  2458  2458 W A01c06/ICON: AppIconWeatherModel --> initWeatherListener, retryTimes: 4
09-10 18:36:24.112  2458  2458 E A01c06/ICON: AppIconWeatherModel --> get weather info failed, code: 15700010, message: The DataShareHelper is not initialized successfully.
09-10 18:36:25.115  2458  2458 W A01c06/ICON: AppIconWeatherModel --> initWeatherListener, retryTimes: 4
09-10 18:36:25.119  2458  2458 E A01c06/ICON: AppIconWeatherModel --> get weather info failed, code: 15700010, message: The DataShareHelper is not initialized successfully.
09-10 18:36:26.119  2458  2458 W A01c06/ICON: AppIconWeatherModel --> initWeatherListener, retryTimes: 4
09-10 18:36:26.122  2458  2458 E A01c06/ICON: AppIconWeatherModel --> get weather info failed, code: 15700010, message: The DataShareHelper is not initialized successfully.
09-10 18:36:27.123  2458  2458 W A01c06/ICON: AppIconWeatherModel --> initWeatherListener, retryTimes: 4
09-10 18:36:27.125  2458  2458 E A01c06/ICON: AppIconWeatherModel --> get weather info failed, code: 15700010, message: The DataShareHelper is not initialized successfully.
09-10 18:36:28.129  2458  2458 W A01c06/ICON: AppIconWeatherModel --> initWeatherListener, retryTimes: 4
09-10 18:36:28.131  2458  2458 E A01c06/ICON: AppIconWeatherModel --> get weather info failed, code: 15700010, message: The DataShareHelper is not initialized successfully.
09-10 18:36:29.132  2458  2458 W A01c06/ICON: AppIconWeatherModel --> initWeatherListener, retryTimes: 4
09-10 18:36:29.135  2458  2458 E A01c06/ICON: AppIconWeatherModel --> get weather info failed, code: 15700010, message: The DataShareHelper is not initialized successfully.
09-10 18:36:30.137  2458  2458 W A01c06/ICON: AppIconWeatherModel --> initWeatherListener, retryTimes: 4
09-10 18:36:30.140  2458  2458 E A01c06/ICON: AppIconWeatherModel --> get weather info failed, code: 15700010, message: The DataShareHelper is not initialized successfully.
09-10 18:36:31.142  2458  2458 W A01c06/ICON: AppIconWeatherModel --> initWeatherListener, retryTimes: 4
09-10 18:36:31.146  2458  2458 E A01c06/ICON: AppIconWeatherModel --> get weather info failed, code: 15700010, message: The DataShareHelper is not initialized successfully.
09-10 18:36:32.147  2458  2458 W A01c06/ICON: AppIconWeatherModel --> initWeatherListener, retryTimes: 4
09-10 18:36:32.151  2458  2458 E A01c06/ICON: AppIconWeatherModel --> get weather info failed, code: 15700010, message: The DataShareHelper is not initialized successfully.
09-10 18:36:33.152  2458  2458 W A01c06/ICON: AppIconWeatherModel --> initWeatherListener, retryTimes: 4
09-10 18:36:33.154  2458  2458 E A01c06/ICON: AppIconWeatherModel --> get weather info failed, code: 15700010, message: The DataShareHelper is not initialized successfully.
09-10 18:36:34.157  2458  2458 W A01c06/ICON: AppIconWeatherModel --> initWeatherListener, retryTimes: 4
09-10 18:36:34.161  2458  2458 E A01c06/ICON: AppIconWeatherModel --> get weather info failed, code: 15700010, message: The DataShareHelper is not initialized successfully.
09-10 18:36:35.162  2458  2458 W A01c06/ICON: AppIconWeatherModel --> initWeatherListener, retryTimes: 4
09-10 18:36:35.165  2458  2458 E A01c06/ICON: AppIconWeatherModel --> get weather info failed, code: 15700010, message: The DataShareHelper is not initialized successfully.
09-10 18:36:36.166  2458  2458 W A01c06/ICON: AppIconWeatherModel --> initWeatherListener, retryTimes: 4
09-10 18:36:36.171  2458  2458 E A01c06/ICON: AppIconWeatherModel --> get weather info failed, code: 15700010, message: The DataShareHelper is not initialized successfully.
09-10 18:36:37.174  2458  2458 W A01c06/ICON: AppIconWeatherModel --> initWeatherListener, retryTimes: 4
09-10 18:36:37.176  2458  2458 E A01c06/ICON: AppIconWeatherModel --> get weather info failed, code: 15700010, message: The DataShareHelper is not initialized successfully.
09-10 18:36:38.177  2458  2458 W A01c06/ICON: AppIconWeatherModel --> initWeatherListener, retryTimes: 4
09-10 18:36:38.179  2458  2458 E A01c06/ICON: AppIconWeatherModel --> get weather info failed, code: 15700010, message: The DataShareHelper is not initialized successfully.
09-10 18:36:39.182  2458  2458 W A01c06/ICON: AppIconWeatherModel --> initWeatherListener, retryTimes: 4
09-10 18:36:39.184  2458  2458 E A01c06/ICON: AppIconWeatherModel --> get weather info failed, code: 15700010, message: The DataShareHelper is not initialized successfully.
09-10 18:36:40.190  2458  2458 W A01c06/ICON: AppIconWeatherModel --> initWeatherListener, retryTimes: 4
09-10 18:36:40.195  2458  2458 E A01c06/ICON: AppIconWeatherModel --> get weather info failed, code: 15700010, message: The DataShareHelper is not initialized successfully.
09-10 18:36:41.196  2458  2458 W A01c06/ICON: AppIconWeatherModel --> initWeatherListener, retryTimes: 4
09-10 18:36:41.199  2458  2458 E A01c06/ICON: AppIconWeatherModel --> get weather info failed, code: 15700010, message: The DataShareHelper is not initialized successfully.
09-10 18:36:42.200  2458  2458 W A01c06/ICON: AppIconWeatherModel --> initWeatherListener, retryTimes: 4
09-10 18:36:42.204  2458  2458 E A01c06/ICON: AppIconWeatherModel --> get weather info failed, code: 15700010, message: The DataShareHelper is not initialized successfully.
09-10 18:36:43.207  2458  2458 W A01c06/ICON: AppIconWeatherModel --> initWeatherListener, retryTimes: 4
09-10 18:36:43.209  2458  2458 E A01c06/ICON: AppIconWeatherModel --> get weather info failed, code: 15700010, message: The DataShareHelper is not initialized successfully.
09-10 18:36:44.212  2458  2458 W A01c06/ICON: AppIconWeatherModel --> initWeatherListener, retryTimes: 4
09-10 18:36:44.215  2458  2458 E A01c06/ICON: AppIconWeatherModel --> get weather info failed, code: 15700010, message: The DataShareHelper is not initialized successfully.
09-10 18:36:45.216  2458  2458 W A01c06/ICON: AppIconWeatherModel --> initWeatherListener, retryTimes: 4
09-10 18:36:45.223  2458  2458 E A01c06/ICON: AppIconWeatherModel --> get weather info failed, code: 15700010, message: The DataShareHelper is not initialized successfully.
09-10 18:36:46.225  2458  2458 W A01c06/ICON: AppIconWeatherModel --> initWeatherListener, retryTimes: 4
09-10 18:36:46.230  2458  2458 E A01c06/ICON: AppIconWeatherModel --> get weather info failed, code: 15700010, message: The DataShareHelper is not initialized successfully.
09-10 18:36:47.236  2458  2458 W A01c06/ICON: AppIconWeatherModel --> initWeatherListener, retryTimes: 4
09-10 18:36:47.239  2458  2458 E A01c06/ICON: AppIconWeatherModel --> get weather info failed, code: 15700010, message: The DataShareHelper is not initialized successfully.
09-10 18:36:48.240  2458  2458 W A01c06/ICON: AppIconWeatherModel --> initWeatherListener, retryTimes: 4
09-10 18:36:48.243  2458  2458 E A01c06/ICON: AppIconWeatherModel --> get weather info failed, code: 15700010, message: The DataShareHelper is not initialized successfully.
09-10 18:36:49.245  2458  2458 W A01c06/ICON: AppIconWeatherModel --> initWeatherListener, retryTimes: 4
09-10 18:36:49.249  2458  2458 E A01c06/ICON: AppIconWeatherModel --> get weather info failed, code: 15700010, message: The DataShareHelper is not initialized successfully.
09-10 18:36:50.251  2458  2458 W A01c06/ICON: AppIconWeatherModel --> initWeatherListener, retryTimes: 4
09-10 18:36:50.253  2458  2458 E A01c06/ICON: AppIconWeatherModel --> get weather info failed, code: 15700010, message: The DataShareHelper is not initialized successfully.
09-10 18:36:51.254  2458  2458 W A01c06/ICON: AppIconWeatherModel --> initWeatherListener, retryTimes: 4
09-10 18:36:51.258  2458  2458 E A01c06/ICON: AppIconWeatherModel --> get weather info failed, code: 15700010, message: The DataShareHelper is not initialized successfully.
09-10 18:36:52.264  2458  2458 W A01c06/ICON: AppIconWeatherModel --> initWeatherListener, retryTimes: 4
09-10 18:36:52.269  2458  2458 E A01c06/ICON: AppIconWeatherModel --> get weather info failed, code: 15700010, message: The DataShareHelper is not initialized successfully.
09-10 18:36:53.270  2458  2458 W A01c06/ICON: AppIconWeatherModel --> initWeatherListener, retryTimes: 4
09-10 18:36:53.272  2458  2458 E A01c06/ICON: AppIconWeatherModel --> get weather info failed, code: 15700010, message: The DataShareHelper is not initialized successfully.
09-10 18:36:54.274  2458  2458 W A01c06/ICON: AppIconWeatherModel --> initWeatherListener, retryTimes: 4
09-10 18:36:54.278  2458  2458 E A01c06/ICON: AppIconWeatherModel --> get weather info failed, code: 15700010, message: The DataShareHelper is not initialized successfully.
09-10 18:36:55.281  2458  2458 W A01c06/ICON: AppIconWeatherModel --> initWeatherListener, retryTimes: 4
09-10 18:36:55.285  2458  2458 E A01c06/ICON: AppIconWeatherModel --> get weather info failed, code: 15700010, message: The DataShareHelper is not initialized successfully.
09-10 18:36:56.288  2458  2458 W A01c06/ICON: AppIconWeatherModel --> initWeatherListener, retryTimes: 4
09-10 18:36:56.291  2458  2458 E A01c06/ICON: AppIconWeatherModel --> get weather info failed, code: 15700010, message: The DataShareHelper is not initialized successfully.
09-10 18:36:57.295  2458  2458 W A01c06/ICON: AppIconWeatherModel --> initWeatherListener, retryTimes: 4
09-10 18:36:57.299  2458  2458 E A01c06/ICON: AppIconWeatherModel --> get weather info failed, code: 15700010, message: The DataShareHelper is not initialized successfully.
09-10 18:36:58.302  2458  2458 W A01c06/ICON: AppIconWeatherModel --> initWeatherListener, retryTimes: 4
09-10 18:36:58.303  2458  2458 E A01c06/ICON: AppIconWeatherModel --> get weather info failed, code: 15700010, message: The DataShareHelper is not initialized successfully.
09-10 18:36:59.306  2458  2458 W A01c06/ICON: AppIconWeatherModel --> initWeatherListener, retryTimes: 4
09-10 18:36:59.309  2458  2458 E A01c06/ICON: AppIconWeatherModel --> get weather info failed, code: 15700010, message: The DataShareHelper is not initialized successfully.
09-10 18:37:00.005  2458  2458 I A01a01/NC: StatusBarSysEventUtil: onTimeChangeEvent
09-10 18:37:00.006  2458  2458 W A01c06/ICON: AppIconCalendarCache --> receive date change event, nowData: 10, dateText: ,image is transparent: false, image is empty: true
09-10 18:37:00.006  2458  2458 W A01c06/ICON: AppIconCalendarCache --> com.huawei.hmos.calendar is not dynamic icon, bundleName is com.huawei.hmos.calendar
09-10 18:37:00.006  2458  2458 E A01c06/ICON: AppIconCalendarCache --> backgroundImage resource error
09-10 18:37:00.006  2458  2458 E A01c06/ICON: AppIconCalendarCache --> calendarForegroundBuilder is null
09-10 18:37:00.313  2458  2458 W A01c06/ICON: AppIconWeatherModel --> initWeatherListener, retryTimes: 4
09-10 18:37:00.316  2458  2458 E A01c06/ICON: AppIconWeatherModel --> get weather info failed, code: 15700010, message: The DataShareHelper is not initialized successfully.
09-10 18:37:01.318  2458  2458 W A01c06/ICON: AppIconWeatherModel --> initWeatherListener, retryTimes: 4
09-10 18:37:01.325  2458  2458 E A01c06/ICON: AppIconWeatherModel --> get weather info failed, code: 15700010, message: The DataShareHelper is not initialized successfully.
09-10 18:37:02.327  2458  2458 W A01c06/ICON: AppIconWeatherModel --> initWeatherListener, retryTimes: 4
09-10 18:37:02.331  2458  2458 E A01c06/ICON: AppIconWeatherModel --> get weather info failed, code: 15700010, message: The DataShareHelper is not initialized successfully.
09-10 18:37:03.332  2458  2458 W A01c06/ICON: AppIconWeatherModel --> initWeatherListener, retryTimes: 4
09-10 18:37:03.333  2458  2458 E A01c06/ICON: AppIconWeatherModel --> get weather info failed, code: 15700010, message: The DataShareHelper is not initialized successfully.
09-10 18:37:04.335  2458  2458 W A01c06/ICON: AppIconWeatherModel --> initWeatherListener, retryTimes: 4
09-10 18:37:04.339  2458  2458 E A01c06/ICON: AppIconWeatherModel --> get weather info failed, code: 15700010, message: The DataShareHelper is not initialized successfully.
09-10 18:37:05.340  2458  2458 W A01c06/ICON: AppIconWeatherModel --> initWeatherListener, retryTimes: 4
09-10 18:37:05.342  2458  2458 E A01c06/ICON: AppIconWeatherModel --> get weather info failed, code: 15700010, message: The DataShareHelper is not initialized successfully.
09-10 18:37:06.343  2458  2458 W A01c06/ICON: AppIconWeatherModel --> initWeatherListener, retryTimes: 4
09-10 18:37:06.347  2458  2458 E A01c06/ICON: AppIconWeatherModel --> get weather info failed, code: 15700010, message: The DataShareHelper is not initialized successfully.
09-10 18:37:07.350  2458  2458 W A01c06/ICON: AppIconWeatherModel --> initWeatherListener, retryTimes: 4
09-10 18:37:07.354  2458  2458 E A01c06/ICON: AppIconWeatherModel --> get weather info failed, code: 15700010, message: The DataShareHelper is not initialized successfully.
09-10 18:37:08.356  2458  2458 W A01c06/ICON: AppIconWeatherModel --> initWeatherListener, retryTimes: 4
09-10 18:37:08.359  2458  2458 E A01c06/ICON: AppIconWeatherModel --> get weather info failed, code: 15700010, message: The DataShareHelper is not initialized successfully.
09-10 18:37:09.360  2458  2458 W A01c06/ICON: AppIconWeatherModel --> initWeatherListener, retryTimes: 4
09-10 18:37:09.364  2458  2458 E A01c06/ICON: AppIconWeatherModel --> get weather info failed, code: 15700010, message: The DataShareHelper is not initialized successfully.
09-10 18:37:10.368  2458  2458 W A01c06/ICON: AppIconWeatherModel --> initWeatherListener, retryTimes: 4
09-10 18:37:10.371  2458  2458 E A01c06/ICON: AppIconWeatherModel --> get weather info failed, code: 15700010, message: The DataShareHelper is not initialized successfully.
09-10 18:37:11.373  2458  2458 W A01c06/ICON: AppIconWeatherModel --> initWeatherListener, retryTimes: 4
09-10 18:37:11.375  2458  2458 E A01c06/ICON: AppIconWeatherModel --> get weather info failed, code: 15700010, message: The DataShareHelper is not initialized successfully.
09-10 18:37:12.378  2458  2458 W A01c06/ICON: AppIconWeatherModel --> initWeatherListener, retryTimes: 4
09-10 18:37:12.382  2458  2458 E A01c06/ICON: AppIconWeatherModel --> get weather info failed, code: 15700010, message: The DataShareHelper is not initialized successfully.
09-10 18:37:13.384  2458  2458 W A01c06/ICON: AppIconWeatherModel --> initWeatherListener, retryTimes: 4
09-10 18:37:13.386  2458  2458 E A01c06/ICON: AppIconWeatherModel --> get weather info failed, code: 15700010, message: The DataShareHelper is not initialized successfully.
09-10 18:37:14.388  2458  2458 W A01c06/ICON: AppIconWeatherModel --> initWeatherListener, retryTimes: 4
09-10 18:37:14.390  2458  2458 E A01c06/ICON: AppIconWeatherModel --> get weather info failed, code: 15700010, message: The DataShareHelper is not initialized successfully.
09-10 18:37:15.393  2458  2458 W A01c06/ICON: AppIconWeatherModel --> initWeatherListener, retryTimes: 4
09-10 18:37:15.398  2458  2458 E A01c06/ICON: AppIconWeatherModel --> get weather info failed, code: 15700010, message: The DataShareHelper is not initialized successfully.
09-10 18:37:16.399  2458  2458 W A01c06/ICON: AppIconWeatherModel --> initWeatherListener, retryTimes: 4
09-10 18:37:16.402  2458  2458 E A01c06/ICON: AppIconWeatherModel --> get weather info failed, code: 15700010, message: The DataShareHelper is not initialized successfully.
09-10 18:37:17.408  2458  2458 W A01c06/ICON: AppIconWeatherModel --> initWeatherListener, retryTimes: 4
09-10 18:37:17.413  2458  2458 E A01c06/ICON: AppIconWeatherModel --> get weather info failed, code: 15700010, message: The DataShareHelper is not initialized successfully.
09-10 18:37:18.415  2458  2458 W A01c06/ICON: AppIconWeatherModel --> initWeatherListener, retryTimes: 4
09-10 18:37:18.418  2458  2458 E A01c06/ICON: AppIconWeatherModel --> get weather info failed, code: 15700010, message: The DataShareHelper is not initialized successfully.
09-10 18:37:19.420  2458  2458 W A01c06/ICON: AppIconWeatherModel --> initWeatherListener, retryTimes: 4
09-10 18:37:19.423  2458  2458 E A01c06/ICON: AppIconWeatherModel --> get weather info failed, code: 15700010, message: The DataShareHelper is not initialized successfully.
09-10 18:37:20.425  2458  2458 W A01c06/ICON: AppIconWeatherModel --> initWeatherListener, retryTimes: 4
09-10 18:37:20.430  2458  2458 E A01c06/ICON: AppIconWeatherModel --> get weather info failed, code: 15700010, message: The DataShareHelper is not initialized successfully.
09-10 18:37:21.432  2458  2458 W A01c06/ICON: AppIconWeatherModel --> initWeatherListener, retryTimes: 4
09-10 18:37:21.436  2458  2458 E A01c06/ICON: AppIconWeatherModel --> get weather info failed, code: 15700010, message: The DataShareHelper is not initialized successfully.
09-10 18:37:22.441  2458  2458 W A01c06/ICON: AppIconWeatherModel --> initWeatherListener, retryTimes: 4
09-10 18:37:22.446  2458  2458 E A01c06/ICON: AppIconWeatherModel --> get weather info failed, code: 15700010, message: The DataShareHelper is not initialized successfully.
09-10 18:37:23.448  2458  2458 W A01c06/ICON: AppIconWeatherModel --> initWeatherListener, retryTimes: 4
09-10 18:37:23.450  2458  2458 E A01c06/ICON: AppIconWeatherModel --> get weather info failed, code: 15700010, message: The DataShareHelper is not initialized successfully.
09-10 18:37:24.452  2458  2458 W A01c06/ICON: AppIconWeatherModel --> initWeatherListener, retryTimes: 4
09-10 18:37:24.456  2458  2458 E A01c06/ICON: AppIconWeatherModel --> get weather info failed, code: 15700010, message: The DataShareHelper is not initialized successfully.
09-10 18:37:25.459  2458  2458 W A01c06/ICON: AppIconWeatherModel --> initWeatherListener, retryTimes: 4
09-10 18:37:25.462  2458  2458 E A01c06/ICON: AppIconWeatherModel --> get weather info failed, code: 15700010, message: The DataShareHelper is not initialized successfully.
09-10 18:37:26.463  2458  2458 W A01c06/ICON: AppIconWeatherModel --> initWeatherListener, retryTimes: 4
09-10 18:37:26.466  2458  2458 E A01c06/ICON: AppIconWeatherModel --> get weather info failed, code: 15700010, message: The DataShareHelper is not initialized successfully.
09-10 18:37:27.468  2458  2458 W A01c06/ICON: AppIconWeatherModel --> initWeatherListener, retryTimes: 4
09-10 18:37:27.473  2458  2458 E A01c06/ICON: AppIconWeatherModel --> get weather info failed, code: 15700010, message: The DataShareHelper is not initialized successfully.
09-10 18:37:28.474  2458  2458 W A01c06/ICON: AppIconWeatherModel --> initWeatherListener, retryTimes: 4
09-10 18:37:28.476  2458  2458 E A01c06/ICON: AppIconWeatherModel --> get weather info failed, code: 15700010, message: The DataShareHelper is not initialized successfully.
09-10 18:37:29.478  2458  2458 W A01c06/ICON: AppIconWeatherModel --> initWeatherListener, retryTimes: 4
09-10 18:37:29.481  2458  2458 E A01c06/ICON: AppIconWeatherModel --> get weather info failed, code: 15700010, message: The DataShareHelper is not initialized successfully.
09-10 18:37:30.483  2458  2458 W A01c06/ICON: AppIconWeatherModel --> initWeatherListener, retryTimes: 4
09-10 18:37:30.486  2458  2458 E A01c06/ICON: AppIconWeatherModel --> get weather info failed, code: 15700010, message: The DataShareHelper is not initialized successfully.
09-10 18:37:31.489  2458  2458 W A01c06/ICON: AppIconWeatherModel --> initWeatherListener, retryTimes: 4
09-10 18:37:31.492  2458  2458 E A01c06/ICON: AppIconWeatherModel --> get weather info failed, code: 15700010, message: The DataShareHelper is not initialized successfully.
09-10 18:37:32.494  2458  2458 W A01c06/ICON: AppIconWeatherModel --> initWeatherListener, retryTimes: 4
09-10 18:37:32.497  2458  2458 E A01c06/ICON: AppIconWeatherModel --> get weather info failed, code: 15700010, message: The DataShareHelper is not initialized successfully.
09-10 18:37:33.499  2458  2458 W A01c06/ICON: AppIconWeatherModel --> initWeatherListener, retryTimes: 4
09-10 18:37:33.501  2458  2458 E A01c06/ICON: AppIconWeatherModel --> get weather info failed, code: 15700010, message: The DataShareHelper is not initialized successfully.
09-10 18:37:34.503  2458  2458 W A01c06/ICON: AppIconWeatherModel --> initWeatherListener, retryTimes: 4
09-10 18:37:34.507  2458  2458 E A01c06/ICON: AppIconWeatherModel --> get weather info failed, code: 15700010, message: The DataShareHelper is not initialized successfully.
09-10 18:37:35.509  2458  2458 W A01c06/ICON: AppIconWeatherModel --> initWeatherListener, retryTimes: 4
09-10 18:37:35.512  2458  2458 E A01c06/ICON: AppIconWeatherModel --> get weather info failed, code: 15700010, message: The DataShareHelper is not initialized successfully.
09-10 18:37:36.514  2458  2458 W A01c06/ICON: AppIconWeatherModel --> initWeatherListener, retryTimes: 4
09-10 18:37:36.517  2458  2458 E A01c06/ICON: AppIconWeatherModel --> get weather info failed, code: 15700010, message: The DataShareHelper is not initialized successfully.
09-10 18:37:37.519  2458  2458 W A01c06/ICON: AppIconWeatherModel --> initWeatherListener, retryTimes: 4
09-10 18:37:37.521  2458  2458 E A01c06/ICON: AppIconWeatherModel --> get weather info failed, code: 15700010, message: The DataShareHelper is not initialized successfully.
09-10 18:37:38.524  2458  2458 W A01c06/ICON: AppIconWeatherModel --> initWeatherListener, retryTimes: 4
09-10 18:37:38.526  2458  2458 E A01c06/ICON: AppIconWeatherModel --> get weather info failed, code: 15700010, message: The DataShareHelper is not initialized successfully.
09-10 18:37:39.529  2458  2458 W A01c06/ICON: AppIconWeatherModel --> initWeatherListener, retryTimes: 4
09-10 18:37:39.532  2458  2458 E A01c06/ICON: AppIconWeatherModel --> get weather info failed, code: 15700010, message: The DataShareHelper is not initialized successfully.
09-10 18:37:40.532  2458  2458 W A01c06/ICON: AppIconWeatherModel --> initWeatherListener, retryTimes: 4
09-10 18:37:40.536  2458  2458 E A01c06/ICON: AppIconWeatherModel --> get weather info failed, code: 15700010, message: The DataShareHelper is not initialized successfully.
09-10 18:37:41.537  2458  2458 W A01c06/ICON: AppIconWeatherModel --> initWeatherListener, retryTimes: 4
09-10 18:37:41.541  2458  2458 E A01c06/ICON: AppIconWeatherModel --> get weather info failed, code: 15700010, message: The DataShareHelper is not initialized successfully.
09-10 18:37:42.543  2458  2458 W A01c06/ICON: AppIconWeatherModel --> initWeatherListener, retryTimes: 4
09-10 18:37:42.547  2458  2458 E A01c06/ICON: AppIconWeatherModel --> get weather info failed, code: 15700010, message: The DataShareHelper is not initialized successfully.
09-10 18:37:43.549  2458  2458 W A01c06/ICON: AppIconWeatherModel --> initWeatherListener, retryTimes: 4
09-10 18:37:43.551  2458  2458 E A01c06/ICON: AppIconWeatherModel --> get weather info failed, code: 15700010, message: The DataShareHelper is not initialized successfully.
09-10 18:37:44.553  2458  2458 W A01c06/ICON: AppIconWeatherModel --> initWeatherListener, retryTimes: 4
09-10 18:37:44.555  2458  2458 E A01c06/ICON: AppIconWeatherModel --> get weather info failed, code: 15700010, message: The DataShareHelper is not initialized successfully.
09-10 18:37:45.558  2458  2458 W A01c06/ICON: AppIconWeatherModel --> initWeatherListener, retryTimes: 4
09-10 18:37:45.562  2458  2458 E A01c06/ICON: AppIconWeatherModel --> get weather info failed, code: 15700010, message: The DataShareHelper is not initialized successfully.
09-10 18:37:46.563  2458  2458 W A01c06/ICON: AppIconWeatherModel --> initWeatherListener, retryTimes: 4
09-10 18:37:46.567  2458  2458 E A01c06/ICON: AppIconWeatherModel --> get weather info failed, code: 15700010, message: The DataShareHelper is not initialized successfully.
09-10 18:37:47.569  2458  2458 W A01c06/ICON: AppIconWeatherModel --> initWeatherListener, retryTimes: 4
09-10 18:37:47.573  2458  2458 E A01c06/ICON: AppIconWeatherModel --> get weather info failed, code: 15700010, message: The DataShareHelper is not initialized successfully.
09-10 18:37:48.576  2458  2458 W A01c06/ICON: AppIconWeatherModel --> initWeatherListener, retryTimes: 4
09-10 18:37:48.579  2458  2458 E A01c06/ICON: AppIconWeatherModel --> get weather info failed, code: 15700010, message: The DataShareHelper is not initialized successfully.
09-10 18:37:49.579  2458  2458 W A01c06/ICON: AppIconWeatherModel --> initWeatherListener, retryTimes: 4
09-10 18:37:49.583  2458  2458 E A01c06/ICON: AppIconWeatherModel --> get weather info failed, code: 15700010, message: The DataShareHelper is not initialized successfully.
09-10 18:37:50.586  2458  2458 W A01c06/ICON: AppIconWeatherModel --> initWeatherListener, retryTimes: 4
09-10 18:37:50.590  2458  2458 E A01c06/ICON: AppIconWeatherModel --> get weather info failed, code: 15700010, message: The DataShareHelper is not initialized successfully.
09-10 18:37:51.592  2458  2458 W A01c06/ICON: AppIconWeatherModel --> initWeatherListener, retryTimes: 4
09-10 18:37:51.595  2458  2458 E A01c06/ICON: AppIconWeatherModel --> get weather info failed, code: 15700010, message: The DataShareHelper is not initialized successfully.
09-10 18:37:52.596  2458  2458 W A01c06/ICON: AppIconWeatherModel --> initWeatherListener, retryTimes: 4
09-10 18:37:52.601  2458  2458 E A01c06/ICON: AppIconWeatherModel --> get weather info failed, code: 15700010, message: The DataShareHelper is not initialized successfully.
09-10 18:37:53.603  2458  2458 W A01c06/ICON: AppIconWeatherModel --> initWeatherListener, retryTimes: 4
09-10 18:37:53.606  2458  2458 E A01c06/ICON: AppIconWeatherModel --> get weather info failed, code: 15700010, message: The DataShareHelper is not initialized successfully.
09-10 18:37:54.608  2458  2458 W A01c06/ICON: AppIconWeatherModel --> initWeatherListener, retryTimes: 4
09-10 18:37:54.612  2458  2458 E A01c06/ICON: AppIconWeatherModel --> get weather info failed, code: 15700010, message: The DataShareHelper is not initialized successfully.
09-10 18:37:55.616  2458  2458 W A01c06/ICON: AppIconWeatherModel --> initWeatherListener, retryTimes: 4
09-10 18:37:55.620  2458  2458 E A01c06/ICON: AppIconWeatherModel --> get weather info failed, code: 15700010, message: The DataShareHelper is not initialized successfully.
09-10 18:37:56.621  2458  2458 W A01c06/ICON: AppIconWeatherModel --> initWeatherListener, retryTimes: 4
09-10 18:37:56.625  2458  2458 E A01c06/ICON: AppIconWeatherModel --> get weather info failed, code: 15700010, message: The DataShareHelper is not initialized successfully.
09-10 18:37:57.630  2458  2458 W A01c06/ICON: AppIconWeatherModel --> initWeatherListener, retryTimes: 4
09-10 18:37:57.633  2458  2458 E A01c06/ICON: AppIconWeatherModel --> get weather info failed, code: 15700010, message: The DataShareHelper is not initialized successfully.
09-10 18:37:58.637  2458  2458 W A01c06/ICON: AppIconWeatherModel --> initWeatherListener, retryTimes: 4
09-10 18:37:58.639  2458  2458 E A01c06/ICON: AppIconWeatherModel --> get weather info failed, code: 15700010, message: The DataShareHelper is not initialized successfully.
09-10 18:37:59.641  2458  2458 W A01c06/ICON: AppIconWeatherModel --> initWeatherListener, retryTimes: 4
09-10 18:37:59.643  2458  2458 E A01c06/ICON: AppIconWeatherModel --> get weather info failed, code: 15700010, message: The DataShareHelper is not initialized successfully.
09-10 18:38:00.461  2458  2458 I A01a01/NC: StatusBarSysEventUtil: onTimeChangeEvent
09-10 18:38:00.465  2458  2458 W A01c06/ICON: AppIconCalendarCache --> receive date change event, nowData: 10, dateText: ,image is transparent: false, image is empty: true
09-10 18:38:00.466  2458  2458 W A01c06/ICON: AppIconCalendarCache --> com.huawei.hmos.calendar is not dynamic icon, bundleName is com.huawei.hmos.calendar
09-10 18:38:00.466  2458  2458 E A01c06/ICON: AppIconCalendarCache --> backgroundImage resource error
09-10 18:38:00.466  2458  2458 E A01c06/ICON: AppIconCalendarCache --> calendarForegroundBuilder is null
09-10 18:38:00.651  2458  2458 W A01c06/ICON: AppIconWeatherModel --> initWeatherListener, retryTimes: 4
09-10 18:38:00.660  2458  2458 E A01c06/ICON: AppIconWeatherModel --> get weather info failed, code: 15700010, message: The DataShareHelper is not initialized successfully.
09-10 18:38:01.662  2458  2458 W A01c06/ICON: AppIconWeatherModel --> initWeatherListener, retryTimes: 4
09-10 18:38:01.664  2458  2458 E A01c06/ICON: AppIconWeatherModel --> get weather info failed, code: 15700010, message: The DataShareHelper is not initialized successfully.
09-10 18:38:02.665  2458  2458 W A01c06/ICON: AppIconWeatherModel --> initWeatherListener, retryTimes: 4
09-10 18:38:02.667  2458  2458 E A01c06/ICON: AppIconWeatherModel --> get weather info failed, code: 15700010, message: The DataShareHelper is not initialized successfully.
09-10 18:38:03.669  2458  2458 W A01c06/ICON: AppIconWeatherModel --> initWeatherListener, retryTimes: 4
09-10 18:38:03.671  2458  2458 E A01c06/ICON: AppIconWeatherModel --> get weather info failed, code: 15700010, message: The DataShareHelper is not initialized successfully.
09-10 18:38:04.674  2458  2458 W A01c06/ICON: AppIconWeatherModel --> initWeatherListener, retryTimes: 4
09-10 18:38:04.676  2458  2458 E A01c06/ICON: AppIconWeatherModel --> get weather info failed, code: 15700010, message: The DataShareHelper is not initialized successfully.
09-10 18:38:05.678  2458  2458 W A01c06/ICON: AppIconWeatherModel --> initWeatherListener, retryTimes: 4
09-10 18:38:05.680  2458  2458 E A01c06/ICON: AppIconWeatherModel --> get weather info failed, code: 15700010, message: The DataShareHelper is not initialized successfully.
09-10 18:38:06.682  2458  2458 W A01c06/ICON: AppIconWeatherModel --> initWeatherListener, retryTimes: 4
09-10 18:38:06.684  2458  2458 E A01c06/ICON: AppIconWeatherModel --> get weather info failed, code: 15700010, message: The DataShareHelper is not initialized successfully.
09-10 18:38:07.688  2458  2458 W A01c06/ICON: AppIconWeatherModel --> initWeatherListener, retryTimes: 4
09-10 18:38:07.690  2458  2458 E A01c06/ICON: AppIconWeatherModel --> get weather info failed, code: 15700010, message: The DataShareHelper is not initialized successfully.
09-10 18:38:08.692  2458  2458 W A01c06/ICON: AppIconWeatherModel --> initWeatherListener, retryTimes: 4
09-10 18:38:08.693  2458  2458 E A01c06/ICON: AppIconWeatherModel --> get weather info failed, code: 15700010, message: The DataShareHelper is not initialized successfully.
09-10 18:38:09.696  2458  2458 W A01c06/ICON: AppIconWeatherModel --> initWeatherListener, retryTimes: 4
09-10 18:38:09.724  2458  2458 E A01c06/ICON: AppIconWeatherModel --> get weather info failed, code: 15700010, message: The DataShareHelper is not initialized successfully.
09-10 18:38:10.727  2458  2458 W A01c06/ICON: AppIconWeatherModel --> initWeatherListener, retryTimes: 4
09-10 18:38:10.736  2458  2458 E A01c06/ICON: AppIconWeatherModel --> get weather info failed, code: 15700010, message: The DataShareHelper is not initialized successfully.
09-10 18:38:11.739  2458  2458 W A01c06/ICON: AppIconWeatherModel --> initWeatherListener, retryTimes: 4
09-10 18:38:11.741  2458  2458 E A01c06/ICON: AppIconWeatherModel --> get weather info failed, code: 15700010, message: The DataShareHelper is not initialized successfully.
09-10 18:38:12.744  2458  2458 W A01c06/ICON: AppIconWeatherModel --> initWeatherListener, retryTimes: 4
09-10 18:38:12.746  2458  2458 E A01c06/ICON: AppIconWeatherModel --> get weather info failed, code: 15700010, message: The DataShareHelper is not initialized successfully.
09-10 18:38:13.747  2458  2458 W A01c06/ICON: AppIconWeatherModel --> initWeatherListener, retryTimes: 4
09-10 18:38:13.748  2458  2458 E A01c06/ICON: AppIconWeatherModel --> get weather info failed, code: 15700010, message: The DataShareHelper is not initialized successfully.
09-10 18:38:14.749  2458  2458 W A01c06/ICON: AppIconWeatherModel --> initWeatherListener, retryTimes: 4
09-10 18:38:14.751  2458  2458 E A01c06/ICON: AppIconWeatherModel --> get weather info failed, code: 15700010, message: The DataShareHelper is not initialized successfully.
09-10 18:38:15.754  2458  2458 W A01c06/ICON: AppIconWeatherModel --> initWeatherListener, retryTimes: 4
09-10 18:38:15.755  2458  2458 E A01c06/ICON: AppIconWeatherModel --> get weather info failed, code: 15700010, message: The DataShareHelper is not initialized successfully.
09-10 18:38:16.758  2458  2458 W A01c06/ICON: AppIconWeatherModel --> initWeatherListener, retryTimes: 4
09-10 18:38:16.759  2458  2458 E A01c06/ICON: AppIconWeatherModel --> get weather info failed, code: 15700010, message: The DataShareHelper is not initialized successfully.
09-10 18:38:17.760  2458  2458 W A01c06/ICON: AppIconWeatherModel --> initWeatherListener, retryTimes: 4
09-10 18:38:17.762  2458  2458 E A01c06/ICON: AppIconWeatherModel --> get weather info failed, code: 15700010, message: The DataShareHelper is not initialized successfully.
09-10 18:38:18.765  2458  2458 W A01c06/ICON: AppIconWeatherModel --> initWeatherListener, retryTimes: 4
09-10 18:38:18.767  2458  2458 E A01c06/ICON: AppIconWeatherModel --> get weather info failed, code: 15700010, message: The DataShareHelper is not initialized successfully.
09-10 18:38:19.768  2458  2458 W A01c06/ICON: AppIconWeatherModel --> initWeatherListener, retryTimes: 4
09-10 18:38:19.771  2458  2458 E A01c06/ICON: AppIconWeatherModel --> get weather info failed, code: 15700010, message: The DataShareHelper is not initialized successfully.
09-10 18:38:20.772  2458  2458 W A01c06/ICON: AppIconWeatherModel --> initWeatherListener, retryTimes: 4
09-10 18:38:20.773  2458  2458 E A01c06/ICON: AppIconWeatherModel --> get weather info failed, code: 15700010, message: The DataShareHelper is not initialized successfully.
09-10 18:38:21.776  2458  2458 W A01c06/ICON: AppIconWeatherModel --> initWeatherListener, retryTimes: 4
09-10 18:38:21.778  2458  2458 E A01c06/ICON: AppIconWeatherModel --> get weather info failed, code: 15700010, message: The DataShareHelper is not initialized successfully.
09-10 18:38:22.779  2458  2458 W A01c06/ICON: AppIconWeatherModel --> initWeatherListener, retryTimes: 4
09-10 18:38:22.784  2458  2458 E A01c06/ICON: AppIconWeatherModel --> get weather info failed, code: 15700010, message: The DataShareHelper is not initialized successfully.
09-10 18:38:23.785  2458  2458 W A01c06/ICON: AppIconWeatherModel --> initWeatherListener, retryTimes: 4
09-10 18:38:23.786  2458  2458 E A01c06/ICON: AppIconWeatherModel --> get weather info failed, code: 15700010, message: The DataShareHelper is not initialized successfully.
09-10 18:38:24.788  2458  2458 W A01c06/ICON: AppIconWeatherModel --> initWeatherListener, retryTimes: 4
09-10 18:38:24.790  2458  2458 E A01c06/ICON: AppIconWeatherModel --> get weather info failed, code: 15700010, message: The DataShareHelper is not initialized successfully.
09-10 18:38:25.791  2458  2458 W A01c06/ICON: AppIconWeatherModel --> initWeatherListener, retryTimes: 4
09-10 18:38:25.793  2458  2458 E A01c06/ICON: AppIconWeatherModel --> get weather info failed, code: 15700010, message: The DataShareHelper is not initialized successfully.
09-10 18:38:26.797  2458  2458 W A01c06/ICON: AppIconWeatherModel --> initWeatherListener, retryTimes: 4
09-10 18:38:26.799  2458  2458 E A01c06/ICON: AppIconWeatherModel --> get weather info failed, code: 15700010, message: The DataShareHelper is not initialized successfully.
09-10 18:38:27.803  2458  2458 W A01c06/ICON: AppIconWeatherModel --> initWeatherListener, retryTimes: 4
09-10 18:38:27.804  2458  2458 E A01c06/ICON: AppIconWeatherModel --> get weather info failed, code: 15700010, message: The DataShareHelper is not initialized successfully.
09-10 18:38:28.807  2458  2458 W A01c06/ICON: AppIconWeatherModel --> initWeatherListener, retryTimes: 4
09-10 18:38:28.809  2458  2458 E A01c06/ICON: AppIconWeatherModel --> get weather info failed, code: 15700010, message: The DataShareHelper is not initialized successfully.
09-10 18:38:29.813  2458  2458 W A01c06/ICON: AppIconWeatherModel --> initWeatherListener, retryTimes: 4
09-10 18:38:29.831  2458  2458 E A01c06/ICON: AppIconWeatherModel --> get weather info failed, code: 15700010, message: The DataShareHelper is not initialized successfully.
09-10 18:38:30.835  2458  2458 W A01c06/ICON: AppIconWeatherModel --> initWeatherListener, retryTimes: 4
09-10 18:38:30.842  2458  2458 E A01c06/ICON: AppIconWeatherModel --> get weather info failed, code: 15700010, message: The DataShareHelper is not initialized successfully.
09-10 18:38:31.844  2458  2458 W A01c06/ICON: AppIconWeatherModel --> initWeatherListener, retryTimes: 4
09-10 18:38:31.846  2458  2458 E A01c06/ICON: AppIconWeatherModel --> get weather info failed, code: 15700010, message: The DataShareHelper is not initialized successfully.
09-10 18:38:32.850  2458  2458 W A01c06/ICON: AppIconWeatherModel --> initWeatherListener, retryTimes: 4
09-10 18:38:32.853  2458  2458 E A01c06/ICON: AppIconWeatherModel --> get weather info failed, code: 15700010, message: The DataShareHelper is not initialized successfully.
09-10 18:38:33.855  2458  2458 W A01c06/ICON: AppIconWeatherModel --> initWeatherListener, retryTimes: 4
09-10 18:38:33.857  2458  2458 E A01c06/ICON: AppIconWeatherModel --> get weather info failed, code: 15700010, message: The DataShareHelper is not initialized successfully.
09-10 18:38:34.860  2458  2458 W A01c06/ICON: AppIconWeatherModel --> initWeatherListener, retryTimes: 4
09-10 18:38:34.867  2458  2458 E A01c06/ICON: AppIconWeatherModel --> get weather info failed, code: 15700010, message: The DataShareHelper is not initialized successfully.
09-10 18:38:35.869  2458  2458 W A01c06/ICON: AppIconWeatherModel --> initWeatherListener, retryTimes: 4
09-10 18:38:35.871  2458  2458 E A01c06/ICON: AppIconWeatherModel --> get weather info failed, code: 15700010, message: The DataShareHelper is not initialized successfully.
09-10 18:38:36.872  2458  2458 W A01c06/ICON: AppIconWeatherModel --> initWeatherListener, retryTimes: 4
09-10 18:38:36.874  2458  2458 E A01c06/ICON: AppIconWeatherModel --> get weather info failed, code: 15700010, message: The DataShareHelper is not initialized successfully.
09-10 18:38:37.875  2458  2458 W A01c06/ICON: AppIconWeatherModel --> initWeatherListener, retryTimes: 4
09-10 18:38:37.878  2458  2458 E A01c06/ICON: AppIconWeatherModel --> get weather info failed, code: 15700010, message: The DataShareHelper is not initialized successfully.
09-10 18:38:38.882  2458  2458 W A01c06/ICON: AppIconWeatherModel --> initWeatherListener, retryTimes: 4
09-10 18:38:38.884  2458  2458 E A01c06/ICON: AppIconWeatherModel --> get weather info failed, code: 15700010, message: The DataShareHelper is not initialized successfully.
09-10 18:38:39.886  2458  2458 W A01c06/ICON: AppIconWeatherModel --> initWeatherListener, retryTimes: 4
09-10 18:38:39.890  2458  2458 E A01c06/ICON: AppIconWeatherModel --> get weather info failed, code: 15700010, message: The DataShareHelper is not initialized successfully.
09-10 18:38:40.891  2458  2458 W A01c06/ICON: AppIconWeatherModel --> initWeatherListener, retryTimes: 4
09-10 18:38:40.893  2458  2458 E A01c06/ICON: AppIconWeatherModel --> get weather info failed, code: 15700010, message: The DataShareHelper is not initialized successfully.
09-10 18:38:41.898  2458  2458 W A01c06/ICON: AppIconWeatherModel --> initWeatherListener, retryTimes: 4
09-10 18:38:41.900  2458  2458 E A01c06/ICON: AppIconWeatherModel --> get weather info failed, code: 15700010, message: The DataShareHelper is not initialized successfully.
09-10 18:38:42.902  2458  2458 W A01c06/ICON: AppIconWeatherModel --> initWeatherListener, retryTimes: 4
09-10 18:38:42.904  2458  2458 E A01c06/ICON: AppIconWeatherModel --> get weather info failed, code: 15700010, message: The DataShareHelper is not initialized successfully.
09-10 18:38:43.908  2458  2458 W A01c06/ICON: AppIconWeatherModel --> initWeatherListener, retryTimes: 4
09-10 18:38:43.910  2458  2458 E A01c06/ICON: AppIconWeatherModel --> get weather info failed, code: 15700010, message: The DataShareHelper is not initialized successfully.
09-10 18:38:44.912  2458  2458 W A01c06/ICON: AppIconWeatherModel --> initWeatherListener, retryTimes: 4
09-10 18:38:44.913  2458  2458 E A01c06/ICON: AppIconWeatherModel --> get weather info failed, code: 15700010, message: The DataShareHelper is not initialized successfully.
09-10 18:38:45.915  2458  2458 W A01c06/ICON: AppIconWeatherModel --> initWeatherListener, retryTimes: 4
09-10 18:38:45.920  2458  2458 E A01c06/ICON: AppIconWeatherModel --> get weather info failed, code: 15700010, message: The DataShareHelper is not initialized successfully.
09-10 18:38:46.921  2458  2458 W A01c06/ICON: AppIconWeatherModel --> initWeatherListener, retryTimes: 4
09-10 18:38:46.923  2458  2458 E A01c06/ICON: AppIconWeatherModel --> get weather info failed, code: 15700010, message: The DataShareHelper is not initialized successfully.
09-10 18:38:47.924  2458  2458 W A01c06/ICON: AppIconWeatherModel --> initWeatherListener, retryTimes: 4
09-10 18:38:47.926  2458  2458 E A01c06/ICON: AppIconWeatherModel --> get weather info failed, code: 15700010, message: The DataShareHelper is not initialized successfully.
09-10 18:38:48.931  2458  2458 W A01c06/ICON: AppIconWeatherModel --> initWeatherListener, retryTimes: 4
09-10 18:38:48.933  2458  2458 E A01c06/ICON: AppIconWeatherModel --> get weather info failed, code: 15700010, message: The DataShareHelper is not initialized successfully.
09-10 18:38:49.934  2458  2458 W A01c06/ICON: AppIconWeatherModel --> initWeatherListener, retryTimes: 4
09-10 18:38:49.937  2458  2458 E A01c06/ICON: AppIconWeatherModel --> get weather info failed, code: 15700010, message: The DataShareHelper is not initialized successfully.
09-10 18:38:50.938  2458  2458 W A01c06/ICON: AppIconWeatherModel --> initWeatherListener, retryTimes: 4
09-10 18:38:50.941  2458  2458 E A01c06/ICON: AppIconWeatherModel --> get weather info failed, code: 15700010, message: The DataShareHelper is not initialized successfully.
09-10 18:38:51.944  2458  2458 W A01c06/ICON: AppIconWeatherModel --> initWeatherListener, retryTimes: 4
09-10 18:38:51.946  2458  2458 E A01c06/ICON: AppIconWeatherModel --> get weather info failed, code: 15700010, message: The DataShareHelper is not initialized successfully.
09-10 18:38:52.949  2458  2458 W A01c06/ICON: AppIconWeatherModel --> initWeatherListener, retryTimes: 4
09-10 18:38:52.951  2458  2458 E A01c06/ICON: AppIconWeatherModel --> get weather info failed, code: 15700010, message: The DataShareHelper is not initialized successfully.
09-10 18:38:53.953  2458  2458 W A01c06/ICON: AppIconWeatherModel --> initWeatherListener, retryTimes: 4
09-10 18:38:53.955  2458  2458 E A01c06/ICON: AppIconWeatherModel --> get weather info failed, code: 15700010, message: The DataShareHelper is not initialized successfully.
09-10 18:38:54.956  2458  2458 W A01c06/ICON: AppIconWeatherModel --> initWeatherListener, retryTimes: 4
09-10 18:38:54.959  2458  2458 E A01c06/ICON: AppIconWeatherModel --> get weather info failed, code: 15700010, message: The DataShareHelper is not initialized successfully.
09-10 18:38:55.959  2458  2458 W A01c06/ICON: AppIconWeatherModel --> initWeatherListener, retryTimes: 4
09-10 18:38:55.961  2458  2458 E A01c06/ICON: AppIconWeatherModel --> get weather info failed, code: 15700010, message: The DataShareHelper is not initialized successfully.
09-10 18:38:56.962  2458  2458 W A01c06/ICON: AppIconWeatherModel --> initWeatherListener, retryTimes: 4
09-10 18:38:56.964  2458  2458 E A01c06/ICON: AppIconWeatherModel --> get weather info failed, code: 15700010, message: The DataShareHelper is not initialized successfully.
09-10 18:38:57.966  2458  2458 W A01c06/ICON: AppIconWeatherModel --> initWeatherListener, retryTimes: 4
09-10 18:38:57.968  2458  2458 E A01c06/ICON: AppIconWeatherModel --> get weather info failed, code: 15700010, message: The DataShareHelper is not initialized successfully.
09-10 18:38:58.969  2458  2458 W A01c06/ICON: AppIconWeatherModel --> initWeatherListener, retryTimes: 4
09-10 18:38:58.971  2458  2458 E A01c06/ICON: AppIconWeatherModel --> get weather info failed, code: 15700010, message: The DataShareHelper is not initialized successfully.
09-10 18:38:59.972  2458  2458 W A01c06/ICON: AppIconWeatherModel --> initWeatherListener, retryTimes: 4
09-10 18:38:59.974  2458  2458 E A01c06/ICON: AppIconWeatherModel --> get weather info failed, code: 15700010, message: The DataShareHelper is not initialized successfully.
09-10 18:39:00.003  2458  2458 I A01a01/NC: StatusBarSysEventUtil: onTimeChangeEvent
09-10 18:39:00.003  2458  2458 W A01c06/ICON: AppIconCalendarCache --> receive date change event, nowData: 10, dateText: ,image is transparent: false, image is empty: true
09-10 18:39:00.004  2458  2458 W A01c06/ICON: AppIconCalendarCache --> com.huawei.hmos.calendar is not dynamic icon, bundleName is com.huawei.hmos.calendar
09-10 18:39:00.004  2458  2458 E A01c06/ICON: AppIconCalendarCache --> backgroundImage resource error
09-10 18:39:00.004  2458  2458 E A01c06/ICON: AppIconCalendarCache --> calendarForegroundBuilder is null
09-10 18:39:00.976  2458  2458 W A01c06/ICON: AppIconWeatherModel --> initWeatherListener, retryTimes: 4
09-10 18:39:00.978  2458  2458 E A01c06/ICON: AppIconWeatherModel --> get weather info failed, code: 15700010, message: The DataShareHelper is not initialized successfully.
09-10 18:39:01.979  2458  2458 W A01c06/ICON: AppIconWeatherModel --> initWeatherListener, retryTimes: 4
09-10 18:39:01.981  2458  2458 E A01c06/ICON: AppIconWeatherModel --> get weather info failed, code: 15700010, message: The DataShareHelper is not initialized successfully.
09-10 18:39:02.983  2458  2458 W A01c06/ICON: AppIconWeatherModel --> initWeatherListener, retryTimes: 4
09-10 18:39:02.985  2458  2458 E A01c06/ICON: AppIconWeatherModel --> get weather info failed, code: 15700010, message: The DataShareHelper is not initialized successfully.
09-10 18:39:03.987  2458  2458 W A01c06/ICON: AppIconWeatherModel --> initWeatherListener, retryTimes: 4
09-10 18:39:03.989  2458  2458 E A01c06/ICON: AppIconWeatherModel --> get weather info failed, code: 15700010, message: The DataShareHelper is not initialized successfully.
09-10 18:39:04.993  2458  2458 W A01c06/ICON: AppIconWeatherModel --> initWeatherListener, retryTimes: 4
09-10 18:39:04.994  2458  2458 E A01c06/ICON: AppIconWeatherModel --> get weather info failed, code: 15700010, message: The DataShareHelper is not initialized successfully.
09-10 18:39:05.997  2458  2458 W A01c06/ICON: AppIconWeatherModel --> initWeatherListener, retryTimes: 4
09-10 18:39:05.999  2458  2458 E A01c06/ICON: AppIconWeatherModel --> get weather info failed, code: 15700010, message: The DataShareHelper is not initialized successfully.
09-10 18:39:07.002  2458  2458 W A01c06/ICON: AppIconWeatherModel --> initWeatherListener, retryTimes: 4
09-10 18:39:07.005  2458  2458 E A01c06/ICON: AppIconWeatherModel --> get weather info failed, code: 15700010, message: The DataShareHelper is not initialized successfully.
09-10 18:39:08.006  2458  2458 W A01c06/ICON: AppIconWeatherModel --> initWeatherListener, retryTimes: 4
09-10 18:39:08.009  2458  2458 E A01c06/ICON: AppIconWeatherModel --> get weather info failed, code: 15700010, message: The DataShareHelper is not initialized successfully.
09-10 18:39:09.011  2458  2458 W A01c06/ICON: AppIconWeatherModel --> initWeatherListener, retryTimes: 4
09-10 18:39:09.013  2458  2458 E A01c06/ICON: AppIconWeatherModel --> get weather info failed, code: 15700010, message: The DataShareHelper is not initialized successfully.
09-10 18:39:10.016  2458  2458 W A01c06/ICON: AppIconWeatherModel --> initWeatherListener, retryTimes: 4
09-10 18:39:10.019  2458  2458 E A01c06/ICON: AppIconWeatherModel --> get weather info failed, code: 15700010, message: The DataShareHelper is not initialized successfully.
09-10 18:39:11.021  2458  2458 W A01c06/ICON: AppIconWeatherModel --> initWeatherListener, retryTimes: 4
09-10 18:39:11.024  2458  2458 E A01c06/ICON: AppIconWeatherModel --> get weather info failed, code: 15700010, message: The DataShareHelper is not initialized successfully.
09-10 18:39:12.026  2458  2458 W A01c06/ICON: AppIconWeatherModel --> initWeatherListener, retryTimes: 4
09-10 18:39:12.028  2458  2458 E A01c06/ICON: AppIconWeatherModel --> get weather info failed, code: 15700010, message: The DataShareHelper is not initialized successfully.
09-10 18:39:13.031  2458  2458 W A01c06/ICON: AppIconWeatherModel --> initWeatherListener, retryTimes: 4
09-10 18:39:13.033  2458  2458 E A01c06/ICON: AppIconWeatherModel --> get weather info failed, code: 15700010, message: The DataShareHelper is not initialized successfully.
09-10 18:39:14.034  2458  2458 W A01c06/ICON: AppIconWeatherModel --> initWeatherListener, retryTimes: 4
09-10 18:39:14.035  2458  2458 E A01c06/ICON: AppIconWeatherModel --> get weather info failed, code: 15700010, message: The DataShareHelper is not initialized successfully.
09-10 18:39:15.039  2458  2458 W A01c06/ICON: AppIconWeatherModel --> initWeatherListener, retryTimes: 4
09-10 18:39:15.041  2458  2458 E A01c06/ICON: AppIconWeatherModel --> get weather info failed, code: 15700010, message: The DataShareHelper is not initialized successfully.
09-10 18:39:16.044  2458  2458 W A01c06/ICON: AppIconWeatherModel --> initWeatherListener, retryTimes: 4
09-10 18:39:16.045  2458  2458 E A01c06/ICON: AppIconWeatherModel --> get weather info failed, code: 15700010, message: The DataShareHelper is not initialized successfully.
09-10 18:39:17.047  2458  2458 W A01c06/ICON: AppIconWeatherModel --> initWeatherListener, retryTimes: 4
09-10 18:39:17.049  2458  2458 E A01c06/ICON: AppIconWeatherModel --> get weather info failed, code: 15700010, message: The DataShareHelper is not initialized successfully.
09-10 18:39:18.052  2458  2458 W A01c06/ICON: AppIconWeatherModel --> initWeatherListener, retryTimes: 4
09-10 18:39:18.054  2458  2458 E A01c06/ICON: AppIconWeatherModel --> get weather info failed, code: 15700010, message: The DataShareHelper is not initialized successfully.
09-10 18:39:19.059  2458  2458 W A01c06/ICON: AppIconWeatherModel --> initWeatherListener, retryTimes: 4
09-10 18:39:19.060  2458  2458 E A01c06/ICON: AppIconWeatherModel --> get weather info failed, code: 15700010, message: The DataShareHelper is not initialized successfully.
09-10 18:39:20.062  2458  2458 W A01c06/ICON: AppIconWeatherModel --> initWeatherListener, retryTimes: 4
09-10 18:39:20.064  2458  2458 E A01c06/ICON: AppIconWeatherModel --> get weather info failed, code: 15700010, message: The DataShareHelper is not initialized successfully.
09-10 18:39:21.066  2458  2458 W A01c06/ICON: AppIconWeatherModel --> initWeatherListener, retryTimes: 4
09-10 18:39:21.068  2458  2458 E A01c06/ICON: AppIconWeatherModel --> get weather info failed, code: 15700010, message: The DataShareHelper is not initialized successfully.
09-10 18:39:22.071  2458  2458 W A01c06/ICON: AppIconWeatherModel --> initWeatherListener, retryTimes: 4
09-10 18:39:22.073  2458  2458 E A01c06/ICON: AppIconWeatherModel --> get weather info failed, code: 15700010, message: The DataShareHelper is not initialized successfully.
09-10 18:39:23.074  2458  2458 W A01c06/ICON: AppIconWeatherModel --> initWeatherListener, retryTimes: 4
09-10 18:39:23.076  2458  2458 E A01c06/ICON: AppIconWeatherModel --> get weather info failed, code: 15700010, message: The DataShareHelper is not initialized successfully.
09-10 18:39:24.079  2458  2458 W A01c06/ICON: AppIconWeatherModel --> initWeatherListener, retryTimes: 4
09-10 18:39:24.083  2458  2458 E A01c06/ICON: AppIconWeatherModel --> get weather info failed, code: 15700010, message: The DataShareHelper is not initialized successfully.
09-10 18:39:25.085  2458  2458 W A01c06/ICON: AppIconWeatherModel --> initWeatherListener, retryTimes: 4
09-10 18:39:25.088  2458  2458 E A01c06/ICON: AppIconWeatherModel --> get weather info failed, code: 15700010, message: The DataShareHelper is not initialized successfully.
09-10 18:39:26.089  2458  2458 W A01c06/ICON: AppIconWeatherModel --> initWeatherListener, retryTimes: 4
09-10 18:39:26.091  2458  2458 E A01c06/ICON: AppIconWeatherModel --> get weather info failed, code: 15700010, message: The DataShareHelper is not initialized successfully.
09-10 18:39:27.093  2458  2458 W A01c06/ICON: AppIconWeatherModel --> initWeatherListener, retryTimes: 4
09-10 18:39:27.095  2458  2458 E A01c06/ICON: AppIconWeatherModel --> get weather info failed, code: 15700010, message: The DataShareHelper is not initialized successfully.
09-10 18:39:28.096  2458  2458 W A01c06/ICON: AppIconWeatherModel --> initWeatherListener, retryTimes: 4
09-10 18:39:28.100  2458  2458 E A01c06/ICON: AppIconWeatherModel --> get weather info failed, code: 15700010, message: The DataShareHelper is not initialized successfully.
09-10 18:39:29.101  2458  2458 W A01c06/ICON: AppIconWeatherModel --> initWeatherListener, retryTimes: 4
09-10 18:39:29.103  2458  2458 E A01c06/ICON: AppIconWeatherModel --> get weather info failed, code: 15700010, message: The DataShareHelper is not initialized successfully.
09-10 18:39:30.104  2458  2458 W A01c06/ICON: AppIconWeatherModel --> initWeatherListener, retryTimes: 4
09-10 18:39:30.106  2458  2458 E A01c06/ICON: AppIconWeatherModel --> get weather info failed, code: 15700010, message: The DataShareHelper is not initialized successfully.
09-10 18:39:31.107  2458  2458 W A01c06/ICON: AppIconWeatherModel --> initWeatherListener, retryTimes: 4
09-10 18:39:31.111  2458  2458 E A01c06/ICON: AppIconWeatherModel --> get weather info failed, code: 15700010, message: The DataShareHelper is not initialized successfully.
09-10 18:39:32.115  2458  2458 W A01c06/ICON: AppIconWeatherModel --> initWeatherListener, retryTimes: 4
09-10 18:39:32.117  2458  2458 E A01c06/ICON: AppIconWeatherModel --> get weather info failed, code: 15700010, message: The DataShareHelper is not initialized successfully.
09-10 18:39:32.210  3581  3581 W C02c02/PARAM: Selinux check name persist.init.debug.loglevel in u:object_r:startup_init_param:s0 [3581 2000 2000] failed
09-10 18:39:32.210  3581  3581 W C02c02/PARAM: SystemReadParam failed!name is:persist.init.debug.loglevel,err:1002
09-10 18:39:32.210  3580  3580 W C02c02/PARAM: SystemReadParam failed!name is:persist.init.debug.loglevel,err:1002
09-10 18:39:32.409  3583  3583 W C02c02/PARAM: Selinux check name persist.init.debug.loglevel in u:object_r:startup_init_param:s0 [3583 2000 2000] failed
09-10 18:39:32.409  3583  3583 W C02c02/PARAM: Selinux check name persist.init.debug.loglevel in u:object_r:startup_init_param:s0 [3583 2000 2000] failed
09-10 18:39:32.409  3583  3583 W C02c02/PARAM: SystemReadParam failed!name is:persist.init.debug.loglevel,err:1002
09-10 18:39:32.412  3585  3585 W C02c02/PARAM: Selinux check name persist.init.debug.loglevel in u:object_r:startup_init_param:s0 [3585 2000 2000] failed
09-10 18:39:32.412  3585  3585 W C02c02/PARAM: Selinux check name persist.init.debug.loglevel in u:object_r:startup_init_param:s0 [3585 2000 2000] failed
09-10 18:39:32.412  3585  3585 W C02c02/PARAM: SystemReadParam failed!name is:persist.init.debug.loglevel,err:1002
09-10 18:39:32.415  3586  3586 W C02c02/PARAM: Selinux check name persist.init.debug.loglevel in u:object_r:startup_init_param:s0 [3586 2000 2000] failed
09-10 18:39:32.415  3586  3586 W C02c02/PARAM: Selinux check name persist.init.debug.loglevel in u:object_r:startup_init_param:s0 [3586 2000 2000] failed
09-10 18:39:32.415  3586  3586 W C02c02/PARAM: SystemReadParam failed!name is:persist.init.debug.loglevel,err:1002
09-10 18:39:32.489  2458  2640 I C03f05/NAPI: taskpool:: A:3, R:0, I:3, O:0
09-10 18:39:32.915   125   785 I C01800/SAMGR: NF SA:65962,832_147880
09-10 18:39:32.915   832   925 E C057c2/IPCObjectProxy: PrintErrorDetailedInfo: failed, handle:0 error:7 desc:*.accessToken proxy:2590388992 time:327178057308840
09-10 18:39:32.943  3590  3590 W C02c02/PARAM: Selinux check name persist.init.debug.loglevel in u:object_r:startup_init_param:s0 [3590 2000 2000] failed
09-10 18:39:32.943  3590  3590 W C02c02/PARAM: Selinux check name persist.init.debug.loglevel in u:object_r:startup_init_param:s0 [3590 2000 2000] failed
09-10 18:39:32.943  3590  3590 W C02c02/PARAM: SystemReadParam failed!name is:persist.init.debug.loglevel,err:1002
09-10 18:39:32.946  3590  3590 W C02c02/PARAM: Selinux check name persist.init.debug.loglevel in u:object_r:startup_init_param:s0 [3590 2000 2000] failed
09-10 18:39:32.946  3590  3590 W C02c02/PARAM: Selinux check name persist.init.debug.loglevel in u:object_r:startup_init_param:s0 [3590 2000 2000] failed
09-10 18:39:32.946  3590  3590 W C02c02/PARAM: SystemReadParam failed!name is:persist.init.debug.loglevel,err:1002
09-10 18:39:33.115   125   785 I C01800/SAMGR: NF SA:65962,832_147881
09-10 18:39:33.118  2458  2458 W A01c06/ICON: AppIconWeatherModel --> initWeatherListener, retryTimes: 4
09-10 18:39:33.119   490  1514 E C01707/CONCUR: [Interface] task 1514 apply qos failed, errno = 4
09-10 18:39:33.119   490  1514 E C01611/QosManager: QosManager: Failed to set thread QoS to QOS_USER_INTERACTIVE, ret: -1
09-10 18:39:33.120   782   782 W C01123/BMSCommon: bundle not exist -n com.huawei.hmsapp.totemweather -u 100 -i 0 -f 32
09-10 18:39:33.120   782   782 W C01121/BMSQuery: GetBundleInfo failed -n com.huawei.hmsapp.totemweather -u 100
09-10 18:39:33.120   490  1514 E C01651/BundleMgrProxy: GetBundleInfoFromBMS: GetBundleInfo failed!bundleName is com.huawei.hmsapp.totemweather, userId is 100
09-10 18:39:33.120   490  1514 E C01651/DataProviderConfig: GetFromProxyData: Get bundleInfo failed! bundleName:com.huawei.hmsapp.totemweather, userId:100, visitedId:100, uri:******icIconInfo
09-10 18:39:33.120   490  1514 E C01651/DataShareServiceImpl: GetBMSAndMetaDataStatus: CalledInfo failed! token:0x2002a7c3,ret:1001,uri:******icIconInfo
09-10 18:39:33.120   490  1514 E C01651/DataShareServiceImpl: GetSilentProxyStatus: BMS or metaData not ready to complete, token:0x2002a7c3, uri:******icIconInfo
09-10 18:39:33.120  2458  2458 E A01c06/ICON: AppIconWeatherModel --> get weather info failed, code: 15700010, message: The DataShareHelper is not initialized successfully.
09-10 18:39:33.204  3593  3593 W C02c02/PARAM: Selinux check name persist.init.debug.loglevel in u:object_r:startup_init_param:s0 [3593 2000 2000] failed
09-10 18:39:33.204  3593  3593 W C02c02/PARAM: Selinux check name persist.init.debug.loglevel in u:object_r:startup_init_param:s0 [3593 2000 2000] failed
09-10 18:39:33.204  3593  3593 W C02c02/PARAM: SystemReadParam failed!name is:persist.init.debug.loglevel,err:1002
09-10 18:39:33.207  3595  3595 W C02c02/PARAM: Selinux check name persist.init.debug.loglevel in u:object_r:startup_init_param:s0 [3595 2000 2000] failed
09-10 18:39:33.207  3595  3595 W C02c02/PARAM: Selinux check name persist.init.debug.loglevel in u:object_r:startup_init_param:s0 [3595 2000 2000] failed
09-10 18:39:33.207  3595  3595 W C02c02/PARAM: SystemReadParam failed!name is:persist.init.debug.loglevel,err:1002
09-10 18:39:33.207  3596  3596 W C02c02/PARAM: Selinux check name persist.init.debug.loglevel in u:object_r:startup_init_param:s0 [3596 2000 2000] failed
09-10 18:39:33.207  3597  3597 W C02c02/PARAM: Selinux check name persist.init.debug.loglevel in u:object_r:startup_init_param:s0 [3597 2000 2000] failed
09-10 18:39:33.207  3596  3596 W C02c02/PARAM: Selinux check name persist.init.debug.loglevel in u:object_r:startup_init_param:s0 [3596 2000 2000] failed
09-10 18:39:33.207  3597  3597 W C02c02/PARAM: Selinux check name persist.init.debug.loglevel in u:object_r:startup_init_param:s0 [3597 2000 2000] failed
09-10 18:39:33.207  3597  3597 W C02c02/PARAM: SystemReadParam failed!name is:persist.init.debug.loglevel,err:1002
09-10 18:39:33.207  3596  3596 W C02c02/PARAM: SystemReadParam failed!name is:persist.init.debug.loglevel,err:1002
09-10 18:39:33.211  3598  3598 W C02c02/PARAM: Selinux check name persist.init.debug.loglevel in u:object_r:startup_init_param:s0 [3598 2000 2000] failed
09-10 18:39:33.211  3598  3598 W C02c02/PARAM: Selinux check name persist.init.debug.loglevel in u:object_r:startup_init_param:s0 [3598 2000 2000] failed
09-10 18:39:33.211  3598  3598 W C02c02/PARAM: SystemReadParam failed!name is:persist.init.debug.loglevel,err:1002
09-10 18:39:33.212  3599  3599 W C02c02/PARAM: Selinux check name persist.init.debug.loglevel in u:object_r:startup_init_param:s0 [3599 2000 2000] failed
09-10 18:39:33.212  3599  3599 W C02c02/PARAM: Selinux check name persist.init.debug.loglevel in u:object_r:startup_init_param:s0 [3599 2000 2000] failed
09-10 18:39:33.212  3599  3599 W C02c02/PARAM: SystemReadParam failed!name is:persist.init.debug.loglevel,err:1002
09-10 18:39:33.317   125   785 I C01800/SAMGR: NF SA:65962,832_147882
09-10 18:39:33.409  3602  3602 W C02c02/PARAM: Selinux check name persist.init.debug.loglevel in u:object_r:startup_init_param:s0 [3602 2000 2000] failed
09-10 18:39:33.409  3602  3602 W C02c02/PARAM: Selinux check name persist.init.debug.loglevel in u:object_r:startup_init_param:s0 [3602 2000 2000] failed
09-10 18:39:33.409  3602  3602 W C02c02/PARAM: SystemReadParam failed!name is:persist.init.debug.loglevel,err:1002
09-10 18:39:33.412  3604  3604 W C02c02/PARAM: Selinux check name persist.init.debug.loglevel in u:object_r:startup_init_param:s0 [3604 2000 2000] failed
09-10 18:39:33.412  3604  3604 W C02c02/PARAM: Selinux check name persist.init.debug.loglevel in u:object_r:startup_init_param:s0 [3604 2000 2000] failed
09-10 18:39:33.412  3604  3604 W C02c02/PARAM: SystemReadParam failed!name is:persist.init.debug.loglevel,err:1002
09-10 18:39:33.414  3605  3605 W C02c02/PARAM: Selinux check name persist.init.debug.loglevel in u:object_r:startup_init_param:s0 [3605 2000 2000] failed
09-10 18:39:33.414  3605  3605 W C02c02/PARAM: Selinux check name persist.init.debug.loglevel in u:object_r:startup_init_param:s0 [3605 2000 2000] failed
09-10 18:39:33.414  3605  3605 W C02c02/PARAM: SystemReadParam failed!name is:persist.init.debug.loglevel,err:1002
09-10 18:39:33.519   125   785 I C01800/SAMGR: NF SA:65962,832_147883
09-10 18:39:33.720   125   785 I C01800/SAMGR: NF SA:65962,832_147884
09-10 18:39:33.851  3607  3607 W C02c02/PARAM: Selinux check name persist.init.debug.loglevel in u:object_r:startup_init_param:s0 [3607 2000 2000] failed
09-10 18:39:33.851  3607  3607 W C02c02/PARAM: Selinux check name persist.init.debug.loglevel in u:object_r:startup_init_param:s0 [3607 2000 2000] failed
09-10 18:39:33.851  3607  3607 W C02c02/PARAM: SystemReadParam failed!name is:persist.init.debug.loglevel,err:1002
09-10 18:39:33.855  3609  3609 I C02d20/DumperService: SetCmdArgs# hidumper cmd:hidumper -s 1201 -a -p Faultlogger -LogSuffixWithMs , calllingUid=2000, calllingPid=3609, ppid:3607.
09-10 18:39:33.855  3609  3610 W C057c1/IPCWorkThread: ThreadHandler: proto:0 policy:1 name:OS_IPC_0_3610 invoker:2501945472
09-10 18:39:33.855  3609  3611 W C057c1/IPCWorkThread: ThreadHandler: proto:0 policy:0 name:OS_IPC_1_3611 invoker:2529503104
09-10 18:39:33.855  3904  3905 I C02d20/DumperService: DelayUnloadTask# recieve new request, delay unload task begin, calllingPid=3609
09-10 18:39:33.856   474  3418 I C02d11/Faultlogger: DumpByCommands: DumpRequest: detail:0, list:0, file:, name:, time:-1
09-10 18:39:33.856  3904  3905 I C02d20/DumperService: GetData# SA name:1201 dump success, cmd:-p Faultlogger -LogSuffixWithMs , calllingPid=3609!
09-10 18:39:33.920   125   785 I C01800/SAMGR: NF SA:65962,832_147885
09-10 18:39:33.946  3613  3613 W C02c02/PARAM: Selinux check name persist.init.debug.loglevel in u:object_r:startup_init_param:s0 [3613 2000 2000] failed
09-10 18:39:33.946  3613  3613 W C02c02/PARAM: Selinux check name persist.init.debug.loglevel in u:object_r:startup_init_param:s0 [3613 2000 2000] failed
09-10 18:39:33.946  3613  3613 W C02c02/PARAM: SystemReadParam failed!name is:persist.init.debug.loglevel,err:1002
09-10 18:39:33.948  3613  3613 W C02c02/PARAM: Selinux check name persist.init.debug.loglevel in u:object_r:startup_init_param:s0 [3613 2000 2000] failed
09-10 18:39:33.948  3613  3613 W C02c02/PARAM: Selinux check name persist.init.debug.loglevel in u:object_r:startup_init_param:s0 [3613 2000 2000] failed
09-10 18:39:33.948  3613  3613 W C02c02/PARAM: SystemReadParam failed!name is:persist.init.debug.loglevel,err:1002
09-10 18:39:34.121  2458  2458 W A01c06/ICON: AppIconWeatherModel --> initWeatherListener, retryTimes: 4
09-10 18:39:34.121   125   785 I C01800/SAMGR: NF SA:65962,832_147886
09-10 18:39:34.122   490  1514 E C01707/CONCUR: [Interface] task 1514 apply qos failed, errno = 4
09-10 18:39:34.122   490  1514 E C01611/QosManager: QosManager: Failed to set thread QoS to QOS_USER_INTERACTIVE, ret: -1
09-10 18:39:34.122   832   925 E C01810/SA_CLIENT: GetSaWrap SA:65962 not start
09-10 18:39:34.122   832   925 I C01409/APS_MANAGER: request system service object is not ready yet!
09-10 18:39:34.122   782   782 W C01123/BMSCommon: bundle not exist -n com.huawei.hmsapp.totemweather -u 100 -i 0 -f 32
09-10 18:39:34.122   782   782 W C01121/BMSQuery: GetBundleInfo failed -n com.huawei.hmsapp.totemweather -u 100
09-10 18:39:34.122   490  1514 E C01651/BundleMgrProxy: GetBundleInfoFromBMS: GetBundleInfo failed!bundleName is com.huawei.hmsapp.totemweather, userId is 100
09-10 18:39:34.122   490  1514 E C01651/DataProviderConfig: GetFromProxyData: Get bundleInfo failed! bundleName:com.huawei.hmsapp.totemweather, userId:100, visitedId:100, uri:******icIconInfo
09-10 18:39:34.122   490  1514 E C01651/DataShareServiceImpl: GetBMSAndMetaDataStatus: CalledInfo failed! token:0x2002a7c3,ret:1001,uri:******icIconInfo
09-10 18:39:34.122   490  1514 E C01651/DataShareServiceImpl: GetSilentProxyStatus: BMS or metaData not ready to complete, token:0x2002a7c3, uri:******icIconInfo
09-10 18:39:34.122  2458  2458 E A01c06/ICON: AppIconWeatherModel --> get weather info failed, code: 15700010, message: The DataShareHelper is not initialized successfully.
09-10 18:39:34.204  3616  3616 W C02c02/PARAM: Selinux check name persist.init.debug.loglevel in u:object_r:startup_init_param:s0 [3616 2000 2000] failed
09-10 18:39:34.204  3616  3616 W C02c02/PARAM: Selinux check name persist.init.debug.loglevel in u:object_r:startup_init_param:s0 [3616 2000 2000] failed
09-10 18:39:34.204  3616  3616 W C02c02/PARAM: SystemReadParam failed!name is:persist.init.debug.loglevel,err:1002
09-10 18:39:34.207  3619  3619 W C02c02/PARAM: Selinux check name persist.init.debug.loglevel in u:object_r:startup_init_param:s0 [3619 2000 2000] failed
09-10 18:39:34.207  3619  3619 W C02c02/PARAM: Selinux check name persist.init.debug.loglevel in u:object_r:startup_init_param:s0 [3619 2000 2000] failed
09-10 18:39:34.207  3620  3620 W C02c02/PARAM: Selinux check name persist.init.debug.loglevel in u:object_r:startup_init_param:s0 [3620 2000 2000] failed
09-10 18:39:34.207  3619  3619 W C02c02/PARAM: SystemReadParam failed!name is:persist.init.debug.loglevel,err:1002
09-10 18:39:34.207  3620  3620 W C02c02/PARAM: Selinux check name persist.init.debug.loglevel in u:object_r:startup_init_param:s0 [3620 2000 2000] failed
09-10 18:39:34.207  3620  3620 W C02c02/PARAM: SystemReadParam failed!name is:persist.init.debug.loglevel,err:1002
09-10 18:39:34.207  3618  3618 W C02c02/PARAM: Selinux check name persist.init.debug.loglevel in u:object_r:startup_init_param:s0 [3618 2000 2000] failed
09-10 18:39:34.207  3618  3618 W C02c02/PARAM: Selinux check name persist.init.debug.loglevel in u:object_r:startup_init_param:s0 [3618 2000 2000] failed
09-10 18:39:34.207  3618  3618 W C02c02/PARAM: SystemReadParam failed!name is:persist.init.debug.loglevel,err:1002
09-10 18:39:34.212  3621  3621 W C02c02/PARAM: Selinux check name persist.init.debug.loglevel in u:object_r:startup_init_param:s0 [3621 2000 2000] failed
09-10 18:39:34.212  3621  3621 W C02c02/PARAM: Selinux check name persist.init.debug.loglevel in u:object_r:startup_init_param:s0 [3621 2000 2000] failed
09-10 18:39:34.212  3621  3621 W C02c02/PARAM: SystemReadParam failed!name is:persist.init.debug.loglevel,err:1002
09-10 18:39:34.212  3622  3622 W C02c02/PARAM: Selinux check name persist.init.debug.loglevel in u:object_r:startup_init_param:s0 [3622 2000 2000] failed
09-10 18:39:34.212  3622  3622 W C02c02/PARAM: Selinux check name persist.init.debug.loglevel in u:object_r:startup_init_param:s0 [3622 2000 2000] failed
09-10 18:39:34.212  3622  3622 W C02c02/PARAM: SystemReadParam failed!name is:persist.init.debug.loglevel,err:1002
09-10 18:39:34.409  3624  3624 W C02c02/PARAM: Selinux check name persist.init.debug.loglevel in u:object_r:startup_init_param:s0 [3624 2000 2000] failed
09-10 18:39:34.409  3624  3624 W C02c02/PARAM: Selinux check name persist.init.debug.loglevel in u:object_r:startup_init_param:s0 [3624 2000 2000] failed
09-10 18:39:34.409  3624  3624 W C02c02/PARAM: SystemReadParam failed!name is:persist.init.debug.loglevel,err:1002
09-10 18:39:34.411  3626  3626 W C02c02/PARAM: Selinux check name persist.init.debug.loglevel in u:object_r:startup_init_param:s0 [3626 2000 2000] failed
09-10 18:39:34.411  3626  3626 W C02c02/PARAM: Selinux check name persist.init.debug.loglevel in u:object_r:startup_init_param:s0 [3626 2000 2000] failed
09-10 18:39:34.412  3626  3626 W C02c02/PARAM: SystemReadParam failed!name is:persist.init.debug.loglevel,err:1002
09-10 18:39:34.415  3627  3627 W C02c02/PARAM: Selinux check name persist.init.debug.loglevel in u:object_r:startup_init_param:s0 [3627 2000 2000] failed
09-10 18:39:34.415  3627  3627 W C02c02/PARAM: Selinux check name persist.init.debug.loglevel in u:object_r:startup_init_param:s0 [3627 2000 2000] failed
09-10 18:39:34.415  3627  3627 W C02c02/PARAM: SystemReadParam failed!name is:persist.init.debug.loglevel,err:1002
09-10 18:39:34.430  1292  2192 I C02300/FenceExtension: start connectAbility,userId:-1
09-10 18:39:34.430  1292  2192 I C02300/FenceExtension: ConnectAbility
09-10 18:39:34.430  1292  2192 I C01342/ServiceExt: [AMC590]name:com.huawei.hmos.location SAFeatureServiceExtensionAbility, userId:-1
09-10 18:39:34.431   782   782 I C01342/ServiceExt: [a92abb88e669317, 1b0f76c, 0] [ABMS5452]element: com.huawei.hmos.location/SAFeatureServiceExtensionAbility
09-10 18:39:34.432   782   782 W C01123/BMSCommon: [a92abb88e669317, 1b0f76c, 0] uid(1021) invalid
09-10 18:39:34.432   782   782 I C01336/AMS: [a92abb88e669317, 1b0f76c, 0] [start_ability_utils.cpp54]appIndex:-1
09-10 18:39:34.432   782   782 I C01121/BMSQuery: [a92abb88e669317, 1b0f76c, 0] ExplicitQueryAbility no match -n com.huawei.hmos.location -a SAFeatureServiceExtensionAbility -u 100 -i 0
09-10 18:39:34.432   782   782 W C01121/BMSQuery: [a92abb88e669317, 1b0f76c, 0] bundle_data_mgr.cpp:ExplicitQueryExtensionInfo:7082 extensionAbility not found or disabled
09-10 18:39:34.432   782   782 I C01121/BMSQuery: [a92abb88e669317, 1b0f76c, 0] ExplicitQueryExtension size:0 -n com.huawei.hmos.location -e SAFeatureServiceExtensionAbility -u 100 -i 0
09-10 18:39:34.432   782   782 W C01121/BMSQuery: [a92abb88e669317, 1b0f76c, 0] bundle_mgr_host_impl.cpp:QueryExtensionAbilityInfos:3360 no valid extension info can be inquired
09-10 18:39:34.432   782   782 E C01336/AMS: [a92abb88e669317, 1b0f76c, 0] [start_ability_utils.cpp290]extensionInfo empty
09-10 18:39:34.432   782   782 E C01342/ServiceExt: [a92abb88e669317, 1b0f76c, 0] [ABMS5755]generate request error
09-10 18:39:34.433  1292  2192 E C02300/FenceExtension: [(DoConnect:153)]CONNECT_ABILITY_FAILED,ret:2097152
09-10 18:39:34.433  1292  2192 I C02300/FenceExtension: start connectAbility,userId:-1
09-10 18:39:34.433  1292  2192 I C02300/FenceExtension: ConnectAbility
09-10 18:39:34.433  1292  2192 I C01342/ServiceExt: [AMC590]name:com.huawei.hmos.location SAFeatureServiceExtensionAbility, userId:-1
09-10 18:39:34.433   782   782 I C01342/ServiceExt: [a92abc88e669d4b, 3d86f76, 0] [ABMS5452]element: com.huawei.hmos.location/SAFeatureServiceExtensionAbility
09-10 18:39:34.433   782   782 W C01123/BMSCommon: [a92abc88e669d4b, 3d86f76, 0] uid(1021) invalid
09-10 18:39:34.433   782   782 I C01336/AMS: [a92abc88e669d4b, 3d86f76, 0] [start_ability_utils.cpp54]appIndex:-1
09-10 18:39:34.433   782   782 I C01121/BMSQuery: [a92abc88e669d4b, 3d86f76, 0] ExplicitQueryAbility no match -n com.huawei.hmos.location -a SAFeatureServiceExtensionAbility -u 100 -i 0
09-10 18:39:34.433   782   782 W C01121/BMSQuery: [a92abc88e669d4b, 3d86f76, 0] bundle_data_mgr.cpp:ExplicitQueryExtensionInfo:7082 extensionAbility not found or disabled
09-10 18:39:34.433   782   782 I C01121/BMSQuery: [a92abc88e669d4b, 3d86f76, 0] ExplicitQueryExtension size:0 -n com.huawei.hmos.location -e SAFeatureServiceExtensionAbility -u 100 -i 0
09-10 18:39:34.433   782   782 W C01121/BMSQuery: [a92abc88e669d4b, 3d86f76, 0] bundle_mgr_host_impl.cpp:QueryExtensionAbilityInfos:3360 no valid extension info can be inquired
09-10 18:39:34.433   782   782 E C01336/AMS: [a92abc88e669d4b, 3d86f76, 0] [start_ability_utils.cpp290]extensionInfo empty
09-10 18:39:34.433   782   782 E C01342/ServiceExt: [a92abc88e669d4b, 3d86f76, 0] [ABMS5755]generate request error
09-10 18:39:34.434  1292  2192 E C02300/FenceExtension: [(DoConnect:153)]CONNECT_ABILITY_FAILED,ret:2097152
09-10 18:39:34.434  1292  2192 W C02300/FenceExtension: connect failed,retry again
09-10 18:39:34.884  3290  3290 I C02500/Qemud: Guest heartbeat success.
09-10 18:39:34.922   132   132 E C02c11/APPSPAWN: [appspawn_kickdog.c:29]open /sys/kernel/hungtask/userlist fail,errno:2
09-10 18:39:34.948  3629  3629 W C02c02/PARAM: Selinux check name persist.init.debug.loglevel in u:object_r:startup_init_param:s0 [3629 2000 2000] failed
09-10 18:39:34.948  3629  3629 W C02c02/PARAM: Selinux check name persist.init.debug.loglevel in u:object_r:startup_init_param:s0 [3629 2000 2000] failed
09-10 18:39:34.948  3629  3629 W C02c02/PARAM: SystemReadParam failed!name is:persist.init.debug.loglevel,err:1002
09-10 18:39:34.950  3629  3629 W C02c02/PARAM: Selinux check name persist.init.debug.loglevel in u:object_r:startup_init_param:s0 [3629 2000 2000] failed
09-10 18:39:34.950  3629  3629 W C02c02/PARAM: Selinux check name persist.init.debug.loglevel in u:object_r:startup_init_param:s0 [3629 2000 2000] failed
09-10 18:39:34.950  3629  3629 W C02c02/PARAM: SystemReadParam failed!name is:persist.init.debug.loglevel,err:1002
09-10 18:39:35.125  2458  2458 W A01c06/ICON: AppIconWeatherModel --> initWeatherListener, retryTimes: 4
09-10 18:39:35.127   490  1514 E C01707/CONCUR: [Interface] task 1514 apply qos failed, errno = 4
09-10 18:39:35.127   490  1514 E C01611/QosManager: QosManager: Failed to set thread QoS to QOS_USER_INTERACTIVE, ret: -1
09-10 18:39:35.128   782   782 W C01123/BMSCommon: bundle not exist -n com.huawei.hmsapp.totemweather -u 100 -i 0 -f 32
09-10 18:39:35.128   782   782 W C01121/BMSQuery: GetBundleInfo failed -n com.huawei.hmsapp.totemweather -u 100
09-10 18:39:35.128   490  1514 E C01651/BundleMgrProxy: GetBundleInfoFromBMS: GetBundleInfo failed!bundleName is com.huawei.hmsapp.totemweather, userId is 100
09-10 18:39:35.128   490  1514 E C01651/DataProviderConfig: GetFromProxyData: Get bundleInfo failed! bundleName:com.huawei.hmsapp.totemweather, userId:100, visitedId:100, uri:******icIconInfo
09-10 18:39:35.128   490  1514 E C01651/DataShareServiceImpl: GetBMSAndMetaDataStatus: CalledInfo failed! token:0x2002a7c3,ret:1001,uri:******icIconInfo
09-10 18:39:35.128   490  1514 E C01651/DataShareServiceImpl: GetSilentProxyStatus: BMS or metaData not ready to complete, token:0x2002a7c3, uri:******icIconInfo
09-10 18:39:35.128  2458  2458 E A01c06/ICON: AppIconWeatherModel --> get weather info failed, code: 15700010, message: The DataShareHelper is not initialized successfully.
09-10 18:39:35.202  3632  3632 W C02c02/PARAM: Selinux check name persist.init.debug.loglevel in u:object_r:startup_init_param:s0 [3632 2000 2000] failed
09-10 18:39:35.203  3632  3632 W C02c02/PARAM: Selinux check name persist.init.debug.loglevel in u:object_r:startup_init_param:s0 [3632 2000 2000] failed
09-10 18:39:35.203  3632  3632 W C02c02/PARAM: SystemReadParam failed!name is:persist.init.debug.loglevel,err:1002
09-10 18:39:35.206  3635  3635 W C02c02/PARAM: Selinux check name persist.init.debug.loglevel in u:object_r:startup_init_param:s0 [3635 2000 2000] failed
09-10 18:39:35.206  3635  3635 W C02c02/PARAM: Selinux check name persist.init.debug.loglevel in u:object_r:startup_init_param:s0 [3635 2000 2000] failed
09-10 18:39:35.206  3635  3635 W C02c02/PARAM: SystemReadParam failed!name is:persist.init.debug.loglevel,err:1002
09-10 18:39:35.206  3636  3636 W C02c02/PARAM: Selinux check name persist.init.debug.loglevel in u:object_r:startup_init_param:s0 [3636 2000 2000] failed
09-10 18:39:35.206  3634  3634 W C02c02/PARAM: Selinux check name persist.init.debug.loglevel in u:object_r:startup_init_param:s0 [3634 2000 2000] failed
09-10 18:39:35.206  3636  3636 W C02c02/PARAM: Selinux check name persist.init.debug.loglevel in u:object_r:startup_init_param:s0 [3636 2000 2000] failed
09-10 18:39:35.206  3636  3636 W C02c02/PARAM: SystemReadParam failed!name is:persist.init.debug.loglevel,err:1002
09-10 18:39:35.206  3634  3634 W C02c02/PARAM: Selinux check name persist.init.debug.loglevel in u:object_r:startup_init_param:s0 [3634 2000 2000] failed
09-10 18:39:35.206  3634  3634 W C02c02/PARAM: SystemReadParam failed!name is:persist.init.debug.loglevel,err:1002
09-10 18:39:35.211  3637  3637 W C02c02/PARAM: Selinux check name persist.init.debug.loglevel in u:object_r:startup_init_param:s0 [3637 2000 2000] failed
09-10 18:39:35.211  3637  3637 W C02c02/PARAM: Selinux check name persist.init.debug.loglevel in u:object_r:startup_init_param:s0 [3637 2000 2000] failed
09-10 18:39:35.211  3637  3637 W C02c02/PARAM: SystemReadParam failed!name is:persist.init.debug.loglevel,err:1002
09-10 18:39:35.211  3638  3638 W C02c02/PARAM: Selinux check name persist.init.debug.loglevel in u:object_r:startup_init_param:s0 [3638 2000 2000] failed
09-10 18:39:35.211  3638  3638 W C02c02/PARAM: Selinux check name persist.init.debug.loglevel in u:object_r:startup_init_param:s0 [3638 2000 2000] failed
09-10 18:39:35.211  3638  3638 W C02c02/PARAM: SystemReadParam failed!name is:persist.init.debug.loglevel,err:1002
09-10 18:39:35.388  1796  1796 E C02c11/APPSPAWN: [appspawn_kickdog.c:29]open /sys/kernel/hungtask/userlist fail,errno:2
09-10 18:39:35.410  3640  3640 W C02c02/PARAM: Selinux check name persist.init.debug.loglevel in u:object_r:startup_init_param:s0 [3640 2000 2000] failed
09-10 18:39:35.410  3640  3640 W C02c02/PARAM: Selinux check name persist.init.debug.loglevel in u:object_r:startup_init_param:s0 [3640 2000 2000] failed
09-10 18:39:35.410  3640  3640 W C02c02/PARAM: SystemReadParam failed!name is:persist.init.debug.loglevel,err:1002
09-10 18:39:35.413  3642  3642 W C02c02/PARAM: Selinux check name persist.init.debug.loglevel in u:object_r:startup_init_param:s0 [3642 2000 2000] failed
09-10 18:39:35.413  3642  3642 W C02c02/PARAM: Selinux check name persist.init.debug.loglevel in u:object_r:startup_init_param:s0 [3642 2000 2000] failed
09-10 18:39:35.413  3642  3642 W C02c02/PARAM: SystemReadParam failed!name is:persist.init.debug.loglevel,err:1002
09-10 18:39:35.416  3643  3643 W C02c02/PARAM: Selinux check name persist.init.debug.loglevel in u:object_r:startup_init_param:s0 [3643 2000 2000] failed
09-10 18:39:35.416  3643  3643 W C02c02/PARAM: Selinux check name persist.init.debug.loglevel in u:object_r:startup_init_param:s0 [3643 2000 2000] failed
09-10 18:39:35.416  3643  3643 W C02c02/PARAM: SystemReadParam failed!name is:persist.init.debug.loglevel,err:1002
09-10 18:39:35.942  3645  3645 W C02c02/PARAM: Selinux check name persist.init.debug.loglevel in u:object_r:startup_init_param:s0 [3645 2000 2000] failed
09-10 18:39:35.942  3645  3645 W C02c02/PARAM: Selinux check name persist.init.debug.loglevel in u:object_r:startup_init_param:s0 [3645 2000 2000] failed
09-10 18:39:35.942  3645  3645 W C02c02/PARAM: SystemReadParam failed!name is:persist.init.debug.loglevel,err:1002
09-10 18:39:35.944  3645  3645 W C02c02/PARAM: Selinux check name persist.init.debug.loglevel in u:object_r:startup_init_param:s0 [3645 2000 2000] failed
09-10 18:39:35.944  3645  3645 W C02c02/PARAM: Selinux check name persist.init.debug.loglevel in u:object_r:startup_init_param:s0 [3645 2000 2000] failed
09-10 18:39:35.944  3645  3645 W C02c02/PARAM: SystemReadParam failed!name is:persist.init.debug.loglevel,err:1002
09-10 18:39:36.123   125   785 I C01800/SAMGR: NF SA:65962,832_147887
09-10 18:39:36.128  2458  2458 W A01c06/ICON: AppIconWeatherModel --> initWeatherListener, retryTimes: 4
09-10 18:39:36.129   490  1514 E C01707/CONCUR: [Interface] task 1514 apply qos failed, errno = 4
09-10 18:39:36.129   490  1514 E C01611/QosManager: QosManager: Failed to set thread QoS to QOS_USER_INTERACTIVE, ret: -1
09-10 18:39:36.130   782   782 W C01123/BMSCommon: bundle not exist -n com.huawei.hmsapp.totemweather -u 100 -i 0 -f 32
09-10 18:39:36.130   782   782 W C01121/BMSQuery: GetBundleInfo failed -n com.huawei.hmsapp.totemweather -u 100
09-10 18:39:36.130   490  1514 E C01651/BundleMgrProxy: GetBundleInfoFromBMS: GetBundleInfo failed!bundleName is com.huawei.hmsapp.totemweather, userId is 100
09-10 18:39:36.130   490  1514 E C01651/DataProviderConfig: GetFromProxyData: Get bundleInfo failed! bundleName:com.huawei.hmsapp.totemweather, userId:100, visitedId:100, uri:******icIconInfo
09-10 18:39:36.130   490  1514 E C01651/DataShareServiceImpl: GetBMSAndMetaDataStatus: CalledInfo failed! token:0x2002a7c3,ret:1001,uri:******icIconInfo
09-10 18:39:36.130   490  1514 E C01651/DataShareServiceImpl: GetSilentProxyStatus: BMS or metaData not ready to complete, token:0x2002a7c3, uri:******icIconInfo
09-10 18:39:36.130  2458  2458 E A01c06/ICON: AppIconWeatherModel --> get weather info failed, code: 15700010, message: The DataShareHelper is not initialized successfully.
09-10 18:39:36.203  3648  3648 W C02c02/PARAM: Selinux check name persist.init.debug.loglevel in u:object_r:startup_init_param:s0 [3648 2000 2000] failed
09-10 18:39:36.203  3648  3648 W C02c02/PARAM: Selinux check name persist.init.debug.loglevel in u:object_r:startup_init_param:s0 [3648 2000 2000] failed
09-10 18:39:36.203  3648  3648 W C02c02/PARAM: SystemReadParam failed!name is:persist.init.debug.loglevel,err:1002
09-10 18:39:36.205  3650  3650 W C02c02/PARAM: Selinux check name persist.init.debug.loglevel in u:object_r:startup_init_param:s0 [3650 2000 2000] failed
09-10 18:39:36.205  3650  3650 W C02c02/PARAM: Selinux check name persist.init.debug.loglevel in u:object_r:startup_init_param:s0 [3650 2000 2000] failed
09-10 18:39:36.205  3650  3650 W C02c02/PARAM: SystemReadParam failed!name is:persist.init.debug.loglevel,err:1002
09-10 18:39:36.206  3651  3651 W C02c02/PARAM: Selinux check name persist.init.debug.loglevel in u:object_r:startup_init_param:s0 [3651 2000 2000] failed
09-10 18:39:36.206  3651  3651 W C02c02/PARAM: Selinux check name persist.init.debug.loglevel in u:object_r:startup_init_param:s0 [3651 2000 2000] failed
09-10 18:39:36.206  3652  3652 W C02c02/PARAM: Selinux check name persist.init.debug.loglevel in u:object_r:startup_init_param:s0 [3652 2000 2000] failed
09-10 18:39:36.206  3651  3651 W C02c02/PARAM: SystemReadParam failed!name is:persist.init.debug.loglevel,err:1002
09-10 18:39:36.206  3652  3652 W C02c02/PARAM: Selinux check name persist.init.debug.loglevel in u:object_r:startup_init_param:s0 [3652 2000 2000] failed
09-10 18:39:36.206  3652  3652 W C02c02/PARAM: SystemReadParam failed!name is:persist.init.debug.loglevel,err:1002
09-10 18:39:36.210  3653  3653 W C02c02/PARAM: Selinux check name persist.init.debug.loglevel in u:object_r:startup_init_param:s0 [3653 2000 2000] failed
09-10 18:39:36.210  3653  3653 W C02c02/PARAM: Selinux check name persist.init.debug.loglevel in u:object_r:startup_init_param:s0 [3653 2000 2000] failed
09-10 18:39:36.210  3653  3653 W C02c02/PARAM: SystemReadParam failed!name is:persist.init.debug.loglevel,err:1002
09-10 18:39:36.210  3654  3654 W C02c02/PARAM: Selinux check name persist.init.debug.loglevel in u:object_r:startup_init_param:s0 [3654 2000 2000] failed
09-10 18:39:36.211  3654  3654 W C02c02/PARAM: Selinux check name persist.init.debug.loglevel in u:object_r:startup_init_param:s0 [3654 2000 2000] failed
09-10 18:39:36.211  3654  3654 W C02c02/PARAM: SystemReadParam failed!name is:persist.init.debug.loglevel,err:1002
09-10 18:39:36.265   474 23514 I C02d10/CpuCollector: CalculateProcessCpuStatInfos: startTime=1789036766258, endTime=1789036776265, startBootTime=327171400, endBootTime=327181407, period=10007, isNeedUpdate=1
09-10 18:39:36.323   125   785 I C01800/SAMGR: NF SA:65962,832_147888
09-10 18:39:36.405  3656  3656 W C02c02/PARAM: Selinux check name persist.init.debug.loglevel in u:object_r:startup_init_param:s0 [3656 2000 2000] failed
09-10 18:39:36.405  3656  3656 W C02c02/PARAM: Selinux check name persist.init.debug.loglevel in u:object_r:startup_init_param:s0 [3656 2000 2000] failed
09-10 18:39:36.405  3656  3656 W C02c02/PARAM: SystemReadParam failed!name is:persist.init.debug.loglevel,err:1002
09-10 18:39:36.406   592   812 W C02943/ThermalHdi: Read node failed, title = brightness
09-10 18:39:36.406   592   812 W C02943/ThermalHdi: Read node failed, title = 
09-10 18:39:36.406   592   812 W C02943/ThermalHdi: Read node failed, title = 
09-10 18:39:36.406   592   812 W C02943/ThermalHdi: Read node failed, title = 
09-10 18:39:36.406   592   812 W C02943/ThermalHdi: Read node failed, title = 
09-10 18:39:36.406   592   812 W C02943/ThermalHdi: Read node failed, title = 
09-10 18:39:36.406   592   812 W C02943/ThermalHdi: Read node failed, title = 
09-10 18:39:36.406   592   812 W C02943/ThermalHdi: Read node failed, title = 
09-10 18:39:36.406   592   812 W C02943/ThermalHdi: Read node failed, title = 
09-10 18:39:36.406   592   812 W C02943/ThermalHdi: Read node failed, title = 
09-10 18:39:36.406   592   812 W C02943/ThermalHdi: Read node failed, title = 
09-10 18:39:36.406   592   812 W C02943/ThermalHdi: Read node failed, title = 
09-10 18:39:36.406   592   812 W C02943/ThermalHdi: Read node failed, title = 
09-10 18:39:36.406   592   812 W C02943/ThermalHdi: Read node failed, title = 
09-10 18:39:36.406   592   812 W C02943/ThermalHdi: Read node failed, title = 
09-10 18:39:36.406   592   812 W C02943/ThermalHdi: Read node failed, title = 
09-10 18:39:36.406   592   812 W C02943/ThermalHdi: Read node failed, title = 
09-10 18:39:36.406   592   812 W C02943/ThermalHdi: Read node failed, title = 
09-10 18:39:36.406   592   812 W C02943/ThermalHdi: Read node failed, title = 
09-10 18:39:36.406   592   812 W C02943/ThermalHdi: Read node failed, title = 
09-10 18:39:36.406   592   812 W C02943/ThermalHdi: Read node failed, title = 
09-10 18:39:36.406   592   812 W C02943/ThermalHdi: Read node failed, title = 
09-10 18:39:36.406   592   812 W C02943/ThermalHdi: Read node failed, title = 
09-10 18:39:36.406   592   812 W C02943/ThermalHdi: Read node failed, title = 
09-10 18:39:36.406   592   812 W C02943/ThermalHdi: Read node failed, title = 
09-10 18:39:36.406   592   812 W C02943/ThermalHdi: Read node failed, title = ambient
09-10 18:39:36.406   592   812 W C02943/ThermalHdi: Read node failed, title = ibat
09-10 18:39:36.406   592   812 W C02943/ThermalHdi: Read node failed, title = vbat
09-10 18:39:36.406   592   812 W C02943/ThermalHdi: Read node failed, title = cpu0_min_freq
09-10 18:39:36.406   592   812 W C02943/ThermalHdi: Read node failed, title = cpu0_cur_freq
09-10 18:39:36.406   592   812 W C02943/ThermalHdi: Read node failed, title = cpu0_max_freq
09-10 18:39:36.406   592   812 W C02943/ThermalHdi: Read node failed, title = cpu4_min_freq
09-10 18:39:36.406   592   812 W C02943/ThermalHdi: Read node failed, title = cpu4_cur_freq
09-10 18:39:36.406   592   812 W C02943/ThermalHdi: Read node failed, title = cpu4_max_freq
09-10 18:39:36.406   592   812 W C02943/ThermalHdi: Read node failed, title = cpu7_min_freq
09-10 18:39:36.406   592   812 W C02943/ThermalHdi: Read node failed, title = cpu7_cur_freq
09-10 18:39:36.406   592   812 W C02943/ThermalHdi: Read node failed, title = cpu7_max_freq
09-10 18:39:36.406   592   812 W C02943/ThermalHdi: Read node failed, title = gpu_min_freq
09-10 18:39:36.406   592   812 W C02943/ThermalHdi: Read node failed, title = gpu_cur_freq
09-10 18:39:36.406   592   812 W C02943/ThermalHdi: Read node failed, title = gpu_max_freq
09-10 18:39:36.407   592   812 W C02943/ThermalHdi: Read node failed, title = ddr_cur_freq
09-10 18:39:36.407   592   812 W C02943/ThermalHdi: Read node failed, title = set_IPApower
09-10 18:39:36.407   592   812 W C02943/ThermalHdi: Read node failed, title = cur_IPApower
09-10 18:39:36.407   592   812 W C02943/ThermalHdi: get node failed
09-10 18:39:36.407   592   812 W C02943/ThermalHdi: get node failed
09-10 18:39:36.407   592   812 W C02943/ThermalHdi: get node failed
09-10 18:39:36.408  3658  3658 W C02c02/PARAM: Selinux check name persist.init.debug.loglevel in u:object_r:startup_init_param:s0 [3658 2000 2000] failed
09-10 18:39:36.408  3658  3658 W C02c02/PARAM: Selinux check name persist.init.debug.loglevel in u:object_r:startup_init_param:s0 [3658 2000 2000] failed
09-10 18:39:36.408  3658  3658 W C02c02/PARAM: SystemReadParam failed!name is:persist.init.debug.loglevel,err:1002
09-10 18:39:36.411  3659  3659 W C02c02/PARAM: Selinux check name persist.init.debug.loglevel in u:object_r:startup_init_param:s0 [3659 2000 2000] failed
09-10 18:39:36.411  3659  3659 W C02c02/PARAM: Selinux check name persist.init.debug.loglevel in u:object_r:startup_init_param:s0 [3659 2000 2000] failed
09-10 18:39:36.411  3659  3659 W C02c02/PARAM: SystemReadParam failed!name is:persist.init.debug.loglevel,err:1002
09-10 18:39:36.524   125   785 I C01800/SAMGR: NF SA:65962,832_147889
09-10 18:39:36.623   316  3248 W C01f04/MultiSimontroller: [GetSimAccountInfo-(multi_sim_controller.cpp:1141)] slotId 0 is invalid
09-10 18:39:36.623   316  3248 E C01f04/TelephonySubsystem: GetSimAccountInfo fail!
09-10 18:39:36.725   125   785 I C01800/SAMGR: NF SA:65962,832_147890
09-10 18:39:36.833   474 30998 E C02d66/XPerf: [InquiryOhImpl::ExtractStringValue] Canonical FilePath: /sys/class/ithermal/lpm/lpm_freq failed.
09-10 18:39:36.833   474 30998 E C02d66/XPerf: [InquiryOhImpl::ExtractStringValue] Canonical FilePath: /sys/class/power_supply/Battery/status failed.
09-10 18:39:36.925   125   785 I C01800/SAMGR: NF SA:65962,832_147891
09-10 18:39:36.927  3663  3663 W C02c02/PARAM: Selinux check name persist.init.debug.loglevel in u:object_r:startup_init_param:s0 [3663 2000 2000] failed
09-10 18:39:36.927  3663  3663 W C02c02/PARAM: Selinux check name persist.init.debug.loglevel in u:object_r:startup_init_param:s0 [3663 2000 2000] failed
09-10 18:39:36.927  3663  3663 W C02c02/PARAM: SystemReadParam failed!name is:persist.init.debug.loglevel,err:1002
09-10 18:39:36.930  3663  3663 W C02c02/PARAM: Selinux check name persist.init.debug.loglevel in u:object_r:startup_init_param:s0 [3663 2000 2000] failed
09-10 18:39:36.930  3663  3663 W C02c02/PARAM: Selinux check name persist.init.debug.loglevel in u:object_r:startup_init_param:s0 [3663 2000 2000] failed
09-10 18:39:36.930  3663  3663 W C02c02/PARAM: SystemReadParam failed!name is:persist.init.debug.loglevel,err:1002
09-10 18:39:37.126   125   785 I C01800/SAMGR: NF SA:65962,832_147892
09-10 18:39:37.132  2458  2458 W A01c06/ICON: AppIconWeatherModel --> initWeatherListener, retryTimes: 4
09-10 18:39:37.133   490  1514 E C01707/CONCUR: [Interface] task 1514 apply qos failed, errno = 4
09-10 18:39:37.133   490  1514 E C01611/QosManager: QosManager: Failed to set thread QoS to QOS_USER_INTERACTIVE, ret: -1
09-10 18:39:37.133   782   782 W C01123/BMSCommon: bundle not exist -n com.huawei.hmsapp.totemweather -u 100 -i 0 -f 32
09-10 18:39:37.133   782   782 W C01121/BMSQuery: GetBundleInfo failed -n com.huawei.hmsapp.totemweather -u 100
09-10 18:39:37.133   490  1514 E C01651/BundleMgrProxy: GetBundleInfoFromBMS: GetBundleInfo failed!bundleName is com.huawei.hmsapp.totemweather, userId is 100
09-10 18:39:37.133   490  1514 E C01651/DataProviderConfig: GetFromProxyData: Get bundleInfo failed! bundleName:com.huawei.hmsapp.totemweather, userId:100, visitedId:100, uri:******icIconInfo
09-10 18:39:37.133   490  1514 E C01651/DataShareServiceImpl: GetBMSAndMetaDataStatus: CalledInfo failed! token:0x2002a7c3,ret:1001,uri:******icIconInfo
09-10 18:39:37.133   490  1514 E C01651/DataShareServiceImpl: GetSilentProxyStatus: BMS or metaData not ready to complete, token:0x2002a7c3, uri:******icIconInfo
09-10 18:39:37.133  2458  2458 E A01c06/ICON: AppIconWeatherModel --> get weather info failed, code: 15700010, message: The DataShareHelper is not initialized successfully.
09-10 18:39:37.202  3666  3666 W C02c02/PARAM: Selinux check name persist.init.debug.loglevel in u:object_r:startup_init_param:s0 [3666 2000 2000] failed
09-10 18:39:37.202  3666  3666 W C02c02/PARAM: Selinux check name persist.init.debug.loglevel in u:object_r:startup_init_param:s0 [3666 2000 2000] failed
09-10 18:39:37.202  3666  3666 W C02c02/PARAM: SystemReadParam failed!name is:persist.init.debug.loglevel,err:1002
09-10 18:39:37.205  3668  3668 W C02c02/PARAM: Selinux check name persist.init.debug.loglevel in u:object_r:startup_init_param:s0 [3668 2000 2000] failed
09-10 18:39:37.205  3668  3668 W C02c02/PARAM: Selinux check name persist.init.debug.loglevel in u:object_r:startup_init_param:s0 [3668 2000 2000] failed
09-10 18:39:37.205  3668  3668 W C02c02/PARAM: SystemReadParam failed!name is:persist.init.debug.loglevel,err:1002
09-10 18:39:37.205  3669  3669 W C02c02/PARAM: Selinux check name persist.init.debug.loglevel in u:object_r:startup_init_param:s0 [3669 2000 2000] failed
09-10 18:39:37.205  3669  3669 W C02c02/PARAM: Selinux check name persist.init.debug.loglevel in u:object_r:startup_init_param:s0 [3669 2000 2000] failed
09-10 18:39:37.205  3669  3669 W C02c02/PARAM: SystemReadParam failed!name is:persist.init.debug.loglevel,err:1002
09-10 18:39:37.205  3670  3670 W C02c02/PARAM: Selinux check name persist.init.debug.loglevel in u:object_r:startup_init_param:s0 [3670 2000 2000] failed
09-10 18:39:37.205  3670  3670 W C02c02/PARAM: Selinux check name persist.init.debug.loglevel in u:object_r:startup_init_param:s0 [3670 2000 2000] failed
09-10 18:39:37.205  3670  3670 W C02c02/PARAM: SystemReadParam failed!name is:persist.init.debug.loglevel,err:1002
09-10 18:39:37.209  3671  3671 W C02c02/PARAM: Selinux check name persist.init.debug.loglevel in u:object_r:startup_init_param:s0 [3671 2000 2000] failed
09-10 18:39:37.209  3671  3671 W C02c02/PARAM: Selinux check name persist.init.debug.loglevel in u:object_r:startup_init_param:s0 [3671 2000 2000] failed
09-10 18:39:37.209  3671  3671 W C02c02/PARAM: SystemReadParam failed!name is:persist.init.debug.loglevel,err:1002
09-10 18:39:37.209  3672  3672 W C02c02/PARAM: Selinux check name persist.init.debug.loglevel in u:object_r:startup_init_param:s0 [3672 2000 2000] failed
09-10 18:39:37.210  3672  3672 W C02c02/PARAM: Selinux check name persist.init.debug.loglevel in u:object_r:startup_init_param:s0 [3672 2000 2000] failed
09-10 18:39:37.210  3672  3672 W C02c02/PARAM: SystemReadParam failed!name is:persist.init.debug.loglevel,err:1002
09-10 18:39:37.326   125   785 I C01800/SAMGR: NF SA:65962,832_147893
09-10 18:39:37.326   832   925 E C01810/SA_CLIENT: GetSaWrap SA:65962 not start
09-10 18:39:37.326   832   925 I C01409/APS_MANAGER: request system service object is not ready yet!
09-10 18:39:37.413  3674  3674 W C02c02/PARAM: Selinux check name persist.init.debug.loglevel in u:object_r:startup_init_param:s0 [3674 2000 2000] failed
09-10 18:39:37.413  3674  3674 W C02c02/PARAM: Selinux check name persist.init.debug.loglevel in u:object_r:startup_init_param:s0 [3674 2000 2000] failed
09-10 18:39:37.413  3674  3674 W C02c02/PARAM: SystemReadParam failed!name is:persist.init.debug.loglevel,err:1002
09-10 18:39:37.416  3676  3676 W C02c02/PARAM: Selinux check name persist.init.debug.loglevel in u:object_r:startup_init_param:s0 [3676 2000 2000] failed
09-10 18:39:37.416  3676  3676 W C02c02/PARAM: Selinux check name persist.init.debug.loglevel in u:object_r:startup_init_param:s0 [3676 2000 2000] failed
09-10 18:39:37.416  3676  3676 W C02c02/PARAM: SystemReadParam failed!name is:persist.init.debug.loglevel,err:1002
09-10 18:39:37.419  3677  3677 W C02c02/PARAM: Selinux check name persist.init.debug.loglevel in u:object_r:startup_init_param:s0 [3677 2000 2000] failed
09-10 18:39:37.419  3677  3677 W C02c02/PARAM: Selinux check name persist.init.debug.loglevel in u:object_r:startup_init_param:s0 [3677 2000 2000] failed
09-10 18:39:37.419  3677  3677 W C02c02/PARAM: SystemReadParam failed!name is:persist.init.debug.loglevel,err:1002
09-10 18:39:37.887  3290  3290 I C02500/Qemud: Guest heartbeat success.
09-10 18:39:37.941  3679  3679 W C02c02/PARAM: Selinux check name persist.init.debug.loglevel in u:object_r:startup_init_param:s0 [3679 2000 2000] failed
09-10 18:39:37.941  3679  3679 W C02c02/PARAM: Selinux check name persist.init.debug.loglevel in u:object_r:startup_init_param:s0 [3679 2000 2000] failed
09-10 18:39:37.941  3679  3679 W C02c02/PARAM: SystemReadParam failed!name is:persist.init.debug.loglevel,err:1002
09-10 18:39:37.944  3679  3679 W C02c02/PARAM: Selinux check name persist.init.debug.loglevel in u:object_r:startup_init_param:s0 [3679 2000 2000] failed
09-10 18:39:37.944  3679  3679 W C02c02/PARAM: Selinux check name persist.init.debug.loglevel in u:object_r:startup_init_param:s0 [3679 2000 2000] failed
09-10 18:39:37.945  3679  3679 W C02c02/PARAM: SystemReadParam failed!name is:persist.init.debug.loglevel,err:1002
09-10 18:39:38.135  2458  2458 W A01c06/ICON: AppIconWeatherModel --> initWeatherListener, retryTimes: 4
09-10 18:39:38.137   490  1514 E C01707/CONCUR: [Interface] task 1514 apply qos failed, errno = 4
09-10 18:39:38.137   490  1514 E C01611/QosManager: QosManager: Failed to set thread QoS to QOS_USER_INTERACTIVE, ret: -1
09-10 18:39:38.137   782   782 W C01123/BMSCommon: bundle not exist -n com.huawei.hmsapp.totemweather -u 100 -i 0 -f 32
09-10 18:39:38.137   782   782 W C01121/BMSQuery: GetBundleInfo failed -n com.huawei.hmsapp.totemweather -u 100
09-10 18:39:38.137   490  1514 E C01651/BundleMgrProxy: GetBundleInfoFromBMS: GetBundleInfo failed!bundleName is com.huawei.hmsapp.totemweather, userId is 100
09-10 18:39:38.137   490  1514 E C01651/DataProviderConfig: GetFromProxyData: Get bundleInfo failed! bundleName:com.huawei.hmsapp.totemweather, userId:100, visitedId:100, uri:******icIconInfo
09-10 18:39:38.137   490  1514 E C01651/DataShareServiceImpl: GetBMSAndMetaDataStatus: CalledInfo failed! token:0x2002a7c3,ret:1001,uri:******icIconInfo
09-10 18:39:38.137   490  1514 E C01651/DataShareServiceImpl: GetSilentProxyStatus: BMS or metaData not ready to complete, token:0x2002a7c3, uri:******icIconInfo
09-10 18:39:38.137  2458  2458 E A01c06/ICON: AppIconWeatherModel --> get weather info failed, code: 15700010, message: The DataShareHelper is not initialized successfully.
09-10 18:39:38.203  3682  3682 W C02c02/PARAM: Selinux check name persist.init.debug.loglevel in u:object_r:startup_init_param:s0 [3682 2000 2000] failed
09-10 18:39:38.203  3682  3682 W C02c02/PARAM: Selinux check name persist.init.debug.loglevel in u:object_r:startup_init_param:s0 [3682 2000 2000] failed
09-10 18:39:38.203  3682  3682 W C02c02/PARAM: SystemReadParam failed!name is:persist.init.debug.loglevel,err:1002
09-10 18:39:38.206  3685  3685 W C02c02/PARAM: Selinux check name persist.init.debug.loglevel in u:object_r:startup_init_param:s0 [3685 2000 2000] failed
09-10 18:39:38.206  3685  3685 W C02c02/PARAM: Selinux check name persist.init.debug.loglevel in u:object_r:startup_init_param:s0 [3685 2000 2000] failed
09-10 18:39:38.206  3685  3685 W C02c02/PARAM: SystemReadParam failed!name is:persist.init.debug.loglevel,err:1002
09-10 18:39:38.206  3686  3686 W C02c02/PARAM: Selinux check name persist.init.debug.loglevel in u:object_r:startup_init_param:s0 [3686 2000 2000] failed
09-10 18:39:38.206  3686  3686 W C02c02/PARAM: Selinux check name persist.init.debug.loglevel in u:object_r:startup_init_param:s0 [3686 2000 2000] failed
09-10 18:39:38.206  3686  3686 W C02c02/PARAM: SystemReadParam failed!name is:persist.init.debug.loglevel,err:1002
09-10 18:39:38.206  3684  3684 W C02c02/PARAM: Selinux check name persist.init.debug.loglevel in u:object_r:startup_init_param:s0 [3684 2000 2000] failed
09-10 18:39:38.206  3684  3684 W C02c02/PARAM: Selinux check name persist.init.debug.loglevel in u:object_r:startup_init_param:s0 [3684 2000 2000] failed
09-10 18:39:38.206  3684  3684 W C02c02/PARAM: SystemReadParam failed!name is:persist.init.debug.loglevel,err:1002
09-10 18:39:38.210  3687  3687 W C02c02/PARAM: Selinux check name persist.init.debug.loglevel in u:object_r:startup_init_param:s0 [3687 2000 2000] failed
09-10 18:39:38.210  3687  3687 W C02c02/PARAM: Selinux check name persist.init.debug.loglevel in u:object_r:startup_init_param:s0 [3687 2000 2000] failed
09-10 18:39:38.210  3687  3687 W C02c02/PARAM: SystemReadParam failed!name is:persist.init.debug.loglevel,err:1002
09-10 18:39:38.210  3688  3688 W C02c02/PARAM: Selinux check name persist.init.debug.loglevel in u:object_r:startup_init_param:s0 [3688 2000 2000] failed
09-10 18:39:38.210  3688  3688 W C02c02/PARAM: Selinux check name persist.init.debug.loglevel in u:object_r:startup_init_param:s0 [3688 2000 2000] failed
09-10 18:39:38.211  3688  3688 W C02c02/PARAM: SystemReadParam failed!name is:persist.init.debug.loglevel,err:1002
09-10 18:39:38.408  3690  3690 W C02c02/PARAM: Selinux check name persist.init.debug.loglevel in u:object_r:startup_init_param:s0 [3690 2000 2000] failed
09-10 18:39:38.408  3690  3690 W C02c02/PARAM: Selinux check name persist.init.debug.loglevel in u:object_r:startup_init_param:s0 [3690 2000 2000] failed
09-10 18:39:38.408  3690  3690 W C02c02/PARAM: SystemReadParam failed!name is:persist.init.debug.loglevel,err:1002
09-10 18:39:38.411  3692  3692 W C02c02/PARAM: Selinux check name persist.init.debug.loglevel in u:object_r:startup_init_param:s0 [3692 2000 2000] failed
09-10 18:39:38.411  3692  3692 W C02c02/PARAM: Selinux check name persist.init.debug.loglevel in u:object_r:startup_init_param:s0 [3692 2000 2000] failed
09-10 18:39:38.411  3692  3692 W C02c02/PARAM: SystemReadParam failed!name is:persist.init.debug.loglevel,err:1002
09-10 18:39:38.414  3693  3693 W C02c02/PARAM: Selinux check name persist.init.debug.loglevel in u:object_r:startup_init_param:s0 [3693 2000 2000] failed
09-10 18:39:38.414  3693  3693 W C02c02/PARAM: Selinux check name persist.init.debug.loglevel in u:object_r:startup_init_param:s0 [3693 2000 2000] failed
09-10 18:39:38.414  3693  3693 W C02c02/PARAM: SystemReadParam failed!name is:persist.init.debug.loglevel,err:1002
09-10 18:39:38.898  3696  3696 W C02c02/PARAM: Selinux check name persist.init.debug.loglevel in u:object_r:startup_init_param:s0 [3696 2000 2000] failed
09-10 18:39:38.899  3696  3696 W C02c02/PARAM: Selinux check name persist.init.debug.loglevel in u:object_r:startup_init_param:s0 [3696 2000 2000] failed
09-10 18:39:38.899  3696  3696 W C02c02/PARAM: SystemReadParam failed!name is:persist.init.debug.loglevel,err:1002
09-10 18:39:38.962  3699  3699 I C02d20/DumperService: SetCmdArgs# hidumper cmd:hidumper -s 1201 -a -p Faultlogger -LogSuffixWithMs , calllingUid=2000, calllingPid=3699, ppid:3696.
09-10 18:39:38.964  3699  3700 W C057c1/IPCWorkThread: ThreadHandler: proto:0 policy:1 name:OS_IPC_0_3700 invoker:2277551488
09-10 18:39:38.967  3699  3701 W C057c1/IPCWorkThread: ThreadHandler: proto:0 policy:0 name:OS_IPC_1_3701 invoker:2305125120
09-10 18:39:38.978  3904  3905 I C02d20/DumperService: DelayUnloadTask# recieve new request, delay unload task begin, calllingPid=3699
09-10 18:39:38.988   474  3418 I C02d11/Faultlogger: DumpByCommands: DumpRequest: detail:0, list:0, file:, name:, time:-1
09-10 18:39:39.001  3904  3905 I C02d20/DumperService: GetData# SA name:1201 dump success, cmd:-p Faultlogger -LogSuffixWithMs , calllingPid=3699!
09-10 18:39:39.135  3703  3703 W C02c02/PARAM: Selinux check name persist.init.debug.loglevel in u:object_r:startup_init_param:s0 [3703 2000 2000] failed
09-10 18:39:39.135  3703  3703 W C02c02/PARAM: Selinux check name persist.init.debug.loglevel in u:object_r:startup_init_param:s0 [3703 2000 2000] failed
09-10 18:39:39.135  3703  3703 W C02c02/PARAM: SystemReadParam failed!name is:persist.init.debug.loglevel,err:1002
09-10 18:39:39.139  2458  2458 W A01c06/ICON: AppIconWeatherModel --> initWeatherListener, retryTimes: 4
09-10 18:39:39.141   490  1514 E C01707/CONCUR: [Interface] task 1514 apply qos failed, errno = 4
09-10 18:39:39.141   490  1514 E C01611/QosManager: QosManager: Failed to set thread QoS to QOS_USER_INTERACTIVE, ret: -1
09-10 18:39:39.142   782   782 W C01123/BMSCommon: bundle not exist -n com.huawei.hmsapp.totemweather -u 100 -i 0 -f 32
09-10 18:39:39.142   782   782 W C01121/BMSQuery: GetBundleInfo failed -n com.huawei.hmsapp.totemweather -u 100
09-10 18:39:39.142   490  1514 E C01651/BundleMgrProxy: GetBundleInfoFromBMS: GetBundleInfo failed!bundleName is com.huawei.hmsapp.totemweather, userId is 100
09-10 18:39:39.142   490  1514 E C01651/DataProviderConfig: GetFromProxyData: Get bundleInfo failed! bundleName:com.huawei.hmsapp.totemweather, userId:100, visitedId:100, uri:******icIconInfo
09-10 18:39:39.142   490  1514 E C01651/DataShareServiceImpl: GetBMSAndMetaDataStatus: CalledInfo failed! token:0x2002a7c3,ret:1001,uri:******icIconInfo
09-10 18:39:39.142   490  1514 E C01651/DataShareServiceImpl: GetSilentProxyStatus: BMS or metaData not ready to complete, token:0x2002a7c3, uri:******icIconInfo
09-10 18:39:39.143  2458  2458 E A01c06/ICON: AppIconWeatherModel --> get weather info failed, code: 15700010, message: The DataShareHelper is not initialized successfully.
09-10 18:39:39.143  3703  3703 W C02c02/PARAM: Selinux check name persist.init.debug.loglevel in u:object_r:startup_init_param:s0 [3703 2000 2000] failed
09-10 18:39:39.143  3703  3703 W C02c02/PARAM: Selinux check name persist.init.debug.loglevel in u:object_r:startup_init_param:s0 [3703 2000 2000] failed
09-10 18:39:39.143  3703  3703 W C02c02/PARAM: SystemReadParam failed!name is:persist.init.debug.loglevel,err:1002
09-10 18:39:39.283  3706  3706 W C02c02/PARAM: Selinux check name persist.init.debug.loglevel in u:object_r:startup_init_param:s0 [3706 2000 2000] failed
09-10 18:39:39.283  3706  3706 W C02c02/PARAM: Selinux check name persist.init.debug.loglevel in u:object_r:startup_init_param:s0 [3706 2000 2000] failed
09-10 18:39:39.283  3706  3706 W C02c02/PARAM: SystemReadParam failed!name is:persist.init.debug.loglevel,err:1002
09-10 18:39:39.287  3708  3708 W C02c02/PARAM: Selinux check name persist.init.debug.loglevel in u:object_r:startup_init_param:s0 [3708 2000 2000] failed
09-10 18:39:39.287  3708  3708 W C02c02/PARAM: Selinux check name persist.init.debug.loglevel in u:object_r:startup_init_param:s0 [3708 2000 2000] failed
09-10 18:39:39.287  3708  3708 W C02c02/PARAM: SystemReadParam failed!name is:persist.init.debug.loglevel,err:1002
09-10 18:39:39.287  3709  3709 W C02c02/PARAM: Selinux check name persist.init.debug.loglevel in u:object_r:startup_init_param:s0 [3709 2000 2000] failed
09-10 18:39:39.287  3709  3709 W C02c02/PARAM: Selinux check name persist.init.debug.loglevel in u:object_r:startup_init_param:s0 [3709 2000 2000] failed
09-10 18:39:39.287  3709  3709 W C02c02/PARAM: SystemReadParam failed!name is:persist.init.debug.loglevel,err:1002
09-10 18:39:39.288  3710  3710 W C02c02/PARAM: Selinux check name persist.init.debug.loglevel in u:object_r:startup_init_param:s0 [3710 2000 2000] failed
09-10 18:39:39.288  3710  3710 W C02c02/PARAM: Selinux check name persist.init.debug.loglevel in u:object_r:startup_init_param:s0 [3710 2000 2000] failed
09-10 18:39:39.288  3710  3710 W C02c02/PARAM: SystemReadParam failed!name is:persist.init.debug.loglevel,err:1002
09-10 18:39:39.293  3711  3711 W C02c02/PARAM: Selinux check name persist.init.debug.loglevel in u:object_r:startup_init_param:s0 [3711 2000 2000] failed
09-10 18:39:39.293  3711  3711 W C02c02/PARAM: Selinux check name persist.init.debug.loglevel in u:object_r:startup_init_param:s0 [3711 2000 2000] failed
09-10 18:39:39.293  3711  3711 W C02c02/PARAM: SystemReadParam failed!name is:persist.init.debug.loglevel,err:1002
09-10 18:39:39.293  3712  3712 W C02c02/PARAM: Selinux check name persist.init.debug.loglevel in u:object_r:startup_init_param:s0 [3712 2000 2000] failed
09-10 18:39:39.293  3712  3712 W C02c02/PARAM: Selinux check name persist.init.debug.loglevel in u:object_r:startup_init_param:s0 [3712 2000 2000] failed
09-10 18:39:39.293  3712  3712 W C02c02/PARAM: SystemReadParam failed!name is:persist.init.debug.loglevel,err:1002
09-10 18:39:39.327   125   785 I C01800/SAMGR: NF SA:65962,832_147894
09-10 18:39:39.488  3714  3714 W C02c02/PARAM: Selinux check name persist.init.debug.loglevel in u:object_r:startup_init_param:s0 [3714 2000 2000] failed
09-10 18:39:39.488  3714  3714 W C02c02/PARAM: Selinux check name persist.init.debug.loglevel in u:object_r:startup_init_param:s0 [3714 2000 2000] failed
09-10 18:39:39.488  3714  3714 W C02c02/PARAM: SystemReadParam failed!name is:persist.init.debug.loglevel,err:1002
09-10 18:39:39.490  3717  3717 W C02c02/PARAM: Selinux check name persist.init.debug.loglevel in u:object_r:startup_init_param:s0 [3717 2000 2000] failed
09-10 18:39:39.490  3717  3717 W C02c02/PARAM: Selinux check name persist.init.debug.loglevel in u:object_r:startup_init_param:s0 [3717 2000 2000] failed
09-10 18:39:39.490  3717  3717 W C02c02/PARAM: SystemReadParam failed!name is:persist.init.debug.loglevel,err:1002
09-10 18:39:39.493  3734  3734 W C02c02/PARAM: Selinux check name persist.init.debug.loglevel in u:object_r:startup_init_param:s0 [3734 2000 2000] failed
09-10 18:39:39.493  3734  3734 W C02c02/PARAM: Selinux check name persist.init.debug.loglevel in u:object_r:startup_init_param:s0 [3734 2000 2000] failed
09-10 18:39:39.493  3734  3734 W C02c02/PARAM: SystemReadParam failed!name is:persist.init.debug.loglevel,err:1002
09-10 18:39:39.528   125   785 I C01800/SAMGR: NF SA:65962,832_147895
09-10 18:39:39.730   125   785 I C01800/SAMGR: NF SA:65962,832_147896
09-10 18:39:39.932   125   785 I C01800/SAMGR: NF SA:65962,832_147897
09-10 18:39:40.023  3736  3736 W C02c02/PARAM: Selinux check name persist.init.debug.loglevel in u:object_r:startup_init_param:s0 [3736 2000 2000] failed
09-10 18:39:40.023  3736  3736 W C02c02/PARAM: Selinux check name persist.init.debug.loglevel in u:object_r:startup_init_param:s0 [3736 2000 2000] failed
09-10 18:39:40.023  3736  3736 W C02c02/PARAM: SystemReadParam failed!name is:persist.init.debug.loglevel,err:1002
09-10 18:39:40.026  3736  3736 W C02c02/PARAM: Selinux check name persist.init.debug.loglevel in u:object_r:startup_init_param:s0 [3736 2000 2000] failed
09-10 18:39:40.026  3736  3736 W C02c02/PARAM: Selinux check name persist.init.debug.loglevel in u:object_r:startup_init_param:s0 [3736 2000 2000] failed
09-10 18:39:40.026  3736  3736 W C02c02/PARAM: SystemReadParam failed!name is:persist.init.debug.loglevel,err:1002
09-10 18:39:40.133   125   785 I C01800/SAMGR: NF SA:65962,832_147898
09-10 18:39:40.146  2458  2458 W A01c06/ICON: AppIconWeatherModel --> initWeatherListener, retryTimes: 4
09-10 18:39:40.148   490  1514 E C01707/CONCUR: [Interface] task 1514 apply qos failed, errno = 4
09-10 18:39:40.149   490  1514 E C01611/QosManager: QosManager: Failed to set thread QoS to QOS_USER_INTERACTIVE, ret: -1
09-10 18:39:40.149   782   782 W C01123/BMSCommon: bundle not exist -n com.huawei.hmsapp.totemweather -u 100 -i 0 -f 32
09-10 18:39:40.149   782   782 W C01121/BMSQuery: GetBundleInfo failed -n com.huawei.hmsapp.totemweather -u 100
09-10 18:39:40.149   490  1514 E C01651/BundleMgrProxy: GetBundleInfoFromBMS: GetBundleInfo failed!bundleName is com.huawei.hmsapp.totemweather, userId is 100
09-10 18:39:40.149   490  1514 E C01651/DataProviderConfig: GetFromProxyData: Get bundleInfo failed! bundleName:com.huawei.hmsapp.totemweather, userId:100, visitedId:100, uri:******icIconInfo
09-10 18:39:40.149   490  1514 E C01651/DataShareServiceImpl: GetBMSAndMetaDataStatus: CalledInfo failed! token:0x2002a7c3,ret:1001,uri:******icIconInfo
09-10 18:39:40.149   490  1514 E C01651/DataShareServiceImpl: GetSilentProxyStatus: BMS or metaData not ready to complete, token:0x2002a7c3, uri:******icIconInfo
09-10 18:39:40.150  2458  2458 E A01c06/ICON: AppIconWeatherModel --> get weather info failed, code: 15700010, message: The DataShareHelper is not initialized successfully.
09-10 18:39:40.205  3739  3739 W C02c02/PARAM: Selinux check name persist.init.debug.loglevel in u:object_r:startup_init_param:s0 [3739 2000 2000] failed
09-10 18:39:40.205  3739  3739 W C02c02/PARAM: Selinux check name persist.init.debug.loglevel in u:object_r:startup_init_param:s0 [3739 2000 2000] failed
09-10 18:39:40.205  3739  3739 W C02c02/PARAM: SystemReadParam failed!name is:persist.init.debug.loglevel,err:1002
09-10 18:39:40.209  3742  3742 W C02c02/PARAM: Selinux check name persist.init.debug.loglevel in u:object_r:startup_init_param:s0 [3742 2000 2000] failed
09-10 18:39:40.209  3743  3743 W C02c02/PARAM: Selinux check name persist.init.debug.loglevel in u:object_r:startup_init_param:s0 [3743 2000 2000] failed
09-10 18:39:40.209  3742  3742 W C02c02/PARAM: Selinux check name persist.init.debug.loglevel in u:object_r:startup_init_param:s0 [3742 2000 2000] failed
09-10 18:39:40.209  3742  3742 W C02c02/PARAM: SystemReadParam failed!name is:persist.init.debug.loglevel,err:1002
09-10 18:39:40.209  3743  3743 W C02c02/PARAM: Selinux check name persist.init.debug.loglevel in u:object_r:startup_init_param:s0 [3743 2000 2000] failed
09-10 18:39:40.209  3744  3744 W C02c02/PARAM: Selinux check name persist.init.debug.loglevel in u:object_r:startup_init_param:s0 [3744 2000 2000] failed
09-10 18:39:40.209  3744  3744 W C02c02/PARAM: Selinux check name persist.init.debug.loglevel in u:object_r:startup_init_param:s0 [3744 2000 2000] failed
09-10 18:39:40.209  3744  3744 W C02c02/PARAM: SystemReadParam failed!name is:persist.init.debug.loglevel,err:1002
09-10 18:39:40.209  3743  3743 W C02c02/PARAM: SystemReadParam failed!name is:persist.init.debug.loglevel,err:1002
09-10 18:39:40.216  3745  3745 W C02c02/PARAM: Selinux check name persist.init.debug.loglevel in u:object_r:startup_init_param:s0 [3745 2000 2000] failed
09-10 18:39:40.216  3745  3745 W C02c02/PARAM: Selinux check name persist.init.debug.loglevel in u:object_r:startup_init_param:s0 [3745 2000 2000] failed
09-10 18:39:40.216  3745  3745 W C02c02/PARAM: SystemReadParam failed!name is:persist.init.debug.loglevel,err:1002
09-10 18:39:40.216  3746  3746 W C02c02/PARAM: Selinux check name persist.init.debug.loglevel in u:object_r:startup_init_param:s0 [3746 2000 2000] failed
09-10 18:39:40.216  3746  3746 W C02c02/PARAM: Selinux check name persist.init.debug.loglevel in u:object_r:startup_init_param:s0 [3746 2000 2000] failed
09-10 18:39:40.216  3746  3746 W C02c02/PARAM: SystemReadParam failed!name is:persist.init.debug.loglevel,err:1002
09-10 18:39:40.335   125   785 I C01800/SAMGR: NF SA:65962,832_147899
09-10 18:39:40.413  3748  3748 W C02c02/PARAM: Selinux check name persist.init.debug.loglevel in u:object_r:startup_init_param:s0 [3748 2000 2000] failed
09-10 18:39:40.413  3748  3748 W C02c02/PARAM: Selinux check name persist.init.debug.loglevel in u:object_r:startup_init_param:s0 [3748 2000 2000] failed
09-10 18:39:40.413  3748  3748 W C02c02/PARAM: SystemReadParam failed!name is:persist.init.debug.loglevel,err:1002
09-10 18:39:40.415  3750  3750 W C02c02/PARAM: Selinux check name persist.init.debug.loglevel in u:object_r:startup_init_param:s0 [3750 2000 2000] failed
09-10 18:39:40.415  3750  3750 W C02c02/PARAM: Selinux check name persist.init.debug.loglevel in u:object_r:startup_init_param:s0 [3750 2000 2000] failed
09-10 18:39:40.415  3750  3750 W C02c02/PARAM: SystemReadParam failed!name is:persist.init.debug.loglevel,err:1002
09-10 18:39:40.419  3751  3751 W C02c02/PARAM: Selinux check name persist.init.debug.loglevel in u:object_r:startup_init_param:s0 [3751 2000 2000] failed
09-10 18:39:40.419  3751  3751 W C02c02/PARAM: Selinux check name persist.init.debug.loglevel in u:object_r:startup_init_param:s0 [3751 2000 2000] failed
09-10 18:39:40.419  3751  3751 W C02c02/PARAM: SystemReadParam failed!name is:persist.init.debug.loglevel,err:1002
09-10 18:39:40.536   125   785 I C01800/SAMGR: NF SA:65962,832_147900
09-10 18:39:40.536   832   925 E C01810/SA_CLIENT: GetSaWrap SA:65962 not start
09-10 18:39:40.536   832   925 I C01409/APS_MANAGER: request system service object is not ready yet!
09-10 18:39:40.887  3290  3290 I C02500/Qemud: Guest heartbeat success.
09-10 18:39:40.945  3753  3753 W C02c02/PARAM: Selinux check name persist.init.debug.loglevel in u:object_r:startup_init_param:s0 [3753 2000 2000] failed
09-10 18:39:40.945  3753  3753 W C02c02/PARAM: Selinux check name persist.init.debug.loglevel in u:object_r:startup_init_param:s0 [3753 2000 2000] failed
09-10 18:39:40.945  3753  3753 W C02c02/PARAM: SystemReadParam failed!name is:persist.init.debug.loglevel,err:1002
09-10 18:39:40.948  3753  3753 W C02c02/PARAM: Selinux check name persist.init.debug.loglevel in u:object_r:startup_init_param:s0 [3753 2000 2000] failed
09-10 18:39:40.948  3753  3753 W C02c02/PARAM: Selinux check name persist.init.debug.loglevel in u:object_r:startup_init_param:s0 [3753 2000 2000] failed
09-10 18:39:40.948  3753  3753 W C02c02/PARAM: SystemReadParam failed!name is:persist.init.debug.loglevel,err:1002
09-10 18:39:41.151  2458  2458 W A01c06/ICON: AppIconWeatherModel --> initWeatherListener, retryTimes: 4
09-10 18:39:41.153   490  1514 E C01707/CONCUR: [Interface] task 1514 apply qos failed, errno = 4
09-10 18:39:41.153   490  1514 E C01611/QosManager: QosManager: Failed to set thread QoS to QOS_USER_INTERACTIVE, ret: -1
09-10 18:39:41.153   782   782 W C01123/BMSCommon: bundle not exist -n com.huawei.hmsapp.totemweather -u 100 -i 0 -f 32
09-10 18:39:41.153   782   782 W C01121/BMSQuery: GetBundleInfo failed -n com.huawei.hmsapp.totemweather -u 100
09-10 18:39:41.153   490  1514 E C01651/BundleMgrProxy: GetBundleInfoFromBMS: GetBundleInfo failed!bundleName is com.huawei.hmsapp.totemweather, userId is 100
09-10 18:39:41.153   490  1514 E C01651/DataProviderConfig: GetFromProxyData: Get bundleInfo failed! bundleName:com.huawei.hmsapp.totemweather, userId:100, visitedId:100, uri:******icIconInfo
09-10 18:39:41.153   490  1514 E C01651/DataShareServiceImpl: GetBMSAndMetaDataStatus: CalledInfo failed! token:0x2002a7c3,ret:1001,uri:******icIconInfo
09-10 18:39:41.153   490  1514 E C01651/DataShareServiceImpl: GetSilentProxyStatus: BMS or metaData not ready to complete, token:0x2002a7c3, uri:******icIconInfo
09-10 18:39:41.153  2458  2458 E A01c06/ICON: AppIconWeatherModel --> get weather info failed, code: 15700010, message: The DataShareHelper is not initialized successfully.
09-10 18:39:41.204  3756  3756 W C02c02/PARAM: Selinux check name persist.init.debug.loglevel in u:object_r:startup_init_param:s0 [3756 2000 2000] failed
09-10 18:39:41.204  3756  3756 W C02c02/PARAM: Selinux check name persist.init.debug.loglevel in u:object_r:startup_init_param:s0 [3756 2000 2000] failed
09-10 18:39:41.204  3756  3756 W C02c02/PARAM: SystemReadParam failed!name is:persist.init.debug.loglevel,err:1002
09-10 18:39:41.208  3758  3758 W C02c02/PARAM: Selinux check name persist.init.debug.loglevel in u:object_r:startup_init_param:s0 [3758 2000 2000] failed
09-10 18:39:41.208  3759  3759 W C02c02/PARAM: Selinux check name persist.init.debug.loglevel in u:object_r:startup_init_param:s0 [3759 2000 2000] failed
09-10 18:39:41.208  3759  3759 W C02c02/PARAM: Selinux check name persist.init.debug.loglevel in u:object_r:startup_init_param:s0 [3759 2000 2000] failed
09-10 18:39:41.208  3759  3759 W C02c02/PARAM: SystemReadParam failed!name is:persist.init.debug.loglevel,err:1002
09-10 18:39:41.208  3760  3760 W C02c02/PARAM: Selinux check name persist.init.debug.loglevel in u:object_r:startup_init_param:s0 [3760 2000 2000] failed
09-10 18:39:41.208  3758  3758 W C02c02/PARAM: Selinux check name persist.init.debug.loglevel in u:object_r:startup_init_param:s0 [3758 2000 2000] failed
09-10 18:39:41.208  3758  3758 W C02c02/PARAM: SystemReadParam failed!name is:persist.init.debug.loglevel,err:1002
09-10 18:39:41.208  3760  3760 W C02c02/PARAM: Selinux check name persist.init.debug.loglevel in u:object_r:startup_init_param:s0 [3760 2000 2000] failed
09-10 18:39:41.208  3760  3760 W C02c02/PARAM: SystemReadParam failed!name is:persist.init.debug.loglevel,err:1002
09-10 18:39:41.213  3762  3762 W C02c02/PARAM: Selinux check name persist.init.debug.loglevel in u:object_r:startup_init_param:s0 [3762 2000 2000] failed
09-10 18:39:41.213  3761  3761 W C02c02/PARAM: Selinux check name persist.init.debug.loglevel in u:object_r:startup_init_param:s0 [3761 2000 2000] failed
09-10 18:39:41.213  3762  3762 W C02c02/PARAM: Selinux check name persist.init.debug.loglevel in u:object_r:startup_init_param:s0 [3762 2000 2000] failed
09-10 18:39:41.213  3762  3762 W C02c02/PARAM: SystemReadParam failed!name is:persist.init.debug.loglevel,err:1002
09-10 18:39:41.213  3761  3761 W C02c02/PARAM: Selinux check name persist.init.debug.loglevel in u:object_r:startup_init_param:s0 [3761 2000 2000] failed
09-10 18:39:41.213  3761  3761 W C02c02/PARAM: SystemReadParam failed!name is:persist.init.debug.loglevel,err:1002
09-10 18:39:41.409   592   812 W C02943/ThermalHdi: Read node failed, title = brightness
09-10 18:39:41.409   592   812 W C02943/ThermalHdi: Read node failed, title = 
09-10 18:39:41.409   592   812 W C02943/ThermalHdi: Read node failed, title = 
09-10 18:39:41.409   592   812 W C02943/ThermalHdi: Read node failed, title = 
09-10 18:39:41.409   592   812 W C02943/ThermalHdi: Read node failed, title = 
09-10 18:39:41.409   592   812 W C02943/ThermalHdi: Read node failed, title = 
09-10 18:39:41.409   592   812 W C02943/ThermalHdi: Read node failed, title = 
09-10 18:39:41.409   592   812 W C02943/ThermalHdi: Read node failed, title = 
09-10 18:39:41.409   592   812 W C02943/ThermalHdi: Read node failed, title = 
09-10 18:39:41.409   592   812 W C02943/ThermalHdi: Read node failed, title = 
09-10 18:39:41.409   592   812 W C02943/ThermalHdi: Read node failed, title = 
09-10 18:39:41.409   592   812 W C02943/ThermalHdi: Read node failed, title = 
09-10 18:39:41.409   592   812 W C02943/ThermalHdi: Read node failed, title = 
09-10 18:39:41.409   592   812 W C02943/ThermalHdi: Read node failed, title = 
09-10 18:39:41.409   592   812 W C02943/ThermalHdi: Read node failed, title = 
09-10 18:39:41.409   592   812 W C02943/ThermalHdi: Read node failed, title = 
09-10 18:39:41.409   592   812 W C02943/ThermalHdi: Read node failed, title = 
09-10 18:39:41.409   592   812 W C02943/ThermalHdi: Read node failed, title = 
09-10 18:39:41.409   592   812 W C02943/ThermalHdi: Read node failed, title = 
09-10 18:39:41.409   592   812 W C02943/ThermalHdi: Read node failed, title = 
09-10 18:39:41.409   592   812 W C02943/ThermalHdi: Read node failed, title = 
09-10 18:39:41.409   592   812 W C02943/ThermalHdi: Read node failed, title = 
09-10 18:39:41.409   592   812 W C02943/ThermalHdi: Read node failed, title = 
09-10 18:39:41.409   592   812 W C02943/ThermalHdi: Read node failed, title = 
09-10 18:39:41.409   592   812 W C02943/ThermalHdi: Read node failed, title = 
09-10 18:39:41.409   592   812 W C02943/ThermalHdi: Read node failed, title = ambient
09-10 18:39:41.409   592   812 W C02943/ThermalHdi: Read node failed, title = ibat
09-10 18:39:41.409   592   812 W C02943/ThermalHdi: Read node failed, title = vbat
09-10 18:39:41.409   592   812 W C02943/ThermalHdi: Read node failed, title = cpu0_min_freq
09-10 18:39:41.409   592   812 W C02943/ThermalHdi: Read node failed, title = cpu0_cur_freq
09-10 18:39:41.409   592   812 W C02943/ThermalHdi: Read node failed, title = cpu0_max_freq
09-10 18:39:41.409   592   812 W C02943/ThermalHdi: Read node failed, title = cpu4_min_freq
09-10 18:39:41.409   592   812 W C02943/ThermalHdi: Read node failed, title = cpu4_cur_freq
09-10 18:39:41.409   592   812 W C02943/ThermalHdi: Read node failed, title = cpu4_max_freq
09-10 18:39:41.409   592   812 W C02943/ThermalHdi: Read node failed, title = cpu7_min_freq
09-10 18:39:41.409   592   812 W C02943/ThermalHdi: Read node failed, title = cpu7_cur_freq
09-10 18:39:41.409   592   812 W C02943/ThermalHdi: Read node failed, title = cpu7_max_freq
09-10 18:39:41.409   592   812 W C02943/ThermalHdi: Read node failed, title = gpu_min_freq
09-10 18:39:41.409   592   812 W C02943/ThermalHdi: Read node failed, title = gpu_cur_freq
09-10 18:39:41.409   592   812 W C02943/ThermalHdi: Read node failed, title = gpu_max_freq
09-10 18:39:41.410   592   812 W C02943/ThermalHdi: Read node failed, title = ddr_cur_freq
09-10 18:39:41.410   592   812 W C02943/ThermalHdi: Read node failed, title = set_IPApower
09-10 18:39:41.410   592   812 W C02943/ThermalHdi: Read node failed, title = cur_IPApower
09-10 18:39:41.410   592   812 W C02943/ThermalHdi: get node failed
09-10 18:39:41.410   592   812 W C02943/ThermalHdi: get node failed
09-10 18:39:41.410   592   812 W C02943/ThermalHdi: get node failed
09-10 18:39:41.417  3764  3764 W C02c02/PARAM: Selinux check name persist.init.debug.loglevel in u:object_r:startup_init_param:s0 [3764 2000 2000] failed
09-10 18:39:41.417  3764  3764 W C02c02/PARAM: Selinux check name persist.init.debug.loglevel in u:object_r:startup_init_param:s0 [3764 2000 2000] failed
09-10 18:39:41.417  3764  3764 W C02c02/PARAM: SystemReadParam failed!name is:persist.init.debug.loglevel,err:1002
09-10 18:39:41.420  3766  3766 W C02c02/PARAM: Selinux check name persist.init.debug.loglevel in u:object_r:startup_init_param:s0 [3766 2000 2000] failed
09-10 18:39:41.420  3766  3766 W C02c02/PARAM: Selinux check name persist.init.debug.loglevel in u:object_r:startup_init_param:s0 [3766 2000 2000] failed
09-10 18:39:41.420  3766  3766 W C02c02/PARAM: SystemReadParam failed!name is:persist.init.debug.loglevel,err:1002
09-10 18:39:41.423  3767  3767 W C02c02/PARAM: Selinux check name persist.init.debug.loglevel in u:object_r:startup_init_param:s0 [3767 2000 2000] failed
09-10 18:39:41.423  3767  3767 W C02c02/PARAM: Selinux check name persist.init.debug.loglevel in u:object_r:startup_init_param:s0 [3767 2000 2000] failed
09-10 18:39:41.423  3767  3767 W C02c02/PARAM: SystemReadParam failed!name is:persist.init.debug.loglevel,err:1002
09-10 18:39:41.885   474 30998 E C02d66/XPerf: [InquiryOhImpl::ExtractStringValue] Canonical FilePath: /sys/class/ithermal/lpm/lpm_freq failed.
09-10 18:39:41.886   474 30998 E C02d66/XPerf: [InquiryOhImpl::ExtractStringValue] Canonical FilePath: /sys/class/power_supply/Battery/status failed.
09-10 18:39:41.952  3770  3770 W C02c02/PARAM: Selinux check name persist.init.debug.loglevel in u:object_r:startup_init_param:s0 [3770 2000 2000] failed
09-10 18:39:41.952  3770  3770 W C02c02/PARAM: Selinux check name persist.init.debug.loglevel in u:object_r:startup_init_param:s0 [3770 2000 2000] failed
09-10 18:39:41.952  3770  3770 W C02c02/PARAM: SystemReadParam failed!name is:persist.init.debug.loglevel,err:1002
09-10 18:39:41.955  3770  3770 W C02c02/PARAM: Selinux check name persist.init.debug.loglevel in u:object_r:startup_init_param:s0 [3770 2000 2000] failed
09-10 18:39:41.955  3770  3770 W C02c02/PARAM: Selinux check name persist.init.debug.loglevel in u:object_r:startup_init_param:s0 [3770 2000 2000] failed
09-10 18:39:41.955  3770  3770 W C02c02/PARAM: SystemReadParam failed!name is:persist.init.debug.loglevel,err:1002
09-10 18:39:42.154  2458  2458 W A01c06/ICON: AppIconWeatherModel --> initWeatherListener, retryTimes: 4
09-10 18:39:42.156   490  1514 E C01707/CONCUR: [Interface] task 1514 apply qos failed, errno = 4
09-10 18:39:42.156   490  1514 E C01611/QosManager: QosManager: Failed to set thread QoS to QOS_USER_INTERACTIVE, ret: -1
09-10 18:39:42.156   782   782 W C01123/BMSCommon: bundle not exist -n com.huawei.hmsapp.totemweather -u 100 -i 0 -f 32
09-10 18:39:42.156   782   782 W C01121/BMSQuery: GetBundleInfo failed -n com.huawei.hmsapp.totemweather -u 100
09-10 18:39:42.156   490  1514 E C01651/BundleMgrProxy: GetBundleInfoFromBMS: GetBundleInfo failed!bundleName is com.huawei.hmsapp.totemweather, userId is 100
09-10 18:39:42.156   490  1514 E C01651/DataProviderConfig: GetFromProxyData: Get bundleInfo failed! bundleName:com.huawei.hmsapp.totemweather, userId:100, visitedId:100, uri:******icIconInfo
09-10 18:39:42.156   490  1514 E C01651/DataShareServiceImpl: GetBMSAndMetaDataStatus: CalledInfo failed! token:0x2002a7c3,ret:1001,uri:******icIconInfo
09-10 18:39:42.156   490  1514 E C01651/DataShareServiceImpl: GetSilentProxyStatus: BMS or metaData not ready to complete, token:0x2002a7c3, uri:******icIconInfo
09-10 18:39:42.156  2458  2458 E A01c06/ICON: AppIconWeatherModel --> get weather info failed, code: 15700010, message: The DataShareHelper is not initialized successfully.
09-10 18:39:42.201  3773  3773 W C02c02/PARAM: Selinux check name persist.init.debug.loglevel in u:object_r:startup_init_param:s0 [3773 2000 2000] failed
09-10 18:39:42.201  3773  3773 W C02c02/PARAM: Selinux check name persist.init.debug.loglevel in u:object_r:startup_init_param:s0 [3773 2000 2000] failed
09-10 18:39:42.201  3773  3773 W C02c02/PARAM: SystemReadParam failed!name is:persist.init.debug.loglevel,err:1002
09-10 18:39:42.204  3775  3775 W C02c02/PARAM: Selinux check name persist.init.debug.loglevel in u:object_r:startup_init_param:s0 [3775 2000 2000] failed
09-10 18:39:42.204  3775  3775 W C02c02/PARAM: Selinux check name persist.init.debug.loglevel in u:object_r:startup_init_param:s0 [3775 2000 2000] failed
09-10 18:39:42.204  3776  3776 W C02c02/PARAM: Selinux check name persist.init.debug.loglevel in u:object_r:startup_init_param:s0 [3776 2000 2000] failed
09-10 18:39:42.204  3775  3775 W C02c02/PARAM: SystemReadParam failed!name is:persist.init.debug.loglevel,err:1002
09-10 18:39:42.204  3776  3776 W C02c02/PARAM: Selinux check name persist.init.debug.loglevel in u:object_r:startup_init_param:s0 [3776 2000 2000] failed
09-10 18:39:42.204  3776  3776 W C02c02/PARAM: SystemReadParam failed!name is:persist.init.debug.loglevel,err:1002
09-10 18:39:42.204  3777  3777 W C02c02/PARAM: Selinux check name persist.init.debug.loglevel in u:object_r:startup_init_param:s0 [3777 2000 2000] failed
09-10 18:39:42.204  3777  3777 W C02c02/PARAM: Selinux check name persist.init.debug.loglevel in u:object_r:startup_init_param:s0 [3777 2000 2000] failed
09-10 18:39:42.204  3777  3777 W C02c02/PARAM: SystemReadParam failed!name is:persist.init.debug.loglevel,err:1002
09-10 18:39:42.209  3778  3778 W C02c02/PARAM: Selinux check name persist.init.debug.loglevel in u:object_r:startup_init_param:s0 [3778 2000 2000] failed
09-10 18:39:42.209  3778  3778 W C02c02/PARAM: Selinux check name persist.init.debug.loglevel in u:object_r:startup_init_param:s0 [3778 2000 2000] failed
09-10 18:39:42.209  3778  3778 W C02c02/PARAM: SystemReadParam failed!name is:persist.init.debug.loglevel,err:1002
09-10 18:39:42.209  3779  3779 W C02c02/PARAM: Selinux check name persist.init.debug.loglevel in u:object_r:startup_init_param:s0 [3779 2000 2000] failed
09-10 18:39:42.209  3779  3779 W C02c02/PARAM: Selinux check name persist.init.debug.loglevel in u:object_r:startup_init_param:s0 [3779 2000 2000] failed
09-10 18:39:42.209  3779  3779 W C02c02/PARAM: SystemReadParam failed!name is:persist.init.debug.loglevel,err:1002
09-10 18:39:42.410  3781  3781 W C02c02/PARAM: Selinux check name persist.init.debug.loglevel in u:object_r:startup_init_param:s0 [3781 2000 2000] failed
09-10 18:39:42.410  3781  3781 W C02c02/PARAM: Selinux check name persist.init.debug.loglevel in u:object_r:startup_init_param:s0 [3781 2000 2000] failed
09-10 18:39:42.410  3781  3781 W C02c02/PARAM: SystemReadParam failed!name is:persist.init.debug.loglevel,err:1002
09-10 18:39:42.413  3783  3783 W C02c02/PARAM: Selinux check name persist.init.debug.loglevel in u:object_r:startup_init_param:s0 [3783 2000 2000] failed
09-10 18:39:42.413  3783  3783 W C02c02/PARAM: Selinux check name persist.init.debug.loglevel in u:object_r:startup_init_param:s0 [3783 2000 2000] failed
09-10 18:39:42.413  3783  3783 W C02c02/PARAM: SystemReadParam failed!name is:persist.init.debug.loglevel,err:1002
09-10 18:39:42.416  3784  3784 W C02c02/PARAM: Selinux check name persist.init.debug.loglevel in u:object_r:startup_init_param:s0 [3784 2000 2000] failed
09-10 18:39:42.416  3784  3784 W C02c02/PARAM: Selinux check name persist.init.debug.loglevel in u:object_r:startup_init_param:s0 [3784 2000 2000] failed
09-10 18:39:42.416  3784  3784 W C02c02/PARAM: SystemReadParam failed!name is:persist.init.debug.loglevel,err:1002
09-10 18:39:42.538   125   785 I C01800/SAMGR: NF SA:65962,832_147901
09-10 18:39:42.740   125   785 I C01800/SAMGR: NF SA:65962,832_147902
09-10 18:39:42.940   125   785 I C01800/SAMGR: NF SA:65962,832_147903
09-10 18:39:42.948  3786  3786 W C02c02/PARAM: Selinux check name persist.init.debug.loglevel in u:object_r:startup_init_param:s0 [3786 2000 2000] failed
09-10 18:39:42.948  3786  3786 W C02c02/PARAM: Selinux check name persist.init.debug.loglevel in u:object_r:startup_init_param:s0 [3786 2000 2000] failed
09-10 18:39:42.948  3786  3786 W C02c02/PARAM: SystemReadParam failed!name is:persist.init.debug.loglevel,err:1002
09-10 18:39:42.950  3786  3786 W C02c02/PARAM: Selinux check name persist.init.debug.loglevel in u:object_r:startup_init_param:s0 [3786 2000 2000] failed
09-10 18:39:42.950  3786  3786 W C02c02/PARAM: Selinux check name persist.init.debug.loglevel in u:object_r:startup_init_param:s0 [3786 2000 2000] failed
09-10 18:39:42.950  3786  3786 W C02c02/PARAM: SystemReadParam failed!name is:persist.init.debug.loglevel,err:1002
09-10 18:39:43.140   125   785 I C01800/SAMGR: NF SA:65962,832_147904
09-10 18:39:43.159  2458  2458 W A01c06/ICON: AppIconWeatherModel --> initWeatherListener, retryTimes: 4
09-10 18:39:43.161   490  1514 E C01707/CONCUR: [Interface] task 1514 apply qos failed, errno = 4
09-10 18:39:43.161   490  1514 E C01611/QosManager: QosManager: Failed to set thread QoS to QOS_USER_INTERACTIVE, ret: -1
09-10 18:39:43.161   782   782 W C01123/BMSCommon: bundle not exist -n com.huawei.hmsapp.totemweather -u 100 -i 0 -f 32
09-10 18:39:43.161   782   782 W C01121/BMSQuery: GetBundleInfo failed -n com.huawei.hmsapp.totemweather -u 100
09-10 18:39:43.161   490  1514 E C01651/BundleMgrProxy: GetBundleInfoFromBMS: GetBundleInfo failed!bundleName is com.huawei.hmsapp.totemweather, userId is 100
09-10 18:39:43.161   490  1514 E C01651/DataProviderConfig: GetFromProxyData: Get bundleInfo failed! bundleName:com.huawei.hmsapp.totemweather, userId:100, visitedId:100, uri:******icIconInfo
09-10 18:39:43.161   490  1514 E C01651/DataShareServiceImpl: GetBMSAndMetaDataStatus: CalledInfo failed! token:0x2002a7c3,ret:1001,uri:******icIconInfo
09-10 18:39:43.161   490  1514 E C01651/DataShareServiceImpl: GetSilentProxyStatus: BMS or metaData not ready to complete, token:0x2002a7c3, uri:******icIconInfo
09-10 18:39:43.161  2458  2458 E A01c06/ICON: AppIconWeatherModel --> get weather info failed, code: 15700010, message: The DataShareHelper is not initialized successfully.
09-10 18:39:43.205  3789  3789 W C02c02/PARAM: Selinux check name persist.init.debug.loglevel in u:object_r:startup_init_param:s0 [3789 2000 2000] failed
09-10 18:39:43.205  3789  3789 W C02c02/PARAM: Selinux check name persist.init.debug.loglevel in u:object_r:startup_init_param:s0 [3789 2000 2000] failed
09-10 18:39:43.205  3789  3789 W C02c02/PARAM: SystemReadParam failed!name is:persist.init.debug.loglevel,err:1002
09-10 18:39:43.209  3791  3791 W C02c02/PARAM: Selinux check name persist.init.debug.loglevel in u:object_r:startup_init_param:s0 [3791 2000 2000] failed
09-10 18:39:43.209  3791  3791 W C02c02/PARAM: Selinux check name persist.init.debug.loglevel in u:object_r:startup_init_param:s0 [3791 2000 2000] failed
09-10 18:39:43.209  3791  3791 W C02c02/PARAM: SystemReadParam failed!name is:persist.init.debug.loglevel,err:1002
09-10 18:39:43.210  3792  3792 W C02c02/PARAM: Selinux check name persist.init.debug.loglevel in u:object_r:startup_init_param:s0 [3792 2000 2000] failed
09-10 18:39:43.210  3792  3792 W C02c02/PARAM: Selinux check name persist.init.debug.loglevel in u:object_r:startup_init_param:s0 [3792 2000 2000] failed
09-10 18:39:43.211  3792  3792 W C02c02/PARAM: SystemReadParam failed!name is:persist.init.debug.loglevel,err:1002
09-10 18:39:43.211  3793  3793 W C02c02/PARAM: Selinux check name persist.init.debug.loglevel in u:object_r:startup_init_param:s0 [3793 2000 2000] failed
09-10 18:39:43.211  3793  3793 W C02c02/PARAM: Selinux check name persist.init.debug.loglevel in u:object_r:startup_init_param:s0 [3793 2000 2000] failed
09-10 18:39:43.211  3793  3793 W C02c02/PARAM: SystemReadParam failed!name is:persist.init.debug.loglevel,err:1002
09-10 18:39:43.217  3795  3795 W C02c02/PARAM: Selinux check name persist.init.debug.loglevel in u:object_r:startup_init_param:s0 [3795 2000 2000] failed
09-10 18:39:43.217  3794  3794 W C02c02/PARAM: Selinux check name persist.init.debug.loglevel in u:object_r:startup_init_param:s0 [3794 2000 2000] failed
09-10 18:39:43.217  3794  3794 W C02c02/PARAM: Selinux check name persist.init.debug.loglevel in u:object_r:startup_init_param:s0 [3794 2000 2000] failed
09-10 18:39:43.217  3794  3794 W C02c02/PARAM: SystemReadParam failed!name is:persist.init.debug.loglevel,err:1002
09-10 18:39:43.217  3795  3795 W C02c02/PARAM: Selinux check name persist.init.debug.loglevel in u:object_r:startup_init_param:s0 [3795 2000 2000] failed
09-10 18:39:43.217  3795  3795 W C02c02/PARAM: SystemReadParam failed!name is:persist.init.debug.loglevel,err:1002
09-10 18:39:43.341   125   785 I C01800/SAMGR: NF SA:65962,832_147905
09-10 18:39:43.456  3797  3797 W C02c02/PARAM: Selinux check name persist.init.debug.loglevel in u:object_r:startup_init_param:s0 [3797 2000 2000] failed
09-10 18:39:43.456  3797  3797 W C02c02/PARAM: Selinux check name persist.init.debug.loglevel in u:object_r:startup_init_param:s0 [3797 2000 2000] failed
09-10 18:39:43.456  3797  3797 W C02c02/PARAM: SystemReadParam failed!name is:persist.init.debug.loglevel,err:1002
09-10 18:39:43.459  3799  3799 W C02c02/PARAM: Selinux check name persist.init.debug.loglevel in u:object_r:startup_init_param:s0 [3799 2000 2000] failed
09-10 18:39:43.459  3799  3799 W C02c02/PARAM: Selinux check name persist.init.debug.loglevel in u:object_r:startup_init_param:s0 [3799 2000 2000] failed
09-10 18:39:43.459  3799  3799 W C02c02/PARAM: SystemReadParam failed!name is:persist.init.debug.loglevel,err:1002
09-10 18:39:43.462  3800  3800 W C02c02/PARAM: Selinux check name persist.init.debug.loglevel in u:object_r:startup_init_param:s0 [3800 2000 2000] failed
09-10 18:39:43.462  3800  3800 W C02c02/PARAM: Selinux check name persist.init.debug.loglevel in u:object_r:startup_init_param:s0 [3800 2000 2000] failed
09-10 18:39:43.462  3800  3800 W C02c02/PARAM: SystemReadParam failed!name is:persist.init.debug.loglevel,err:1002
09-10 18:39:43.542   125   785 I C01800/SAMGR: NF SA:65962,832_147906
09-10 18:39:43.658   704   759 E C02d06/XCollie: can't open hungtask file, errno:2
09-10 18:39:43.744   125   785 I C01800/SAMGR: NF SA:65962,832_147907
09-10 18:39:43.744   832   925 E C01810/SA_CLIENT: GetSaWrap SA:65962 not start
09-10 18:39:43.744   832   925 I C01409/APS_MANAGER: request system service object is not ready yet!
09-10 18:39:43.759   782   795 E C02d06/XCollie: can't open hungtask file, errno:2
09-10 18:39:43.889  3290  3290 I C02500/Qemud: Guest heartbeat success.
09-10 18:39:43.982  3802  3802 W C02c02/PARAM: Selinux check name persist.init.debug.loglevel in u:object_r:startup_init_param:s0 [3802 2000 2000] failed
09-10 18:39:43.982  3802  3802 W C02c02/PARAM: Selinux check name persist.init.debug.loglevel in u:object_r:startup_init_param:s0 [3802 2000 2000] failed
09-10 18:39:43.982  3802  3802 W C02c02/PARAM: SystemReadParam failed!name is:persist.init.debug.loglevel,err:1002
09-10 18:39:43.985  3802  3802 W C02c02/PARAM: Selinux check name persist.init.debug.loglevel in u:object_r:startup_init_param:s0 [3802 2000 2000] failed
09-10 18:39:43.985  3802  3802 W C02c02/PARAM: Selinux check name persist.init.debug.loglevel in u:object_r:startup_init_param:s0 [3802 2000 2000] failed
09-10 18:39:43.985  3802  3802 W C02c02/PARAM: SystemReadParam failed!name is:persist.init.debug.loglevel,err:1002
09-10 18:39:44.027  3805  3805 W C02c02/PARAM: Selinux check name persist.init.debug.loglevel in u:object_r:startup_init_param:s0 [3805 2000 2000] failed
09-10 18:39:44.027  3805  3805 W C02c02/PARAM: Selinux check name persist.init.debug.loglevel in u:object_r:startup_init_param:s0 [3805 2000 2000] failed
09-10 18:39:44.027  3805  3805 W C02c02/PARAM: SystemReadParam failed!name is:persist.init.debug.loglevel,err:1002
09-10 18:39:44.032  3807  3807 I C02d20/DumperService: SetCmdArgs# hidumper cmd:hidumper -s 1201 -a -p Faultlogger -LogSuffixWithMs , calllingUid=2000, calllingPid=3807, ppid:3805.
09-10 18:39:44.032  3807  3808 W C057c1/IPCWorkThread: ThreadHandler: proto:0 policy:1 name:OS_IPC_0_3808 invoker:2734712704
09-10 18:39:44.033  3807  3809 W C057c1/IPCWorkThread: ThreadHandler: proto:0 policy:0 name:OS_IPC_1_3809 invoker:2762304256
09-10 18:39:44.033  3904  3905 I C02d20/DumperService: DelayUnloadTask# recieve new request, delay unload task begin, calllingPid=3807
09-10 18:39:44.034   474  3418 I C02d11/Faultlogger: DumpByCommands: DumpRequest: detail:0, list:0, file:, name:, time:-1
09-10 18:39:44.035  3904  3905 I C02d20/DumperService: GetData# SA name:1201 dump success, cmd:-p Faultlogger -LogSuffixWithMs , calllingPid=3807!
09-10 18:39:44.162  2458  2458 W A01c06/ICON: AppIconWeatherModel --> initWeatherListener, retryTimes: 4
09-10 18:39:44.163   490  1514 E C01707/CONCUR: [Interface] task 1514 apply qos failed, errno = 4
09-10 18:39:44.163   490  1514 E C01611/QosManager: QosManager: Failed to set thread QoS to QOS_USER_INTERACTIVE, ret: -1
09-10 18:39:44.164   782   782 W C01123/BMSCommon: bundle not exist -n com.huawei.hmsapp.totemweather -u 100 -i 0 -f 32
09-10 18:39:44.164   782   782 W C01121/BMSQuery: GetBundleInfo failed -n com.huawei.hmsapp.totemweather -u 100
09-10 18:39:44.164   490  1514 E C01651/BundleMgrProxy: GetBundleInfoFromBMS: GetBundleInfo failed!bundleName is com.huawei.hmsapp.totemweather, userId is 100
09-10 18:39:44.164   490  1514 E C01651/DataProviderConfig: GetFromProxyData: Get bundleInfo failed! bundleName:com.huawei.hmsapp.totemweather, userId:100, visitedId:100, uri:******icIconInfo
09-10 18:39:44.164   490  1514 E C01651/DataShareServiceImpl: GetBMSAndMetaDataStatus: CalledInfo failed! token:0x2002a7c3,ret:1001,uri:******icIconInfo
09-10 18:39:44.164   490  1514 E C01651/DataShareServiceImpl: GetSilentProxyStatus: BMS or metaData not ready to complete, token:0x2002a7c3, uri:******icIconInfo
09-10 18:39:44.164  2458  2458 E A01c06/ICON: AppIconWeatherModel --> get weather info failed, code: 15700010, message: The DataShareHelper is not initialized successfully.
09-10 18:39:44.204  3811  3811 W C02c02/PARAM: Selinux check name persist.init.debug.loglevel in u:object_r:startup_init_param:s0 [3811 2000 2000] failed
09-10 18:39:44.204  3811  3811 W C02c02/PARAM: Selinux check name persist.init.debug.loglevel in u:object_r:startup_init_param:s0 [3811 2000 2000] failed
09-10 18:39:44.204  3811  3811 W C02c02/PARAM: SystemReadParam failed!name is:persist.init.debug.loglevel,err:1002
09-10 18:39:44.208  3813  3813 W C02c02/PARAM: Selinux check name persist.init.debug.loglevel in u:object_r:startup_init_param:s0 [3813 2000 2000] failed
09-10 18:39:44.208  3813  3813 W C02c02/PARAM: Selinux check name persist.init.debug.loglevel in u:object_r:startup_init_param:s0 [3813 2000 2000] failed
09-10 18:39:44.208  3813  3813 W C02c02/PARAM: SystemReadParam failed!name is:persist.init.debug.loglevel,err:1002
09-10 18:39:44.208  3814  3814 W C02c02/PARAM: Selinux check name persist.init.debug.loglevel in u:object_r:startup_init_param:s0 [3814 2000 2000] failed
09-10 18:39:44.208  3815  3815 W C02c02/PARAM: Selinux check name persist.init.debug.loglevel in u:object_r:startup_init_param:s0 [3815 2000 2000] failed
09-10 18:39:44.208  3814  3814 W C02c02/PARAM: Selinux check name persist.init.debug.loglevel in u:object_r:startup_init_param:s0 [3814 2000 2000] failed
09-10 18:39:44.208  3814  3814 W C02c02/PARAM: SystemReadParam failed!name is:persist.init.debug.loglevel,err:1002
09-10 18:39:44.208  3815  3815 W C02c02/PARAM: Selinux check name persist.init.debug.loglevel in u:object_r:startup_init_param:s0 [3815 2000 2000] failed
09-10 18:39:44.208  3815  3815 W C02c02/PARAM: SystemReadParam failed!name is:persist.init.debug.loglevel,err:1002
09-10 18:39:44.213  3816  3816 W C02c02/PARAM: Selinux check name persist.init.debug.loglevel in u:object_r:startup_init_param:s0 [3816 2000 2000] failed
09-10 18:39:44.213  3816  3816 W C02c02/PARAM: Selinux check name persist.init.debug.loglevel in u:object_r:startup_init_param:s0 [3816 2000 2000] failed
09-10 18:39:44.213  3816  3816 W C02c02/PARAM: SystemReadParam failed!name is:persist.init.debug.loglevel,err:1002
09-10 18:39:44.213  3817  3817 W C02c02/PARAM: Selinux check name persist.init.debug.loglevel in u:object_r:startup_init_param:s0 [3817 2000 2000] failed
09-10 18:39:44.213  3817  3817 W C02c02/PARAM: Selinux check name persist.init.debug.loglevel in u:object_r:startup_init_param:s0 [3817 2000 2000] failed
09-10 18:39:44.213  3817  3817 W C02c02/PARAM: SystemReadParam failed!name is:persist.init.debug.loglevel,err:1002
09-10 18:39:44.415  3820  3820 W C02c02/PARAM: Selinux check name persist.init.debug.loglevel in u:object_r:startup_init_param:s0 [3820 2000 2000] failed
09-10 18:39:44.415  3820  3820 W C02c02/PARAM: Selinux check name persist.init.debug.loglevel in u:object_r:startup_init_param:s0 [3820 2000 2000] failed
09-10 18:39:44.415  3820  3820 W C02c02/PARAM: SystemReadParam failed!name is:persist.init.debug.loglevel,err:1002
09-10 18:39:44.418  3822  3822 W C02c02/PARAM: Selinux check name persist.init.debug.loglevel in u:object_r:startup_init_param:s0 [3822 2000 2000] failed
09-10 18:39:44.418  3822  3822 W C02c02/PARAM: Selinux check name persist.init.debug.loglevel in u:object_r:startup_init_param:s0 [3822 2000 2000] failed
09-10 18:39:44.418  3822  3822 W C02c02/PARAM: SystemReadParam failed!name is:persist.init.debug.loglevel,err:1002
09-10 18:39:44.422  3823  3823 W C02c02/PARAM: Selinux check name persist.init.debug.loglevel in u:object_r:startup_init_param:s0 [3823 2000 2000] failed
09-10 18:39:44.422  3823  3823 W C02c02/PARAM: Selinux check name persist.init.debug.loglevel in u:object_r:startup_init_param:s0 [3823 2000 2000] failed
09-10 18:39:44.422  3823  3823 W C02c02/PARAM: SystemReadParam failed!name is:persist.init.debug.loglevel,err:1002
09-10 18:39:44.434  1292  3431 I C02300/FenceExtension: start connectAbility,userId:-1
09-10 18:39:44.434  1292  3431 I C02300/FenceExtension: ConnectAbility
09-10 18:39:44.435  1292  3431 I C01342/ServiceExt: [AMC590]name:com.huawei.hmos.location SAFeatureServiceExtensionAbility, userId:-1
09-10 18:39:44.435   782   782 I C01342/ServiceExt: [a92abd88f06a370, f2ab5b, 0] [ABMS5452]element: com.huawei.hmos.location/SAFeatureServiceExtensionAbility
09-10 18:39:44.436   782   782 W C01123/BMSCommon: [a92abd88f06a370, f2ab5b, 0] uid(1021) invalid
09-10 18:39:44.436   782   782 I C01336/AMS: [a92abd88f06a370, f2ab5b, 0] [start_ability_utils.cpp54]appIndex:-1
09-10 18:39:44.436   782   782 I C01121/BMSQuery: [a92abd88f06a370, f2ab5b, 0] ExplicitQueryAbility no match -n com.huawei.hmos.location -a SAFeatureServiceExtensionAbility -u 100 -i 0
09-10 18:39:44.436   782   782 W C01121/BMSQuery: [a92abd88f06a370, f2ab5b, 0] bundle_data_mgr.cpp:ExplicitQueryExtensionInfo:7082 extensionAbility not found or disabled
09-10 18:39:44.436   782   782 I C01121/BMSQuery: [a92abd88f06a370, f2ab5b, 0] ExplicitQueryExtension size:0 -n com.huawei.hmos.location -e SAFeatureServiceExtensionAbility -u 100 -i 0
09-10 18:39:44.436   782   782 W C01121/BMSQuery: [a92abd88f06a370, f2ab5b, 0] bundle_mgr_host_impl.cpp:QueryExtensionAbilityInfos:3360 no valid extension info can be inquired
09-10 18:39:44.436   782   782 E C01336/AMS: [a92abd88f06a370, f2ab5b, 0] [start_ability_utils.cpp290]extensionInfo empty
09-10 18:39:44.436   782   782 E C01342/ServiceExt: [a92abd88f06a370, f2ab5b, 0] [ABMS5755]generate request error
09-10 18:39:44.437  1292  3431 E C02300/FenceExtension: [(DoConnect:153)]CONNECT_ABILITY_FAILED,ret:2097152
09-10 18:39:44.437  1292  3431 I C02300/FenceExtension: start connectAbility,userId:-1
09-10 18:39:44.437  1292  3431 I C02300/FenceExtension: ConnectAbility
09-10 18:39:44.437  1292  3431 I C01342/ServiceExt: [AMC590]name:com.huawei.hmos.location SAFeatureServiceExtensionAbility, userId:-1
09-10 18:39:44.437   782   782 I C01342/ServiceExt: [a92abe88f06ad3b, 305c2bd, 0] [ABMS5452]element: com.huawei.hmos.location/SAFeatureServiceExtensionAbility
09-10 18:39:44.437   782   782 W C01123/BMSCommon: [a92abe88f06ad3b, 305c2bd, 0] uid(1021) invalid
09-10 18:39:44.437   782   782 I C01336/AMS: [a92abe88f06ad3b, 305c2bd, 0] [start_ability_utils.cpp54]appIndex:-1
09-10 18:39:44.437   782   782 I C01121/BMSQuery: [a92abe88f06ad3b, 305c2bd, 0] ExplicitQueryAbility no match -n com.huawei.hmos.location -a SAFeatureServiceExtensionAbility -u 100 -i 0
09-10 18:39:44.437   782   782 W C01121/BMSQuery: [a92abe88f06ad3b, 305c2bd, 0] bundle_data_mgr.cpp:ExplicitQueryExtensionInfo:7082 extensionAbility not found or disabled
09-10 18:39:44.437   782   782 I C01121/BMSQuery: [a92abe88f06ad3b, 305c2bd, 0] ExplicitQueryExtension size:0 -n com.huawei.hmos.location -e SAFeatureServiceExtensionAbility -u 100 -i 0
09-10 18:39:44.437   782   782 W C01121/BMSQuery: [a92abe88f06ad3b, 305c2bd, 0] bundle_mgr_host_impl.cpp:QueryExtensionAbilityInfos:3360 no valid extension info can be inquired
09-10 18:39:44.437   782   782 E C01336/AMS: [a92abe88f06ad3b, 305c2bd, 0] [start_ability_utils.cpp290]extensionInfo empty
09-10 18:39:44.437   782   782 E C01342/ServiceExt: [a92abe88f06ad3b, 305c2bd, 0] [ABMS5755]generate request error
09-10 18:39:44.438  1292  3431 E C02300/FenceExtension: [(DoConnect:153)]CONNECT_ABILITY_FAILED,ret:2097152
09-10 18:39:44.438  1292  3431 W C02300/FenceExtension: connect failed,retry again
09-10 18:39:44.926   132   132 E C02c11/APPSPAWN: [appspawn_kickdog.c:29]open /sys/kernel/hungtask/userlist fail,errno:2
09-10 18:39:45.052  3825  3825 W C02c02/PARAM: Selinux check name persist.init.debug.loglevel in u:object_r:startup_init_param:s0 [3825 2000 2000] failed
09-10 18:39:45.053  3825  3825 W C02c02/PARAM: Selinux check name persist.init.debug.loglevel in u:object_r:startup_init_param:s0 [3825 2000 2000] failed
09-10 18:39:45.053  3825  3825 W C02c02/PARAM: SystemReadParam failed!name is:persist.init.debug.loglevel,err:1002
09-10 18:39:45.060  3825  3825 W C02c02/PARAM: Selinux check name persist.init.debug.loglevel in u:object_r:startup_init_param:s0 [3825 2000 2000] failed
09-10 18:39:45.060  3825  3825 W C02c02/PARAM: Selinux check name persist.init.debug.loglevel in u:object_r:startup_init_param:s0 [3825 2000 2000] failed
09-10 18:39:45.060  3825  3825 W C02c02/PARAM: SystemReadParam failed!name is:persist.init.debug.loglevel,err:1002
09-10 18:39:45.166  2458  2458 W A01c06/ICON: AppIconWeatherModel --> initWeatherListener, retryTimes: 4
09-10 18:39:45.168   490  1514 E C01707/CONCUR: [Interface] task 1514 apply qos failed, errno = 4
09-10 18:39:45.168   490  1514 E C01611/QosManager: QosManager: Failed to set thread QoS to QOS_USER_INTERACTIVE, ret: -1
09-10 18:39:45.173   782   782 W C01123/BMSCommon: bundle not exist -n com.huawei.hmsapp.totemweather -u 100 -i 0 -f 32
09-10 18:39:45.173   782   782 W C01121/BMSQuery: GetBundleInfo failed -n com.huawei.hmsapp.totemweather -u 100
09-10 18:39:45.173   490  1514 E C01651/BundleMgrProxy: GetBundleInfoFromBMS: GetBundleInfo failed!bundleName is com.huawei.hmsapp.totemweather, userId is 100
09-10 18:39:45.173   490  1514 E C01651/DataProviderConfig: GetFromProxyData: Get bundleInfo failed! bundleName:com.huawei.hmsapp.totemweather, userId:100, visitedId:100, uri:******icIconInfo
09-10 18:39:45.173   490  1514 E C01651/DataShareServiceImpl: GetBMSAndMetaDataStatus: CalledInfo failed! token:0x2002a7c3,ret:1001,uri:******icIconInfo
09-10 18:39:45.173   490  1514 E C01651/DataShareServiceImpl: GetSilentProxyStatus: BMS or metaData not ready to complete, token:0x2002a7c3, uri:******icIconInfo
09-10 18:39:45.173  2458  2458 E A01c06/ICON: AppIconWeatherModel --> get weather info failed, code: 15700010, message: The DataShareHelper is not initialized successfully.
09-10 18:39:45.251  3828  3828 W C02c02/PARAM: Selinux check name persist.init.debug.loglevel in u:object_r:startup_init_param:s0 [3828 2000 2000] failed
09-10 18:39:45.251  3828  3828 W C02c02/PARAM: Selinux check name persist.init.debug.loglevel in u:object_r:startup_init_param:s0 [3828 2000 2000] failed
09-10 18:39:45.251  3828  3828 W C02c02/PARAM: SystemReadParam failed!name is:persist.init.debug.loglevel,err:1002
09-10 18:39:45.254  3831  3831 W C02c02/PARAM: Selinux check name persist.init.debug.loglevel in u:object_r:startup_init_param:s0 [3831 2000 2000] failed
09-10 18:39:45.254  3831  3831 W C02c02/PARAM: Selinux check name persist.init.debug.loglevel in u:object_r:startup_init_param:s0 [3831 2000 2000] failed
09-10 18:39:45.254  3831  3831 W C02c02/PARAM: SystemReadParam failed!name is:persist.init.debug.loglevel,err:1002
09-10 18:39:45.255  3830  3830 W C02c02/PARAM: Selinux check name persist.init.debug.loglevel in u:object_r:startup_init_param:s0 [3830 2000 2000] failed
09-10 18:39:45.255  3830  3830 W C02c02/PARAM: Selinux check name persist.init.debug.loglevel in u:object_r:startup_init_param:s0 [3830 2000 2000] failed
09-10 18:39:45.255  3830  3830 W C02c02/PARAM: SystemReadParam failed!name is:persist.init.debug.loglevel,err:1002
09-10 18:39:45.255  3832  3832 W C02c02/PARAM: Selinux check name persist.init.debug.loglevel in u:object_r:startup_init_param:s0 [3832 2000 2000] failed
09-10 18:39:45.255  3832  3832 W C02c02/PARAM: Selinux check name persist.init.debug.loglevel in u:object_r:startup_init_param:s0 [3832 2000 2000] failed
09-10 18:39:45.255  3832  3832 W C02c02/PARAM: SystemReadParam failed!name is:persist.init.debug.loglevel,err:1002
09-10 18:39:45.261  3833  3833 W C02c02/PARAM: Selinux check name persist.init.debug.loglevel in u:object_r:startup_init_param:s0 [3833 2000 2000] failed
09-10 18:39:45.261  3833  3833 W C02c02/PARAM: Selinux check name persist.init.debug.loglevel in u:object_r:startup_init_param:s0 [3833 2000 2000] failed
09-10 18:39:45.261  3833  3833 W C02c02/PARAM: SystemReadParam failed!name is:persist.init.debug.loglevel,err:1002
09-10 18:39:45.261  3834  3834 W C02c02/PARAM: Selinux check name persist.init.debug.loglevel in u:object_r:startup_init_param:s0 [3834 2000 2000] failed
09-10 18:39:45.262  3834  3834 W C02c02/PARAM: Selinux check name persist.init.debug.loglevel in u:object_r:startup_init_param:s0 [3834 2000 2000] failed
09-10 18:39:45.262  3834  3834 W C02c02/PARAM: SystemReadParam failed!name is:persist.init.debug.loglevel,err:1002
09-10 18:39:45.401  1796  1796 E C02c11/APPSPAWN: [appspawn_kickdog.c:29]open /sys/kernel/hungtask/userlist fail,errno:2
09-10 18:39:45.458  3836  3836 W C02c02/PARAM: Selinux check name persist.init.debug.loglevel in u:object_r:startup_init_param:s0 [3836 2000 2000] failed
09-10 18:39:45.458  3836  3836 W C02c02/PARAM: Selinux check name persist.init.debug.loglevel in u:object_r:startup_init_param:s0 [3836 2000 2000] failed
09-10 18:39:45.458  3836  3836 W C02c02/PARAM: SystemReadParam failed!name is:persist.init.debug.loglevel,err:1002
09-10 18:39:45.461  3838  3838 W C02c02/PARAM: Selinux check name persist.init.debug.loglevel in u:object_r:startup_init_param:s0 [3838 2000 2000] failed
09-10 18:39:45.461  3838  3838 W C02c02/PARAM: Selinux check name persist.init.debug.loglevel in u:object_r:startup_init_param:s0 [3838 2000 2000] failed
09-10 18:39:45.461  3838  3838 W C02c02/PARAM: SystemReadParam failed!name is:persist.init.debug.loglevel,err:1002
09-10 18:39:45.465  3839  3839 W C02c02/PARAM: Selinux check name persist.init.debug.loglevel in u:object_r:startup_init_param:s0 [3839 2000 2000] failed
09-10 18:39:45.465  3839  3839 W C02c02/PARAM: Selinux check name persist.init.debug.loglevel in u:object_r:startup_init_param:s0 [3839 2000 2000] failed
09-10 18:39:45.465  3839  3839 W C02c02/PARAM: SystemReadParam failed!name is:persist.init.debug.loglevel,err:1002
09-10 18:39:45.750   125   785 I C01800/SAMGR: NF SA:65962,832_147908
09-10 18:39:45.892  9158  9158 I C03f00/ArkCompiler: [2e6d75626c612e6, 2718f93, 3bd82c0] [gc] IdleGCTrigger: trigger young gc
09-10 18:39:45.952   125   785 I C01800/SAMGR: NF SA:65962,832_147909
09-10 18:39:46.001  3841  3841 W C02c02/PARAM: Selinux check name persist.init.debug.loglevel in u:object_r:startup_init_param:s0 [3841 2000 2000] failed
09-10 18:39:46.001  3841  3841 W C02c02/PARAM: Selinux check name persist.init.debug.loglevel in u:object_r:startup_init_param:s0 [3841 2000 2000] failed
09-10 18:39:46.001  3841  3841 W C02c02/PARAM: SystemReadParam failed!name is:persist.init.debug.loglevel,err:1002
09-10 18:39:46.004  3841  3841 W C02c02/PARAM: Selinux check name persist.init.debug.loglevel in u:object_r:startup_init_param:s0 [3841 2000 2000] failed
09-10 18:39:46.004  3841  3841 W C02c02/PARAM: Selinux check name persist.init.debug.loglevel in u:object_r:startup_init_param:s0 [3841 2000 2000] failed
09-10 18:39:46.004  3841  3841 W C02c02/PARAM: SystemReadParam failed!name is:persist.init.debug.loglevel,err:1002
09-10 18:39:46.154   125   785 I C01800/SAMGR: NF SA:65962,832_147910
09-10 18:39:46.177  2458  2458 W A01c06/ICON: AppIconWeatherModel --> initWeatherListener, retryTimes: 4
09-10 18:39:46.179   490  1514 E C01707/CONCUR: [Interface] task 1514 apply qos failed, errno = 4
09-10 18:39:46.179   490  1514 E C01611/QosManager: QosManager: Failed to set thread QoS to QOS_USER_INTERACTIVE, ret: -1
09-10 18:39:46.180   782   782 W C01123/BMSCommon: bundle not exist -n com.huawei.hmsapp.totemweather -u 100 -i 0 -f 32
09-10 18:39:46.180   782   782 W C01121/BMSQuery: GetBundleInfo failed -n com.huawei.hmsapp.totemweather -u 100
09-10 18:39:46.180   490  1514 E C01651/BundleMgrProxy: GetBundleInfoFromBMS: GetBundleInfo failed!bundleName is com.huawei.hmsapp.totemweather, userId is 100
09-10 18:39:46.180   490  1514 E C01651/DataProviderConfig: GetFromProxyData: Get bundleInfo failed! bundleName:com.huawei.hmsapp.totemweather, userId:100, visitedId:100, uri:******icIconInfo
09-10 18:39:46.180   490  1514 E C01651/DataShareServiceImpl: GetBMSAndMetaDataStatus: CalledInfo failed! token:0x2002a7c3,ret:1001,uri:******icIconInfo
09-10 18:39:46.180   490  1514 E C01651/DataShareServiceImpl: GetSilentProxyStatus: BMS or metaData not ready to complete, token:0x2002a7c3, uri:******icIconInfo
09-10 18:39:46.180  2458  2458 E A01c06/ICON: AppIconWeatherModel --> get weather info failed, code: 15700010, message: The DataShareHelper is not initialized successfully.
09-10 18:39:46.206  3844  3844 W C02c02/PARAM: Selinux check name persist.init.debug.loglevel in u:object_r:startup_init_param:s0 [3844 2000 2000] failed
09-10 18:39:46.206  3844  3844 W C02c02/PARAM: Selinux check name persist.init.debug.loglevel in u:object_r:startup_init_param:s0 [3844 2000 2000] failed
09-10 18:39:46.206  3844  3844 W C02c02/PARAM: SystemReadParam failed!name is:persist.init.debug.loglevel,err:1002
09-10 18:39:46.210  3848  3848 W C02c02/PARAM: Selinux check name persist.init.debug.loglevel in u:object_r:startup_init_param:s0 [3848 2000 2000] failed
09-10 18:39:46.210  3848  3848 W C02c02/PARAM: Selinux check name persist.init.debug.loglevel in u:object_r:startup_init_param:s0 [3848 2000 2000] failed
09-10 18:39:46.210  3848  3848 W C02c02/PARAM: SystemReadParam failed!name is:persist.init.debug.loglevel,err:1002
09-10 18:39:46.211  3846  3846 W C02c02/PARAM: Selinux check name persist.init.debug.loglevel in u:object_r:startup_init_param:s0 [3846 2000 2000] failed
09-10 18:39:46.211  3846  3846 W C02c02/PARAM: Selinux check name persist.init.debug.loglevel in u:object_r:startup_init_param:s0 [3846 2000 2000] failed
09-10 18:39:46.211  3846  3846 W C02c02/PARAM: SystemReadParam failed!name is:persist.init.debug.loglevel,err:1002
09-10 18:39:46.211  3847  3847 W C02c02/PARAM: Selinux check name persist.init.debug.loglevel in u:object_r:startup_init_param:s0 [3847 2000 2000] failed
09-10 18:39:46.211  3847  3847 W C02c02/PARAM: Selinux check name persist.init.debug.loglevel in u:object_r:startup_init_param:s0 [3847 2000 2000] failed
09-10 18:39:46.211  3847  3847 W C02c02/PARAM: SystemReadParam failed!name is:persist.init.debug.loglevel,err:1002
09-10 18:39:46.217  3849  3849 W C02c02/PARAM: Selinux check name persist.init.debug.loglevel in u:object_r:startup_init_param:s0 [3849 2000 2000] failed
09-10 18:39:46.217  3849  3849 W C02c02/PARAM: Selinux check name persist.init.debug.loglevel in u:object_r:startup_init_param:s0 [3849 2000 2000] failed
09-10 18:39:46.217  3849  3849 W C02c02/PARAM: SystemReadParam failed!name is:persist.init.debug.loglevel,err:1002
09-10 18:39:46.217  3850  3850 W C02c02/PARAM: Selinux check name persist.init.debug.loglevel in u:object_r:startup_init_param:s0 [3850 2000 2000] failed
09-10 18:39:46.217  3850  3850 W C02c02/PARAM: Selinux check name persist.init.debug.loglevel in u:object_r:startup_init_param:s0 [3850 2000 2000] failed
09-10 18:39:46.217  3850  3850 W C02c02/PARAM: SystemReadParam failed!name is:persist.init.debug.loglevel,err:1002
09-10 18:39:46.281   474 23514 I C02d10/CpuCollector: CalculateProcessCpuStatInfos: startTime=1789036776265, endTime=1789036786281, startBootTime=327181407, endBootTime=327191423, period=10016, isNeedUpdate=1
09-10 18:39:46.354   125   785 I C01800/SAMGR: NF SA:65962,832_147911
09-10 18:39:46.407  3852  3852 W C02c02/PARAM: Selinux check name persist.init.debug.loglevel in u:object_r:startup_init_param:s0 [3852 2000 2000] failed
09-10 18:39:46.407  3852  3852 W C02c02/PARAM: Selinux check name persist.init.debug.loglevel in u:object_r:startup_init_param:s0 [3852 2000 2000] failed
09-10 18:39:46.407  3852  3852 W C02c02/PARAM: SystemReadParam failed!name is:persist.init.debug.loglevel,err:1002
09-10 18:39:46.410  3854  3854 W C02c02/PARAM: Selinux check name persist.init.debug.loglevel in u:object_r:startup_init_param:s0 [3854 2000 2000] failed
09-10 18:39:46.410  3854  3854 W C02c02/PARAM: Selinux check name persist.init.debug.loglevel in u:object_r:startup_init_param:s0 [3854 2000 2000] failed
09-10 18:39:46.410  3854  3854 W C02c02/PARAM: SystemReadParam failed!name is:persist.init.debug.loglevel,err:1002
09-10 18:39:46.414  3855  3855 W C02c02/PARAM: Selinux check name persist.init.debug.loglevel in u:object_r:startup_init_param:s0 [3855 2000 2000] failed
09-10 18:39:46.414  3855  3855 W C02c02/PARAM: Selinux check name persist.init.debug.loglevel in u:object_r:startup_init_param:s0 [3855 2000 2000] failed
09-10 18:39:46.414  3855  3855 W C02c02/PARAM: SystemReadParam failed!name is:persist.init.debug.loglevel,err:1002
09-10 18:39:46.414   592   812 W C02943/ThermalHdi: Read node failed, title = brightness
09-10 18:39:46.414   592   812 W C02943/ThermalHdi: Read node failed, title = 
09-10 18:39:46.414   592   812 W C02943/ThermalHdi: Read node failed, title = 
09-10 18:39:46.414   592   812 W C02943/ThermalHdi: Read node failed, title = 
09-10 18:39:46.414   592   812 W C02943/ThermalHdi: Read node failed, title = 
09-10 18:39:46.414   592   812 W C02943/ThermalHdi: Read node failed, title = 
09-10 18:39:46.415   592   812 W C02943/ThermalHdi: Read node failed, title = 
09-10 18:39:46.415   592   812 W C02943/ThermalHdi: Read node failed, title = 
09-10 18:39:46.415   592   812 W C02943/ThermalHdi: Read node failed, title = 
09-10 18:39:46.415   592   812 W C02943/ThermalHdi: Read node failed, title = 
09-10 18:39:46.415   592   812 W C02943/ThermalHdi: Read node failed, title = 
09-10 18:39:46.415   592   812 W C02943/ThermalHdi: Read node failed, title = 
09-10 18:39:46.415   592   812 W C02943/ThermalHdi: Read node failed, title = 
09-10 18:39:46.415   592   812 W C02943/ThermalHdi: Read node failed, title = 
09-10 18:39:46.415   592   812 W C02943/ThermalHdi: Read node failed, title = 
09-10 18:39:46.415   592   812 W C02943/ThermalHdi: Read node failed, title = 
09-10 18:39:46.415   592   812 W C02943/ThermalHdi: Read node failed, title = 
09-10 18:39:46.415   592   812 W C02943/ThermalHdi: Read node failed, title = 
09-10 18:39:46.415   592   812 W C02943/ThermalHdi: Read node failed, title = 
09-10 18:39:46.415   592   812 W C02943/ThermalHdi: Read node failed, title = 
09-10 18:39:46.415   592   812 W C02943/ThermalHdi: Read node failed, title = 
09-10 18:39:46.415   592   812 W C02943/ThermalHdi: Read node failed, title = 
09-10 18:39:46.415   592   812 W C02943/ThermalHdi: Read node failed, title = 
09-10 18:39:46.415   592   812 W C02943/ThermalHdi: Read node failed, title = 
09-10 18:39:46.415   592   812 W C02943/ThermalHdi: Read node failed, title = 
09-10 18:39:46.415   592   812 W C02943/ThermalHdi: Read node failed, title = ambient
09-10 18:39:46.415   592   812 W C02943/ThermalHdi: Read node failed, title = ibat
09-10 18:39:46.415   592   812 W C02943/ThermalHdi: Read node failed, title = vbat
09-10 18:39:46.415   592   812 W C02943/ThermalHdi: Read node failed, title = cpu0_min_freq
09-10 18:39:46.415   592   812 W C02943/ThermalHdi: Read node failed, title = cpu0_cur_freq
09-10 18:39:46.415   592   812 W C02943/ThermalHdi: Read node failed, title = cpu0_max_freq
09-10 18:39:46.415   592   812 W C02943/ThermalHdi: Read node failed, title = cpu4_min_freq
09-10 18:39:46.415   592   812 W C02943/ThermalHdi: Read node failed, title = cpu4_cur_freq
09-10 18:39:46.415   592   812 W C02943/ThermalHdi: Read node failed, title = cpu4_max_freq
09-10 18:39:46.415   592   812 W C02943/ThermalHdi: Read node failed, title = cpu7_min_freq
09-10 18:39:46.415   592   812 W C02943/ThermalHdi: Read node failed, title = cpu7_cur_freq
09-10 18:39:46.415   592   812 W C02943/ThermalHdi: Read node failed, title = cpu7_max_freq
09-10 18:39:46.415   592   812 W C02943/ThermalHdi: Read node failed, title = gpu_min_freq
09-10 18:39:46.415   592   812 W C02943/ThermalHdi: Read node failed, title = gpu_cur_freq
09-10 18:39:46.415   592   812 W C02943/ThermalHdi: Read node failed, title = gpu_max_freq
09-10 18:39:46.415   592   812 W C02943/ThermalHdi: Read node failed, title = ddr_cur_freq
09-10 18:39:46.415   592   812 W C02943/ThermalHdi: Read node failed, title = set_IPApower
09-10 18:39:46.415   592   812 W C02943/ThermalHdi: Read node failed, title = cur_IPApower
09-10 18:39:46.415   592   812 W C02943/ThermalHdi: get node failed
09-10 18:39:46.415   592   812 W C02943/ThermalHdi: get node failed
09-10 18:39:46.415   592   812 W C02943/ThermalHdi: get node failed
09-10 18:39:46.555   125   785 I C01800/SAMGR: NF SA:65962,832_147912
09-10 18:39:46.627   316  3248 W C01f04/MultiSimontroller: [GetSimAccountInfo-(multi_sim_controller.cpp:1141)] slotId 0 is invalid
09-10 18:39:46.627   316  3248 E C01f04/TelephonySubsystem: GetSimAccountInfo fail!
09-10 18:39:46.647   120   179 I C04300/StorageManager: [GetSizeOfPath:124] StorageStatusManager::GetSizeOfPath path is /data, type is total space, size is 12250202112.
09-10 18:39:46.648   120   179 I C04300/StorageManager: [GetSizeOfPath:124] StorageStatusManager::GetSizeOfPath path is /, type is total space, size is 3542675456.
09-10 18:39:46.648   120   179 E C04300/StorageManager: [GetTotalSize:76] StorageTotalStatusService::GetTotalSize success, roundSize=16000000000, (/data)totalDataSize=12250202112, (/)totalRootSize=3542675456
09-10 18:39:46.648   120   179 I C04300/StorageManager: [GetSizeOfPath:124] StorageStatusManager::GetSizeOfPath path is /data, type is free space, size is 8939630592.
09-10 18:39:46.648   120   179 E C04300/StorageManager: [GetFreeSize:88] StorageTotalStatusService::GetFreeSize success, (/data)freeSize=8939630592
09-10 18:39:46.649   120   179 I C04300/StorageManager: [MonitorAndManageStorage:156] clean_l, size=786432000, clean_m, size=800000000, clean_h, size=1600000000
09-10 18:39:46.649   120   179 I C04300/StorageManager: [MonitorAndManageStorage:165] notify_l, size=524288000, notify_m, size=2147483648, notify_h, size=1600000000
09-10 18:39:46.756   125   785 I C01800/SAMGR: NF SA:65962,832_147913
09-10 18:39:46.890  3290  3290 I C02500/Qemud: Guest heartbeat success.
09-10 18:39:46.898   474 30998 E C02d66/XPerf: [InquiryOhImpl::ExtractStringValue] Canonical FilePath: /sys/class/ithermal/lpm/lpm_freq failed.
09-10 18:39:46.898   474 30998 E C02d66/XPerf: [InquiryOhImpl::ExtractStringValue] Canonical FilePath: /sys/class/power_supply/Battery/status failed.
09-10 18:39:46.937  3858  3858 W C02c02/PARAM: Selinux check name persist.init.debug.loglevel in u:object_r:startup_init_param:s0 [3858 2000 2000] failed
09-10 18:39:46.937  3858  3858 W C02c02/PARAM: Selinux check name persist.init.debug.loglevel in u:object_r:startup_init_param:s0 [3858 2000 2000] failed
09-10 18:39:46.937  3858  3858 W C02c02/PARAM: SystemReadParam failed!name is:persist.init.debug.loglevel,err:1002
09-10 18:39:46.940  3858  3858 W C02c02/PARAM: Selinux check name persist.init.debug.loglevel in u:object_r:startup_init_param:s0 [3858 2000 2000] failed
09-10 18:39:46.940  3858  3858 W C02c02/PARAM: Selinux check name persist.init.debug.loglevel in u:object_r:startup_init_param:s0 [3858 2000 2000] failed
09-10 18:39:46.940  3858  3858 W C02c02/PARAM: SystemReadParam failed!name is:persist.init.debug.loglevel,err:1002
09-10 18:39:46.958   125   785 I C01800/SAMGR: NF SA:65962,832_147914
09-10 18:39:46.958   832   925 E C01810/SA_CLIENT: GetSaWrap SA:65962 not start
09-10 18:39:46.958   832   925 I C01409/APS_MANAGER: request system service object is not ready yet!
09-10 18:39:47.184  2458  2458 W A01c06/ICON: AppIconWeatherModel --> initWeatherListener, retryTimes: 4
09-10 18:39:47.192   490  1514 E C01707/CONCUR: [Interface] task 1514 apply qos failed, errno = 4
09-10 18:39:47.192   490  1514 E C01611/QosManager: QosManager: Failed to set thread QoS to QOS_USER_INTERACTIVE, ret: -1
09-10 18:39:47.193   782   782 W C01123/BMSCommon: bundle not exist -n com.huawei.hmsapp.totemweather -u 100 -i 0 -f 32
09-10 18:39:47.193   782   782 W C01121/BMSQuery: GetBundleInfo failed -n com.huawei.hmsapp.totemweather -u 100
09-10 18:39:47.193   490  1514 E C01651/BundleMgrProxy: GetBundleInfoFromBMS: GetBundleInfo failed!bundleName is com.huawei.hmsapp.totemweather, userId is 100
09-10 18:39:47.193   490  1514 E C01651/DataProviderConfig: GetFromProxyData: Get bundleInfo failed! bundleName:com.huawei.hmsapp.totemweather, userId:100, visitedId:100, uri:******icIconInfo
09-10 18:39:47.193   490  1514 E C01651/DataShareServiceImpl: GetBMSAndMetaDataStatus: CalledInfo failed! token:0x2002a7c3,ret:1001,uri:******icIconInfo
09-10 18:39:47.193   490  1514 E C01651/DataShareServiceImpl: GetSilentProxyStatus: BMS or metaData not ready to complete, token:0x2002a7c3, uri:******icIconInfo
09-10 18:39:47.193  2458  2458 E A01c06/ICON: AppIconWeatherModel --> get weather info failed, code: 15700010, message: The DataShareHelper is not initialized successfully.
09-10 18:39:47.217  3861  3861 W C02c02/PARAM: Selinux check name persist.init.debug.loglevel in u:object_r:startup_init_param:s0 [3861 2000 2000] failed
09-10 18:39:47.217  3861  3861 W C02c02/PARAM: Selinux check name persist.init.debug.loglevel in u:object_r:startup_init_param:s0 [3861 2000 2000] failed
09-10 18:39:47.217  3861  3861 W C02c02/PARAM: SystemReadParam failed!name is:persist.init.debug.loglevel,err:1002
09-10 18:39:47.228  3864  3864 W C02c02/PARAM: Selinux check name persist.init.debug.loglevel in u:object_r:startup_init_param:s0 [3864 2000 2000] failed
09-10 18:39:47.228  3864  3864 W C02c02/PARAM: Selinux check name persist.init.debug.loglevel in u:object_r:startup_init_param:s0 [3864 2000 2000] failed
09-10 18:39:47.228  3864  3864 W C02c02/PARAM: SystemReadParam failed!name is:persist.init.debug.loglevel,err:1002
09-10 18:39:47.228  3865  3865 W C02c02/PARAM: Selinux check name persist.init.debug.loglevel in u:object_r:startup_init_param:s0 [3865 2000 2000] failed
09-10 18:39:47.228  3865  3865 W C02c02/PARAM: Selinux check name persist.init.debug.loglevel in u:object_r:startup_init_param:s0 [3865 2000 2000] failed
09-10 18:39:47.228  3865  3865 W C02c02/PARAM: SystemReadParam failed!name is:persist.init.debug.loglevel,err:1002
09-10 18:39:47.228  3863  3863 W C02c02/PARAM: Selinux check name persist.init.debug.loglevel in u:object_r:startup_init_param:s0 [3863 2000 2000] failed
09-10 18:39:47.228  3863  3863 W C02c02/PARAM: Selinux check name persist.init.debug.loglevel in u:object_r:startup_init_param:s0 [3863 2000 2000] failed
09-10 18:39:47.228  3863  3863 W C02c02/PARAM: SystemReadParam failed!name is:persist.init.debug.loglevel,err:1002
09-10 18:39:47.236  3866  3866 W C02c02/PARAM: Selinux check name persist.init.debug.loglevel in u:object_r:startup_init_param:s0 [3866 2000 2000] failed
09-10 18:39:47.236  3866  3866 W C02c02/PARAM: Selinux check name persist.init.debug.loglevel in u:object_r:startup_init_param:s0 [3866 2000 2000] failed
09-10 18:39:47.236  3867  3867 W C02c02/PARAM: Selinux check name persist.init.debug.loglevel in u:object_r:startup_init_param:s0 [3867 2000 2000] failed
09-10 18:39:47.236  3866  3866 W C02c02/PARAM: SystemReadParam failed!name is:persist.init.debug.loglevel,err:1002
09-10 18:39:47.236  3867  3867 W C02c02/PARAM: Selinux check name persist.init.debug.loglevel in u:object_r:startup_init_param:s0 [3867 2000 2000] failed
09-10 18:39:47.236  3867  3867 W C02c02/PARAM: SystemReadParam failed!name is:persist.init.debug.loglevel,err:1002
09-10 18:39:47.468  3869  3869 W C02c02/PARAM: Selinux check name persist.init.debug.loglevel in u:object_r:startup_init_param:s0 [3869 2000 2000] failed
09-10 18:39:47.469  3869  3869 W C02c02/PARAM: Selinux check name persist.init.debug.loglevel in u:object_r:startup_init_param:s0 [3869 2000 2000] failed
09-10 18:39:47.469  3869  3869 W C02c02/PARAM: SystemReadParam failed!name is:persist.init.debug.loglevel,err:1002
09-10 18:39:47.535  3871  3871 W C02c02/PARAM: Selinux check name persist.init.debug.loglevel in u:object_r:startup_init_param:s0 [3871 2000 2000] failed
09-10 18:39:47.535  3871  3871 W C02c02/PARAM: Selinux check name persist.init.debug.loglevel in u:object_r:startup_init_param:s0 [3871 2000 2000] failed
09-10 18:39:47.535  3871  3871 W C02c02/PARAM: SystemReadParam failed!name is:persist.init.debug.loglevel,err:1002
09-10 18:39:47.539  3872  3872 W C02c02/PARAM: Selinux check name persist.init.debug.loglevel in u:object_r:startup_init_param:s0 [3872 2000 2000] failed
09-10 18:39:47.539  3872  3872 W C02c02/PARAM: Selinux check name persist.init.debug.loglevel in u:object_r:startup_init_param:s0 [3872 2000 2000] failed
09-10 18:39:47.539  3872  3872 W C02c02/PARAM: SystemReadParam failed!name is:persist.init.debug.loglevel,err:1002
09-10 18:39:48.040  3874  3874 W C02c02/PARAM: Selinux check name persist.init.debug.loglevel in u:object_r:startup_init_param:s0 [3874 2000 2000] failed
09-10 18:39:48.040  3874  3874 W C02c02/PARAM: Selinux check name persist.init.debug.loglevel in u:object_r:startup_init_param:s0 [3874 2000 2000] failed
09-10 18:39:48.040  3874  3874 W C02c02/PARAM: SystemReadParam failed!name is:persist.init.debug.loglevel,err:1002
09-10 18:39:48.043  3874  3874 W C02c02/PARAM: Selinux check name persist.init.debug.loglevel in u:object_r:startup_init_param:s0 [3874 2000 2000] failed
09-10 18:39:48.043  3874  3874 W C02c02/PARAM: Selinux check name persist.init.debug.loglevel in u:object_r:startup_init_param:s0 [3874 2000 2000] failed
09-10 18:39:48.043  3874  3874 W C02c02/PARAM: SystemReadParam failed!name is:persist.init.debug.loglevel,err:1002
09-10 18:39:48.200  2458  2458 W A01c06/ICON: AppIconWeatherModel --> initWeatherListener, retryTimes: 4
09-10 18:39:48.206   490  1514 E C01707/CONCUR: [Interface] task 1514 apply qos failed, errno = 4
09-10 18:39:48.206   490  1514 E C01611/QosManager: QosManager: Failed to set thread QoS to QOS_USER_INTERACTIVE, ret: -1
09-10 18:39:48.208   782   782 W C01123/BMSCommon: bundle not exist -n com.huawei.hmsapp.totemweather -u 100 -i 0 -f 32
09-10 18:39:48.208   782   782 W C01121/BMSQuery: GetBundleInfo failed -n com.huawei.hmsapp.totemweather -u 100
09-10 18:39:48.208   490  1514 E C01651/BundleMgrProxy: GetBundleInfoFromBMS: GetBundleInfo failed!bundleName is com.huawei.hmsapp.totemweather, userId is 100
09-10 18:39:48.208   490  1514 E C01651/DataProviderConfig: GetFromProxyData: Get bundleInfo failed! bundleName:com.huawei.hmsapp.totemweather, userId:100, visitedId:100, uri:******icIconInfo
09-10 18:39:48.208   490  1514 E C01651/DataShareServiceImpl: GetBMSAndMetaDataStatus: CalledInfo failed! token:0x2002a7c3,ret:1001,uri:******icIconInfo
09-10 18:39:48.208   490  1514 E C01651/DataShareServiceImpl: GetSilentProxyStatus: BMS or metaData not ready to complete, token:0x2002a7c3, uri:******icIconInfo
09-10 18:39:48.209  2458  2458 E A01c06/ICON: AppIconWeatherModel --> get weather info failed, code: 15700010, message: The DataShareHelper is not initialized successfully.
09-10 18:39:48.228  3879  3879 W C02c02/PARAM: Selinux check name persist.init.debug.loglevel in u:object_r:startup_init_param:s0 [3879 2000 2000] failed
09-10 18:39:48.228  3879  3879 W C02c02/PARAM: Selinux check name persist.init.debug.loglevel in u:object_r:startup_init_param:s0 [3879 2000 2000] failed
09-10 18:39:48.228  3879  3879 W C02c02/PARAM: SystemReadParam failed!name is:persist.init.debug.loglevel,err:1002
09-10 18:39:48.232  3881  3881 W C02c02/PARAM: Selinux check name persist.init.debug.loglevel in u:object_r:startup_init_param:s0 [3881 2000 2000] failed
09-10 18:39:48.232  3881  3881 W C02c02/PARAM: Selinux check name persist.init.debug.loglevel in u:object_r:startup_init_param:s0 [3881 2000 2000] failed
09-10 18:39:48.232  3881  3881 W C02c02/PARAM: SystemReadParam failed!name is:persist.init.debug.loglevel,err:1002
09-10 18:39:48.232  3882  3882 W C02c02/PARAM: Selinux check name persist.init.debug.loglevel in u:object_r:startup_init_param:s0 [3882 2000 2000] failed
09-10 18:39:48.233  3884  3884 W C02c02/PARAM: Selinux check name persist.init.debug.loglevel in u:object_r:startup_init_param:s0 [3884 2000 2000] failed
09-10 18:39:48.233  3882  3882 W C02c02/PARAM: Selinux check name persist.init.debug.loglevel in u:object_r:startup_init_param:s0 [3882 2000 2000] failed
09-10 18:39:48.233  3882  3882 W C02c02/PARAM: SystemReadParam failed!name is:persist.init.debug.loglevel,err:1002
09-10 18:39:48.233  3884  3884 W C02c02/PARAM: Selinux check name persist.init.debug.loglevel in u:object_r:startup_init_param:s0 [3884 2000 2000] failed
09-10 18:39:48.233  3884  3884 W C02c02/PARAM: SystemReadParam failed!name is:persist.init.debug.loglevel,err:1002
09-10 18:39:48.240  3885  3885 W C02c02/PARAM: Selinux check name persist.init.debug.loglevel in u:object_r:startup_init_param:s0 [3885 2000 2000] failed
09-10 18:39:48.240  3885  3885 W C02c02/PARAM: Selinux check name persist.init.debug.loglevel in u:object_r:startup_init_param:s0 [3885 2000 2000] failed
09-10 18:39:48.240  3885  3885 W C02c02/PARAM: SystemReadParam failed!name is:persist.init.debug.loglevel,err:1002
09-10 18:39:48.240  3886  3886 W C02c02/PARAM: Selinux check name persist.init.debug.loglevel in u:object_r:startup_init_param:s0 [3886 2000 2000] failed
09-10 18:39:48.240  3886  3886 W C02c02/PARAM: Selinux check name persist.init.debug.loglevel in u:object_r:startup_init_param:s0 [3886 2000 2000] failed
09-10 18:39:48.240  3886  3886 W C02c02/PARAM: SystemReadParam failed!name is:persist.init.debug.loglevel,err:1002
09-10 18:39:48.433  3888  3888 W C02c02/PARAM: Selinux check name persist.init.debug.loglevel in u:object_r:startup_init_param:s0 [3888 2000 2000] failed
09-10 18:39:48.433  3888  3888 W C02c02/PARAM: Selinux check name persist.init.debug.loglevel in u:object_r:startup_init_param:s0 [3888 2000 2000] failed
09-10 18:39:48.433  3888  3888 W C02c02/PARAM: SystemReadParam failed!name is:persist.init.debug.loglevel,err:1002
09-10 18:39:48.437  3890  3890 W C02c02/PARAM: Selinux check name persist.init.debug.loglevel in u:object_r:startup_init_param:s0 [3890 2000 2000] failed
09-10 18:39:48.437  3890  3890 W C02c02/PARAM: Selinux check name persist.init.debug.loglevel in u:object_r:startup_init_param:s0 [3890 2000 2000] failed
09-10 18:39:48.437  3890  3890 W C02c02/PARAM: SystemReadParam failed!name is:persist.init.debug.loglevel,err:1002
09-10 18:39:48.440  3891  3891 W C02c02/PARAM: Selinux check name persist.init.debug.loglevel in u:object_r:startup_init_param:s0 [3891 2000 2000] failed
09-10 18:39:48.440  3891  3891 W C02c02/PARAM: Selinux check name persist.init.debug.loglevel in u:object_r:startup_init_param:s0 [3891 2000 2000] failed
09-10 18:39:48.440  3891  3891 W C02c02/PARAM: SystemReadParam failed!name is:persist.init.debug.loglevel,err:1002
09-10 18:39:48.962   125   785 I C01800/SAMGR: NF SA:65962,832_147915
09-10 18:39:48.974  3894  3894 W C02c02/PARAM: Selinux check name persist.init.debug.loglevel in u:object_r:startup_init_param:s0 [3894 2000 2000] failed
09-10 18:39:48.974  3894  3894 W C02c02/PARAM: Selinux check name persist.init.debug.loglevel in u:object_r:startup_init_param:s0 [3894 2000 2000] failed
09-10 18:39:48.974  3894  3894 W C02c02/PARAM: SystemReadParam failed!name is:persist.init.debug.loglevel,err:1002
09-10 18:39:48.977  3894  3894 W C02c02/PARAM: Selinux check name persist.init.debug.loglevel in u:object_r:startup_init_param:s0 [3894 2000 2000] failed
09-10 18:39:48.977  3894  3894 W C02c02/PARAM: Selinux check name persist.init.debug.loglevel in u:object_r:startup_init_param:s0 [3894 2000 2000] failed
09-10 18:39:48.977  3894  3894 W C02c02/PARAM: SystemReadParam failed!name is:persist.init.debug.loglevel,err:1002
09-10 18:39:49.045  3897  3897 W C02c02/PARAM: Selinux check name persist.init.debug.loglevel in u:object_r:startup_init_param:s0 [3897 2000 2000] failed
09-10 18:39:49.049  3897  3897 W C02c02/PARAM: Selinux check name persist.init.debug.loglevel in u:object_r:startup_init_param:s0 [3897 2000 2000] failed
09-10 18:39:49.049  3897  3897 W C02c02/PARAM: SystemReadParam failed!name is:persist.init.debug.loglevel,err:1002
09-10 18:39:49.054  3899  3899 I C02d20/DumperService: SetCmdArgs# hidumper cmd:hidumper -s 1201 -a -p Faultlogger -LogSuffixWithMs , calllingUid=2000, calllingPid=3899, ppid:3897.
09-10 18:39:49.054  3899  3900 W C057c1/IPCWorkThread: ThreadHandler: proto:0 policy:1 name:OS_IPC_0_3900 invoker:2571133568
09-10 18:39:49.055  3899  3901 W C057c1/IPCWorkThread: ThreadHandler: proto:0 policy:0 name:OS_IPC_1_3901 invoker:2596611328
09-10 18:39:49.056  3904  3905 I C02d20/DumperService: DelayUnloadTask# recieve new request, delay unload task begin, calllingPid=3899
09-10 18:39:49.058   474  3418 I C02d11/Faultlogger: DumpByCommands: DumpRequest: detail:0, list:0, file:, name:, time:-1
09-10 18:39:49.058  3904  3905 I C02d20/DumperService: GetData# SA name:1201 dump success, cmd:-p Faultlogger -LogSuffixWithMs , calllingPid=3899!
09-10 18:39:49.296  2458  2458 W A01c06/ICON: AppIconWeatherModel --> initWeatherListener, retryTimes: 4
09-10 18:39:49.303   490  1514 E C01707/CONCUR: [Interface] task 1514 apply qos failed, errno = 4
09-10 18:39:49.303   490  1514 E C01611/QosManager: QosManager: Failed to set thread QoS to QOS_USER_INTERACTIVE, ret: -1
09-10 18:39:49.304   782   782 W C01123/BMSCommon: bundle not exist -n com.huawei.hmsapp.totemweather -u 100 -i 0 -f 32
09-10 18:39:49.304   782   782 W C01121/BMSQuery: GetBundleInfo failed -n com.huawei.hmsapp.totemweather -u 100
09-10 18:39:49.304   490  1514 E C01651/BundleMgrProxy: GetBundleInfoFromBMS: GetBundleInfo failed!bundleName is com.huawei.hmsapp.totemweather, userId is 100
09-10 18:39:49.304   490  1514 E C01651/DataProviderConfig: GetFromProxyData: Get bundleInfo failed! bundleName:com.huawei.hmsapp.totemweather, userId:100, visitedId:100, uri:******icIconInfo
09-10 18:39:49.304   490  1514 E C01651/DataShareServiceImpl: GetBMSAndMetaDataStatus: CalledInfo failed! token:0x2002a7c3,ret:1001,uri:******icIconInfo
09-10 18:39:49.304   490  1514 E C01651/DataShareServiceImpl: GetSilentProxyStatus: BMS or metaData not ready to complete, token:0x2002a7c3, uri:******icIconInfo
09-10 18:39:49.304  2458  2458 E A01c06/ICON: AppIconWeatherModel --> get weather info failed, code: 15700010, message: The DataShareHelper is not initialized successfully.
09-10 18:39:49.361   125   785 I C01800/SAMGR: NF SA:65962,832_147916
09-10 18:39:49.443  3903  3903 W C02c02/PARAM: Selinux check name persist.init.debug.loglevel in u:object_r:startup_init_param:s0 [3903 2000 2000] failed
09-10 18:39:49.443  3903  3903 W C02c02/PARAM: Selinux check name persist.init.debug.loglevel in u:object_r:startup_init_param:s0 [3903 2000 2000] failed
09-10 18:39:49.452  3903  3903 W C02c02/PARAM: SystemReadParam failed!name is:persist.init.debug.loglevel,err:1002
09-10 18:39:49.484  9158  9158 I C02d06/XCollie: StartProfileMainThread durationTime: 187 ms, sampleInterval: 150.
09-10 18:39:49.491  3908  3908 W C02c02/PARAM: Selinux check name persist.init.debug.loglevel in u:object_r:startup_init_param:s0 [3908 2000 2000] failed
09-10 18:39:49.491  3908  3908 W C02c02/PARAM: Selinux check name persist.init.debug.loglevel in u:object_r:startup_init_param:s0 [3908 2000 2000] failed
09-10 18:39:49.491  3908  3908 W C02c02/PARAM: SystemReadParam failed!name is:persist.init.debug.loglevel,err:1002
09-10 18:39:49.492  3910  3910 W C02c02/PARAM: Selinux check name persist.init.debug.loglevel in u:object_r:startup_init_param:s0 [3910 2000 2000] failed
09-10 18:39:49.492  3910  3910 W C02c02/PARAM: Selinux check name persist.init.debug.loglevel in u:object_r:startup_init_param:s0 [3910 2000 2000] failed
09-10 18:39:49.492  3910  3910 W C02c02/PARAM: SystemReadParam failed!name is:persist.init.debug.loglevel,err:1002
09-10 18:39:49.572   125   785 I C01800/SAMGR: NF SA:65962,832_147917
09-10 18:39:49.666  3909  3909 W C02c02/PARAM: Selinux check name persist.init.debug.loglevel in u:object_r:startup_init_param:s0 [3909 2000 2000] failed
09-10 18:39:49.666  3909  3909 W C02c02/PARAM: Selinux check name persist.init.debug.loglevel in u:object_r:startup_init_param:s0 [3909 2000 2000] failed
09-10 18:39:49.666  3909  3909 W C02c02/PARAM: SystemReadParam failed!name is:persist.init.debug.loglevel,err:1002
09-10 18:39:49.701  3913  3913 W C02c02/PARAM: Selinux check name persist.init.debug.loglevel in u:object_r:startup_init_param:s0 [3913 2000 2000] failed
09-10 18:39:49.701  3913  3913 W C02c02/PARAM: Selinux check name persist.init.debug.loglevel in u:object_r:startup_init_param:s0 [3913 2000 2000] failed
09-10 18:39:49.701  3913  3913 W C02c02/PARAM: SystemReadParam failed!name is:persist.init.debug.loglevel,err:1002
09-10 18:39:49.702  3914  3914 W C02c02/PARAM: Selinux check name persist.init.debug.loglevel in u:object_r:startup_init_param:s0 [3914 2000 2000] failed
09-10 18:39:49.702  3914  3914 W C02c02/PARAM: Selinux check name persist.init.debug.loglevel in u:object_r:startup_init_param:s0 [3914 2000 2000] failed
09-10 18:39:49.702  3914  3914 W C02c02/PARAM: SystemReadParam failed!name is:persist.init.debug.loglevel,err:1002
09-10 18:39:49.743  9158  9243 I C02d06/XCollie: Create ThreadSampler.
09-10 18:39:49.743  9158  9243 I C02d06/XCollie: ThreadSampler has been successfully loaded.
09-10 18:39:49.760  9158  9243 I C02d06/XCollie: Destroy ThreadSampler.
09-10 18:39:49.760  9158  9243 I C02d06/XCollie: Detect sample stack task complete.
09-10 18:39:49.773   125   785 I C01800/SAMGR: NF SA:65962,832_147918
09-10 18:39:49.891  3290  3290 I C02500/Qemud: Guest heartbeat success.
09-10 18:39:49.959  3916  3916 W C02c02/PARAM: Selinux check name persist.init.debug.loglevel in u:object_r:startup_init_param:s0 [3916 2000 2000] failed
09-10 18:39:49.959  3916  3916 W C02c02/PARAM: Selinux check name persist.init.debug.loglevel in u:object_r:startup_init_param:s0 [3916 2000 2000] failed
09-10 18:39:49.959  3916  3916 W C02c02/PARAM: SystemReadParam failed!name is:persist.init.debug.loglevel,err:1002
09-10 18:39:49.962  3918  3918 W C02c02/PARAM: Selinux check name persist.init.debug.loglevel in u:object_r:startup_init_param:s0 [3918 2000 2000] failed
09-10 18:39:49.962  3918  3918 W C02c02/PARAM: Selinux check name persist.init.debug.loglevel in u:object_r:startup_init_param:s0 [3918 2000 2000] failed
09-10 18:39:49.962  3918  3918 W C02c02/PARAM: SystemReadParam failed!name is:persist.init.debug.loglevel,err:1002
09-10 18:39:49.966  3919  3919 W C02c02/PARAM: Selinux check name persist.init.debug.loglevel in u:object_r:startup_init_param:s0 [3919 2000 2000] failed
09-10 18:39:49.966  3919  3919 W C02c02/PARAM: Selinux check name persist.init.debug.loglevel in u:object_r:startup_init_param:s0 [3919 2000 2000] failed
09-10 18:39:49.966  3919  3919 W C02c02/PARAM: SystemReadParam failed!name is:persist.init.debug.loglevel,err:1002
09-10 18:39:49.973   125   785 I C01800/SAMGR: NF SA:65962,832_147919
09-10 18:39:50.177   125   785 I C01800/SAMGR: NF SA:65962,832_147920
09-10 18:39:50.308  2458  2458 W A01c06/ICON: AppIconWeatherModel --> initWeatherListener, retryTimes: 4
09-10 18:39:50.311   490  1514 E C01707/CONCUR: [Interface] task 1514 apply qos failed, errno = 4
09-10 18:39:50.311   490  1514 E C01611/QosManager: QosManager: Failed to set thread QoS to QOS_USER_INTERACTIVE, ret: -1
09-10 18:39:50.313   782   782 W C01123/BMSCommon: bundle not exist -n com.huawei.hmsapp.totemweather -u 100 -i 0 -f 32
09-10 18:39:50.313   782   782 W C01121/BMSQuery: GetBundleInfo failed -n com.huawei.hmsapp.totemweather -u 100
09-10 18:39:50.313   490  1514 E C01651/BundleMgrProxy: GetBundleInfoFromBMS: GetBundleInfo failed!bundleName is com.huawei.hmsapp.totemweather, userId is 100
09-10 18:39:50.313   490  1514 E C01651/DataProviderConfig: GetFromProxyData: Get bundleInfo failed! bundleName:com.huawei.hmsapp.totemweather, userId:100, visitedId:100, uri:******icIconInfo
09-10 18:39:50.313   490  1514 E C01651/DataShareServiceImpl: GetBMSAndMetaDataStatus: CalledInfo failed! token:0x2002a7c3,ret:1001,uri:******icIconInfo
09-10 18:39:50.313   490  1514 E C01651/DataShareServiceImpl: GetSilentProxyStatus: BMS or metaData not ready to complete, token:0x2002a7c3, uri:******icIconInfo
09-10 18:39:50.313  2458  2458 E A01c06/ICON: AppIconWeatherModel --> get weather info failed, code: 15700010, message: The DataShareHelper is not initialized successfully.
09-10 18:39:50.379   125   785 I C01800/SAMGR: NF SA:65962,832_147921
09-10 18:39:50.379   832   925 E C01810/SA_CLIENT: GetSaWrap SA:65962 not start
09-10 18:39:50.379   832   925 I C01409/APS_MANAGER: request system service object is not ready yet!
09-10 18:39:50.499  3921  3921 W C02c02/PARAM: Selinux check name persist.init.debug.loglevel in u:object_r:startup_init_param:s0 [3921 2000 2000] failed
09-10 18:39:50.499  3921  3921 W C02c02/PARAM: Selinux check name persist.init.debug.loglevel in u:object_r:startup_init_param:s0 [3921 2000 2000] failed
09-10 18:39:50.499  3921  3921 W C02c02/PARAM: SystemReadParam failed!name is:persist.init.debug.loglevel,err:1002
09-10 18:39:50.502  3921  3921 W C02c02/PARAM: Selinux check name persist.init.debug.loglevel in u:object_r:startup_init_param:s0 [3921 2000 2000] failed
09-10 18:39:50.502  3921  3921 W C02c02/PARAM: Selinux check name persist.init.debug.loglevel in u:object_r:startup_init_param:s0 [3921 2000 2000] failed
09-10 18:39:50.502  3921  3921 W C02c02/PARAM: SystemReadParam failed!name is:persist.init.debug.loglevel,err:1002
09-10 18:39:50.684  3924  3924 W C02c02/PARAM: Selinux check name persist.init.debug.loglevel in u:object_r:startup_init_param:s0 [3924 2000 2000] failed
09-10 18:39:50.684  3924  3924 W C02c02/PARAM: Selinux check name persist.init.debug.loglevel in u:object_r:startup_init_param:s0 [3924 2000 2000] failed
09-10 18:39:50.684  3924  3924 W C02c02/PARAM: SystemReadParam failed!name is:persist.init.debug.loglevel,err:1002
09-10 18:39:50.687  3926  3926 W C02c02/PARAM: Selinux check name persist.init.debug.loglevel in u:object_r:startup_init_param:s0 [3926 2000 2000] failed
09-10 18:39:50.687  3926  3926 W C02c02/PARAM: Selinux check name persist.init.debug.loglevel in u:object_r:startup_init_param:s0 [3926 2000 2000] failed
09-10 18:39:50.687  3926  3926 W C02c02/PARAM: SystemReadParam failed!name is:persist.init.debug.loglevel,err:1002
09-10 18:39:50.687  3927  3927 W C02c02/PARAM: Selinux check name persist.init.debug.loglevel in u:object_r:startup_init_param:s0 [3927 2000 2000] failed
09-10 18:39:50.687  3927  3927 W C02c02/PARAM: Selinux check name persist.init.debug.loglevel in u:object_r:startup_init_param:s0 [3927 2000 2000] failed
09-10 18:39:50.687  3927  3927 W C02c02/PARAM: SystemReadParam failed!name is:persist.init.debug.loglevel,err:1002
09-10 18:39:50.688  3928  3928 W C02c02/PARAM: Selinux check name persist.init.debug.loglevel in u:object_r:startup_init_param:s0 [3928 2000 2000] failed
09-10 18:39:50.688  3928  3928 W C02c02/PARAM: Selinux check name persist.init.debug.loglevel in u:object_r:startup_init_param:s0 [3928 2000 2000] failed
09-10 18:39:50.688  3928  3928 W C02c02/PARAM: SystemReadParam failed!name is:persist.init.debug.loglevel,err:1002
09-10 18:39:50.694  3929  3929 W C02c02/PARAM: Selinux check name persist.init.debug.loglevel in u:object_r:startup_init_param:s0 [3929 2000 2000] failed
09-10 18:39:50.694  3929  3929 W C02c02/PARAM: Selinux check name persist.init.debug.loglevel in u:object_r:startup_init_param:s0 [3929 2000 2000] failed
09-10 18:39:50.694  3929  3929 W C02c02/PARAM: SystemReadParam failed!name is:persist.init.debug.loglevel,err:1002
09-10 18:39:50.694  3930  3930 W C02c02/PARAM: Selinux check name persist.init.debug.loglevel in u:object_r:startup_init_param:s0 [3930 2000 2000] failed
09-10 18:39:50.694  3930  3930 W C02c02/PARAM: Selinux check name persist.init.debug.loglevel in u:object_r:startup_init_param:s0 [3930 2000 2000] failed
09-10 18:39:50.694  3930  3930 W C02c02/PARAM: SystemReadParam failed!name is:persist.init.debug.loglevel,err:1002
09-10 18:39:50.895  3932  3932 W C02c02/PARAM: Selinux check name persist.init.debug.loglevel in u:object_r:startup_init_param:s0 [3932 2000 2000] failed
09-10 18:39:50.895  3932  3932 W C02c02/PARAM: Selinux check name persist.init.debug.loglevel in u:object_r:startup_init_param:s0 [3932 2000 2000] failed
09-10 18:39:50.895  3932  3932 W C02c02/PARAM: SystemReadParam failed!name is:persist.init.debug.loglevel,err:1002
09-10 18:39:50.898  3934  3934 W C02c02/PARAM: Selinux check name persist.init.debug.loglevel in u:object_r:startup_init_param:s0 [3934 2000 2000] failed
09-10 18:39:50.898  3934  3934 W C02c02/PARAM: Selinux check name persist.init.debug.loglevel in u:object_r:startup_init_param:s0 [3934 2000 2000] failed
09-10 18:39:50.898  3934  3934 W C02c02/PARAM: SystemReadParam failed!name is:persist.init.debug.loglevel,err:1002
09-10 18:39:50.901  3935  3935 W C02c02/PARAM: Selinux check name persist.init.debug.loglevel in u:object_r:startup_init_param:s0 [3935 2000 2000] failed
09-10 18:39:50.901  3935  3935 W C02c02/PARAM: Selinux check name persist.init.debug.loglevel in u:object_r:startup_init_param:s0 [3935 2000 2000] failed
09-10 18:39:50.901  3935  3935 W C02c02/PARAM: SystemReadParam failed!name is:persist.init.debug.loglevel,err:1002
09-10 18:39:51.317  2458  2458 W A01c06/ICON: AppIconWeatherModel --> initWeatherListener, retryTimes: 4
09-10 18:39:51.318   490  1514 E C01707/CONCUR: [Interface] task 1514 apply qos failed, errno = 4
09-10 18:39:51.318   490  1514 E C01611/QosManager: QosManager: Failed to set thread QoS to QOS_USER_INTERACTIVE, ret: -1
09-10 18:39:51.319   782   782 W C01123/BMSCommon: bundle not exist -n com.huawei.hmsapp.totemweather -u 100 -i 0 -f 32
09-10 18:39:51.319   782   782 W C01121/BMSQuery: GetBundleInfo failed -n com.huawei.hmsapp.totemweather -u 100
09-10 18:39:51.319   490  1514 E C01651/BundleMgrProxy: GetBundleInfoFromBMS: GetBundleInfo failed!bundleName is com.huawei.hmsapp.totemweather, userId is 100
09-10 18:39:51.319   490  1514 E C01651/DataProviderConfig: GetFromProxyData: Get bundleInfo failed! bundleName:com.huawei.hmsapp.totemweather, userId:100, visitedId:100, uri:******icIconInfo
09-10 18:39:51.319   490  1514 E C01651/DataShareServiceImpl: GetBMSAndMetaDataStatus: CalledInfo failed! token:0x2002a7c3,ret:1001,uri:******icIconInfo
09-10 18:39:51.319   490  1514 E C01651/DataShareServiceImpl: GetSilentProxyStatus: BMS or metaData not ready to complete, token:0x2002a7c3, uri:******icIconInfo
09-10 18:39:51.319  2458  2458 E A01c06/ICON: AppIconWeatherModel --> get weather info failed, code: 15700010, message: The DataShareHelper is not initialized successfully.
09-10 18:39:51.419   592   812 W C02943/ThermalHdi: Read node failed, title = brightness
09-10 18:39:51.419   592   812 W C02943/ThermalHdi: Read node failed, title = 
09-10 18:39:51.419   592   812 W C02943/ThermalHdi: Read node failed, title = 
09-10 18:39:51.419   592   812 W C02943/ThermalHdi: Read node failed, title = 
09-10 18:39:51.419   592   812 W C02943/ThermalHdi: Read node failed, title = 
09-10 18:39:51.419   592   812 W C02943/ThermalHdi: Read node failed, title = 
09-10 18:39:51.419   592   812 W C02943/ThermalHdi: Read node failed, title = 
09-10 18:39:51.419   592   812 W C02943/ThermalHdi: Read node failed, title = 
09-10 18:39:51.419   592   812 W C02943/ThermalHdi: Read node failed, title = 
09-10 18:39:51.419   592   812 W C02943/ThermalHdi: Read node failed, title = 
09-10 18:39:51.419   592   812 W C02943/ThermalHdi: Read node failed, title = 
09-10 18:39:51.419   592   812 W C02943/ThermalHdi: Read node failed, title = 
09-10 18:39:51.419   592   812 W C02943/ThermalHdi: Read node failed, title = 
09-10 18:39:51.419   592   812 W C02943/ThermalHdi: Read node failed, title = 
09-10 18:39:51.419   592   812 W C02943/ThermalHdi: Read node failed, title = 
09-10 18:39:51.419   592   812 W C02943/ThermalHdi: Read node failed, title = 
09-10 18:39:51.419   592   812 W C02943/ThermalHdi: Read node failed, title = 
09-10 18:39:51.419   592   812 W C02943/ThermalHdi: Read node failed, title = 
09-10 18:39:51.419   592   812 W C02943/ThermalHdi: Read node failed, title = 
09-10 18:39:51.419   592   812 W C02943/ThermalHdi: Read node failed, title = 
09-10 18:39:51.419   592   812 W C02943/ThermalHdi: Read node failed, title = 
09-10 18:39:51.419   592   812 W C02943/ThermalHdi: Read node failed, title = 
09-10 18:39:51.419   592   812 W C02943/ThermalHdi: Read node failed, title = 
09-10 18:39:51.420   592   812 W C02943/ThermalHdi: Read node failed, title = 
09-10 18:39:51.420   592   812 W C02943/ThermalHdi: Read node failed, title = 
09-10 18:39:51.420   592   812 W C02943/ThermalHdi: Read node failed, title = ambient
09-10 18:39:51.420   592   812 W C02943/ThermalHdi: Read node failed, title = ibat
09-10 18:39:51.420   592   812 W C02943/ThermalHdi: Read node failed, title = vbat
09-10 18:39:51.420   592   812 W C02943/ThermalHdi: Read node failed, title = cpu0_min_freq
09-10 18:39:51.420   592   812 W C02943/ThermalHdi: Read node failed, title = cpu0_cur_freq
09-10 18:39:51.420   592   812 W C02943/ThermalHdi: Read node failed, title = cpu0_max_freq
09-10 18:39:51.420   592   812 W C02943/ThermalHdi: Read node failed, title = cpu4_min_freq
09-10 18:39:51.420   592   812 W C02943/ThermalHdi: Read node failed, title = cpu4_cur_freq
09-10 18:39:51.420   592   812 W C02943/ThermalHdi: Read node failed, title = cpu4_max_freq
09-10 18:39:51.420   592   812 W C02943/ThermalHdi: Read node failed, title = cpu7_min_freq
09-10 18:39:51.420   592   812 W C02943/ThermalHdi: Read node failed, title = cpu7_cur_freq
09-10 18:39:51.420   592   812 W C02943/ThermalHdi: Read node failed, title = cpu7_max_freq
09-10 18:39:51.420   592   812 W C02943/ThermalHdi: Read node failed, title = gpu_min_freq
09-10 18:39:51.420   592   812 W C02943/ThermalHdi: Read node failed, title = gpu_cur_freq
09-10 18:39:51.420   592   812 W C02943/ThermalHdi: Read node failed, title = gpu_max_freq
09-10 18:39:51.420   592   812 W C02943/ThermalHdi: Read node failed, title = ddr_cur_freq
09-10 18:39:51.420   592   812 W C02943/ThermalHdi: Read node failed, title = set_IPApower
09-10 18:39:51.420   592   812 W C02943/ThermalHdi: Read node failed, title = cur_IPApower
09-10 18:39:51.420   592   812 W C02943/ThermalHdi: get node failed
09-10 18:39:51.420   592   812 W C02943/ThermalHdi: get node failed
09-10 18:39:51.420   592   812 W C02943/ThermalHdi: get node failed
09-10 18:39:51.428  3937  3937 W C02c02/PARAM: Selinux check name persist.init.debug.loglevel in u:object_r:startup_init_param:s0 [3937 2000 2000] failed
09-10 18:39:51.428  3937  3937 W C02c02/PARAM: Selinux check name persist.init.debug.loglevel in u:object_r:startup_init_param:s0 [3937 2000 2000] failed
09-10 18:39:51.428  3937  3937 W C02c02/PARAM: SystemReadParam failed!name is:persist.init.debug.loglevel,err:1002
09-10 18:39:51.430  3937  3937 W C02c02/PARAM: Selinux check name persist.init.debug.loglevel in u:object_r:startup_init_param:s0 [3937 2000 2000] failed
09-10 18:39:51.431  3937  3937 W C02c02/PARAM: Selinux check name persist.init.debug.loglevel in u:object_r:startup_init_param:s0 [3937 2000 2000] failed
09-10 18:39:51.431  3937  3937 W C02c02/PARAM: SystemReadParam failed!name is:persist.init.debug.loglevel,err:1002
09-10 18:39:51.609  3940  3940 W C02c02/PARAM: Selinux check name persist.init.debug.loglevel in u:object_r:startup_init_param:s0 [3940 2000 2000] failed
09-10 18:39:51.609  3940  3940 W C02c02/PARAM: Selinux check name persist.init.debug.loglevel in u:object_r:startup_init_param:s0 [3940 2000 2000] failed
09-10 18:39:51.609  3940  3940 W C02c02/PARAM: SystemReadParam failed!name is:persist.init.debug.loglevel,err:1002
09-10 18:39:51.612  3943  3943 W C02c02/PARAM: Selinux check name persist.init.debug.loglevel in u:object_r:startup_init_param:s0 [3943 2000 2000] failed
09-10 18:39:51.612  3943  3943 W C02c02/PARAM: Selinux check name persist.init.debug.loglevel in u:object_r:startup_init_param:s0 [3943 2000 2000] failed
09-10 18:39:51.612  3943  3943 W C02c02/PARAM: SystemReadParam failed!name is:persist.init.debug.loglevel,err:1002
09-10 18:39:51.612  3944  3944 W C02c02/PARAM: Selinux check name persist.init.debug.loglevel in u:object_r:startup_init_param:s0 [3944 2000 2000] failed
09-10 18:39:51.612  3944  3944 W C02c02/PARAM: Selinux check name persist.init.debug.loglevel in u:object_r:startup_init_param:s0 [3944 2000 2000] failed
09-10 18:39:51.612  3944  3944 W C02c02/PARAM: SystemReadParam failed!name is:persist.init.debug.loglevel,err:1002
09-10 18:39:51.612  3942  3942 W C02c02/PARAM: Selinux check name persist.init.debug.loglevel in u:object_r:startup_init_param:s0 [3942 2000 2000] failed
09-10 18:39:51.612  3942  3942 W C02c02/PARAM: Selinux check name persist.init.debug.loglevel in u:object_r:startup_init_param:s0 [3942 2000 2000] failed
09-10 18:39:51.612  3942  3942 W C02c02/PARAM: SystemReadParam failed!name is:persist.init.debug.loglevel,err:1002
09-10 18:39:51.617  3946  3946 W C02c02/PARAM: Selinux check name persist.init.debug.loglevel in u:object_r:startup_init_param:s0 [3946 2000 2000] failed
09-10 18:39:51.617  3946  3946 W C02c02/PARAM: Selinux check name persist.init.debug.loglevel in u:object_r:startup_init_param:s0 [3946 2000 2000] failed
09-10 18:39:51.617  3946  3946 W C02c02/PARAM: SystemReadParam failed!name is:persist.init.debug.loglevel,err:1002
09-10 18:39:51.620  3945  3945 W C02c02/PARAM: Selinux check name persist.init.debug.loglevel in u:object_r:startup_init_param:s0 [3945 2000 2000] failed
09-10 18:39:51.620  3945  3945 W C02c02/PARAM: Selinux check name persist.init.debug.loglevel in u:object_r:startup_init_param:s0 [3945 2000 2000] failed
09-10 18:39:51.620  3945  3945 W C02c02/PARAM: SystemReadParam failed!name is:persist.init.debug.loglevel,err:1002
09-10 18:39:51.810  3948  3948 W C02c02/PARAM: Selinux check name persist.init.debug.loglevel in u:object_r:startup_init_param:s0 [3948 2000 2000] failed
09-10 18:39:51.810  3948  3948 W C02c02/PARAM: Selinux check name persist.init.debug.loglevel in u:object_r:startup_init_param:s0 [3948 2000 2000] failed
09-10 18:39:51.810  3948  3948 W C02c02/PARAM: SystemReadParam failed!name is:persist.init.debug.loglevel,err:1002
09-10 18:39:51.813  3950  3950 W C02c02/PARAM: Selinux check name persist.init.debug.loglevel in u:object_r:startup_init_param:s0 [3950 2000 2000] failed
09-10 18:39:51.813  3950  3950 W C02c02/PARAM: Selinux check name persist.init.debug.loglevel in u:object_r:startup_init_param:s0 [3950 2000 2000] failed
09-10 18:39:51.813  3950  3950 W C02c02/PARAM: SystemReadParam failed!name is:persist.init.debug.loglevel,err:1002
09-10 18:39:51.816  3951  3951 W C02c02/PARAM: Selinux check name persist.init.debug.loglevel in u:object_r:startup_init_param:s0 [3951 2000 2000] failed
09-10 18:39:51.816  3951  3951 W C02c02/PARAM: Selinux check name persist.init.debug.loglevel in u:object_r:startup_init_param:s0 [3951 2000 2000] failed
09-10 18:39:51.816  3951  3951 W C02c02/PARAM: SystemReadParam failed!name is:persist.init.debug.loglevel,err:1002
09-10 18:39:51.927   474 23514 E C02d66/XPerf: [InquiryOhImpl::ExtractStringValue] Canonical FilePath: /sys/class/ithermal/lpm/lpm_freq failed.
09-10 18:39:51.928   474 23514 E C02d66/XPerf: [InquiryOhImpl::ExtractStringValue] Canonical FilePath: /sys/class/power_supply/Battery/status failed.
09-10 18:39:52.321  2458  2458 W A01c06/ICON: AppIconWeatherModel --> initWeatherListener, retryTimes: 4
09-10 18:39:52.322   490  1514 E C01707/CONCUR: [Interface] task 1514 apply qos failed, errno = 4
09-10 18:39:52.322   490  1514 E C01611/QosManager: QosManager: Failed to set thread QoS to QOS_USER_INTERACTIVE, ret: -1
09-10 18:39:52.322   782   782 W C01123/BMSCommon: bundle not exist -n com.huawei.hmsapp.totemweather -u 100 -i 0 -f 32
09-10 18:39:52.322   782   782 W C01121/BMSQuery: GetBundleInfo failed -n com.huawei.hmsapp.totemweather -u 100
09-10 18:39:52.322   490  1514 E C01651/BundleMgrProxy: GetBundleInfoFromBMS: GetBundleInfo failed!bundleName is com.huawei.hmsapp.totemweather, userId is 100
09-10 18:39:52.322   490  1514 E C01651/DataProviderConfig: GetFromProxyData: Get bundleInfo failed! bundleName:com.huawei.hmsapp.totemweather, userId:100, visitedId:100, uri:******icIconInfo
09-10 18:39:52.322   490  1514 E C01651/DataShareServiceImpl: GetBMSAndMetaDataStatus: CalledInfo failed! token:0x2002a7c3,ret:1001,uri:******icIconInfo
09-10 18:39:52.322   490  1514 E C01651/DataShareServiceImpl: GetSilentProxyStatus: BMS or metaData not ready to complete, token:0x2002a7c3, uri:******icIconInfo
09-10 18:39:52.322  2458  2458 E A01c06/ICON: AppIconWeatherModel --> get weather info failed, code: 15700010, message: The DataShareHelper is not initialized successfully.
09-10 18:39:52.340  3954  3954 W C02c02/PARAM: Selinux check name persist.init.debug.loglevel in u:object_r:startup_init_param:s0 [3954 2000 2000] failed
09-10 18:39:52.340  3954  3954 W C02c02/PARAM: Selinux check name persist.init.debug.loglevel in u:object_r:startup_init_param:s0 [3954 2000 2000] failed
09-10 18:39:52.340  3954  3954 W C02c02/PARAM: SystemReadParam failed!name is:persist.init.debug.loglevel,err:1002
09-10 18:39:52.343  3954  3954 W C02c02/PARAM: Selinux check name persist.init.debug.loglevel in u:object_r:startup_init_param:s0 [3954 2000 2000] failed
09-10 18:39:52.343  3954  3954 W C02c02/PARAM: Selinux check name persist.init.debug.loglevel in u:object_r:startup_init_param:s0 [3954 2000 2000] failed
09-10 18:39:52.343  3954  3954 W C02c02/PARAM: SystemReadParam failed!name is:persist.init.debug.loglevel,err:1002
09-10 18:39:52.380   125   785 I C01800/SAMGR: NF SA:65962,832_147922
09-10 18:39:52.557  3958  3958 W C02c02/PARAM: Selinux check name persist.init.debug.loglevel in u:object_r:startup_init_param:s0 [3958 2000 2000] failed
09-10 18:39:52.557  3958  3958 W C02c02/PARAM: Selinux check name persist.init.debug.loglevel in u:object_r:startup_init_param:s0 [3958 2000 2000] failed
09-10 18:39:52.557  3958  3958 W C02c02/PARAM: SystemReadParam failed!name is:persist.init.debug.loglevel,err:1002
09-10 18:39:52.560  3960  3960 W C02c02/PARAM: Selinux check name persist.init.debug.loglevel in u:object_r:startup_init_param:s0 [3960 2000 2000] failed
09-10 18:39:52.560  3960  3960 W C02c02/PARAM: Selinux check name persist.init.debug.loglevel in u:object_r:startup_init_param:s0 [3960 2000 2000] failed
09-10 18:39:52.560  3960  3960 W C02c02/PARAM: SystemReadParam failed!name is:persist.init.debug.loglevel,err:1002
09-10 18:39:52.560  3961  3961 W C02c02/PARAM: Selinux check name persist.init.debug.loglevel in u:object_r:startup_init_param:s0 [3961 2000 2000] failed
09-10 18:39:52.560  3961  3961 W C02c02/PARAM: Selinux check name persist.init.debug.loglevel in u:object_r:startup_init_param:s0 [3961 2000 2000] failed
09-10 18:39:52.560  3961  3961 W C02c02/PARAM: SystemReadParam failed!name is:persist.init.debug.loglevel,err:1002
09-10 18:39:52.560  3962  3962 W C02c02/PARAM: Selinux check name persist.init.debug.loglevel in u:object_r:startup_init_param:s0 [3962 2000 2000] failed
09-10 18:39:52.560  3962  3962 W C02c02/PARAM: Selinux check name persist.init.debug.loglevel in u:object_r:startup_init_param:s0 [3962 2000 2000] failed
09-10 18:39:52.560  3962  3962 W C02c02/PARAM: SystemReadParam failed!name is:persist.init.debug.loglevel,err:1002
09-10 18:39:52.564  3963  3963 W C02c02/PARAM: Selinux check name persist.init.debug.loglevel in u:object_r:startup_init_param:s0 [3963 2000 2000] failed
09-10 18:39:52.564  3963  3963 W C02c02/PARAM: Selinux check name persist.init.debug.loglevel in u:object_r:startup_init_param:s0 [3963 2000 2000] failed
09-10 18:39:52.564  3963  3963 W C02c02/PARAM: SystemReadParam failed!name is:persist.init.debug.loglevel,err:1002
09-10 18:39:52.581   125   785 I C01800/SAMGR: NF SA:65962,832_147923
09-10 18:39:52.587  3964  3964 W C02c02/PARAM: Selinux check name persist.init.debug.loglevel in u:object_r:startup_init_param:s0 [3964 2000 2000] failed
09-10 18:39:52.587  3964  3964 W C02c02/PARAM: Selinux check name persist.init.debug.loglevel in u:object_r:startup_init_param:s0 [3964 2000 2000] failed
09-10 18:39:52.587  3964  3964 W C02c02/PARAM: SystemReadParam failed!name is:persist.init.debug.loglevel,err:1002
09-10 18:39:52.780  3966  3966 W C02c02/PARAM: Selinux check name persist.init.debug.loglevel in u:object_r:startup_init_param:s0 [3966 2000 2000] failed
09-10 18:39:52.781  3966  3966 W C02c02/PARAM: Selinux check name persist.init.debug.loglevel in u:object_r:startup_init_param:s0 [3966 2000 2000] failed
09-10 18:39:52.781  3966  3966 W C02c02/PARAM: SystemReadParam failed!name is:persist.init.debug.loglevel,err:1002
09-10 18:39:52.781   125   785 I C01800/SAMGR: NF SA:65962,832_147924
09-10 18:39:52.784  3968  3968 W C02c02/PARAM: Selinux check name persist.init.debug.loglevel in u:object_r:startup_init_param:s0 [3968 2000 2000] failed
09-10 18:39:52.784  3968  3968 W C02c02/PARAM: Selinux check name persist.init.debug.loglevel in u:object_r:startup_init_param:s0 [3968 2000 2000] failed
09-10 18:39:52.784  3968  3968 W C02c02/PARAM: SystemReadParam failed!name is:persist.init.debug.loglevel,err:1002
09-10 18:39:52.787  3969  3969 W C02c02/PARAM: Selinux check name persist.init.debug.loglevel in u:object_r:startup_init_param:s0 [3969 2000 2000] failed
09-10 18:39:52.787  3969  3969 W C02c02/PARAM: Selinux check name persist.init.debug.loglevel in u:object_r:startup_init_param:s0 [3969 2000 2000] failed
09-10 18:39:52.787  3969  3969 W C02c02/PARAM: SystemReadParam failed!name is:persist.init.debug.loglevel,err:1002
09-10 18:39:52.896  3290  3290 I C02500/Qemud: Guest heartbeat success.
09-10 18:39:52.985   125   785 I C01800/SAMGR: NF SA:65962,832_147925
09-10 18:39:53.187   125   785 I C01800/SAMGR: NF SA:65962,832_147926
09-10 18:39:53.312  3971  3971 W C02c02/PARAM: Selinux check name persist.init.debug.loglevel in u:object_r:startup_init_param:s0 [3971 2000 2000] failed
09-10 18:39:53.312  3971  3971 W C02c02/PARAM: Selinux check name persist.init.debug.loglevel in u:object_r:startup_init_param:s0 [3971 2000 2000] failed
09-10 18:39:53.312  3971  3971 W C02c02/PARAM: SystemReadParam failed!name is:persist.init.debug.loglevel,err:1002
09-10 18:39:53.314  3971  3971 W C02c02/PARAM: Selinux check name persist.init.debug.loglevel in u:object_r:startup_init_param:s0 [3971 2000 2000] failed
09-10 18:39:53.314  3971  3971 W C02c02/PARAM: Selinux check name persist.init.debug.loglevel in u:object_r:startup_init_param:s0 [3971 2000 2000] failed
09-10 18:39:53.314  3971  3971 W C02c02/PARAM: SystemReadParam failed!name is:persist.init.debug.loglevel,err:1002
09-10 18:39:53.325  2458  2458 W A01c06/ICON: AppIconWeatherModel --> initWeatherListener, retryTimes: 4
09-10 18:39:53.326   490  1514 E C01707/CONCUR: [Interface] task 1514 apply qos failed, errno = 4
09-10 18:39:53.326   490  1514 E C01611/QosManager: QosManager: Failed to set thread QoS to QOS_USER_INTERACTIVE, ret: -1
09-10 18:39:53.326   782   782 W C01123/BMSCommon: bundle not exist -n com.huawei.hmsapp.totemweather -u 100 -i 0 -f 32
09-10 18:39:53.326   782   782 W C01121/BMSQuery: GetBundleInfo failed -n com.huawei.hmsapp.totemweather -u 100
09-10 18:39:53.326   490  1514 E C01651/BundleMgrProxy: GetBundleInfoFromBMS: GetBundleInfo failed!bundleName is com.huawei.hmsapp.totemweather, userId is 100
09-10 18:39:53.326   490  1514 E C01651/DataProviderConfig: GetFromProxyData: Get bundleInfo failed! bundleName:com.huawei.hmsapp.totemweather, userId:100, visitedId:100, uri:******icIconInfo
09-10 18:39:53.326   490  1514 E C01651/DataShareServiceImpl: GetBMSAndMetaDataStatus: CalledInfo failed! token:0x2002a7c3,ret:1001,uri:******icIconInfo
09-10 18:39:53.326   490  1514 E C01651/DataShareServiceImpl: GetSilentProxyStatus: BMS or metaData not ready to complete, token:0x2002a7c3, uri:******icIconInfo
09-10 18:39:53.326  2458  2458 E A01c06/ICON: AppIconWeatherModel --> get weather info failed, code: 15700010, message: The DataShareHelper is not initialized successfully.
09-10 18:39:53.387   125   785 I C01800/SAMGR: NF SA:65962,832_147927
09-10 18:39:53.496  3974  3974 W C02c02/PARAM: Selinux check name persist.init.debug.loglevel in u:object_r:startup_init_param:s0 [3974 2000 2000] failed
09-10 18:39:53.497  3974  3974 W C02c02/PARAM: Selinux check name persist.init.debug.loglevel in u:object_r:startup_init_param:s0 [3974 2000 2000] failed
09-10 18:39:53.497  3974  3974 W C02c02/PARAM: SystemReadParam failed!name is:persist.init.debug.loglevel,err:1002
09-10 18:39:53.500  3976  3976 W C02c02/PARAM: Selinux check name persist.init.debug.loglevel in u:object_r:startup_init_param:s0 [3976 2000 2000] failed
09-10 18:39:53.500  3976  3976 W C02c02/PARAM: Selinux check name persist.init.debug.loglevel in u:object_r:startup_init_param:s0 [3976 2000 2000] failed
09-10 18:39:53.500  3977  3977 W C02c02/PARAM: Selinux check name persist.init.debug.loglevel in u:object_r:startup_init_param:s0 [3977 2000 2000] failed
09-10 18:39:53.500  3976  3976 W C02c02/PARAM: SystemReadParam failed!name is:persist.init.debug.loglevel,err:1002
09-10 18:39:53.500  3977  3977 W C02c02/PARAM: Selinux check name persist.init.debug.loglevel in u:object_r:startup_init_param:s0 [3977 2000 2000] failed
09-10 18:39:53.500  3977  3977 W C02c02/PARAM: SystemReadParam failed!name is:persist.init.debug.loglevel,err:1002
09-10 18:39:53.500  3978  3978 W C02c02/PARAM: Selinux check name persist.init.debug.loglevel in u:object_r:startup_init_param:s0 [3978 2000 2000] failed
09-10 18:39:53.500  3978  3978 W C02c02/PARAM: Selinux check name persist.init.debug.loglevel in u:object_r:startup_init_param:s0 [3978 2000 2000] failed
09-10 18:39:53.500  3978  3978 W C02c02/PARAM: SystemReadParam failed!name is:persist.init.debug.loglevel,err:1002
09-10 18:39:53.505  3979  3979 W C02c02/PARAM: Selinux check name persist.init.debug.loglevel in u:object_r:startup_init_param:s0 [3979 2000 2000] failed
09-10 18:39:53.505  3979  3979 W C02c02/PARAM: Selinux check name persist.init.debug.loglevel in u:object_r:startup_init_param:s0 [3979 2000 2000] failed
09-10 18:39:53.505  3979  3979 W C02c02/PARAM: SystemReadParam failed!name is:persist.init.debug.loglevel,err:1002
09-10 18:39:53.505  3980  3980 W C02c02/PARAM: Selinux check name persist.init.debug.loglevel in u:object_r:startup_init_param:s0 [3980 2000 2000] failed
09-10 18:39:53.505  3980  3980 W C02c02/PARAM: Selinux check name persist.init.debug.loglevel in u:object_r:startup_init_param:s0 [3980 2000 2000] failed
09-10 18:39:53.505  3980  3980 W C02c02/PARAM: SystemReadParam failed!name is:persist.init.debug.loglevel,err:1002
09-10 18:39:53.588   125   785 I C01800/SAMGR: NF SA:65962,832_147928
09-10 18:39:53.588   832   925 E C01810/SA_CLIENT: GetSaWrap SA:65962 not start
09-10 18:39:53.588   832   925 I C01409/APS_MANAGER: request system service object is not ready yet!
09-10 18:39:53.703  3982  3982 W C02c02/PARAM: Selinux check name persist.init.debug.loglevel in u:object_r:startup_init_param:s0 [3982 2000 2000] failed
09-10 18:39:53.703  3982  3982 W C02c02/PARAM: Selinux check name persist.init.debug.loglevel in u:object_r:startup_init_param:s0 [3982 2000 2000] failed
09-10 18:39:53.703  3982  3982 W C02c02/PARAM: SystemReadParam failed!name is:persist.init.debug.loglevel,err:1002
09-10 18:39:53.706  3984  3984 W C02c02/PARAM: Selinux check name persist.init.debug.loglevel in u:object_r:startup_init_param:s0 [3984 2000 2000] failed
09-10 18:39:53.706  3984  3984 W C02c02/PARAM: Selinux check name persist.init.debug.loglevel in u:object_r:startup_init_param:s0 [3984 2000 2000] failed
09-10 18:39:53.706  3984  3984 W C02c02/PARAM: SystemReadParam failed!name is:persist.init.debug.loglevel,err:1002
09-10 18:39:53.709  3985  3985 W C02c02/PARAM: Selinux check name persist.init.debug.loglevel in u:object_r:startup_init_param:s0 [3985 2000 2000] failed
09-10 18:39:53.709  3985  3985 W C02c02/PARAM: Selinux check name persist.init.debug.loglevel in u:object_r:startup_init_param:s0 [3985 2000 2000] failed
09-10 18:39:53.709  3985  3985 W C02c02/PARAM: SystemReadParam failed!name is:persist.init.debug.loglevel,err:1002
09-10 18:39:54.070  3987  3987 W C02c02/PARAM: Selinux check name persist.init.debug.loglevel in u:object_r:startup_init_param:s0 [3987 2000 2000] failed
09-10 18:39:54.070  3987  3987 W C02c02/PARAM: Selinux check name persist.init.debug.loglevel in u:object_r:startup_init_param:s0 [3987 2000 2000] failed
09-10 18:39:54.070  3987  3987 W C02c02/PARAM: SystemReadParam failed!name is:persist.init.debug.loglevel,err:1002
09-10 18:39:54.075  3989  3989 I C02d20/DumperService: SetCmdArgs# hidumper cmd:hidumper -s 1201 -a -p Faultlogger -LogSuffixWithMs , calllingUid=2000, calllingPid=3989, ppid:3987.
09-10 18:39:54.075  3989  3990 W C057c1/IPCWorkThread: ThreadHandler: proto:0 policy:1 name:OS_IPC_0_3990 invoker:2327864576
09-10 18:39:54.075  3989  3991 W C057c1/IPCWorkThread: ThreadHandler: proto:0 policy:0 name:OS_IPC_1_3991 invoker:2355438848
09-10 18:39:54.076  3904  3905 I C02d20/DumperService: DelayUnloadTask# recieve new request, delay unload task begin, calllingPid=3989
09-10 18:39:54.077   474  3418 I C02d11/Faultlogger: DumpByCommands: DumpRequest: detail:0, list:0, file:, name:, time:-1
09-10 18:39:54.078  3904  3905 I C02d20/DumperService: GetData# SA name:1201 dump success, cmd:-p Faultlogger -LogSuffixWithMs , calllingPid=3989!
09-10 18:39:54.229  3993  3993 W C02c02/PARAM: Selinux check name persist.init.debug.loglevel in u:object_r:startup_init_param:s0 [3993 2000 2000] failed
09-10 18:39:54.229  3993  3993 W C02c02/PARAM: Selinux check name persist.init.debug.loglevel in u:object_r:startup_init_param:s0 [3993 2000 2000] failed
09-10 18:39:54.229  3993  3993 W C02c02/PARAM: SystemReadParam failed!name is:persist.init.debug.loglevel,err:1002
09-10 18:39:54.232  3993  3993 W C02c02/PARAM: Selinux check name persist.init.debug.loglevel in u:object_r:startup_init_param:s0 [3993 2000 2000] failed
09-10 18:39:54.232  3993  3993 W C02c02/PARAM: Selinux check name persist.init.debug.loglevel in u:object_r:startup_init_param:s0 [3993 2000 2000] failed
09-10 18:39:54.232  3993  3993 W C02c02/PARAM: SystemReadParam failed!name is:persist.init.debug.loglevel,err:1002
09-10 18:39:54.327  2458  2458 W A01c06/ICON: AppIconWeatherModel --> initWeatherListener, retryTimes: 4
09-10 18:39:54.329   490  1514 E C01707/CONCUR: [Interface] task 1514 apply qos failed, errno = 4
09-10 18:39:54.329   490  1514 E C01611/QosManager: QosManager: Failed to set thread QoS to QOS_USER_INTERACTIVE, ret: -1
09-10 18:39:54.329   782   782 W C01123/BMSCommon: bundle not exist -n com.huawei.hmsapp.totemweather -u 100 -i 0 -f 32
09-10 18:39:54.329   782   782 W C01121/BMSQuery: GetBundleInfo failed -n com.huawei.hmsapp.totemweather -u 100
09-10 18:39:54.329   490  1514 E C01651/BundleMgrProxy: GetBundleInfoFromBMS: GetBundleInfo failed!bundleName is com.huawei.hmsapp.totemweather, userId is 100
09-10 18:39:54.329   490  1514 E C01651/DataProviderConfig: GetFromProxyData: Get bundleInfo failed! bundleName:com.huawei.hmsapp.totemweather, userId:100, visitedId:100, uri:******icIconInfo
09-10 18:39:54.329   490  1514 E C01651/DataShareServiceImpl: GetBMSAndMetaDataStatus: CalledInfo failed! token:0x2002a7c3,ret:1001,uri:******icIconInfo
09-10 18:39:54.329   490  1514 E C01651/DataShareServiceImpl: GetSilentProxyStatus: BMS or metaData not ready to complete, token:0x2002a7c3, uri:******icIconInfo
09-10 18:39:54.329  2458  2458 E A01c06/ICON: AppIconWeatherModel --> get weather info failed, code: 15700010, message: The DataShareHelper is not initialized successfully.
09-10 18:39:54.342   274  3995 W C02948/ThermalAware: [thermal_aware_event_handler.cpp] there is no food for dog, rebind thermal service
09-10 18:39:54.342   274  3995 W C02948/ThermalAware: [temperature_collector.cpp] subscribe temperature list is empty
09-10 18:39:54.342   274  3995 W C02948/ThermalAware: [thermal_action_receiver.cpp] subscribe temperature list is empty
09-10 18:39:54.342   274  3995 E C02948/ThermalAware: [thermal_aware_event_handler.cpp] thermal service subscribe failed
09-10 18:39:54.415  3998  3998 W C02c02/PARAM: Selinux check name persist.init.debug.loglevel in u:object_r:startup_init_param:s0 [3998 2000 2000] failed
09-10 18:39:54.415  3998  3998 W C02c02/PARAM: Selinux check name persist.init.debug.loglevel in u:object_r:startup_init_param:s0 [3998 2000 2000] failed
09-10 18:39:54.415  3998  3998 W C02c02/PARAM: SystemReadParam failed!name is:persist.init.debug.loglevel,err:1002
09-10 18:39:54.418  4000  4000 W C02c02/PARAM: Selinux check name persist.init.debug.loglevel in u:object_r:startup_init_param:s0 [4000 2000 2000] failed
09-10 18:39:54.418  4000  4000 W C02c02/PARAM: Selinux check name persist.init.debug.loglevel in u:object_r:startup_init_param:s0 [4000 2000 2000] failed
09-10 18:39:54.418  4000  4000 W C02c02/PARAM: SystemReadParam failed!name is:persist.init.debug.loglevel,err:1002
09-10 18:39:54.418  4001  4001 W C02c02/PARAM: Selinux check name persist.init.debug.loglevel in u:object_r:startup_init_param:s0 [4001 2000 2000] failed
09-10 18:39:54.418  4001  4001 W C02c02/PARAM: Selinux check name persist.init.debug.loglevel in u:object_r:startup_init_param:s0 [4001 2000 2000] failed
09-10 18:39:54.418  4001  4001 W C02c02/PARAM: SystemReadParam failed!name is:persist.init.debug.loglevel,err:1002
09-10 18:39:54.418  4002  4002 W C02c02/PARAM: Selinux check name persist.init.debug.loglevel in u:object_r:startup_init_param:s0 [4002 2000 2000] failed
09-10 18:39:54.418  4002  4002 W C02c02/PARAM: Selinux check name persist.init.debug.loglevel in u:object_r:startup_init_param:s0 [4002 2000 2000] failed
09-10 18:39:54.418  4002  4002 W C02c02/PARAM: SystemReadParam failed!name is:persist.init.debug.loglevel,err:1002
09-10 18:39:54.422  4003  4003 W C02c02/PARAM: Selinux check name persist.init.debug.loglevel in u:object_r:startup_init_param:s0 [4003 2000 2000] failed
09-10 18:39:54.422  4003  4003 W C02c02/PARAM: Selinux check name persist.init.debug.loglevel in u:object_r:startup_init_param:s0 [4003 2000 2000] failed
09-10 18:39:54.422  4003  4003 W C02c02/PARAM: SystemReadParam failed!name is:persist.init.debug.loglevel,err:1002
09-10 18:39:54.423  4004  4004 W C02c02/PARAM: Selinux check name persist.init.debug.loglevel in u:object_r:startup_init_param:s0 [4004 2000 2000] failed
09-10 18:39:54.423  4004  4004 W C02c02/PARAM: Selinux check name persist.init.debug.loglevel in u:object_r:startup_init_param:s0 [4004 2000 2000] failed
09-10 18:39:54.423  4004  4004 W C02c02/PARAM: SystemReadParam failed!name is:persist.init.debug.loglevel,err:1002
09-10 18:39:54.439  1292  3431 I C02300/FenceExtension: start connectAbility,userId:-1
09-10 18:39:54.439  1292  3431 I C02300/FenceExtension: ConnectAbility
09-10 18:39:54.439  1292  3431 I C01342/ServiceExt: [AMC590]name:com.huawei.hmos.location SAFeatureServiceExtensionAbility, userId:-1
09-10 18:39:54.440   782   782 I C01342/ServiceExt: [a92abf88fa6b654, 195053c, 0] [ABMS5452]element: com.huawei.hmos.location/SAFeatureServiceExtensionAbility
09-10 18:39:54.441   782   782 W C01123/BMSCommon: [a92abf88fa6b654, 195053c, 0] uid(1021) invalid
09-10 18:39:54.441   782   782 I C01336/AMS: [a92abf88fa6b654, 195053c, 0] [start_ability_utils.cpp54]appIndex:-1
09-10 18:39:54.441   782   782 I C01121/BMSQuery: [a92abf88fa6b654, 195053c, 0] ExplicitQueryAbility no match -n com.huawei.hmos.location -a SAFeatureServiceExtensionAbility -u 100 -i 0
09-10 18:39:54.441   782   782 W C01121/BMSQuery: [a92abf88fa6b654, 195053c, 0] bundle_data_mgr.cpp:ExplicitQueryExtensionInfo:7082 extensionAbility not found or disabled
09-10 18:39:54.441   782   782 I C01121/BMSQuery: [a92abf88fa6b654, 195053c, 0] ExplicitQueryExtension size:0 -n com.huawei.hmos.location -e SAFeatureServiceExtensionAbility -u 100 -i 0
09-10 18:39:54.441   782   782 W C01121/BMSQuery: [a92abf88fa6b654, 195053c, 0] bundle_mgr_host_impl.cpp:QueryExtensionAbilityInfos:3360 no valid extension info can be inquired
09-10 18:39:54.441   782   782 E C01336/AMS: [a92abf88fa6b654, 195053c, 0] [start_ability_utils.cpp290]extensionInfo empty
09-10 18:39:54.441   782   782 E C01342/ServiceExt: [a92abf88fa6b654, 195053c, 0] [ABMS5755]generate request error
09-10 18:39:54.442  1292  3431 E C02300/FenceExtension: [(DoConnect:153)]CONNECT_ABILITY_FAILED,ret:2097152
09-10 18:39:54.442  1292  3431 I C02300/FenceExtension: start connectAbility,userId:-1
09-10 18:39:54.442  1292  3431 I C02300/FenceExtension: ConnectAbility
09-10 18:39:54.442  1292  3431 I C01342/ServiceExt: [AMC590]name:com.huawei.hmos.location SAFeatureServiceExtensionAbility, userId:-1
09-10 18:39:54.442   782   782 I C01342/ServiceExt: [a92ab088fa6c176, 10eb033, 0] [ABMS5452]element: com.huawei.hmos.location/SAFeatureServiceExtensionAbility
09-10 18:39:54.442   782   782 W C01123/BMSCommon: [a92ab088fa6c176, 10eb033, 0] uid(1021) invalid
09-10 18:39:54.442   782   782 I C01336/AMS: [a92ab088fa6c176, 10eb033, 0] [start_ability_utils.cpp54]appIndex:-1
09-10 18:39:54.443   782   782 I C01121/BMSQuery: [a92ab088fa6c176, 10eb033, 0] ExplicitQueryAbility no match -n com.huawei.hmos.location -a SAFeatureServiceExtensionAbility -u 100 -i 0
09-10 18:39:54.443   782   782 W C01121/BMSQuery: [a92ab088fa6c176, 10eb033, 0] bundle_data_mgr.cpp:ExplicitQueryExtensionInfo:7082 extensionAbility not found or disabled
09-10 18:39:54.443   782   782 I C01121/BMSQuery: [a92ab088fa6c176, 10eb033, 0] ExplicitQueryExtension size:0 -n com.huawei.hmos.location -e SAFeatureServiceExtensionAbility -u 100 -i 0
09-10 18:39:54.443   782   782 W C01121/BMSQuery: [a92ab088fa6c176, 10eb033, 0] bundle_mgr_host_impl.cpp:QueryExtensionAbilityInfos:3360 no valid extension info can be inquired
09-10 18:39:54.443   782   782 E C01336/AMS: [a92ab088fa6c176, 10eb033, 0] [start_ability_utils.cpp290]extensionInfo empty
09-10 18:39:54.443   782   782 E C01342/ServiceExt: [a92ab088fa6c176, 10eb033, 0] [ABMS5755]generate request error
09-10 18:39:54.443  1292  3431 E C02300/FenceExtension: [(DoConnect:153)]CONNECT_ABILITY_FAILED,ret:2097152
09-10 18:39:54.443  1292  3431 W C02300/FenceExtension: connect failed,retry again
09-10 18:39:54.626  4008  4008 W C02c02/PARAM: Selinux check name persist.init.debug.loglevel in u:object_r:startup_init_param:s0 [4008 2000 2000] failed
09-10 18:39:54.626  4008  4008 W C02c02/PARAM: Selinux check name persist.init.debug.loglevel in u:object_r:startup_init_param:s0 [4008 2000 2000] failed
09-10 18:39:54.626  4008  4008 W C02c02/PARAM: SystemReadParam failed!name is:persist.init.debug.loglevel,err:1002
09-10 18:39:54.629  4010  4010 W C02c02/PARAM: Selinux check name persist.init.debug.loglevel in u:object_r:startup_init_param:s0 [4010 2000 2000] failed
09-10 18:39:54.629  4010  4010 W C02c02/PARAM: Selinux check name persist.init.debug.loglevel in u:object_r:startup_init_param:s0 [4010 2000 2000] failed
09-10 18:39:54.629  4010  4010 W C02c02/PARAM: SystemReadParam failed!name is:persist.init.debug.loglevel,err:1002
09-10 18:39:54.632  4011  4011 W C02c02/PARAM: Selinux check name persist.init.debug.loglevel in u:object_r:startup_init_param:s0 [4011 2000 2000] failed
09-10 18:39:54.632  4011  4011 W C02c02/PARAM: Selinux check name persist.init.debug.loglevel in u:object_r:startup_init_param:s0 [4011 2000 2000] failed
09-10 18:39:54.632  4011  4011 W C02c02/PARAM: SystemReadParam failed!name is:persist.init.debug.loglevel,err:1002
09-10 18:39:54.927   132   132 E C02c11/APPSPAWN: [appspawn_kickdog.c:29]open /sys/kernel/hungtask/userlist fail,errno:2
09-10 18:39:55.156  4013  4013 W C02c02/PARAM: Selinux check name persist.init.debug.loglevel in u:object_r:startup_init_param:s0 [4013 2000 2000] failed
09-10 18:39:55.156  4013  4013 W C02c02/PARAM: Selinux check name persist.init.debug.loglevel in u:object_r:startup_init_param:s0 [4013 2000 2000] failed
09-10 18:39:55.156  4013  4013 W C02c02/PARAM: SystemReadParam failed!name is:persist.init.debug.loglevel,err:1002
09-10 18:39:55.159  4013  4013 W C02c02/PARAM: Selinux check name persist.init.debug.loglevel in u:object_r:startup_init_param:s0 [4013 2000 2000] failed
09-10 18:39:55.159  4013  4013 W C02c02/PARAM: Selinux check name persist.init.debug.loglevel in u:object_r:startup_init_param:s0 [4013 2000 2000] failed
09-10 18:39:55.159  4013  4013 W C02c02/PARAM: SystemReadParam failed!name is:persist.init.debug.loglevel,err:1002
09-10 18:39:55.331  2458  2458 W A01c06/ICON: AppIconWeatherModel --> initWeatherListener, retryTimes: 4
09-10 18:39:55.332   490  1514 E C01707/CONCUR: [Interface] task 1514 apply qos failed, errno = 4
09-10 18:39:55.332   490  1514 E C01611/QosManager: QosManager: Failed to set thread QoS to QOS_USER_INTERACTIVE, ret: -1
09-10 18:39:55.332   782   782 W C01123/BMSCommon: bundle not exist -n com.huawei.hmsapp.totemweather -u 100 -i 0 -f 32
09-10 18:39:55.332   782   782 W C01121/BMSQuery: GetBundleInfo failed -n com.huawei.hmsapp.totemweather -u 100
09-10 18:39:55.332   490  1514 E C01651/BundleMgrProxy: GetBundleInfoFromBMS: GetBundleInfo failed!bundleName is com.huawei.hmsapp.totemweather, userId is 100
09-10 18:39:55.332   490  1514 E C01651/DataProviderConfig: GetFromProxyData: Get bundleInfo failed! bundleName:com.huawei.hmsapp.totemweather, userId:100, visitedId:100, uri:******icIconInfo
09-10 18:39:55.332   490  1514 E C01651/DataShareServiceImpl: GetBMSAndMetaDataStatus: CalledInfo failed! token:0x2002a7c3,ret:1001,uri:******icIconInfo
09-10 18:39:55.332   490  1514 E C01651/DataShareServiceImpl: GetSilentProxyStatus: BMS or metaData not ready to complete, token:0x2002a7c3, uri:******icIconInfo
09-10 18:39:55.332  2458  2458 E A01c06/ICON: AppIconWeatherModel --> get weather info failed, code: 15700010, message: The DataShareHelper is not initialized successfully.
09-10 18:39:55.338  4016  4016 W C02c02/PARAM: Selinux check name persist.init.debug.loglevel in u:object_r:startup_init_param:s0 [4016 2000 2000] failed
09-10 18:39:55.338  4016  4016 W C02c02/PARAM: Selinux check name persist.init.debug.loglevel in u:object_r:startup_init_param:s0 [4016 2000 2000] failed
09-10 18:39:55.338  4016  4016 W C02c02/PARAM: SystemReadParam failed!name is:persist.init.debug.loglevel,err:1002
09-10 18:39:55.341  4018  4018 W C02c02/PARAM: Selinux check name persist.init.debug.loglevel in u:object_r:startup_init_param:s0 [4018 2000 2000] failed
09-10 18:39:55.341  4018  4018 W C02c02/PARAM: Selinux check name persist.init.debug.loglevel in u:object_r:startup_init_param:s0 [4018 2000 2000] failed
09-10 18:39:55.341  4018  4018 W C02c02/PARAM: SystemReadParam failed!name is:persist.init.debug.loglevel,err:1002
09-10 18:39:55.341  4020  4020 W C02c02/PARAM: Selinux check name persist.init.debug.loglevel in u:object_r:startup_init_param:s0 [4020 2000 2000] failed
09-10 18:39:55.341  4019  4019 W C02c02/PARAM: Selinux check name persist.init.debug.loglevel in u:object_r:startup_init_param:s0 [4019 2000 2000] failed
09-10 18:39:55.341  4020  4020 W C02c02/PARAM: Selinux check name persist.init.debug.loglevel in u:object_r:startup_init_param:s0 [4020 2000 2000] failed
09-10 18:39:55.341  4019  4019 W C02c02/PARAM: Selinux check name persist.init.debug.loglevel in u:object_r:startup_init_param:s0 [4019 2000 2000] failed
09-10 18:39:55.341  4019  4019 W C02c02/PARAM: SystemReadParam failed!name is:persist.init.debug.loglevel,err:1002
09-10 18:39:55.341  4020  4020 W C02c02/PARAM: SystemReadParam failed!name is:persist.init.debug.loglevel,err:1002
09-10 18:39:55.345  4021  4021 W C02c02/PARAM: Selinux check name persist.init.debug.loglevel in u:object_r:startup_init_param:s0 [4021 2000 2000] failed
09-10 18:39:55.345  4021  4021 W C02c02/PARAM: Selinux check name persist.init.debug.loglevel in u:object_r:startup_init_param:s0 [4021 2000 2000] failed
09-10 18:39:55.345  4021  4021 W C02c02/PARAM: SystemReadParam failed!name is:persist.init.debug.loglevel,err:1002
09-10 18:39:55.346  4022  4022 W C02c02/PARAM: Selinux check name persist.init.debug.loglevel in u:object_r:startup_init_param:s0 [4022 2000 2000] failed
09-10 18:39:55.346  4022  4022 W C02c02/PARAM: Selinux check name persist.init.debug.loglevel in u:object_r:startup_init_param:s0 [4022 2000 2000] failed
09-10 18:39:55.346  4022  4022 W C02c02/PARAM: SystemReadParam failed!name is:persist.init.debug.loglevel,err:1002
09-10 18:39:55.408  1796  1796 E C02c11/APPSPAWN: [appspawn_kickdog.c:29]open /sys/kernel/hungtask/userlist fail,errno:2
09-10 18:39:55.548  4024  4024 W C02c02/PARAM: Selinux check name persist.init.debug.loglevel in u:object_r:startup_init_param:s0 [4024 2000 2000] failed
09-10 18:39:55.548  4024  4024 W C02c02/PARAM: Selinux check name persist.init.debug.loglevel in u:object_r:startup_init_param:s0 [4024 2000 2000] failed
09-10 18:39:55.548  4024  4024 W C02c02/PARAM: SystemReadParam failed!name is:persist.init.debug.loglevel,err:1002
09-10 18:39:55.551  4026  4026 W C02c02/PARAM: Selinux check name persist.init.debug.loglevel in u:object_r:startup_init_param:s0 [4026 2000 2000] failed
09-10 18:39:55.551  4026  4026 W C02c02/PARAM: Selinux check name persist.init.debug.loglevel in u:object_r:startup_init_param:s0 [4026 2000 2000] failed
09-10 18:39:55.551  4026  4026 W C02c02/PARAM: SystemReadParam failed!name is:persist.init.debug.loglevel,err:1002
09-10 18:39:55.554  4027  4027 W C02c02/PARAM: Selinux check name persist.init.debug.loglevel in u:object_r:startup_init_param:s0 [4027 2000 2000] failed
09-10 18:39:55.554  4027  4027 W C02c02/PARAM: Selinux check name persist.init.debug.loglevel in u:object_r:startup_init_param:s0 [4027 2000 2000] failed
09-10 18:39:55.554  4027  4027 W C02c02/PARAM: SystemReadParam failed!name is:persist.init.debug.loglevel,err:1002
09-10 18:39:55.588   125   785 I C01800/SAMGR: NF SA:65962,832_147929
09-10 18:39:55.788   125   785 I C01800/SAMGR: NF SA:65962,832_147930
09-10 18:39:55.900  3290  3290 I C02500/Qemud: Guest heartbeat success.
09-10 18:39:55.990   125   785 I C01800/SAMGR: NF SA:65962,832_147931
09-10 18:39:56.082  4029  4029 W C02c02/PARAM: Selinux check name persist.init.debug.loglevel in u:object_r:startup_init_param:s0 [4029 2000 2000] failed
09-10 18:39:56.082  4029  4029 W C02c02/PARAM: Selinux check name persist.init.debug.loglevel in u:object_r:startup_init_param:s0 [4029 2000 2000] failed
09-10 18:39:56.082  4029  4029 W C02c02/PARAM: SystemReadParam failed!name is:persist.init.debug.loglevel,err:1002
09-10 18:39:56.085  4029  4029 W C02c02/PARAM: Selinux check name persist.init.debug.loglevel in u:object_r:startup_init_param:s0 [4029 2000 2000] failed
09-10 18:39:56.085  4029  4029 W C02c02/PARAM: Selinux check name persist.init.debug.loglevel in u:object_r:startup_init_param:s0 [4029 2000 2000] failed
09-10 18:39:56.085  4029  4029 W C02c02/PARAM: SystemReadParam failed!name is:persist.init.debug.loglevel,err:1002
09-10 18:39:56.194   125   785 I C01800/SAMGR: NF SA:65962,832_147932
09-10 18:39:56.265  4032  4032 W C02c02/PARAM: Selinux check name persist.init.debug.loglevel in u:object_r:startup_init_param:s0 [4032 2000 2000] failed
09-10 18:39:56.265  4032  4032 W C02c02/PARAM: Selinux check name persist.init.debug.loglevel in u:object_r:startup_init_param:s0 [4032 2000 2000] failed
09-10 18:39:56.265  4032  4032 W C02c02/PARAM: SystemReadParam failed!name is:persist.init.debug.loglevel,err:1002
09-10 18:39:56.268  4035  4035 W C02c02/PARAM: Selinux check name persist.init.debug.loglevel in u:object_r:startup_init_param:s0 [4035 2000 2000] failed
09-10 18:39:56.268  4035  4035 W C02c02/PARAM: Selinux check name persist.init.debug.loglevel in u:object_r:startup_init_param:s0 [4035 2000 2000] failed
09-10 18:39:56.268  4035  4035 W C02c02/PARAM: SystemReadParam failed!name is:persist.init.debug.loglevel,err:1002
09-10 18:39:56.268  4036  4036 W C02c02/PARAM: Selinux check name persist.init.debug.loglevel in u:object_r:startup_init_param:s0 [4036 2000 2000] failed
09-10 18:39:56.268  4036  4036 W C02c02/PARAM: Selinux check name persist.init.debug.loglevel in u:object_r:startup_init_param:s0 [4036 2000 2000] failed
09-10 18:39:56.268  4034  4034 W C02c02/PARAM: Selinux check name persist.init.debug.loglevel in u:object_r:startup_init_param:s0 [4034 2000 2000] failed
09-10 18:39:56.268  4034  4034 W C02c02/PARAM: Selinux check name persist.init.debug.loglevel in u:object_r:startup_init_param:s0 [4034 2000 2000] failed
09-10 18:39:56.268  4036  4036 W C02c02/PARAM: SystemReadParam failed!name is:persist.init.debug.loglevel,err:1002
09-10 18:39:56.268  4034  4034 W C02c02/PARAM: SystemReadParam failed!name is:persist.init.debug.loglevel,err:1002
09-10 18:39:56.273  4037  4037 W C02c02/PARAM: Selinux check name persist.init.debug.loglevel in u:object_r:startup_init_param:s0 [4037 2000 2000] failed
09-10 18:39:56.273  4037  4037 W C02c02/PARAM: Selinux check name persist.init.debug.loglevel in u:object_r:startup_init_param:s0 [4037 2000 2000] failed
09-10 18:39:56.273  4037  4037 W C02c02/PARAM: SystemReadParam failed!name is:persist.init.debug.loglevel,err:1002
09-10 18:39:56.273  4038  4038 W C02c02/PARAM: Selinux check name persist.init.debug.loglevel in u:object_r:startup_init_param:s0 [4038 2000 2000] failed
09-10 18:39:56.273  4038  4038 W C02c02/PARAM: Selinux check name persist.init.debug.loglevel in u:object_r:startup_init_param:s0 [4038 2000 2000] failed
09-10 18:39:56.273  4038  4038 W C02c02/PARAM: SystemReadParam failed!name is:persist.init.debug.loglevel,err:1002
09-10 18:39:56.290   474 23514 I C02d10/CpuCollector: CalculateProcessCpuStatInfos: startTime=1789036786281, endTime=1789036796290, startBootTime=327191423, endBootTime=327201432, period=10009, isNeedUpdate=1
09-10 18:39:56.333  2458  2458 W A01c06/ICON: AppIconWeatherModel --> initWeatherListener, retryTimes: 4
09-10 18:39:56.334   490  1514 E C01707/CONCUR: [Interface] task 1514 apply qos failed, errno = 4
09-10 18:39:56.334   490  1514 E C01611/QosManager: QosManager: Failed to set thread QoS to QOS_USER_INTERACTIVE, ret: -1
09-10 18:39:56.334   782   782 W C01123/BMSCommon: bundle not exist -n com.huawei.hmsapp.totemweather -u 100 -i 0 -f 32
09-10 18:39:56.334   782   782 W C01121/BMSQuery: GetBundleInfo failed -n com.huawei.hmsapp.totemweather -u 100
09-10 18:39:56.334   490  1514 E C01651/BundleMgrProxy: GetBundleInfoFromBMS: GetBundleInfo failed!bundleName is com.huawei.hmsapp.totemweather, userId is 100
09-10 18:39:56.334   490  1514 E C01651/DataProviderConfig: GetFromProxyData: Get bundleInfo failed! bundleName:com.huawei.hmsapp.totemweather, userId:100, visitedId:100, uri:******icIconInfo
09-10 18:39:56.334   490  1514 E C01651/DataShareServiceImpl: GetBMSAndMetaDataStatus: CalledInfo failed! token:0x2002a7c3,ret:1001,uri:******icIconInfo
09-10 18:39:56.334   490  1514 E C01651/DataShareServiceImpl: GetSilentProxyStatus: BMS or metaData not ready to complete, token:0x2002a7c3, uri:******icIconInfo
09-10 18:39:56.335  2458  2458 E A01c06/ICON: AppIconWeatherModel --> get weather info failed, code: 15700010, message: The DataShareHelper is not initialized successfully.
09-10 18:39:56.396   125   785 I C01800/SAMGR: NF SA:65962,832_147933
09-10 18:39:56.421   592   812 W C02943/ThermalHdi: Read node failed, title = brightness
09-10 18:39:56.421   592   812 W C02943/ThermalHdi: Read node failed, title = 
09-10 18:39:56.421   592   812 W C02943/ThermalHdi: Read node failed, title = 
09-10 18:39:56.421   592   812 W C02943/ThermalHdi: Read node failed, title = 
09-10 18:39:56.421   592   812 W C02943/ThermalHdi: Read node failed, title = 
09-10 18:39:56.421   592   812 W C02943/ThermalHdi: Read node failed, title = 
09-10 18:39:56.421   592   812 W C02943/ThermalHdi: Read node failed, title = 
09-10 18:39:56.421   592   812 W C02943/ThermalHdi: Read node failed, title = 
09-10 18:39:56.421   592   812 W C02943/ThermalHdi: Read node failed, title = 
09-10 18:39:56.421   592   812 W C02943/ThermalHdi: Read node failed, title = 
09-10 18:39:56.421   592   812 W C02943/ThermalHdi: Read node failed, title = 
09-10 18:39:56.421   592   812 W C02943/ThermalHdi: Read node failed, title = 
09-10 18:39:56.421   592   812 W C02943/ThermalHdi: Read node failed, title = 
09-10 18:39:56.421   592   812 W C02943/ThermalHdi: Read node failed, title = 
09-10 18:39:56.421   592   812 W C02943/ThermalHdi: Read node failed, title = 
09-10 18:39:56.421   592   812 W C02943/ThermalHdi: Read node failed, title = 
09-10 18:39:56.421   592   812 W C02943/ThermalHdi: Read node failed, title = 
09-10 18:39:56.421   592   812 W C02943/ThermalHdi: Read node failed, title = 
09-10 18:39:56.421   592   812 W C02943/ThermalHdi: Read node failed, title = 
09-10 18:39:56.421   592   812 W C02943/ThermalHdi: Read node failed, title = 
09-10 18:39:56.421   592   812 W C02943/ThermalHdi: Read node failed, title = 
09-10 18:39:56.421   592   812 W C02943/ThermalHdi: Read node failed, title = 
09-10 18:39:56.421   592   812 W C02943/ThermalHdi: Read node failed, title = 
09-10 18:39:56.421   592   812 W C02943/ThermalHdi: Read node failed, title = 
09-10 18:39:56.421   592   812 W C02943/ThermalHdi: Read node failed, title = 
09-10 18:39:56.421   592   812 W C02943/ThermalHdi: Read node failed, title = ambient
09-10 18:39:56.421   592   812 W C02943/ThermalHdi: Read node failed, title = ibat
09-10 18:39:56.421   592   812 W C02943/ThermalHdi: Read node failed, title = vbat
09-10 18:39:56.421   592   812 W C02943/ThermalHdi: Read node failed, title = cpu0_min_freq
09-10 18:39:56.421   592   812 W C02943/ThermalHdi: Read node failed, title = cpu0_cur_freq
09-10 18:39:56.421   592   812 W C02943/ThermalHdi: Read node failed, title = cpu0_max_freq
09-10 18:39:56.421   592   812 W C02943/ThermalHdi: Read node failed, title = cpu4_min_freq
09-10 18:39:56.421   592   812 W C02943/ThermalHdi: Read node failed, title = cpu4_cur_freq
09-10 18:39:56.421   592   812 W C02943/ThermalHdi: Read node failed, title = cpu4_max_freq
09-10 18:39:56.421   592   812 W C02943/ThermalHdi: Read node failed, title = cpu7_min_freq
09-10 18:39:56.421   592   812 W C02943/ThermalHdi: Read node failed, title = cpu7_cur_freq
09-10 18:39:56.421   592   812 W C02943/ThermalHdi: Read node failed, title = cpu7_max_freq
09-10 18:39:56.421   592   812 W C02943/ThermalHdi: Read node failed, title = gpu_min_freq
09-10 18:39:56.421   592   812 W C02943/ThermalHdi: Read node failed, title = gpu_cur_freq
09-10 18:39:56.421   592   812 W C02943/ThermalHdi: Read node failed, title = gpu_max_freq
09-10 18:39:56.421   592   812 W C02943/ThermalHdi: Read node failed, title = ddr_cur_freq
09-10 18:39:56.421   592   812 W C02943/ThermalHdi: Read node failed, title = set_IPApower
09-10 18:39:56.421   592   812 W C02943/ThermalHdi: Read node failed, title = cur_IPApower
09-10 18:39:56.421   592   812 W C02943/ThermalHdi: get node failed
09-10 18:39:56.421   592   812 W C02943/ThermalHdi: get node failed
09-10 18:39:56.421   592   812 W C02943/ThermalHdi: get node failed
09-10 18:39:56.467  4040  4040 W C02c02/PARAM: Selinux check name persist.init.debug.loglevel in u:object_r:startup_init_param:s0 [4040 2000 2000] failed
09-10 18:39:56.467  4040  4040 W C02c02/PARAM: Selinux check name persist.init.debug.loglevel in u:object_r:startup_init_param:s0 [4040 2000 2000] failed
09-10 18:39:56.467  4040  4040 W C02c02/PARAM: SystemReadParam failed!name is:persist.init.debug.loglevel,err:1002
09-10 18:39:56.470  4042  4042 W C02c02/PARAM: Selinux check name persist.init.debug.loglevel in u:object_r:startup_init_param:s0 [4042 2000 2000] failed
09-10 18:39:56.470  4042  4042 W C02c02/PARAM: Selinux check name persist.init.debug.loglevel in u:object_r:startup_init_param:s0 [4042 2000 2000] failed
09-10 18:39:56.470  4042  4042 W C02c02/PARAM: SystemReadParam failed!name is:persist.init.debug.loglevel,err:1002
09-10 18:39:56.473  4043  4043 W C02c02/PARAM: Selinux check name persist.init.debug.loglevel in u:object_r:startup_init_param:s0 [4043 2000 2000] failed
09-10 18:39:56.473  4043  4043 W C02c02/PARAM: Selinux check name persist.init.debug.loglevel in u:object_r:startup_init_param:s0 [4043 2000 2000] failed
09-10 18:39:56.473  4043  4043 W C02c02/PARAM: SystemReadParam failed!name is:persist.init.debug.loglevel,err:1002
09-10 18:39:56.596   125   785 I C01800/SAMGR: NF SA:65962,832_147934
09-10 18:39:56.629   316  3248 W C01f04/MultiSimontroller: [GetSimAccountInfo-(multi_sim_controller.cpp:1141)] slotId 0 is invalid
09-10 18:39:56.629   316  3248 E C01f04/TelephonySubsystem: GetSimAccountInfo fail!
09-10 18:39:56.799   125   785 I C01800/SAMGR: NF SA:65962,832_147935
09-10 18:39:56.799   832   925 E C01810/SA_CLIENT: GetSaWrap SA:65962 not start
09-10 18:39:56.799   832   925 I C01409/APS_MANAGER: request system service object is not ready yet!
09-10 18:39:56.935   474 30998 E C02d66/XPerf: [InquiryOhImpl::ExtractStringValue] Canonical FilePath: /sys/class/ithermal/lpm/lpm_freq failed.
09-10 18:39:56.935   474 30998 E C02d66/XPerf: [InquiryOhImpl::ExtractStringValue] Canonical FilePath: /sys/class/power_supply/Battery/status failed.
09-10 18:39:56.995  4047  4047 W C02c02/PARAM: Selinux check name persist.init.debug.loglevel in u:object_r:startup_init_param:s0 [4047 2000 2000] failed
09-10 18:39:56.995  4047  4047 W C02c02/PARAM: Selinux check name persist.init.debug.loglevel in u:object_r:startup_init_param:s0 [4047 2000 2000] failed
09-10 18:39:56.995  4047  4047 W C02c02/PARAM: SystemReadParam failed!name is:persist.init.debug.loglevel,err:1002
09-10 18:39:56.998  4047  4047 W C02c02/PARAM: Selinux check name persist.init.debug.loglevel in u:object_r:startup_init_param:s0 [4047 2000 2000] failed
09-10 18:39:56.998  4047  4047 W C02c02/PARAM: Selinux check name persist.init.debug.loglevel in u:object_r:startup_init_param:s0 [4047 2000 2000] failed
09-10 18:39:56.998  4047  4047 W C02c02/PARAM: SystemReadParam failed!name is:persist.init.debug.loglevel,err:1002
09-10 18:39:57.202  4050  4050 W C02c02/PARAM: Selinux check name persist.init.debug.loglevel in u:object_r:startup_init_param:s0 [4050 2000 2000] failed
09-10 18:39:57.202  4050  4050 W C02c02/PARAM: Selinux check name persist.init.debug.loglevel in u:object_r:startup_init_param:s0 [4050 2000 2000] failed
09-10 18:39:57.202  4050  4050 W C02c02/PARAM: SystemReadParam failed!name is:persist.init.debug.loglevel,err:1002
09-10 18:39:57.205  4052  4052 W C02c02/PARAM: Selinux check name persist.init.debug.loglevel in u:object_r:startup_init_param:s0 [4052 2000 2000] failed
09-10 18:39:57.205  4052  4052 W C02c02/PARAM: Selinux check name persist.init.debug.loglevel in u:object_r:startup_init_param:s0 [4052 2000 2000] failed
09-10 18:39:57.205  4052  4052 W C02c02/PARAM: SystemReadParam failed!name is:persist.init.debug.loglevel,err:1002
09-10 18:39:57.205  4054  4054 W C02c02/PARAM: Selinux check name persist.init.debug.loglevel in u:object_r:startup_init_param:s0 [4054 2000 2000] failed
09-10 18:39:57.205  4054  4054 W C02c02/PARAM: Selinux check name persist.init.debug.loglevel in u:object_r:startup_init_param:s0 [4054 2000 2000] failed
09-10 18:39:57.205  4054  4054 W C02c02/PARAM: SystemReadParam failed!name is:persist.init.debug.loglevel,err:1002
09-10 18:39:57.205  4053  4053 W C02c02/PARAM: Selinux check name persist.init.debug.loglevel in u:object_r:startup_init_param:s0 [4053 2000 2000] failed
09-10 18:39:57.205  4053  4053 W C02c02/PARAM: Selinux check name persist.init.debug.loglevel in u:object_r:startup_init_param:s0 [4053 2000 2000] failed
09-10 18:39:57.205  4053  4053 W C02c02/PARAM: SystemReadParam failed!name is:persist.init.debug.loglevel,err:1002
09-10 18:39:57.209  4055  4055 W C02c02/PARAM: Selinux check name persist.init.debug.loglevel in u:object_r:startup_init_param:s0 [4055 2000 2000] failed
09-10 18:39:57.209  4055  4055 W C02c02/PARAM: Selinux check name persist.init.debug.loglevel in u:object_r:startup_init_param:s0 [4055 2000 2000] failed
09-10 18:39:57.209  4055  4055 W C02c02/PARAM: SystemReadParam failed!name is:persist.init.debug.loglevel,err:1002
09-10 18:39:57.209  4056  4056 W C02c02/PARAM: Selinux check name persist.init.debug.loglevel in u:object_r:startup_init_param:s0 [4056 2000 2000] failed
09-10 18:39:57.209  4056  4056 W C02c02/PARAM: Selinux check name persist.init.debug.loglevel in u:object_r:startup_init_param:s0 [4056 2000 2000] failed
09-10 18:39:57.209  4056  4056 W C02c02/PARAM: SystemReadParam failed!name is:persist.init.debug.loglevel,err:1002
09-10 18:39:57.336  2458  2458 W A01c06/ICON: AppIconWeatherModel --> initWeatherListener, retryTimes: 4
09-10 18:39:57.337   490  1514 E C01707/CONCUR: [Interface] task 1514 apply qos failed, errno = 4
09-10 18:39:57.337   490  1514 E C01611/QosManager: QosManager: Failed to set thread QoS to QOS_USER_INTERACTIVE, ret: -1
09-10 18:39:57.338   782   782 W C01123/BMSCommon: bundle not exist -n com.huawei.hmsapp.totemweather -u 100 -i 0 -f 32
09-10 18:39:57.338   782   782 W C01121/BMSQuery: GetBundleInfo failed -n com.huawei.hmsapp.totemweather -u 100
09-10 18:39:57.338   490  1514 E C01651/BundleMgrProxy: GetBundleInfoFromBMS: GetBundleInfo failed!bundleName is com.huawei.hmsapp.totemweather, userId is 100
09-10 18:39:57.338   490  1514 E C01651/DataProviderConfig: GetFromProxyData: Get bundleInfo failed! bundleName:com.huawei.hmsapp.totemweather, userId:100, visitedId:100, uri:******icIconInfo
09-10 18:39:57.338   490  1514 E C01651/DataShareServiceImpl: GetBMSAndMetaDataStatus: CalledInfo failed! token:0x2002a7c3,ret:1001,uri:******icIconInfo
09-10 18:39:57.338   490  1514 E C01651/DataShareServiceImpl: GetSilentProxyStatus: BMS or metaData not ready to complete, token:0x2002a7c3, uri:******icIconInfo
09-10 18:39:57.338  2458  2458 E A01c06/ICON: AppIconWeatherModel --> get weather info failed, code: 15700010, message: The DataShareHelper is not initialized successfully.
09-10 18:39:57.410  4058  4058 W C02c02/PARAM: Selinux check name persist.init.debug.loglevel in u:object_r:startup_init_param:s0 [4058 2000 2000] failed
09-10 18:39:57.410  4058  4058 W C02c02/PARAM: Selinux check name persist.init.debug.loglevel in u:object_r:startup_init_param:s0 [4058 2000 2000] failed
09-10 18:39:57.410  4058  4058 W C02c02/PARAM: SystemReadParam failed!name is:persist.init.debug.loglevel,err:1002
09-10 18:39:57.413  4060  4060 W C02c02/PARAM: Selinux check name persist.init.debug.loglevel in u:object_r:startup_init_param:s0 [4060 2000 2000] failed
09-10 18:39:57.413  4060  4060 W C02c02/PARAM: Selinux check name persist.init.debug.loglevel in u:object_r:startup_init_param:s0 [4060 2000 2000] failed
09-10 18:39:57.413  4060  4060 W C02c02/PARAM: SystemReadParam failed!name is:persist.init.debug.loglevel,err:1002
09-10 18:39:57.416  4061  4061 W C02c02/PARAM: Selinux check name persist.init.debug.loglevel in u:object_r:startup_init_param:s0 [4061 2000 2000] failed
09-10 18:39:57.416  4061  4061 W C02c02/PARAM: Selinux check name persist.init.debug.loglevel in u:object_r:startup_init_param:s0 [4061 2000 2000] failed
09-10 18:39:57.416  4061  4061 W C02c02/PARAM: SystemReadParam failed!name is:persist.init.debug.loglevel,err:1002
09-10 18:39:57.938  4063  4063 W C02c02/PARAM: Selinux check name persist.init.debug.loglevel in u:object_r:startup_init_param:s0 [4063 2000 2000] failed
09-10 18:39:57.938  4063  4063 W C02c02/PARAM: Selinux check name persist.init.debug.loglevel in u:object_r:startup_init_param:s0 [4063 2000 2000] failed
09-10 18:39:57.938  4063  4063 W C02c02/PARAM: SystemReadParam failed!name is:persist.init.debug.loglevel,err:1002
09-10 18:39:57.941  4063  4063 W C02c02/PARAM: Selinux check name persist.init.debug.loglevel in u:object_r:startup_init_param:s0 [4063 2000 2000] failed
09-10 18:39:57.941  4063  4063 W C02c02/PARAM: Selinux check name persist.init.debug.loglevel in u:object_r:startup_init_param:s0 [4063 2000 2000] failed
09-10 18:39:57.941  4063  4063 W C02c02/PARAM: SystemReadParam failed!name is:persist.init.debug.loglevel,err:1002
09-10 18:39:58.202  4066  4066 W C02c02/PARAM: Selinux check name persist.init.debug.loglevel in u:object_r:startup_init_param:s0 [4066 2000 2000] failed
09-10 18:39:58.202  4066  4066 W C02c02/PARAM: Selinux check name persist.init.debug.loglevel in u:object_r:startup_init_param:s0 [4066 2000 2000] failed
09-10 18:39:58.202  4066  4066 W C02c02/PARAM: SystemReadParam failed!name is:persist.init.debug.loglevel,err:1002
09-10 18:39:58.204  4068  4068 W C02c02/PARAM: Selinux check name persist.init.debug.loglevel in u:object_r:startup_init_param:s0 [4068 2000 2000] failed
09-10 18:39:58.205  4068  4068 W C02c02/PARAM: Selinux check name persist.init.debug.loglevel in u:object_r:startup_init_param:s0 [4068 2000 2000] failed
09-10 18:39:58.205  4068  4068 W C02c02/PARAM: SystemReadParam failed!name is:persist.init.debug.loglevel,err:1002
09-10 18:39:58.205  4069  4069 W C02c02/PARAM: Selinux check name persist.init.debug.loglevel in u:object_r:startup_init_param:s0 [4069 2000 2000] failed
09-10 18:39:58.205  4069  4069 W C02c02/PARAM: Selinux check name persist.init.debug.loglevel in u:object_r:startup_init_param:s0 [4069 2000 2000] failed
09-10 18:39:58.205  4069  4069 W C02c02/PARAM: SystemReadParam failed!name is:persist.init.debug.loglevel,err:1002
09-10 18:39:58.205  4070  4070 W C02c02/PARAM: Selinux check name persist.init.debug.loglevel in u:object_r:startup_init_param:s0 [4070 2000 2000] failed
09-10 18:39:58.205  4070  4070 W C02c02/PARAM: Selinux check name persist.init.debug.loglevel in u:object_r:startup_init_param:s0 [4070 2000 2000] failed
09-10 18:39:58.205  4070  4070 W C02c02/PARAM: SystemReadParam failed!name is:persist.init.debug.loglevel,err:1002
09-10 18:39:58.209  4071  4071 W C02c02/PARAM: Selinux check name persist.init.debug.loglevel in u:object_r:startup_init_param:s0 [4071 2000 2000] failed
09-10 18:39:58.209  4072  4072 W C02c02/PARAM: Selinux check name persist.init.debug.loglevel in u:object_r:startup_init_param:s0 [4072 2000 2000] failed
09-10 18:39:58.209  4072  4072 W C02c02/PARAM: Selinux check name persist.init.debug.loglevel in u:object_r:startup_init_param:s0 [4072 2000 2000] failed
09-10 18:39:58.209  4072  4072 W C02c02/PARAM: SystemReadParam failed!name is:persist.init.debug.loglevel,err:1002
09-10 18:39:58.209  4071  4071 W C02c02/PARAM: Selinux check name persist.init.debug.loglevel in u:object_r:startup_init_param:s0 [4071 2000 2000] failed
09-10 18:39:58.209  4071  4071 W C02c02/PARAM: SystemReadParam failed!name is:persist.init.debug.loglevel,err:1002
09-10 18:39:58.339  2458  2458 W A01c06/ICON: AppIconWeatherModel --> initWeatherListener, retryTimes: 4
09-10 18:39:58.340   490  1514 E C01707/CONCUR: [Interface] task 1514 apply qos failed, errno = 4
09-10 18:39:58.340   490  1514 E C01611/QosManager: QosManager: Failed to set thread QoS to QOS_USER_INTERACTIVE, ret: -1
09-10 18:39:58.341   782   782 W C01123/BMSCommon: bundle not exist -n com.huawei.hmsapp.totemweather -u 100 -i 0 -f 32
09-10 18:39:58.341   782   782 W C01121/BMSQuery: GetBundleInfo failed -n com.huawei.hmsapp.totemweather -u 100
09-10 18:39:58.341   490  1514 E C01651/BundleMgrProxy: GetBundleInfoFromBMS: GetBundleInfo failed!bundleName is com.huawei.hmsapp.totemweather, userId is 100
09-10 18:39:58.341   490  1514 E C01651/DataProviderConfig: GetFromProxyData: Get bundleInfo failed! bundleName:com.huawei.hmsapp.totemweather, userId:100, visitedId:100, uri:******icIconInfo
09-10 18:39:58.341   490  1514 E C01651/DataShareServiceImpl: GetBMSAndMetaDataStatus: CalledInfo failed! token:0x2002a7c3,ret:1001,uri:******icIconInfo
09-10 18:39:58.341   490  1514 E C01651/DataShareServiceImpl: GetSilentProxyStatus: BMS or metaData not ready to complete, token:0x2002a7c3, uri:******icIconInfo
09-10 18:39:58.341  2458  2458 E A01c06/ICON: AppIconWeatherModel --> get weather info failed, code: 15700010, message: The DataShareHelper is not initialized successfully.
09-10 18:39:58.408  4074  4074 W C02c02/PARAM: Selinux check name persist.init.debug.loglevel in u:object_r:startup_init_param:s0 [4074 2000 2000] failed
09-10 18:39:58.409  4074  4074 W C02c02/PARAM: Selinux check name persist.init.debug.loglevel in u:object_r:startup_init_param:s0 [4074 2000 2000] failed
09-10 18:39:58.409  4074  4074 W C02c02/PARAM: SystemReadParam failed!name is:persist.init.debug.loglevel,err:1002
09-10 18:39:58.411  4076  4076 W C02c02/PARAM: Selinux check name persist.init.debug.loglevel in u:object_r:startup_init_param:s0 [4076 2000 2000] failed
09-10 18:39:58.411  4076  4076 W C02c02/PARAM: Selinux check name persist.init.debug.loglevel in u:object_r:startup_init_param:s0 [4076 2000 2000] failed
09-10 18:39:58.411  4076  4076 W C02c02/PARAM: SystemReadParam failed!name is:persist.init.debug.loglevel,err:1002
09-10 18:39:58.414  4077  4077 W C02c02/PARAM: Selinux check name persist.init.debug.loglevel in u:object_r:startup_init_param:s0 [4077 2000 2000] failed
09-10 18:39:58.414  4077  4077 W C02c02/PARAM: Selinux check name persist.init.debug.loglevel in u:object_r:startup_init_param:s0 [4077 2000 2000] failed
09-10 18:39:58.414  4077  4077 W C02c02/PARAM: SystemReadParam failed!name is:persist.init.debug.loglevel,err:1002
09-10 18:39:58.799   125   785 I C01800/SAMGR: NF SA:65962,832_147936
09-10 18:39:58.902  3290  3290 I C02500/Qemud: Guest heartbeat success.
09-10 18:39:58.936  4080  4080 W C02c02/PARAM: Selinux check name persist.init.debug.loglevel in u:object_r:startup_init_param:s0 [4080 2000 2000] failed
09-10 18:39:58.937  4080  4080 W C02c02/PARAM: Selinux check name persist.init.debug.loglevel in u:object_r:startup_init_param:s0 [4080 2000 2000] failed
09-10 18:39:58.937  4080  4080 W C02c02/PARAM: SystemReadParam failed!name is:persist.init.debug.loglevel,err:1002
09-10 18:39:58.939  4080  4080 W C02c02/PARAM: Selinux check name persist.init.debug.loglevel in u:object_r:startup_init_param:s0 [4080 2000 2000] failed
09-10 18:39:58.939  4080  4080 W C02c02/PARAM: Selinux check name persist.init.debug.loglevel in u:object_r:startup_init_param:s0 [4080 2000 2000] failed
09-10 18:39:58.939  4080  4080 W C02c02/PARAM: SystemReadParam failed!name is:persist.init.debug.loglevel,err:1002
09-10 18:39:58.999   125   785 I C01800/SAMGR: NF SA:65962,832_147937
09-10 18:39:59.089  4083  4083 W C02c02/PARAM: Selinux check name persist.init.debug.loglevel in u:object_r:startup_init_param:s0 [4083 2000 2000] failed
09-10 18:39:59.089  4083  4083 W C02c02/PARAM: Selinux check name persist.init.debug.loglevel in u:object_r:startup_init_param:s0 [4083 2000 2000] failed
09-10 18:39:59.089  4083  4083 W C02c02/PARAM: SystemReadParam failed!name is:persist.init.debug.loglevel,err:1002
09-10 18:39:59.092  4085  4085 I C02d20/DumperService: SetCmdArgs# hidumper cmd:hidumper -s 1201 -a -p Faultlogger -LogSuffixWithMs , calllingUid=2000, calllingPid=4085, ppid:4083.
09-10 18:39:59.092  4085  4086 W C057c1/IPCWorkThread: ThreadHandler: proto:0 policy:1 name:OS_IPC_0_4086 invoker:2457887360
09-10 18:39:59.092  4085  4087 W C057c1/IPCWorkThread: ThreadHandler: proto:0 policy:0 name:OS_IPC_1_4087 invoker:2485479552
09-10 18:39:59.099  3904  3905 I C02d20/DumperService: DelayUnloadTask# recieve new request, delay unload task begin, calllingPid=4085
09-10 18:39:59.101   474  3418 I C02d11/Faultlogger: DumpByCommands: DumpRequest: detail:0, list:0, file:, name:, time:-1
09-10 18:39:59.101  3904  3905 I C02d20/DumperService: GetData# SA name:1201 dump success, cmd:-p Faultlogger -LogSuffixWithMs , calllingPid=4085!
09-10 18:39:59.202   125   785 I C01800/SAMGR: NF SA:65962,832_147938
09-10 18:39:59.205  4089  4089 W C02c02/PARAM: Selinux check name persist.init.debug.loglevel in u:object_r:startup_init_param:s0 [4089 2000 2000] failed
09-10 18:39:59.205  4089  4089 W C02c02/PARAM: Selinux check name persist.init.debug.loglevel in u:object_r:startup_init_param:s0 [4089 2000 2000] failed
09-10 18:39:59.205  4089  4089 W C02c02/PARAM: SystemReadParam failed!name is:persist.init.debug.loglevel,err:1002
09-10 18:39:59.208  4091  4091 W C02c02/PARAM: Selinux check name persist.init.debug.loglevel in u:object_r:startup_init_param:s0 [4091 2000 2000] failed
09-10 18:39:59.208  4093  4093 W C02c02/PARAM: Selinux check name persist.init.debug.loglevel in u:object_r:startup_init_param:s0 [4093 2000 2000] failed
09-10 18:39:59.208  4091  4091 W C02c02/PARAM: Selinux check name persist.init.debug.loglevel in u:object_r:startup_init_param:s0 [4091 2000 2000] failed
09-10 18:39:59.208  4092  4092 W C02c02/PARAM: Selinux check name persist.init.debug.loglevel in u:object_r:startup_init_param:s0 [4092 2000 2000] failed
09-10 18:39:59.208  4091  4091 W C02c02/PARAM: SystemReadParam failed!name is:persist.init.debug.loglevel,err:1002
09-10 18:39:59.208  4092  4092 W C02c02/PARAM: Selinux check name persist.init.debug.loglevel in u:object_r:startup_init_param:s0 [4092 2000 2000] failed
09-10 18:39:59.208  4093  4093 W C02c02/PARAM: Selinux check name persist.init.debug.loglevel in u:object_r:startup_init_param:s0 [4093 2000 2000] failed
09-10 18:39:59.208  4092  4092 W C02c02/PARAM: SystemReadParam failed!name is:persist.init.debug.loglevel,err:1002
09-10 18:39:59.208  4093  4093 W C02c02/PARAM: SystemReadParam failed!name is:persist.init.debug.loglevel,err:1002
09-10 18:39:59.213  4094  4094 W C02c02/PARAM: Selinux check name persist.init.debug.loglevel in u:object_r:startup_init_param:s0 [4094 2000 2000] failed
09-10 18:39:59.213  4094  4094 W C02c02/PARAM: Selinux check name persist.init.debug.loglevel in u:object_r:startup_init_param:s0 [4094 2000 2000] failed
09-10 18:39:59.213  4095  4095 W C02c02/PARAM: Selinux check name persist.init.debug.loglevel in u:object_r:startup_init_param:s0 [4095 2000 2000] failed
09-10 18:39:59.213  4094  4094 W C02c02/PARAM: SystemReadParam failed!name is:persist.init.debug.loglevel,err:1002
09-10 18:39:59.213  4095  4095 W C02c02/PARAM: Selinux check name persist.init.debug.loglevel in u:object_r:startup_init_param:s0 [4095 2000 2000] failed
09-10 18:39:59.213  4095  4095 W C02c02/PARAM: SystemReadParam failed!name is:persist.init.debug.loglevel,err:1002
09-10 18:39:59.344  2458  2458 W A01c06/ICON: AppIconWeatherModel --> initWeatherListener, retryTimes: 4
09-10 18:39:59.345   490  1514 E C01707/CONCUR: [Interface] task 1514 apply qos failed, errno = 4
09-10 18:39:59.345   490  1514 E C01611/QosManager: QosManager: Failed to set thread QoS to QOS_USER_INTERACTIVE, ret: -1
09-10 18:39:59.346   782   782 W C01123/BMSCommon: bundle not exist -n com.huawei.hmsapp.totemweather -u 100 -i 0 -f 32
09-10 18:39:59.346   782   782 W C01121/BMSQuery: GetBundleInfo failed -n com.huawei.hmsapp.totemweather -u 100
09-10 18:39:59.346   490  1514 E C01651/BundleMgrProxy: GetBundleInfoFromBMS: GetBundleInfo failed!bundleName is com.huawei.hmsapp.totemweather, userId is 100
09-10 18:39:59.346   490  1514 E C01651/DataProviderConfig: GetFromProxyData: Get bundleInfo failed! bundleName:com.huawei.hmsapp.totemweather, userId:100, visitedId:100, uri:******icIconInfo
09-10 18:39:59.346   490  1514 E C01651/DataShareServiceImpl: GetBMSAndMetaDataStatus: CalledInfo failed! token:0x2002a7c3,ret:1001,uri:******icIconInfo
09-10 18:39:59.346   490  1514 E C01651/DataShareServiceImpl: GetSilentProxyStatus: BMS or metaData not ready to complete, token:0x2002a7c3, uri:******icIconInfo
09-10 18:39:59.346  2458  2458 E A01c06/ICON: AppIconWeatherModel --> get weather info failed, code: 15700010, message: The DataShareHelper is not initialized successfully.
09-10 18:39:59.404   125   785 I C01800/SAMGR: NF SA:65962,832_147939
09-10 18:39:59.412  4097  4097 W C02c02/PARAM: Selinux check name persist.init.debug.loglevel in u:object_r:startup_init_param:s0 [4097 2000 2000] failed
09-10 18:39:59.412  4097  4097 W C02c02/PARAM: Selinux check name persist.init.debug.loglevel in u:object_r:startup_init_param:s0 [4097 2000 2000] failed
09-10 18:39:59.412  4097  4097 W C02c02/PARAM: SystemReadParam failed!name is:persist.init.debug.loglevel,err:1002
09-10 18:39:59.415  4099  4099 W C02c02/PARAM: Selinux check name persist.init.debug.loglevel in u:object_r:startup_init_param:s0 [4099 2000 2000] failed
09-10 18:39:59.415  4099  4099 W C02c02/PARAM: Selinux check name persist.init.debug.loglevel in u:object_r:startup_init_param:s0 [4099 2000 2000] failed
09-10 18:39:59.415  4099  4099 W C02c02/PARAM: SystemReadParam failed!name is:persist.init.debug.loglevel,err:1002
09-10 18:39:59.418  4100  4100 W C02c02/PARAM: Selinux check name persist.init.debug.loglevel in u:object_r:startup_init_param:s0 [4100 2000 2000] failed
09-10 18:39:59.418  4100  4100 W C02c02/PARAM: Selinux check name persist.init.debug.loglevel in u:object_r:startup_init_param:s0 [4100 2000 2000] failed
09-10 18:39:59.418  4100  4100 W C02c02/PARAM: SystemReadParam failed!name is:persist.init.debug.loglevel,err:1002
09-10 18:39:59.605   125   785 I C01800/SAMGR: NF SA:65962,832_147940
09-10 18:39:59.805   125   785 I C01800/SAMGR: NF SA:65962,832_147941
09-10 18:39:59.887  1266  4101 I C01562/ScanStateMachine: CommonScan::ExecuteStateMsg.
09-10 18:39:59.887  1266  4101 I C01562/ScanStateMachine: HardwareReady::ExecuteStateMsg.
09-10 18:39:59.887  1266  4101 I C01562/ScanStateMachine: Enter ReportScanInnerEvent, event is 200.
09-10 18:39:59.887  1266  4101 I C01562/ScanService: Enter HandleScanStatusReport, status:6
09-10 18:39:59.887  1266  4101 I C01562/ScanService: Enter HandleInnerEventReport.
09-10 18:39:59.887  1266  4101 I C01562/ScanService: Enter StartSystemTimerScan, scanAtOnce: 1.
09-10 18:39:59.887  1266  4101 I C01562/ScanService: Enter AllowSystemTimerScan.
09-10 18:39:59.887  1266  4101 I C01562/ScanService: Enter AllowScanDuringStaScene, staScene:3, scanMode:6
09-10 18:39:59.887  1266  4101 I C01562/ScanService: Enter SystemScanByInterval.
09-10 18:39:59.887  1266  4101 I C01562/ScanService: Enter SystemScanDisconnectedPolicy
09-10 18:39:59.887  1266  4101 I C01562/ScanService: allow system timer scan
09-10 18:39:59.887  1266  4101 I C01562/ScanService: AllowScanByType, scanType:3, scanStyle:0, allScanResult:0
09-10 18:39:59.887  1266  4101 I C01562/ScanService: Enter Scan, scanType:3, scanStyle:0.
09-10 18:39:59.887  1266  4101 I C01562/ScanService: Enter GetHiddenNetworkSsidList.
09-10 18:39:59.888  1266  4101 I C01562/ScanService: Find 0 hidden NetworkSsid.
09-10 18:39:59.888  1266  4101 I C01562/ScanService: Enter SingleScan.
09-10 18:39:59.888  1266  4101 I C01562/ScanService: Enter GetAllowBandFreqsControlInfo.
09-10 18:39:59.888  1266  4101 I C01562/ScanService: Enter AllowScanDuringStaScene, staScene:3, scanMode:8
09-10 18:39:59.888  1266  4101 I C01562/ScanService: Enter AllowScanDuringStaScene, staScene:3, scanMode:9
09-10 18:39:59.888  1266  4101 I C01562/ScanService: Enter StoreRequestScanConfig.
09-10 18:39:59.888  1266  4101 I C01562/ScanService: StoreRequestScanConfig, add success, scanConfigStoreIndex: 5458
09-10 18:39:59.888  1266  4101 I C01562/ScanService: Enter AddScanMessageBody.
09-10 18:39:59.888  1266  4101 I C01562/ScanService: StartSystemTimerScan, scanTime: 60,  interval:60,  count:5458
09-10 18:39:59.888  1266  4101 I C01562/ScanStateMachine: CommonScanRequestProcess.
09-10 18:39:59.888  1266  4101 I C01562/ScanStateMachine: Enter GetRequestMsgInfo.
09-10 18:39:59.888  1266  4101 I C01562/ScanStateMachine: Enter GetCommonScanConfig.
09-10 18:39:59.888  1266  4101 I C01562/ScanStateMachine: Enter StartNewCommonScan.
09-10 18:39:59.888  1266  4101 E C01562/ScanStateMachine: invalid scan style.
09-10 18:39:59.888  1266  4101 I C01562/ScanStateMachine: Enter StartSingleCommonScan.
09-10 18:39:59.888  1266  4101 I C01562/ScanStateMachine: Begin call Scan.
09-10 18:39:59.889  1266  4101 I C01560/WifiStaHalInterface: call WifiStaHalInterface::0!
09-10 18:39:59.891   590   599 I C01566/HDF_LOG_TAG: start scan
09-10 18:39:59.891  1266  4101 I C01560/HalDeviceManager: Scan success
09-10 18:39:59.891  1266  4101 I C01562/ScanStateMachine: End call Scan.
09-10 18:39:59.891  1266  4101 E C01560/OHWIFI_STATE_MACHINE: SwitchState, Switch to targetState: CommonScanning.
09-10 18:39:59.891  1266  4101 I C01562/ScanStateMachine: StartNewCommonScan success.
09-10 18:39:59.891  1266  4101 I C01562/ScanStateMachine: Enter CommonScanUnworked::GoOutState.
09-10 18:39:59.892  1266  4101 I C01562/ScanStateMachine: Enter CommonScanning::GoInState.
09-10 18:39:59.892  1389  1403 I C05200/wpa_supplicant: nl80211: Drv Event 33 (NL80211_CMD_TRIGGER_SCAN) received for wlan0
09-10 18:39:59.892  1389  1403 I C05200/wpa_supplicant: wlan0: Event SCAN_STARTED (47) received
09-10 18:39:59.892   782  4103 I C01202/Unordered: Pid 1266 publish usual.event.wifi.SCAN_START to -1 end(1,1,0,0)
09-10 18:39:59.893   316  4044 I C01f0b/Common: WifiScan start type=0
09-10 18:39:59.936  4106  4106 W C02c02/PARAM: Selinux check name persist.init.debug.loglevel in u:object_r:startup_init_param:s0 [4106 2000 2000] failed
09-10 18:39:59.936  4106  4106 W C02c02/PARAM: Selinux check name persist.init.debug.loglevel in u:object_r:startup_init_param:s0 [4106 2000 2000] failed
09-10 18:39:59.936  4106  4106 W C02c02/PARAM: SystemReadParam failed!name is:persist.init.debug.loglevel,err:1002
09-10 18:39:59.939  4106  4106 W C02c02/PARAM: Selinux check name persist.init.debug.loglevel in u:object_r:startup_init_param:s0 [4106 2000 2000] failed
09-10 18:39:59.939  4106  4106 W C02c02/PARAM: Selinux check name persist.init.debug.loglevel in u:object_r:startup_init_param:s0 [4106 2000 2000] failed
09-10 18:39:59.939  4106  4106 W C02c02/PARAM: SystemReadParam failed!name is:persist.init.debug.loglevel,err:1002
09-10 18:40:00.000   458   470 I C01c42/TimeService: TK
09-10 18:40:00.000   458   470 W C01c42/TimeService: id:994184523 we:327265142
09-10 18:40:00.000   458   470 W C01c42/TimeService: t3 327265142
09-10 18:40:00.000   458   470 I C01c42/TimeService: tick id:994184523 time:1789036860
09-10 18:40:00.007   125   785 I C01800/SAMGR: NF SA:65962,832_147942
09-10 18:40:00.007   832   925 E C01810/SA_CLIENT: GetSaWrap SA:65962 not start
09-10 18:40:00.007   832   925 I C01409/APS_MANAGER: request system service object is not ready yet!
09-10 18:40:00.044  2599  4109 I C02b70/MediaLibrary: BackgroundCloudBatchSelectedFileProcessor:{TriggerAutoResumeBatchDownloadResourceCheck:1206} BatchSelectFileDownload Timely Check AutoResume Processor with task running ext
09-10 18:40:00.049  2458  2458 I A01a00/SYS_UI: StatisticsMaintenance: report statistics, do not limit
09-10 18:40:00.049  2458  2458 I A01a00/SYS_UI: MaintenanceRecord: Send maintenance event(1), extendType(6), ext: [{"ntfNum":{},"liveViewNum":{},"showPanelTime":[],"queueNum":0,"dropNum":[0,0],"volume":-2,"version":1,"taskException":"","swingStatus":""}]
09-10 18:40:00.049   782  4108 I C01202/Unordered: Pid 458 publish usual.event.TIME_TICK to -1 end(6,6,0,0)
09-10 18:40:00.051  2458  2458 I A01a01/NC: StatusBarSysEventUtil: onTimeChangeEvent
09-10 18:40:00.052  2458  2458 W A01c06/ICON: AppIconCalendarCache --> receive date change event, nowData: 10, dateText: ,image is transparent: false, image is empty: true
09-10 18:40:00.052  2458  2458 W A01c06/ICON: AppIconCalendarCache --> com.huawei.hmos.calendar is not dynamic icon, bundleName is com.huawei.hmos.calendar
09-10 18:40:00.052  2458  2458 E A01c06/ICON: AppIconCalendarCache --> backgroundImage resource error
09-10 18:40:00.052  2458  2458 E A01c06/ICON: AppIconCalendarCache --> calendarForegroundBuilder is null
09-10 18:40:00.054  2458  2458 I A01a00/SYS_UI: MaintenanceRecord: Send maintenance event(1) to push success
09-10 18:40:00.055   782  4103 I C01202/Unordered: Pid 2458 publish sceneboard.event.PUSH_AGENT to 100 end(1,1,0,0)
09-10 18:40:00.057   592   804 I C02511/HDF_LOG_TAG: [a92abb89000df9d] BL active,T=65
09-10 18:40:00.057   690   808 E C02510/power_interface_proxy: [a92abb89000df9d] HoldRunningLockExt_ failed, error code is -1
09-10 18:40:00.058   690   808 E C02908/PowerRunningLock: [a92abb89000df9d] try lock increase fail,N:push_manager_service_sceneboardPushAgentEventThread_85155,T:65,C:0
09-10 18:40:00.058   690   808 I C02908/PowerRunningLock: [a92abb89000df9d] Timerid=24322,Ms=5000
09-10 18:40:00.058   436  4114 I C05300/push0: [a92abb89000df9d] This is SceneboardPushAgentProcessor, code is 0
09-10 18:40:00.058   436  4114 I C05300/push0: [a92abb89000df9d] Report notification center result to ha begin
09-10 18:40:00.058   690   808 I C02908/PowerRunningLock: [a92abb89000df9d] timer exist,unregistId=24322
09-10 18:40:00.058   690   808 I C02908/PowerRunningLock: [a92abb89000df9d] UL N=push_manager_service_sceneboardPushAgentEventThread_85155
09-10 18:40:00.059   436  4115 I C04707/HaClientLite: [a92abb89000df9d] SetConfigOptions(push_service1)
09-10 18:40:00.059   436  4115 I C04707/HaClientLite: [a92abb89000df9d] OnEvents(push_service1, 2)
09-10 18:40:00.077  9158  9158 I C0392c/AceForEach: [(100000:100000:scope)] ForEachNode skip mark dirty. Id[15524], Ids.size[15]
09-10 18:40:00.092   764   764 E C01406/RSScreenManager: IsAllScreensPowerOff: screenPowerStatus_ is empty.
09-10 18:40:00.097   764   855 I C01406/skia: RSSurfaceRenderNodeDrawable::OnDraw name:com.ohos.sceneboardEngineServiceAbility, the number of total processedNodes: 9
09-10 18:40:00.128   764   855 E C02515/DGLES: [d_eglSwapBuffers_special@egl_gpu.cpp:729] thread output size 629158 speed 10k/s API_num 83
09-10 18:40:00.129   626  3268 W C02515/DISP: [SetLayerMaskInfo:495] <private> is not supported
09-10 18:40:00.129   626  1059 I C02515/DISP: [CommitComposeLayer:67] CommitComposeLayer! 10
09-10 18:40:00.204  4120  4120 W C02c02/PARAM: Selinux check name persist.init.debug.loglevel in u:object_r:startup_init_param:s0 [4120 2000 2000] failed
09-10 18:40:00.204  4120  4120 W C02c02/PARAM: Selinux check name persist.init.debug.loglevel in u:object_r:startup_init_param:s0 [4120 2000 2000] failed
09-10 18:40:00.204  4120  4120 W C02c02/PARAM: SystemReadParam failed!name is:persist.init.debug.loglevel,err:1002
09-10 18:40:00.207  4122  4122 W C02c02/PARAM: Selinux check name persist.init.debug.loglevel in u:object_r:startup_init_param:s0 [4122 2000 2000] failed
09-10 18:40:00.207  4122  4122 W C02c02/PARAM: Selinux check name persist.init.debug.loglevel in u:object_r:startup_init_param:s0 [4122 2000 2000] failed
09-10 18:40:00.207  4122  4122 W C02c02/PARAM: SystemReadParam failed!name is:persist.init.debug.loglevel,err:1002
09-10 18:40:00.207  4123  4123 W C02c02/PARAM: Selinux check name persist.init.debug.loglevel in u:object_r:startup_init_param:s0 [4123 2000 2000] failed
09-10 18:40:00.207  4123  4123 W C02c02/PARAM: Selinux check name persist.init.debug.loglevel in u:object_r:startup_init_param:s0 [4123 2000 2000] failed
09-10 18:40:00.207  4123  4123 W C02c02/PARAM: SystemReadParam failed!name is:persist.init.debug.loglevel,err:1002
09-10 18:40:00.207  4124  4124 W C02c02/PARAM: Selinux check name persist.init.debug.loglevel in u:object_r:startup_init_param:s0 [4124 2000 2000] failed
09-10 18:40:00.207  4124  4124 W C02c02/PARAM: Selinux check name persist.init.debug.loglevel in u:object_r:startup_init_param:s0 [4124 2000 2000] failed
09-10 18:40:00.207  4124  4124 W C02c02/PARAM: SystemReadParam failed!name is:persist.init.debug.loglevel,err:1002
09-10 18:40:00.211  4125  4125 W C02c02/PARAM: Selinux check name persist.init.debug.loglevel in u:object_r:startup_init_param:s0 [4125 2000 2000] failed
09-10 18:40:00.211  4125  4125 W C02c02/PARAM: Selinux check name persist.init.debug.loglevel in u:object_r:startup_init_param:s0 [4125 2000 2000] failed
09-10 18:40:00.211  4125  4125 W C02c02/PARAM: SystemReadParam failed!name is:persist.init.debug.loglevel,err:1002
09-10 18:40:00.212  4126  4126 W C02c02/PARAM: Selinux check name persist.init.debug.loglevel in u:object_r:startup_init_param:s0 [4126 2000 2000] failed
09-10 18:40:00.212  4126  4126 W C02c02/PARAM: Selinux check name persist.init.debug.loglevel in u:object_r:startup_init_param:s0 [4126 2000 2000] failed
09-10 18:40:00.212  4126  4126 W C02c02/PARAM: SystemReadParam failed!name is:persist.init.debug.loglevel,err:1002
09-10 18:40:00.349  2458  2458 W A01c06/ICON: AppIconWeatherModel --> initWeatherListener, retryTimes: 4
09-10 18:40:00.350   490  1514 E C01707/CONCUR: [Interface] task 1514 apply qos failed, errno = 4
09-10 18:40:00.350   490  1514 E C01611/QosManager: QosManager: Failed to set thread QoS to QOS_USER_INTERACTIVE, ret: -1
09-10 18:40:00.350   782   782 W C01123/BMSCommon: bundle not exist -n com.huawei.hmsapp.totemweather -u 100 -i 0 -f 32
09-10 18:40:00.350   782   782 W C01121/BMSQuery: GetBundleInfo failed -n com.huawei.hmsapp.totemweather -u 100
09-10 18:40:00.350   490  1514 E C01651/BundleMgrProxy: GetBundleInfoFromBMS: GetBundleInfo failed!bundleName is com.huawei.hmsapp.totemweather, userId is 100
09-10 18:40:00.350   490  1514 E C01651/DataProviderConfig: GetFromProxyData: Get bundleInfo failed! bundleName:com.huawei.hmsapp.totemweather, userId:100, visitedId:100, uri:******icIconInfo
09-10 18:40:00.350   490  1514 E C01651/DataShareServiceImpl: GetBMSAndMetaDataStatus: CalledInfo failed! token:0x2002a7c3,ret:1001,uri:******icIconInfo
09-10 18:40:00.350   490  1514 E C01651/DataShareServiceImpl: GetSilentProxyStatus: BMS or metaData not ready to complete, token:0x2002a7c3, uri:******icIconInfo
09-10 18:40:00.350  2458  2458 E A01c06/ICON: AppIconWeatherModel --> get weather info failed, code: 15700010, message: The DataShareHelper is not initialized successfully.
09-10 18:40:00.449  4128  4128 W C02c02/PARAM: Selinux check name persist.init.debug.loglevel in u:object_r:startup_init_param:s0 [4128 2000 2000] failed
09-10 18:40:00.449  4128  4128 W C02c02/PARAM: Selinux check name persist.init.debug.loglevel in u:object_r:startup_init_param:s0 [4128 2000 2000] failed
09-10 18:40:00.449  4128  4128 W C02c02/PARAM: SystemReadParam failed!name is:persist.init.debug.loglevel,err:1002
09-10 18:40:00.453  4130  4130 W C02c02/PARAM: Selinux check name persist.init.debug.loglevel in u:object_r:startup_init_param:s0 [4130 2000 2000] failed
09-10 18:40:00.453  4130  4130 W C02c02/PARAM: Selinux check name persist.init.debug.loglevel in u:object_r:startup_init_param:s0 [4130 2000 2000] failed
09-10 18:40:00.453  4130  4130 W C02c02/PARAM: SystemReadParam failed!name is:persist.init.debug.loglevel,err:1002
09-10 18:40:00.455  4131  4131 W C02c02/PARAM: Selinux check name persist.init.debug.loglevel in u:object_r:startup_init_param:s0 [4131 2000 2000] failed
09-10 18:40:00.455  4131  4131 W C02c02/PARAM: Selinux check name persist.init.debug.loglevel in u:object_r:startup_init_param:s0 [4131 2000 2000] failed
09-10 18:40:00.455  4131  4131 W C02c02/PARAM: SystemReadParam failed!name is:persist.init.debug.loglevel,err:1002
09-10 18:40:00.977  4133  4133 W C02c02/PARAM: Selinux check name persist.init.debug.loglevel in u:object_r:startup_init_param:s0 [4133 2000 2000] failed
09-10 18:40:00.977  4133  4133 W C02c02/PARAM: Selinux check name persist.init.debug.loglevel in u:object_r:startup_init_param:s0 [4133 2000 2000] failed
09-10 18:40:00.977  4133  4133 W C02c02/PARAM: SystemReadParam failed!name is:persist.init.debug.loglevel,err:1002
09-10 18:40:00.980  4133  4133 W C02c02/PARAM: Selinux check name persist.init.debug.loglevel in u:object_r:startup_init_param:s0 [4133 2000 2000] failed
09-10 18:40:00.980  4133  4133 W C02c02/PARAM: Selinux check name persist.init.debug.loglevel in u:object_r:startup_init_param:s0 [4133 2000 2000] failed
09-10 18:40:00.980  4133  4133 W C02c02/PARAM: SystemReadParam failed!name is:persist.init.debug.loglevel,err:1002
09-10 18:40:01.203  4136  4136 W C02c02/PARAM: Selinux check name persist.init.debug.loglevel in u:object_r:startup_init_param:s0 [4136 2000 2000] failed
09-10 18:40:01.203  4136  4136 W C02c02/PARAM: Selinux check name persist.init.debug.loglevel in u:object_r:startup_init_param:s0 [4136 2000 2000] failed
09-10 18:40:01.203  4136  4136 W C02c02/PARAM: SystemReadParam failed!name is:persist.init.debug.loglevel,err:1002
09-10 18:40:01.206  4138  4138 W C02c02/PARAM: Selinux check name persist.init.debug.loglevel in u:object_r:startup_init_param:s0 [4138 2000 2000] failed
09-10 18:40:01.206  4138  4138 W C02c02/PARAM: Selinux check name persist.init.debug.loglevel in u:object_r:startup_init_param:s0 [4138 2000 2000] failed
09-10 18:40:01.206  4138  4138 W C02c02/PARAM: SystemReadParam failed!name is:persist.init.debug.loglevel,err:1002
09-10 18:40:01.206  4139  4139 W C02c02/PARAM: Selinux check name persist.init.debug.loglevel in u:object_r:startup_init_param:s0 [4139 2000 2000] failed
09-10 18:40:01.206  4140  4140 W C02c02/PARAM: Selinux check name persist.init.debug.loglevel in u:object_r:startup_init_param:s0 [4140 2000 2000] failed
09-10 18:40:01.206  4140  4140 W C02c02/PARAM: Selinux check name persist.init.debug.loglevel in u:object_r:startup_init_param:s0 [4140 2000 2000] failed
09-10 18:40:01.206  4139  4139 W C02c02/PARAM: Selinux check name persist.init.debug.loglevel in u:object_r:startup_init_param:s0 [4139 2000 2000] failed
09-10 18:40:01.206  4140  4140 W C02c02/PARAM: SystemReadParam failed!name is:persist.init.debug.loglevel,err:1002
09-10 18:40:01.206  4139  4139 W C02c02/PARAM: SystemReadParam failed!name is:persist.init.debug.loglevel,err:1002
09-10 18:40:01.211  4141  4141 W C02c02/PARAM: Selinux check name persist.init.debug.loglevel in u:object_r:startup_init_param:s0 [4141 2000 2000] failed
09-10 18:40:01.211  4141  4141 W C02c02/PARAM: Selinux check name persist.init.debug.loglevel in u:object_r:startup_init_param:s0 [4141 2000 2000] failed
09-10 18:40:01.211  4141  4141 W C02c02/PARAM: SystemReadParam failed!name is:persist.init.debug.loglevel,err:1002
09-10 18:40:01.211  4142  4142 W C02c02/PARAM: Selinux check name persist.init.debug.loglevel in u:object_r:startup_init_param:s0 [4142 2000 2000] failed
09-10 18:40:01.211  4142  4142 W C02c02/PARAM: Selinux check name persist.init.debug.loglevel in u:object_r:startup_init_param:s0 [4142 2000 2000] failed
09-10 18:40:01.211  4142  4142 W C02c02/PARAM: SystemReadParam failed!name is:persist.init.debug.loglevel,err:1002
09-10 18:40:01.225  1266  1774 I C01560/WifiDeviceStub: SetTimer id: 2238, name: WIFI_SVR_CMD_IS_WIFI_ACTIVE.
09-10 18:40:01.225  1266  1774 I C01560/WifiDeviceStub: SetTimer id: 2239, name: WIFI_SVR_CMD_IS_WIFI_CONNECTED.
09-10 18:40:01.225   474 30998 I C02d10/Engine-Common-Utils: IsWifiConnected: IsWifiActive: 1 IsWifiConnected: 0
09-10 18:40:01.225   474 30998 W C02d10/HiView-ReuploadFlow: Run: wifi isn't connected
09-10 18:40:01.352  2458  2458 W A01c06/ICON: AppIconWeatherModel --> initWeatherListener, retryTimes: 4
09-10 18:40:01.353   490  1514 E C01707/CONCUR: [Interface] task 1514 apply qos failed, errno = 4
09-10 18:40:01.353   490  1514 E C01611/QosManager: QosManager: Failed to set thread QoS to QOS_USER_INTERACTIVE, ret: -1
09-10 18:40:01.353   782   782 W C01123/BMSCommon: bundle not exist -n com.huawei.hmsapp.totemweather -u 100 -i 0 -f 32
09-10 18:40:01.353   782   782 W C01121/BMSQuery: GetBundleInfo failed -n com.huawei.hmsapp.totemweather -u 100
09-10 18:40:01.353   490  1514 E C01651/BundleMgrProxy: GetBundleInfoFromBMS: GetBundleInfo failed!bundleName is com.huawei.hmsapp.totemweather, userId is 100
09-10 18:40:01.353   490  1514 E C01651/DataProviderConfig: GetFromProxyData: Get bundleInfo failed! bundleName:com.huawei.hmsapp.totemweather, userId:100, visitedId:100, uri:******icIconInfo
09-10 18:40:01.353   490  1514 E C01651/DataShareServiceImpl: GetBMSAndMetaDataStatus: CalledInfo failed! token:0x2002a7c3,ret:1001,uri:******icIconInfo
09-10 18:40:01.353   490  1514 E C01651/DataShareServiceImpl: GetSilentProxyStatus: BMS or metaData not ready to complete, token:0x2002a7c3, uri:******icIconInfo
09-10 18:40:01.354  2458  2458 E A01c06/ICON: AppIconWeatherModel --> get weather info failed, code: 15700010, message: The DataShareHelper is not initialized successfully.
09-10 18:40:01.411  4144  4144 W C02c02/PARAM: Selinux check name persist.init.debug.loglevel in u:object_r:startup_init_param:s0 [4144 2000 2000] failed
09-10 18:40:01.411  4144  4144 W C02c02/PARAM: Selinux check name persist.init.debug.loglevel in u:object_r:startup_init_param:s0 [4144 2000 2000] failed
09-10 18:40:01.411  4144  4144 W C02c02/PARAM: SystemReadParam failed!name is:persist.init.debug.loglevel,err:1002
09-10 18:40:01.414  4146  4146 W C02c02/PARAM: Selinux check name persist.init.debug.loglevel in u:object_r:startup_init_param:s0 [4146 2000 2000] failed
09-10 18:40:01.414  4146  4146 W C02c02/PARAM: Selinux check name persist.init.debug.loglevel in u:object_r:startup_init_param:s0 [4146 2000 2000] failed
09-10 18:40:01.414  4146  4146 W C02c02/PARAM: SystemReadParam failed!name is:persist.init.debug.loglevel,err:1002
09-10 18:40:01.417  4147  4147 W C02c02/PARAM: Selinux check name persist.init.debug.loglevel in u:object_r:startup_init_param:s0 [4147 2000 2000] failed
09-10 18:40:01.417  4147  4147 W C02c02/PARAM: Selinux check name persist.init.debug.loglevel in u:object_r:startup_init_param:s0 [4147 2000 2000] failed
09-10 18:40:01.417  4147  4147 W C02c02/PARAM: SystemReadParam failed!name is:persist.init.debug.loglevel,err:1002
09-10 18:40:01.421   592   812 W C02943/ThermalHdi: Read node failed, title = brightness
09-10 18:40:01.421   592   812 W C02943/ThermalHdi: Read node failed, title = 
09-10 18:40:01.421   592   812 W C02943/ThermalHdi: Read node failed, title = 
09-10 18:40:01.421   592   812 W C02943/ThermalHdi: Read node failed, title = 
09-10 18:40:01.421   592   812 W C02943/ThermalHdi: Read node failed, title = 
09-10 18:40:01.421   592   812 W C02943/ThermalHdi: Read node failed, title = 
09-10 18:40:01.421   592   812 W C02943/ThermalHdi: Read node failed, title = 
09-10 18:40:01.421   592   812 W C02943/ThermalHdi: Read node failed, title = 
09-10 18:40:01.421   592   812 W C02943/ThermalHdi: Read node failed, title = 
09-10 18:40:01.421   592   812 W C02943/ThermalHdi: Read node failed, title = 
09-10 18:40:01.421   592   812 W C02943/ThermalHdi: Read node failed, title = 
09-10 18:40:01.421   592   812 W C02943/ThermalHdi: Read node failed, title = 
09-10 18:40:01.421   592   812 W C02943/ThermalHdi: Read node failed, title = 
09-10 18:40:01.421   592   812 W C02943/ThermalHdi: Read node failed, title = 
09-10 18:40:01.421   592   812 W C02943/ThermalHdi: Read node failed, title = 
09-10 18:40:01.421   592   812 W C02943/ThermalHdi: Read node failed, title = 
09-10 18:40:01.421   592   812 W C02943/ThermalHdi: Read node failed, title = 
09-10 18:40:01.421   592   812 W C02943/ThermalHdi: Read node failed, title = 
09-10 18:40:01.421   592   812 W C02943/ThermalHdi: Read node failed, title = 
09-10 18:40:01.421   592   812 W C02943/ThermalHdi: Read node failed, title = 
09-10 18:40:01.421   592   812 W C02943/ThermalHdi: Read node failed, title = 
09-10 18:40:01.421   592   812 W C02943/ThermalHdi: Read node failed, title = 
09-10 18:40:01.421   592   812 W C02943/ThermalHdi: Read node failed, title = 
09-10 18:40:01.421   592   812 W C02943/ThermalHdi: Read node failed, title = 
09-10 18:40:01.421   592   812 W C02943/ThermalHdi: Read node failed, title = 
09-10 18:40:01.421   592   812 W C02943/ThermalHdi: Read node failed, title = ambient
09-10 18:40:01.421   592   812 W C02943/ThermalHdi: Read node failed, title = ibat
09-10 18:40:01.421   592   812 W C02943/ThermalHdi: Read node failed, title = vbat
09-10 18:40:01.421   592   812 W C02943/ThermalHdi: Read node failed, title = cpu0_min_freq
09-10 18:40:01.421   592   812 W C02943/ThermalHdi: Read node failed, title = cpu0_cur_freq
09-10 18:40:01.421   592   812 W C02943/ThermalHdi: Read node failed, title = cpu0_max_freq
09-10 18:40:01.421   592   812 W C02943/ThermalHdi: Read node failed, title = cpu4_min_freq
09-10 18:40:01.421   592   812 W C02943/ThermalHdi: Read node failed, title = cpu4_cur_freq
09-10 18:40:01.421   592   812 W C02943/ThermalHdi: Read node failed, title = cpu4_max_freq
09-10 18:40:01.421   592   812 W C02943/ThermalHdi: Read node failed, title = cpu7_min_freq
09-10 18:40:01.422   592   812 W C02943/ThermalHdi: Read node failed, title = cpu7_cur_freq
09-10 18:40:01.422   592   812 W C02943/ThermalHdi: Read node failed, title = cpu7_max_freq
09-10 18:40:01.422   592   812 W C02943/ThermalHdi: Read node failed, title = gpu_min_freq
09-10 18:40:01.422   592   812 W C02943/ThermalHdi: Read node failed, title = gpu_cur_freq
09-10 18:40:01.422   592   812 W C02943/ThermalHdi: Read node failed, title = gpu_max_freq
09-10 18:40:01.422   592   812 W C02943/ThermalHdi: Read node failed, title = ddr_cur_freq
09-10 18:40:01.422   592   812 W C02943/ThermalHdi: Read node failed, title = set_IPApower
09-10 18:40:01.422   592   812 W C02943/ThermalHdi: Read node failed, title = cur_IPApower
09-10 18:40:01.422   592   812 W C02943/ThermalHdi: get node failed
09-10 18:40:01.422   592   812 W C02943/ThermalHdi: get node failed
09-10 18:40:01.422   592   812 W C02943/ThermalHdi: get node failed
09-10 18:40:01.898   490  4078 I C01651/RdbAdaptor: ~RdbDelegate: Destruct. BundleName: com.ohos.settingsdata. StoreName: sett***data. user: 0
09-10 18:40:01.905  3290  3290 I C02500/Qemud: Guest heartbeat success.
09-10 18:40:01.940   474 23514 E C02d66/XPerf: [InquiryOhImpl::ExtractStringValue] Canonical FilePath: /sys/class/ithermal/lpm/lpm_freq failed.
09-10 18:40:01.940   474 23514 E C02d66/XPerf: [InquiryOhImpl::ExtractStringValue] Canonical FilePath: /sys/class/power_supply/Battery/status failed.
09-10 18:40:01.945  4150  4150 W C02c02/PARAM: Selinux check name persist.init.debug.loglevel in u:object_r:startup_init_param:s0 [4150 2000 2000] failed
09-10 18:40:01.945  4150  4150 W C02c02/PARAM: Selinux check name persist.init.debug.loglevel in u:object_r:startup_init_param:s0 [4150 2000 2000] failed
09-10 18:40:01.945  4150  4150 W C02c02/PARAM: SystemReadParam failed!name is:persist.init.debug.loglevel,err:1002
09-10 18:40:01.948  4150  4150 W C02c02/PARAM: Selinux check name persist.init.debug.loglevel in u:object_r:startup_init_param:s0 [4150 2000 2000] failed
09-10 18:40:01.948  4150  4150 W C02c02/PARAM: Selinux check name persist.init.debug.loglevel in u:object_r:startup_init_param:s0 [4150 2000 2000] failed
09-10 18:40:01.948  4150  4150 W C02c02/PARAM: SystemReadParam failed!name is:persist.init.debug.loglevel,err:1002
09-10 18:40:01.969  1389  1403 I C05200/wpa_supplicant: nl80211: Drv Event 34 (NL80211_CMD_NEW_SCAN_RESULTS) received for wlan0
09-10 18:40:01.969  1389  1403 I C05200/wpa_supplicant: nl80211: Scan probed for SSID ''
09-10 18:40:01.969  1389  1403 I C05200/wpa_supplicant: nl80211: Scan included frequencies: 2432 5240
09-10 18:40:01.969  1389  1403 I C05200/wpa_supplicant: wlan0: Event SCAN_RESULTS (3) received
09-10 18:40:01.969  1389  1403 I C05200/wpa_supplicant: nl80211: Received scan results (1 BSSes)
09-10 18:40:01.969  1389  1403 I C05200/wpa_supplicant: The radio work list is empty
09-10 18:40:01.969  1266  1774 I C01562/ScanMonitor: Enter ScanMonitor::ReceiveScanEventFromIdl, result is 2.
09-10 18:40:01.969  1266  1774 I C01562/ScanMonitor: Enter ScanMonitor::ProcessReceiveScanEvent, result is 2.
09-10 18:40:01.969  1266  4102 I C01562/ScanStateMachine: Enter CommonScanning::ExecuteStateMsg.
09-10 18:40:01.969  1266  4102 I C01562/ScanStateMachine: Enter CommonScanInfoProcess.
09-10 18:40:01.969  1266  4102 I C01562/ScanStateMachine: Enter GetScanInfos.
09-10 18:40:01.969  1266  4102 I C01562/ScanStateMachine: Begin: QueryScanInfos.
09-10 18:40:01.969   590   599 E C01566/HDF_LOG_TAG: command.RequestResponse() return 0
09-10 18:40:01.969  1266  4102 I C01560/HalDeviceManager: GetScanInfos success, scan info size:1
09-10 18:40:01.969  1266  4102 E C01560/WifiHdiUtil: GetChanWidthCenterFreq fail.
09-10 18:40:01.969  1266  4102 I C01562/ScanStateMachine: End: QueryScanInfos.
09-10 18:40:01.969  1266  4102 I C01562/ScanStateMachine: Enter GetSecurityTypeAndBand.
09-10 18:40:01.969  1266  4102 I C01562/ScanStateMachine: scanInfoValidSinceTime: 327204034011, total number of valid scan results: 1, filtered invalid scan results total num: 0, filtered savedNetworks: []
09-10 18:40:01.969  1266  4102 I C01562/ScanService: Enter HandleScanStatusReport, status:2
09-10 18:40:01.969  1266  4102 I C01562/ScanService: HandleCommonScanInfo, requestIndexList size: 1.
09-10 18:40:01.969  1266  4102 I C01562/ScanService: Enter InitChipsetInfo
09-10 18:40:01.969   590   599 E C01566/HDF_LOG_TAG: ioctl CMD_WIFI_CATEGORY fail, errno = 95: Not supported
09-10 18:40:01.969   590   599 I C01566/HDF_LOG_TAG: <private> : ret: <private>
09-10 18:40:01.969   590   599 I C01566/HDF_LOG_TAG: GetChipCaps failed
09-10 18:40:01.969  1266  4102 E C02510/concrete_chip_proxy: GetChipCaps_ failed, error code is -1
09-10 18:40:01.969  1266  4102 E C01560/HalDeviceManager: GetChipsetCategory, call GetChipCaps failed! ret:-1
09-10 18:40:01.969  1266  4102 E C01562/ScanService: GetChipsetCategory or GetChipsetWifiFeatrureCapability failed.
09-10 18:40:01.969  1266  4102 I C01562/ScanService: Enter StoreFullScanInfo.
09-10 18:40:01.969  1266  4102 I C01562/ScanService: scanConfig.scanTime is <private>.
09-10 18:40:01.969  1266  4102 I C01562/ScanService: Receive 1 scan results.
09-10 18:40:01.969  1266  4102 I C01560/WifiFrameWork: WifiSettings::GetScanInfoList size = 1
09-10 18:40:01.969  1266  4102 I C01562/ScanService: Save 1 scan results.
09-10 18:40:01.970   782   782 W C01123/BMSCommon: uid(1010) invalid
09-10 18:40:01.970  1292  1397 I C01810/SAFWK: CancelIdle-SA:4353
09-10 18:40:01.970   125   785 I C01800/SAMGR: Scheduler SA:4353 cancel unload start
09-10 18:40:01.970   125   785 I C01800/SAMGR: ActiveSA:4353
09-10 18:40:01.970  1292  1397 I C01810/SAFWK: Active-SA:4353
09-10 18:40:01.970  1292  1397 I C01810/SAFWK: OnActive-SA:4353 end,spend:0ms
09-10 18:40:01.970  1292  1397 I C01810/SAFWK: ActiveSaInner suc to Active SA:4353,spend:1ms
09-10 18:40:01.971   125   785 I C01800/SAMGR: Scheduler SA:4353 loaded
09-10 18:40:01.973   490  1514 E C01707/CONCUR: [Interface] task 1514 apply qos failed, errno = 4
09-10 18:40:01.973   490  1514 E C01611/QosManager: QosManager: Failed to set thread QoS to QOS_USER_INTERACTIVE, ret: -1
09-10 18:40:01.974   490  1514 E C01707/CONCUR: [Interface] task 1514 apply qos failed, errno = 4
09-10 18:40:01.974   490  1514 E C01611/QosManager: QosManager: Failed to set thread QoS to QOS_USER_INTERACTIVE, ret: -1
09-10 18:40:01.975   490  1514 I C01650/SqliteConnection: CreateSlaveConnection:slave cfg:[0,1,0,0,5,0,0]set***.db:<DB,0xc8249,65536,100660><DWR,0xc824a,12288,100670><SHM,0xc824c,32768,100670><WAL,0xc824b,0,100670> master:<DB,0xc8253,65536,100660><DWR,0xc8254,12288,100670><SHM,0xc825d,32768,100670><WAL,0xc8255,0,100670>,[1,0,0,0,1]
09-10 18:40:01.976   490  1514 I C01650/SqliteConnection: SetBinlog:binlog: open /***/el1/***/set***.db
09-10 18:40:01.976   490  1514 I C01631/GaussPD:  [0] [ADAPTER] [548129433944] Not support binlog_default.readIndex file enable del monitor sysno = 25
09-10 18:40:01.976   490  1514 I C01631/GaussPD:  [0] [ADAPTER] [548129433944] Not support binlog_default.writeIndex file enable del monitor sysno = 25
09-10 18:40:01.976   490  1514 I C01650/ConnectionPool: Create:code:0 app[com.ohos.settingsdata:] area[el1] cfg[0,1,0,0,5,0,0]set***.db:<DB,0xc8253,65536,100660><DWR,0xc8254,12288,100670><SHM,0xc825d,32768,100670><WAL,0xc8255,0,100670>, pathSize:72
09-10 18:40:01.977   490  1514 W C01610/DataBaseUtilsAcl: AclFromFile: The getxattr failed. error Permission denied path /da***se/
09-10 18:40:01.977   490  1514 E C01610/DataBaseUtilsAcl: SetAcl: Failed to write into file's xattr: Operation not permitted
09-10 18:40:01.977   490  1514 E C01610/DataBaseUtilsAcl: SetAcl: Failed to write into file's xattr: Operation not permitted
09-10 18:40:01.977   490  1514 E C01610/DataBaseUtilsAcl: SetAcl: Failed to write into file's xattr: Operation not permitted
09-10 18:40:01.977   490  1514 E C01610/DataBaseUtilsAcl: SetAcl: Failed to write into file's xattr: Operation not permitted
09-10 18:40:01.977   490  1514 E C01610/DataBaseUtilsAcl: SetAcl: Failed to write into file's xattr: Operation not permitted
09-10 18:40:01.977   490  1514 E C01610/DataBaseUtilsAcl: SetAcl: Failed to write into file's xattr: Operation not permitted
09-10 18:40:01.977   490  1514 E C01610/DataBaseUtilsAcl: SetAcl: Failed to write into file's xattr: Operation not permitted
09-10 18:40:01.977   490  1514 E C01610/DataBaseUtilsAcl: SetAcl: Failed to write into file's xattr: Operation not permitted
09-10 18:40:01.977   490  1514 E C01610/DataBaseUtilsAcl: SetAcl: Failed to write into file's xattr: Operation not permitted
09-10 18:40:01.977   490  1514 E C01610/DataBaseUtilsAcl: SetAcl: Failed to write into file's xattr: Operation not permitted
09-10 18:40:01.977   490  1514 E C01610/DataBaseUtilsAcl: SetAcl: Failed to write into file's xattr: Operation not permitted
09-10 18:40:01.977   490  1514 E C01610/DataBaseUtilsAcl: SetAcl: Failed to write into file's xattr: Operation not permitted
09-10 18:40:01.977   490  1514 E C01610/DataBaseUtilsAcl: SetAcl: Failed to write into file's xattr: Operation not permitted
09-10 18:40:01.977   490  1514 W C01650/RdbStoreImpl: ExchangeSlaverToMaster:exchange st:3, set***.db,
09-10 18:40:01.977   490  4078 I C01650/SqliteConnection: CreateSlaveConnection:slave cfg:[0,1,0,0,5,0,0]set***.db:<DB,0xc8249,65536,100660><DWR,0xc824a,12288,100670><SHM,0xc824c,32768,100670><WAL,0xc824b,0,100670> master:<DB,0xc8253,65536,100660><DWR,0xc8254,12288,100670><SHM,0xc825d,32768,100670><WAL,0xc8255,0,100670>,[1,0,0,0,1]
09-10 18:40:01.978   490  4078 I C01650/SqliteConnection: SetBinlog:binlog: open /***/el1/***/set***.db
09-10 18:40:01.978  1292  1397 E C01651/shared_block: GetCellUnit: Failed to read row 1, column 2 from a SharedBlock which has 0 rows, 0 columns.
09-10 18:40:01.978   490  4078 I C01631/GaussPD:  [0] [ADAPTER] [548117674328] Not support binlog_default.readLock file enable del monitor sysno = 25
09-10 18:40:01.978  1292  1397 E C02300/Locator_standard: [(GetStringValue:148)]GetStringValue can not get value
09-10 18:40:01.978   490  4078 I C01631/GaussPD:  [0] [ADAPTER] [548117674328] Not support binlog_default.readIndex file enable del monitor sysno = 25
09-10 18:40:01.978   490  4078 I C01631/GaussPD:  [0] [ADAPTER] [548117674328] Not support binlog_default.readIndex file enable del monitor sysno = 25
09-10 18:40:01.978   490  4078 I C01631/GaussPD:  [0] [ADAPTER] [548117674328] Not support binlog_default.writeIndex file enable del monitor sysno = 25
09-10 18:40:01.978   490  4078 I C01631/GaussPD:  [0] [ADAPTER] [548117674328] Not support binlog_default.00000 file enable del monitor sysno = 25
09-10 18:40:01.978   490  4078 I C01631/GaussPD:  [0] [ADAPTER] [548117674328] Not support binlog_default.writeIndex file enable del monitor sysno = 25
09-10 18:40:01.978   490  4078 I C01631/GaussPD:  [0] [STORAGE] [548117674328] |BinlogRead||VerifyReadInfo| read binlog files finish.
09-10 18:40:01.978   490  4078 I C01631/GaussPD:  [0] [STORAGE] [548117674328] |BinlogRead||ProcReadBeginStage| Verify read info and read finish
09-10 18:40:01.978   490  4078 I C01631/GaussPD:  [0] [STORAGE] [548117674328] |Binlog||BinlogRead| reading all binlog files is complete
09-10 18:40:01.978   490  4078 I C01650/SqliteConnection: CompareWithSlave:equal, main:4,slave:4
09-10 18:40:01.978   490  4078 I C01650/RdbStoreImpl: operator():async exchange st:0,
09-10 18:40:01.979   490  1514 E C01707/CONCUR: [Interface] task 1514 apply qos failed, errno = 4
09-10 18:40:01.979   490  1514 E C01611/QosManager: QosManager: Failed to set thread QoS to QOS_USER_INTERACTIVE, ret: -1
09-10 18:40:01.980   490  1514 E C01707/CONCUR: [Interface] task 1514 apply qos failed, errno = 4
09-10 18:40:01.980   490  1514 E C01611/QosManager: QosManager: Failed to set thread QoS to QOS_USER_INTERACTIVE, ret: -1
09-10 18:40:01.981  1292  1397 E C01651/shared_block: GetCellUnit: Failed to read row 1, column 2 from a SharedBlock which has 0 rows, 0 columns.
09-10 18:40:01.981  1292  1397 E C02300/Locator_standard: [(GetStringValue:148)]GetStringValue can not get value
09-10 18:40:01.981  1292  1397 E C02300/LocationDbManager: [(GetScanWhiteListStr:481)]GetScanWhiteListStr: query scan white list failed, errcode = 3301000
09-10 18:40:01.981  1266  4102 I C01562/ScanService: No need to report scan finish event.
09-10 18:40:01.981  1266  4102 I C01560/WifiFrameWork: WifiSettings::GetScanInfoList size = 1
09-10 18:40:01.981  1266  4102 I C01562/ScanService: Enter GetSavedNetworkSsidList.
09-10 18:40:01.981  1266  4102 I C01562/ScanService: Saved network list size:0
09-10 18:40:01.981  1266  4102 I C01562/ScanService: Enter ScanService::ReportScanInfos.
09-10 18:40:01.981   782  4108 I C01202/Unordered: Pid 1266 publish usual.event.wifi.SCAN_FINISHED to -1 end(2,2,0,0)
09-10 18:40:01.981  1266  4101 I C01566/WifiHmlChannelOptimization: received wifi scan changed event: 1
09-10 18:40:01.981  1266  4102 E C01566/HmlInterface: HmlInterface GetChbaGroupInfo
09-10 18:40:01.981  1266  4102 E C01566/WifiHmlService: GetChbaGroupInfo
09-10 18:40:01.981  1266  4102 E C01566/WifiHmlGroupManager: GetCurrentGroup.
09-10 18:40:01.981  1266  4101 E C01560/MultiLinkUtils: IsDeviceSupportMultiLink chipname is empty or doesn't exist, return unknown
09-10 18:40:01.981  1266  4102 E C01566/WifiHmlService: GetChbaGroupInfo end, freq=0, bw=0, clientNum=0
09-10 18:40:01.981  1266  4101 E C01560/MultiLinkUtils: Chip type not suppoort MultiLink
09-10 18:40:01.982  1266  4102 I C01560/networkSelectionManager: NetworkSelector: { "name": "autoConnectIntegrator" ,"filter": "(notHidden&&notSignalWooWeak)","subNetworkSelectors": [{ "name": "savedNetworkTracker" ,"filter": "(savedWifiFilter&&notPassPoint&&notEphemeral&&enableWifi&&matchUserSelect&&blackListNetworkSelector&&hasInternetNetworkSelector&&recoveryNetworkSelector&&(portalWifiFilter||maybePortal||huaweiGuest)&&noInternetNetworkSelector)","subNetworkSelectors": [{ "name": "hasInternetNetworkSelector" ,"filter": "(notHuaweiGuest&&hasInternet)"},{ "name": "recoveryNetworkSelector" ,"filter": "(notHuaweiGuest&&recovery)"},{ "name": "portalNetworkSelector" ,"filter": "(portalWifiFilter||maybePortal||huaweiGuest)&&notPoorPortal"},{ "name": "noInternetNetworkSelector" ,"filter": "noInternet"},{ "name": "blackListNetworkSelector" ,"filter": "isBlackList"}]},{ "name": "suggestionNetworkTracker" ,"filter": "(suggestionNetworkWifiFilter&&enableWifi&&notEphemeral)"}]}
09-10 18:40:01.982  1266  4102 I C01560/WifiFilter: filteredNetworkCandidates in suggestionNetworkWifiFilter: []
09-10 18:40:01.982  1266  4102 I C01560/WifiFilter: savedWifiFilter: []
09-10 18:40:01.982  1266  4102 I C01560/StaAutoConnectService: AutoSelectDevice return fail.
09-10 18:40:01.982  1266  4102 I C01562/ScanInterface: Enter ScanInterface::OnAutoConnectStateChanged, success:0
09-10 18:40:01.982  1266  4102 I C01562/ScanService: Enter HandleAutoConnectStateChanged
09-10 18:40:01.982  1266  4102 E C01560/OHWIFI_STATE_MACHINE: SwitchState, Switch to targetState: CommonScanUnworked.
09-10 18:40:01.982  1266  4102 I C01562/ScanStateMachine: Enter CommonScanning::GoOutState.
09-10 18:40:01.982  1266  4102 I C01562/ScanStateMachine: Enter ReportCommonScanFailedAndClear.
09-10 18:40:01.982  1266  4102 I C01562/ScanStateMachine: Enter CommonScanUnworked::GoInState.
09-10 18:40:01.982  1266  4102 I C01562/ScanStateMachine: Enter StartNewCommonScan.
09-10 18:40:01.982  1266  4102 I C01562/ScanStateMachine: ScanStateMachine::ContinuePnoScanProcess.
09-10 18:40:02.009   125   785 I C01800/SAMGR: NF SA:65962,832_147943
09-10 18:40:02.061   436  4116 I C05300/push: [a92abb89000df9d] Madvise finish, 20 so optimized
09-10 18:40:02.203  4156  4156 W C02c02/PARAM: Selinux check name persist.init.debug.loglevel in u:object_r:startup_init_param:s0 [4156 2000 2000] failed
09-10 18:40:02.203  4156  4156 W C02c02/PARAM: Selinux check name persist.init.debug.loglevel in u:object_r:startup_init_param:s0 [4156 2000 2000] failed
09-10 18:40:02.203  4156  4156 W C02c02/PARAM: SystemReadParam failed!name is:persist.init.debug.loglevel,err:1002
09-10 18:40:02.206  4158  4158 W C02c02/PARAM: Selinux check name persist.init.debug.loglevel in u:object_r:startup_init_param:s0 [4158 2000 2000] failed
09-10 18:40:02.206  4158  4158 W C02c02/PARAM: Selinux check name persist.init.debug.loglevel in u:object_r:startup_init_param:s0 [4158 2000 2000] failed
09-10 18:40:02.206  4158  4158 W C02c02/PARAM: SystemReadParam failed!name is:persist.init.debug.loglevel,err:1002
09-10 18:40:02.206  4159  4159 W C02c02/PARAM: Selinux check name persist.init.debug.loglevel in u:object_r:startup_init_param:s0 [4159 2000 2000] failed
09-10 18:40:02.206  4159  4159 W C02c02/PARAM: Selinux check name persist.init.debug.loglevel in u:object_r:startup_init_param:s0 [4159 2000 2000] failed
09-10 18:40:02.206  4160  4160 W C02c02/PARAM: Selinux check name persist.init.debug.loglevel in u:object_r:startup_init_param:s0 [4160 2000 2000] failed
09-10 18:40:02.206  4159  4159 W C02c02/PARAM: SystemReadParam failed!name is:persist.init.debug.loglevel,err:1002
09-10 18:40:02.206  4160  4160 W C02c02/PARAM: Selinux check name persist.init.debug.loglevel in u:object_r:startup_init_param:s0 [4160 2000 2000] failed
09-10 18:40:02.206  4160  4160 W C02c02/PARAM: SystemReadParam failed!name is:persist.init.debug.loglevel,err:1002
09-10 18:40:02.209   125   785 I C01800/SAMGR: NF SA:65962,832_147944
09-10 18:40:02.211  4161  4161 W C02c02/PARAM: Selinux check name persist.init.debug.loglevel in u:object_r:startup_init_param:s0 [4161 2000 2000] failed
09-10 18:40:02.211  4161  4161 W C02c02/PARAM: Selinux check name persist.init.debug.loglevel in u:object_r:startup_init_param:s0 [4161 2000 2000] failed
09-10 18:40:02.211  4161  4161 W C02c02/PARAM: SystemReadParam failed!name is:persist.init.debug.loglevel,err:1002
09-10 18:40:02.211  4162  4162 W C02c02/PARAM: Selinux check name persist.init.debug.loglevel in u:object_r:startup_init_param:s0 [4162 2000 2000] failed
09-10 18:40:02.211  4162  4162 W C02c02/PARAM: Selinux check name persist.init.debug.loglevel in u:object_r:startup_init_param:s0 [4162 2000 2000] failed
09-10 18:40:02.211  4162  4162 W C02c02/PARAM: SystemReadParam failed!name is:persist.init.debug.loglevel,err:1002
09-10 18:40:02.356  2458  2458 W A01c06/ICON: AppIconWeatherModel --> initWeatherListener, retryTimes: 4
09-10 18:40:02.358   490  1514 E C01707/CONCUR: [Interface] task 1514 apply qos failed, errno = 4
09-10 18:40:02.358   490  1514 E C01611/QosManager: QosManager: Failed to set thread QoS to QOS_USER_INTERACTIVE, ret: -1
09-10 18:40:02.358   782   782 W C01123/BMSCommon: bundle not exist -n com.huawei.hmsapp.totemweather -u 100 -i 0 -f 32
09-10 18:40:02.358   782   782 W C01121/BMSQuery: GetBundleInfo failed -n com.huawei.hmsapp.totemweather -u 100
09-10 18:40:02.358   490  1514 E C01651/BundleMgrProxy: GetBundleInfoFromBMS: GetBundleInfo failed!bundleName is com.huawei.hmsapp.totemweather, userId is 100
09-10 18:40:02.358   490  1514 E C01651/DataProviderConfig: GetFromProxyData: Get bundleInfo failed! bundleName:com.huawei.hmsapp.totemweather, userId:100, visitedId:100, uri:******icIconInfo
09-10 18:40:02.358   490  1514 E C01651/DataShareServiceImpl: GetBMSAndMetaDataStatus: CalledInfo failed! token:0x2002a7c3,ret:1001,uri:******icIconInfo
09-10 18:40:02.358   490  1514 E C01651/DataShareServiceImpl: GetSilentProxyStatus: BMS or metaData not ready to complete, token:0x2002a7c3, uri:******icIconInfo
09-10 18:40:02.358  2458  2458 E A01c06/ICON: AppIconWeatherModel --> get weather info failed, code: 15700010, message: The DataShareHelper is not initialized successfully.
09-10 18:40:02.409  4164  4164 W C02c02/PARAM: Selinux check name persist.init.debug.loglevel in u:object_r:startup_init_param:s0 [4164 2000 2000] failed
09-10 18:40:02.410   125   785 I C01800/SAMGR: NF SA:65962,832_147945
09-10 18:40:02.410  4164  4164 W C02c02/PARAM: Selinux check name persist.init.debug.loglevel in u:object_r:startup_init_param:s0 [4164 2000 2000] failed
09-10 18:40:02.410  4164  4164 W C02c02/PARAM: SystemReadParam failed!name is:persist.init.debug.loglevel,err:1002
09-10 18:40:02.412  4166  4166 W C02c02/PARAM: Selinux check name persist.init.debug.loglevel in u:object_r:startup_init_param:s0 [4166 2000 2000] failed
09-10 18:40:02.412  4166  4166 W C02c02/PARAM: Selinux check name persist.init.debug.loglevel in u:object_r:startup_init_param:s0 [4166 2000 2000] failed
09-10 18:40:02.412  4166  4166 W C02c02/PARAM: SystemReadParam failed!name is:persist.init.debug.loglevel,err:1002
09-10 18:40:02.416  4167  4167 W C02c02/PARAM: Selinux check name persist.init.debug.loglevel in u:object_r:startup_init_param:s0 [4167 2000 2000] failed
09-10 18:40:02.416  4167  4167 W C02c02/PARAM: Selinux check name persist.init.debug.loglevel in u:object_r:startup_init_param:s0 [4167 2000 2000] failed
09-10 18:40:02.416  4167  4167 W C02c02/PARAM: SystemReadParam failed!name is:persist.init.debug.loglevel,err:1002
09-10 18:40:02.521  2458  2640 I C03f05/NAPI: taskpool:: A:3, R:0, I:3, O:0
09-10 18:40:02.611   125   785 I C01800/SAMGR: NF SA:65962,832_147946
09-10 18:40:02.811   125   785 I C01800/SAMGR: NF SA:65962,832_147947
09-10 18:40:02.936  4169  4169 W C02c02/PARAM: Selinux check name persist.init.debug.loglevel in u:object_r:startup_init_param:s0 [4169 2000 2000] failed
09-10 18:40:02.937  4169  4169 W C02c02/PARAM: Selinux check name persist.init.debug.loglevel in u:object_r:startup_init_param:s0 [4169 2000 2000] failed
09-10 18:40:02.937  4169  4169 W C02c02/PARAM: SystemReadParam failed!name is:persist.init.debug.loglevel,err:1002
09-10 18:40:02.940  4169  4169 W C02c02/PARAM: Selinux check name persist.init.debug.loglevel in u:object_r:startup_init_param:s0 [4169 2000 2000] failed
09-10 18:40:02.940  4169  4169 W C02c02/PARAM: Selinux check name persist.init.debug.loglevel in u:object_r:startup_init_param:s0 [4169 2000 2000] failed
09-10 18:40:02.940  4169  4169 W C02c02/PARAM: SystemReadParam failed!name is:persist.init.debug.loglevel,err:1002
09-10 18:40:03.013   125   785 I C01800/SAMGR: NF SA:65962,832_147948
09-10 18:40:03.203  4172  4172 W C02c02/PARAM: Selinux check name persist.init.debug.loglevel in u:object_r:startup_init_param:s0 [4172 2000 2000] failed
09-10 18:40:03.203  4172  4172 W C02c02/PARAM: Selinux check name persist.init.debug.loglevel in u:object_r:startup_init_param:s0 [4172 2000 2000] failed
09-10 18:40:03.203  4172  4172 W C02c02/PARAM: SystemReadParam failed!name is:persist.init.debug.loglevel,err:1002
09-10 18:40:03.206  4174  4174 W C02c02/PARAM: Selinux check name persist.init.debug.loglevel in u:object_r:startup_init_param:s0 [4174 2000 2000] failed
09-10 18:40:03.207  4174  4174 W C02c02/PARAM: Selinux check name persist.init.debug.loglevel in u:object_r:startup_init_param:s0 [4174 2000 2000] failed
09-10 18:40:03.207  4174  4174 W C02c02/PARAM: SystemReadParam failed!name is:persist.init.debug.loglevel,err:1002
09-10 18:40:03.207  4175  4175 W C02c02/PARAM: Selinux check name persist.init.debug.loglevel in u:object_r:startup_init_param:s0 [4175 2000 2000] failed
09-10 18:40:03.207  4175  4175 W C02c02/PARAM: Selinux check name persist.init.debug.loglevel in u:object_r:startup_init_param:s0 [4175 2000 2000] failed
09-10 18:40:03.207  4175  4175 W C02c02/PARAM: SystemReadParam failed!name is:persist.init.debug.loglevel,err:1002
09-10 18:40:03.213   125   785 I C01800/SAMGR: NF SA:65962,832_147949
09-10 18:40:03.213   832   925 E C01810/SA_CLIENT: GetSaWrap SA:65962 not start
09-10 18:40:03.213   832   925 I C01409/APS_MANAGER: request system service object is not ready yet!
09-10 18:40:03.213  4176  4176 W C02c02/PARAM: Selinux check name persist.init.debug.loglevel in u:object_r:startup_init_param:s0 [4176 2000 2000] failed
09-10 18:40:03.214  4176  4176 W C02c02/PARAM: Selinux check name persist.init.debug.loglevel in u:object_r:startup_init_param:s0 [4176 2000 2000] failed
09-10 18:40:03.214  4176  4176 W C02c02/PARAM: SystemReadParam failed!name is:persist.init.debug.loglevel,err:1002
09-10 18:40:03.217  4177  4177 W C02c02/PARAM: Selinux check name persist.init.debug.loglevel in u:object_r:startup_init_param:s0 [4177 2000 2000] failed
09-10 18:40:03.217  4177  4177 W C02c02/PARAM: Selinux check name persist.init.debug.loglevel in u:object_r:startup_init_param:s0 [4177 2000 2000] failed
09-10 18:40:03.217  4177  4177 W C02c02/PARAM: SystemReadParam failed!name is:persist.init.debug.loglevel,err:1002
09-10 18:40:03.217  4178  4178 W C02c02/PARAM: Selinux check name persist.init.debug.loglevel in u:object_r:startup_init_param:s0 [4178 2000 2000] failed
09-10 18:40:03.217  4178  4178 W C02c02/PARAM: Selinux check name persist.init.debug.loglevel in u:object_r:startup_init_param:s0 [4178 2000 2000] failed
09-10 18:40:03.217  4178  4178 W C02c02/PARAM: SystemReadParam failed!name is:persist.init.debug.loglevel,err:1002
09-10 18:40:03.363  2458  2458 W A01c06/ICON: AppIconWeatherModel --> initWeatherListener, retryTimes: 4
09-10 18:40:03.365   490  1514 E C01707/CONCUR: [Interface] task 1514 apply qos failed, errno = 4
09-10 18:40:03.365   490  1514 E C01611/QosManager: QosManager: Failed to set thread QoS to QOS_USER_INTERACTIVE, ret: -1
09-10 18:40:03.365   782   782 W C01123/BMSCommon: bundle not exist -n com.huawei.hmsapp.totemweather -u 100 -i 0 -f 32
09-10 18:40:03.365   782   782 W C01121/BMSQuery: GetBundleInfo failed -n com.huawei.hmsapp.totemweather -u 100
09-10 18:40:03.365   490  1514 E C01651/BundleMgrProxy: GetBundleInfoFromBMS: GetBundleInfo failed!bundleName is com.huawei.hmsapp.totemweather, userId is 100
09-10 18:40:03.365   490  1514 E C01651/DataProviderConfig: GetFromProxyData: Get bundleInfo failed! bundleName:com.huawei.hmsapp.totemweather, userId:100, visitedId:100, uri:******icIconInfo
09-10 18:40:03.365   490  1514 E C01651/DataShareServiceImpl: GetBMSAndMetaDataStatus: CalledInfo failed! token:0x2002a7c3,ret:1001,uri:******icIconInfo
09-10 18:40:03.365   490  1514 E C01651/DataShareServiceImpl: GetSilentProxyStatus: BMS or metaData not ready to complete, token:0x2002a7c3, uri:******icIconInfo
09-10 18:40:03.365  2458  2458 E A01c06/ICON: AppIconWeatherModel --> get weather info failed, code: 15700010, message: The DataShareHelper is not initialized successfully.
09-10 18:40:03.408  4180  4180 W C02c02/PARAM: Selinux check name persist.init.debug.loglevel in u:object_r:startup_init_param:s0 [4180 2000 2000] failed
09-10 18:40:03.408  4180  4180 W C02c02/PARAM: Selinux check name persist.init.debug.loglevel in u:object_r:startup_init_param:s0 [4180 2000 2000] failed
09-10 18:40:03.408  4180  4180 W C02c02/PARAM: SystemReadParam failed!name is:persist.init.debug.loglevel,err:1002
09-10 18:40:03.411  4182  4182 W C02c02/PARAM: Selinux check name persist.init.debug.loglevel in u:object_r:startup_init_param:s0 [4182 2000 2000] failed
09-10 18:40:03.411  4182  4182 W C02c02/PARAM: Selinux check name persist.init.debug.loglevel in u:object_r:startup_init_param:s0 [4182 2000 2000] failed
09-10 18:40:03.411  4182  4182 W C02c02/PARAM: SystemReadParam failed!name is:persist.init.debug.loglevel,err:1002
09-10 18:40:03.414  4183  4183 W C02c02/PARAM: Selinux check name persist.init.debug.loglevel in u:object_r:startup_init_param:s0 [4183 2000 2000] failed
09-10 18:40:03.414  4183  4183 W C02c02/PARAM: Selinux check name persist.init.debug.loglevel in u:object_r:startup_init_param:s0 [4183 2000 2000] failed
09-10 18:40:03.414  4183  4183 W C02c02/PARAM: SystemReadParam failed!name is:persist.init.debug.loglevel,err:1002
09-10 18:40:03.936  4185  4185 W C02c02/PARAM: Selinux check name persist.init.debug.loglevel in u:object_r:startup_init_param:s0 [4185 2000 2000] failed
09-10 18:40:03.936  4185  4185 W C02c02/PARAM: Selinux check name persist.init.debug.loglevel in u:object_r:startup_init_param:s0 [4185 2000 2000] failed
09-10 18:40:03.936  4185  4185 W C02c02/PARAM: SystemReadParam failed!name is:persist.init.debug.loglevel,err:1002
09-10 18:40:03.938  4185  4185 W C02c02/PARAM: Selinux check name persist.init.debug.loglevel in u:object_r:startup_init_param:s0 [4185 2000 2000] failed
09-10 18:40:03.938  4185  4185 W C02c02/PARAM: Selinux check name persist.init.debug.loglevel in u:object_r:startup_init_param:s0 [4185 2000 2000] failed
09-10 18:40:03.938  4185  4185 W C02c02/PARAM: SystemReadParam failed!name is:persist.init.debug.loglevel,err:1002
09-10 18:40:04.107  4188  4188 W C02c02/PARAM: Selinux check name persist.init.debug.loglevel in u:object_r:startup_init_param:s0 [4188 2000 2000] failed
09-10 18:40:04.107  4188  4188 W C02c02/PARAM: Selinux check name persist.init.debug.loglevel in u:object_r:startup_init_param:s0 [4188 2000 2000] failed
09-10 18:40:04.107  4188  4188 W C02c02/PARAM: SystemReadParam failed!name is:persist.init.debug.loglevel,err:1002
09-10 18:40:04.111  4190  4190 I C02d20/DumperService: SetCmdArgs# hidumper cmd:hidumper -s 1201 -a -p Faultlogger -LogSuffixWithMs , calllingUid=2000, calllingPid=4190, ppid:4188.
09-10 18:40:04.111  4190  4191 W C057c1/IPCWorkThread: ThreadHandler: proto:0 policy:1 name:OS_IPC_0_4191 invoker:2273337984
09-10 18:40:04.111  4190  4192 W C057c1/IPCWorkThread: ThreadHandler: proto:0 policy:0 name:OS_IPC_1_4192 invoker:2300914176
09-10 18:40:04.112  3904  3905 I C02d20/DumperService: DelayUnloadTask# recieve new request, delay unload task begin, calllingPid=4190
09-10 18:40:04.112   474  3418 I C02d11/Faultlogger: DumpByCommands: DumpRequest: detail:0, list:0, file:, name:, time:-1
09-10 18:40:04.113  3904  3905 I C02d20/DumperService: GetData# SA name:1201 dump success, cmd:-p Faultlogger -LogSuffixWithMs , calllingPid=4190!
09-10 18:40:04.204  4195  4195 W C02c02/PARAM: Selinux check name persist.init.debug.loglevel in u:object_r:startup_init_param:s0 [4195 2000 2000] failed
09-10 18:40:04.204  4195  4195 W C02c02/PARAM: Selinux check name persist.init.debug.loglevel in u:object_r:startup_init_param:s0 [4195 2000 2000] failed
09-10 18:40:04.204  4195  4195 W C02c02/PARAM: SystemReadParam failed!name is:persist.init.debug.loglevel,err:1002
09-10 18:40:04.207  4197  4197 W C02c02/PARAM: Selinux check name persist.init.debug.loglevel in u:object_r:startup_init_param:s0 [4197 2000 2000] failed
09-10 18:40:04.207  4197  4197 W C02c02/PARAM: Selinux check name persist.init.debug.loglevel in u:object_r:startup_init_param:s0 [4197 2000 2000] failed
09-10 18:40:04.207  4197  4197 W C02c02/PARAM: SystemReadParam failed!name is:persist.init.debug.loglevel,err:1002
09-10 18:40:04.207  4199  4199 W C02c02/PARAM: Selinux check name persist.init.debug.loglevel in u:object_r:startup_init_param:s0 [4199 2000 2000] failed
09-10 18:40:04.207  4199  4199 W C02c02/PARAM: Selinux check name persist.init.debug.loglevel in u:object_r:startup_init_param:s0 [4199 2000 2000] failed
09-10 18:40:04.207  4198  4198 W C02c02/PARAM: Selinux check name persist.init.debug.loglevel in u:object_r:startup_init_param:s0 [4198 2000 2000] failed
09-10 18:40:04.207  4198  4198 W C02c02/PARAM: Selinux check name persist.init.debug.loglevel in u:object_r:startup_init_param:s0 [4198 2000 2000] failed
09-10 18:40:04.207  4198  4198 W C02c02/PARAM: SystemReadParam failed!name is:persist.init.debug.loglevel,err:1002
09-10 18:40:04.208  4199  4199 W C02c02/PARAM: SystemReadParam failed!name is:persist.init.debug.loglevel,err:1002
09-10 18:40:04.212  4200  4200 W C02c02/PARAM: Selinux check name persist.init.debug.loglevel in u:object_r:startup_init_param:s0 [4200 2000 2000] failed
09-10 18:40:04.212  4200  4200 W C02c02/PARAM: Selinux check name persist.init.debug.loglevel in u:object_r:startup_init_param:s0 [4200 2000 2000] failed
09-10 18:40:04.212  4200  4200 W C02c02/PARAM: SystemReadParam failed!name is:persist.init.debug.loglevel,err:1002
09-10 18:40:04.212  4201  4201 W C02c02/PARAM: Selinux check name persist.init.debug.loglevel in u:object_r:startup_init_param:s0 [4201 2000 2000] failed
09-10 18:40:04.212  4201  4201 W C02c02/PARAM: Selinux check name persist.init.debug.loglevel in u:object_r:startup_init_param:s0 [4201 2000 2000] failed
09-10 18:40:04.212  4201  4201 W C02c02/PARAM: SystemReadParam failed!name is:persist.init.debug.loglevel,err:1002
09-10 18:40:04.369  2458  2458 W A01c06/ICON: AppIconWeatherModel --> initWeatherListener, retryTimes: 4
09-10 18:40:04.370   490  1514 E C01707/CONCUR: [Interface] task 1514 apply qos failed, errno = 4
09-10 18:40:04.370   490  1514 E C01611/QosManager: QosManager: Failed to set thread QoS to QOS_USER_INTERACTIVE, ret: -1
09-10 18:40:04.370   782   782 W C01123/BMSCommon: bundle not exist -n com.huawei.hmsapp.totemweather -u 100 -i 0 -f 32
09-10 18:40:04.370   782   782 W C01121/BMSQuery: GetBundleInfo failed -n com.huawei.hmsapp.totemweather -u 100
09-10 18:40:04.370   490  1514 E C01651/BundleMgrProxy: GetBundleInfoFromBMS: GetBundleInfo failed!bundleName is com.huawei.hmsapp.totemweather, userId is 100
09-10 18:40:04.370   490  1514 E C01651/DataProviderConfig: GetFromProxyData: Get bundleInfo failed! bundleName:com.huawei.hmsapp.totemweather, userId:100, visitedId:100, uri:******icIconInfo
09-10 18:40:04.370   490  1514 E C01651/DataShareServiceImpl: GetBMSAndMetaDataStatus: CalledInfo failed! token:0x2002a7c3,ret:1001,uri:******icIconInfo
09-10 18:40:04.370   490  1514 E C01651/DataShareServiceImpl: GetSilentProxyStatus: BMS or metaData not ready to complete, token:0x2002a7c3, uri:******icIconInfo
09-10 18:40:04.370  2458  2458 E A01c06/ICON: AppIconWeatherModel --> get weather info failed, code: 15700010, message: The DataShareHelper is not initialized successfully.
09-10 18:40:04.411  4203  4203 W C02c02/PARAM: Selinux check name persist.init.debug.loglevel in u:object_r:startup_init_param:s0 [4203 2000 2000] failed
09-10 18:40:04.411  4203  4203 W C02c02/PARAM: Selinux check name persist.init.debug.loglevel in u:object_r:startup_init_param:s0 [4203 2000 2000] failed
09-10 18:40:04.411  4203  4203 W C02c02/PARAM: SystemReadParam failed!name is:persist.init.debug.loglevel,err:1002
09-10 18:40:04.414  4205  4205 W C02c02/PARAM: Selinux check name persist.init.debug.loglevel in u:object_r:startup_init_param:s0 [4205 2000 2000] failed
09-10 18:40:04.414  4205  4205 W C02c02/PARAM: Selinux check name persist.init.debug.loglevel in u:object_r:startup_init_param:s0 [4205 2000 2000] failed
09-10 18:40:04.414  4205  4205 W C02c02/PARAM: SystemReadParam failed!name is:persist.init.debug.loglevel,err:1002
09-10 18:40:04.417  4206  4206 W C02c02/PARAM: Selinux check name persist.init.debug.loglevel in u:object_r:startup_init_param:s0 [4206 2000 2000] failed
09-10 18:40:04.417  4206  4206 W C02c02/PARAM: Selinux check name persist.init.debug.loglevel in u:object_r:startup_init_param:s0 [4206 2000 2000] failed
09-10 18:40:04.417  4206  4206 W C02c02/PARAM: SystemReadParam failed!name is:persist.init.debug.loglevel,err:1002
09-10 18:40:04.444  1292  3431 I C02300/FenceExtension: start connectAbility,userId:-1
09-10 18:40:04.444  1292  3431 I C02300/FenceExtension: ConnectAbility
09-10 18:40:04.444  1292  3431 I C01342/ServiceExt: [AMC590]name:com.huawei.hmos.location SAFeatureServiceExtensionAbility, userId:-1
09-10 18:40:04.444   782   782 I C01342/ServiceExt: [a92ab189046c792, 2460710, 0] [ABMS5452]element: com.huawei.hmos.location/SAFeatureServiceExtensionAbility
09-10 18:40:04.444   782   782 W C01123/BMSCommon: [a92ab189046c792, 2460710, 0] uid(1021) invalid
09-10 18:40:04.444   782   782 I C01336/AMS: [a92ab189046c792, 2460710, 0] [start_ability_utils.cpp54]appIndex:-1
09-10 18:40:04.444   782   782 I C01121/BMSQuery: [a92ab189046c792, 2460710, 0] ExplicitQueryAbility no match -n com.huawei.hmos.location -a SAFeatureServiceExtensionAbility -u 100 -i 0
09-10 18:40:04.444   782   782 W C01121/BMSQuery: [a92ab189046c792, 2460710, 0] bundle_data_mgr.cpp:ExplicitQueryExtensionInfo:7082 extensionAbility not found or disabled
09-10 18:40:04.444   782   782 I C01121/BMSQuery: [a92ab189046c792, 2460710, 0] ExplicitQueryExtension size:0 -n com.huawei.hmos.location -e SAFeatureServiceExtensionAbility -u 100 -i 0
09-10 18:40:04.444   782   782 W C01121/BMSQuery: [a92ab189046c792, 2460710, 0] bundle_mgr_host_impl.cpp:QueryExtensionAbilityInfos:3360 no valid extension info can be inquired
09-10 18:40:04.444   782   782 E C01336/AMS: [a92ab189046c792, 2460710, 0] [start_ability_utils.cpp290]extensionInfo empty
09-10 18:40:04.444   782   782 E C01342/ServiceExt: [a92ab189046c792, 2460710, 0] [ABMS5755]generate request error
09-10 18:40:04.445  1292  3431 E C02300/FenceExtension: [(DoConnect:153)]CONNECT_ABILITY_FAILED,ret:2097152
09-10 18:40:04.445  1292  3431 I C02300/FenceExtension: start connectAbility,userId:-1
09-10 18:40:04.445  1292  3431 I C02300/FenceExtension: ConnectAbility
09-10 18:40:04.445  1292  3431 I C01342/ServiceExt: [AMC590]name:com.huawei.hmos.location SAFeatureServiceExtensionAbility, userId:-1
09-10 18:40:04.445   782   782 I C01342/ServiceExt: [a92ab289046cb65, 32d021d, 0] [ABMS5452]element: com.huawei.hmos.location/SAFeatureServiceExtensionAbility
09-10 18:40:04.445   782   782 W C01123/BMSCommon: [a92ab289046cb65, 32d021d, 0] uid(1021) invalid
09-10 18:40:04.445   782   782 I C01336/AMS: [a92ab289046cb65, 32d021d, 0] [start_ability_utils.cpp54]appIndex:-1
09-10 18:40:04.445   782   782 I C01121/BMSQuery: [a92ab289046cb65, 32d021d, 0] ExplicitQueryAbility no match -n com.huawei.hmos.location -a SAFeatureServiceExtensionAbility -u 100 -i 0
09-10 18:40:04.445   782   782 W C01121/BMSQuery: [a92ab289046cb65, 32d021d, 0] bundle_data_mgr.cpp:ExplicitQueryExtensionInfo:7082 extensionAbility not found or disabled
09-10 18:40:04.445   782   782 I C01121/BMSQuery: [a92ab289046cb65, 32d021d, 0] ExplicitQueryExtension size:0 -n com.huawei.hmos.location -e SAFeatureServiceExtensionAbility -u 100 -i 0
09-10 18:40:04.445   782   782 W C01121/BMSQuery: [a92ab289046cb65, 32d021d, 0] bundle_mgr_host_impl.cpp:QueryExtensionAbilityInfos:3360 no valid extension info can be inquired
09-10 18:40:04.445   782   782 E C01336/AMS: [a92ab289046cb65, 32d021d, 0] [start_ability_utils.cpp290]extensionInfo empty
09-10 18:40:04.445   782   782 E C01342/ServiceExt: [a92ab289046cb65, 32d021d, 0] [ABMS5755]generate request error
09-10 18:40:04.445  1292  3431 E C02300/FenceExtension: [(DoConnect:153)]CONNECT_ABILITY_FAILED,ret:2097152
09-10 18:40:04.445  1292  3431 W C02300/FenceExtension: connect failed,retry again
09-10 18:40:04.906  3290  3290 I C02500/Qemud: Guest heartbeat success.
09-10 18:40:04.928   132   132 E C02c11/APPSPAWN: [appspawn_kickdog.c:29]open /sys/kernel/hungtask/userlist fail,errno:2
09-10 18:40:04.960  4208  4208 W C02c02/PARAM: Selinux check name persist.init.debug.loglevel in u:object_r:startup_init_param:s0 [4208 2000 2000] failed
09-10 18:40:04.961  4208  4208 W C02c02/PARAM: Selinux check name persist.init.debug.loglevel in u:object_r:startup_init_param:s0 [4208 2000 2000] failed
09-10 18:40:04.961  4208  4208 W C02c02/PARAM: SystemReadParam failed!name is:persist.init.debug.loglevel,err:1002
09-10 18:40:04.963  4208  4208 W C02c02/PARAM: Selinux check name persist.init.debug.loglevel in u:object_r:startup_init_param:s0 [4208 2000 2000] failed
09-10 18:40:04.963  4208  4208 W C02c02/PARAM: Selinux check name persist.init.debug.loglevel in u:object_r:startup_init_param:s0 [4208 2000 2000] failed
09-10 18:40:04.963  4208  4208 W C02c02/PARAM: SystemReadParam failed!name is:persist.init.debug.loglevel,err:1002
09-10 18:40:05.216   125   785 I C01800/SAMGR: NF SA:65962,832_147950
09-10 18:40:05.226  4211  4211 W C02c02/PARAM: Selinux check name persist.init.debug.loglevel in u:object_r:startup_init_param:s0 [4211 2000 2000] failed
09-10 18:40:05.226  4211  4211 W C02c02/PARAM: Selinux check name persist.init.debug.loglevel in u:object_r:startup_init_param:s0 [4211 2000 2000] failed
09-10 18:40:05.226  4211  4211 W C02c02/PARAM: SystemReadParam failed!name is:persist.init.debug.loglevel,err:1002
09-10 18:40:05.238  4213  4213 W C02c02/PARAM: Selinux check name persist.init.debug.loglevel in u:object_r:startup_init_param:s0 [4213 2000 2000] failed
09-10 18:40:05.238  4213  4213 W C02c02/PARAM: Selinux check name persist.init.debug.loglevel in u:object_r:startup_init_param:s0 [4213 2000 2000] failed
09-10 18:40:05.238  4213  4213 W C02c02/PARAM: SystemReadParam failed!name is:persist.init.debug.loglevel,err:1002
09-10 18:40:05.239  4215  4215 W C02c02/PARAM: Selinux check name persist.init.debug.loglevel in u:object_r:startup_init_param:s0 [4215 2000 2000] failed
09-10 18:40:05.239  4215  4215 W C02c02/PARAM: Selinux check name persist.init.debug.loglevel in u:object_r:startup_init_param:s0 [4215 2000 2000] failed
09-10 18:40:05.239  4215  4215 W C02c02/PARAM: SystemReadParam failed!name is:persist.init.debug.loglevel,err:1002
09-10 18:40:05.240  4214  4214 W C02c02/PARAM: Selinux check name persist.init.debug.loglevel in u:object_r:startup_init_param:s0 [4214 2000 2000] failed
09-10 18:40:05.240  4214  4214 W C02c02/PARAM: Selinux check name persist.init.debug.loglevel in u:object_r:startup_init_param:s0 [4214 2000 2000] failed
09-10 18:40:05.240  4214  4214 W C02c02/PARAM: SystemReadParam failed!name is:persist.init.debug.loglevel,err:1002
09-10 18:40:05.255  4217  4217 W C02c02/PARAM: Selinux check name persist.init.debug.loglevel in u:object_r:startup_init_param:s0 [4217 2000 2000] failed
09-10 18:40:05.255  4217  4217 W C02c02/PARAM: Selinux check name persist.init.debug.loglevel in u:object_r:startup_init_param:s0 [4217 2000 2000] failed
09-10 18:40:05.255  4217  4217 W C02c02/PARAM: SystemReadParam failed!name is:persist.init.debug.loglevel,err:1002
09-10 18:40:05.255  4216  4216 W C02c02/PARAM: Selinux check name persist.init.debug.loglevel in u:object_r:startup_init_param:s0 [4216 2000 2000] failed
09-10 18:40:05.256  4216  4216 W C02c02/PARAM: Selinux check name persist.init.debug.loglevel in u:object_r:startup_init_param:s0 [4216 2000 2000] failed
09-10 18:40:05.256  4216  4216 W C02c02/PARAM: SystemReadParam failed!name is:persist.init.debug.loglevel,err:1002
09-10 18:40:05.372  2458  2458 W A01c06/ICON: AppIconWeatherModel --> initWeatherListener, retryTimes: 4
09-10 18:40:05.374   490  1514 E C01707/CONCUR: [Interface] task 1514 apply qos failed, errno = 4
09-10 18:40:05.374   490  1514 E C01611/QosManager: QosManager: Failed to set thread QoS to QOS_USER_INTERACTIVE, ret: -1
09-10 18:40:05.375   782   782 W C01123/BMSCommon: bundle not exist -n com.huawei.hmsapp.totemweather -u 100 -i 0 -f 32
09-10 18:40:05.375   782   782 W C01121/BMSQuery: GetBundleInfo failed -n com.huawei.hmsapp.totemweather -u 100
09-10 18:40:05.375   490  1514 E C01651/BundleMgrProxy: GetBundleInfoFromBMS: GetBundleInfo failed!bundleName is com.huawei.hmsapp.totemweather, userId is 100
09-10 18:40:05.375   490  1514 E C01651/DataProviderConfig: GetFromProxyData: Get bundleInfo failed! bundleName:com.huawei.hmsapp.totemweather, userId:100, visitedId:100, uri:******icIconInfo
09-10 18:40:05.375   490  1514 E C01651/DataShareServiceImpl: GetBMSAndMetaDataStatus: CalledInfo failed! token:0x2002a7c3,ret:1001,uri:******icIconInfo
09-10 18:40:05.375   490  1514 E C01651/DataShareServiceImpl: GetSilentProxyStatus: BMS or metaData not ready to complete, token:0x2002a7c3, uri:******icIconInfo
09-10 18:40:05.376  2458  2458 E A01c06/ICON: AppIconWeatherModel --> get weather info failed, code: 15700010, message: The DataShareHelper is not initialized successfully.
09-10 18:40:05.418  1796  1796 E C02c11/APPSPAWN: [appspawn_kickdog.c:29]open /sys/kernel/hungtask/userlist fail,errno:2
09-10 18:40:05.418   125   785 I C01800/SAMGR: NF SA:65962,832_147951
09-10 18:40:05.488  4219  4219 W C02c02/PARAM: Selinux check name persist.init.debug.loglevel in u:object_r:startup_init_param:s0 [4219 2000 2000] failed
09-10 18:40:05.488  4219  4219 W C02c02/PARAM: Selinux check name persist.init.debug.loglevel in u:object_r:startup_init_param:s0 [4219 2000 2000] failed
09-10 18:40:05.488  4219  4219 W C02c02/PARAM: SystemReadParam failed!name is:persist.init.debug.loglevel,err:1002
09-10 18:40:05.491  4221  4221 W C02c02/PARAM: Selinux check name persist.init.debug.loglevel in u:object_r:startup_init_param:s0 [4221 2000 2000] failed
09-10 18:40:05.491  4221  4221 W C02c02/PARAM: Selinux check name persist.init.debug.loglevel in u:object_r:startup_init_param:s0 [4221 2000 2000] failed
09-10 18:40:05.491  4221  4221 W C02c02/PARAM: SystemReadParam failed!name is:persist.init.debug.loglevel,err:1002
09-10 18:40:05.494  4222  4222 W C02c02/PARAM: Selinux check name persist.init.debug.loglevel in u:object_r:startup_init_param:s0 [4222 2000 2000] failed
09-10 18:40:05.494  4222  4222 W C02c02/PARAM: Selinux check name persist.init.debug.loglevel in u:object_r:startup_init_param:s0 [4222 2000 2000] failed
09-10 18:40:05.494  4222  4222 W C02c02/PARAM: SystemReadParam failed!name is:persist.init.debug.loglevel,err:1002
09-10 18:40:05.620   125   785 I C01800/SAMGR: NF SA:65962,832_147952
09-10 18:40:05.823   125   785 I C01800/SAMGR: NF SA:65962,832_147953
09-10 18:40:06.023   125   785 I C01800/SAMGR: NF SA:65962,832_147954
09-10 18:40:06.039  4224  4224 W C02c02/PARAM: Selinux check name persist.init.debug.loglevel in u:object_r:startup_init_param:s0 [4224 2000 2000] failed
09-10 18:40:06.039  4224  4224 W C02c02/PARAM: Selinux check name persist.init.debug.loglevel in u:object_r:startup_init_param:s0 [4224 2000 2000] failed
09-10 18:40:06.039  4224  4224 W C02c02/PARAM: SystemReadParam failed!name is:persist.init.debug.loglevel,err:1002
09-10 18:40:06.050  4224  4224 W C02c02/PARAM: Selinux check name persist.init.debug.loglevel in u:object_r:startup_init_param:s0 [4224 2000 2000] failed
09-10 18:40:06.050  4224  4224 W C02c02/PARAM: Selinux check name persist.init.debug.loglevel in u:object_r:startup_init_param:s0 [4224 2000 2000] failed
09-10 18:40:06.050  4224  4224 W C02c02/PARAM: SystemReadParam failed!name is:persist.init.debug.loglevel,err:1002
09-10 18:40:06.212  4227  4227 W C02c02/PARAM: Selinux check name persist.init.debug.loglevel in u:object_r:startup_init_param:s0 [4227 2000 2000] failed
09-10 18:40:06.212  4227  4227 W C02c02/PARAM: Selinux check name persist.init.debug.loglevel in u:object_r:startup_init_param:s0 [4227 2000 2000] failed
09-10 18:40:06.212  4227  4227 W C02c02/PARAM: SystemReadParam failed!name is:persist.init.debug.loglevel,err:1002
09-10 18:40:06.216  4229  4229 W C02c02/PARAM: Selinux check name persist.init.debug.loglevel in u:object_r:startup_init_param:s0 [4229 2000 2000] failed
09-10 18:40:06.216  4230  4230 W C02c02/PARAM: Selinux check name persist.init.debug.loglevel in u:object_r:startup_init_param:s0 [4230 2000 2000] failed
09-10 18:40:06.216  4230  4230 W C02c02/PARAM: Selinux check name persist.init.debug.loglevel in u:object_r:startup_init_param:s0 [4230 2000 2000] failed
09-10 18:40:06.216  4229  4229 W C02c02/PARAM: Selinux check name persist.init.debug.loglevel in u:object_r:startup_init_param:s0 [4229 2000 2000] failed
09-10 18:40:06.216  4230  4230 W C02c02/PARAM: SystemReadParam failed!name is:persist.init.debug.loglevel,err:1002
09-10 18:40:06.216  4229  4229 W C02c02/PARAM: SystemReadParam failed!name is:persist.init.debug.loglevel,err:1002
09-10 18:40:06.216  4231  4231 W C02c02/PARAM: Selinux check name persist.init.debug.loglevel in u:object_r:startup_init_param:s0 [4231 2000 2000] failed
09-10 18:40:06.216  4231  4231 W C02c02/PARAM: Selinux check name persist.init.debug.loglevel in u:object_r:startup_init_param:s0 [4231 2000 2000] failed
09-10 18:40:06.216  4231  4231 W C02c02/PARAM: SystemReadParam failed!name is:persist.init.debug.loglevel,err:1002
09-10 18:40:06.223  4232  4232 W C02c02/PARAM: Selinux check name persist.init.debug.loglevel in u:object_r:startup_init_param:s0 [4232 2000 2000] failed
09-10 18:40:06.223  4232  4232 W C02c02/PARAM: Selinux check name persist.init.debug.loglevel in u:object_r:startup_init_param:s0 [4232 2000 2000] failed
09-10 18:40:06.223  4232  4232 W C02c02/PARAM: SystemReadParam failed!name is:persist.init.debug.loglevel,err:1002
09-10 18:40:06.223  4233  4233 W C02c02/PARAM: Selinux check name persist.init.debug.loglevel in u:object_r:startup_init_param:s0 [4233 2000 2000] failed
09-10 18:40:06.223  4233  4233 W C02c02/PARAM: Selinux check name persist.init.debug.loglevel in u:object_r:startup_init_param:s0 [4233 2000 2000] failed
09-10 18:40:06.223  4233  4233 W C02c02/PARAM: SystemReadParam failed!name is:persist.init.debug.loglevel,err:1002
09-10 18:40:06.224   125   785 I C01800/SAMGR: NF SA:65962,832_147955
09-10 18:40:06.299   474 30998 I C02d10/CpuCollector: CalculateProcessCpuStatInfos: startTime=1789036796290, endTime=1789036806299, startBootTime=327201432, endBootTime=327211441, period=10009, isNeedUpdate=1
09-10 18:40:06.378  2458  2458 W A01c06/ICON: AppIconWeatherModel --> initWeatherListener, retryTimes: 4
09-10 18:40:06.379   490  1514 E C01707/CONCUR: [Interface] task 1514 apply qos failed, errno = 4
09-10 18:40:06.379   490  1514 E C01611/QosManager: QosManager: Failed to set thread QoS to QOS_USER_INTERACTIVE, ret: -1
09-10 18:40:06.379   782   782 W C01123/BMSCommon: bundle not exist -n com.huawei.hmsapp.totemweather -u 100 -i 0 -f 32
09-10 18:40:06.379   782   782 W C01121/BMSQuery: GetBundleInfo failed -n com.huawei.hmsapp.totemweather -u 100
09-10 18:40:06.379   490  1514 E C01651/BundleMgrProxy: GetBundleInfoFromBMS: GetBundleInfo failed!bundleName is com.huawei.hmsapp.totemweather, userId is 100
09-10 18:40:06.379   490  1514 E C01651/DataProviderConfig: GetFromProxyData: Get bundleInfo failed! bundleName:com.huawei.hmsapp.totemweather, userId:100, visitedId:100, uri:******icIconInfo
09-10 18:40:06.379   490  1514 E C01651/DataShareServiceImpl: GetBMSAndMetaDataStatus: CalledInfo failed! token:0x2002a7c3,ret:1001,uri:******icIconInfo
09-10 18:40:06.379   490  1514 E C01651/DataShareServiceImpl: GetSilentProxyStatus: BMS or metaData not ready to complete, token:0x2002a7c3, uri:******icIconInfo
09-10 18:40:06.380  2458  2458 E A01c06/ICON: AppIconWeatherModel --> get weather info failed, code: 15700010, message: The DataShareHelper is not initialized successfully.
09-10 18:40:06.420  4235  4235 W C02c02/PARAM: Selinux check name persist.init.debug.loglevel in u:object_r:startup_init_param:s0 [4235 2000 2000] failed
09-10 18:40:06.420  4235  4235 W C02c02/PARAM: Selinux check name persist.init.debug.loglevel in u:object_r:startup_init_param:s0 [4235 2000 2000] failed
09-10 18:40:06.420  4235  4235 W C02c02/PARAM: SystemReadParam failed!name is:persist.init.debug.loglevel,err:1002
09-10 18:40:06.422   592   812 W C02943/ThermalHdi: Read node failed, title = brightness
09-10 18:40:06.422   592   812 W C02943/ThermalHdi: Read node failed, title = 
09-10 18:40:06.422   592   812 W C02943/ThermalHdi: Read node failed, title = 
09-10 18:40:06.422   592   812 W C02943/ThermalHdi: Read node failed, title = 
09-10 18:40:06.422   592   812 W C02943/ThermalHdi: Read node failed, title = 
09-10 18:40:06.422   592   812 W C02943/ThermalHdi: Read node failed, title = 
09-10 18:40:06.422   592   812 W C02943/ThermalHdi: Read node failed, title = 
09-10 18:40:06.422   592   812 W C02943/ThermalHdi: Read node failed, title = 
09-10 18:40:06.422   592   812 W C02943/ThermalHdi: Read node failed, title = 
09-10 18:40:06.422   592   812 W C02943/ThermalHdi: Read node failed, title = 
09-10 18:40:06.422   592   812 W C02943/ThermalHdi: Read node failed, title = 
09-10 18:40:06.422   592   812 W C02943/ThermalHdi: Read node failed, title = 
09-10 18:40:06.422   592   812 W C02943/ThermalHdi: Read node failed, title = 
09-10 18:40:06.422   592   812 W C02943/ThermalHdi: Read node failed, title = 
09-10 18:40:06.422   592   812 W C02943/ThermalHdi: Read node failed, title = 
09-10 18:40:06.422   592   812 W C02943/ThermalHdi: Read node failed, title = 
09-10 18:40:06.422   592   812 W C02943/ThermalHdi: Read node failed, title = 
09-10 18:40:06.422   592   812 W C02943/ThermalHdi: Read node failed, title = 
09-10 18:40:06.422   592   812 W C02943/ThermalHdi: Read node failed, title = 
09-10 18:40:06.422   592   812 W C02943/ThermalHdi: Read node failed, title = 
09-10 18:40:06.422   592   812 W C02943/ThermalHdi: Read node failed, title = 
09-10 18:40:06.422   592   812 W C02943/ThermalHdi: Read node failed, title = 
09-10 18:40:06.422   592   812 W C02943/ThermalHdi: Read node failed, title = 
09-10 18:40:06.422   592   812 W C02943/ThermalHdi: Read node failed, title = 
09-10 18:40:06.422   592   812 W C02943/ThermalHdi: Read node failed, title = 
09-10 18:40:06.422   592   812 W C02943/ThermalHdi: Read node failed, title = ambient
09-10 18:40:06.422   592   812 W C02943/ThermalHdi: Read node failed, title = ibat
09-10 18:40:06.422   592   812 W C02943/ThermalHdi: Read node failed, title = vbat
09-10 18:40:06.423   592   812 W C02943/ThermalHdi: Read node failed, title = cpu0_min_freq
09-10 18:40:06.423   592   812 W C02943/ThermalHdi: Read node failed, title = cpu0_cur_freq
09-10 18:40:06.423   592   812 W C02943/ThermalHdi: Read node failed, title = cpu0_max_freq
09-10 18:40:06.423   592   812 W C02943/ThermalHdi: Read node failed, title = cpu4_min_freq
09-10 18:40:06.423   592   812 W C02943/ThermalHdi: Read node failed, title = cpu4_cur_freq
09-10 18:40:06.423   592   812 W C02943/ThermalHdi: Read node failed, title = cpu4_max_freq
09-10 18:40:06.423   592   812 W C02943/ThermalHdi: Read node failed, title = cpu7_min_freq
09-10 18:40:06.423   592   812 W C02943/ThermalHdi: Read node failed, title = cpu7_cur_freq
09-10 18:40:06.423   592   812 W C02943/ThermalHdi: Read node failed, title = cpu7_max_freq
09-10 18:40:06.423   592   812 W C02943/ThermalHdi: Read node failed, title = gpu_min_freq
09-10 18:40:06.423   592   812 W C02943/ThermalHdi: Read node failed, title = gpu_cur_freq
09-10 18:40:06.423   592   812 W C02943/ThermalHdi: Read node failed, title = gpu_max_freq
09-10 18:40:06.423   592   812 W C02943/ThermalHdi: Read node failed, title = ddr_cur_freq
09-10 18:40:06.423   592   812 W C02943/ThermalHdi: Read node failed, title = set_IPApower
09-10 18:40:06.423   592   812 W C02943/ThermalHdi: Read node failed, title = cur_IPApower
09-10 18:40:06.423   592   812 W C02943/ThermalHdi: get node failed
09-10 18:40:06.423   592   812 W C02943/ThermalHdi: get node failed
09-10 18:40:06.423   592   812 W C02943/ThermalHdi: get node failed
09-10 18:40:06.424  4237  4237 W C02c02/PARAM: Selinux check name persist.init.debug.loglevel in u:object_r:startup_init_param:s0 [4237 2000 2000] failed
09-10 18:40:06.424  4237  4237 W C02c02/PARAM: Selinux check name persist.init.debug.loglevel in u:object_r:startup_init_param:s0 [4237 2000 2000] failed
09-10 18:40:06.424  4237  4237 W C02c02/PARAM: SystemReadParam failed!name is:persist.init.debug.loglevel,err:1002
09-10 18:40:06.424   125   785 I C01800/SAMGR: NF SA:65962,832_147956
09-10 18:40:06.424   832   925 E C01810/SA_CLIENT: GetSaWrap SA:65962 not start
09-10 18:40:06.424   832   925 I C01409/APS_MANAGER: request system service object is not ready yet!
09-10 18:40:06.427  4238  4238 W C02c02/PARAM: Selinux check name persist.init.debug.loglevel in u:object_r:startup_init_param:s0 [4238 2000 2000] failed
09-10 18:40:06.427  4238  4238 W C02c02/PARAM: Selinux check name persist.init.debug.loglevel in u:object_r:startup_init_param:s0 [4238 2000 2000] failed
09-10 18:40:06.427  4238  4238 W C02c02/PARAM: SystemReadParam failed!name is:persist.init.debug.loglevel,err:1002
09-10 18:40:06.632   316  3248 W C01f04/MultiSimontroller: [GetSimAccountInfo-(multi_sim_controller.cpp:1141)] slotId 0 is invalid
09-10 18:40:06.632   316  3248 E C01f04/TelephonySubsystem: GetSimAccountInfo fail!
09-10 18:40:06.954  4240  4240 W C02c02/PARAM: Selinux check name persist.init.debug.loglevel in u:object_r:startup_init_param:s0 [4240 2000 2000] failed
09-10 18:40:06.954  4240  4240 W C02c02/PARAM: Selinux check name persist.init.debug.loglevel in u:object_r:startup_init_param:s0 [4240 2000 2000] failed
09-10 18:40:06.954  4240  4240 W C02c02/PARAM: SystemReadParam failed!name is:persist.init.debug.loglevel,err:1002
09-10 18:40:06.957  4240  4240 W C02c02/PARAM: Selinux check name persist.init.debug.loglevel in u:object_r:startup_init_param:s0 [4240 2000 2000] failed
09-10 18:40:06.957  4240  4240 W C02c02/PARAM: Selinux check name persist.init.debug.loglevel in u:object_r:startup_init_param:s0 [4240 2000 2000] failed
09-10 18:40:06.957  4240  4240 W C02c02/PARAM: SystemReadParam failed!name is:persist.init.debug.loglevel,err:1002
09-10 18:40:06.958   474 23514 E C02d66/XPerf: [InquiryOhImpl::ExtractStringValue] Canonical FilePath: /sys/class/ithermal/lpm/lpm_freq failed.
09-10 18:40:06.959   474 23514 E C02d66/XPerf: [InquiryOhImpl::ExtractStringValue] Canonical FilePath: /sys/class/power_supply/Battery/status failed.
09-10 18:40:07.206  4244  4244 W C02c02/PARAM: Selinux check name persist.init.debug.loglevel in u:object_r:startup_init_param:s0 [4244 2000 2000] failed
09-10 18:40:07.206  4244  4244 W C02c02/PARAM: Selinux check name persist.init.debug.loglevel in u:object_r:startup_init_param:s0 [4244 2000 2000] failed
09-10 18:40:07.206  4244  4244 W C02c02/PARAM: SystemReadParam failed!name is:persist.init.debug.loglevel,err:1002
09-10 18:40:07.209  4248  4248 W C02c02/PARAM: Selinux check name persist.init.debug.loglevel in u:object_r:startup_init_param:s0 [4248 2000 2000] failed
09-10 18:40:07.209  4247  4247 W C02c02/PARAM: Selinux check name persist.init.debug.loglevel in u:object_r:startup_init_param:s0 [4247 2000 2000] failed
09-10 18:40:07.209  4247  4247 W C02c02/PARAM: Selinux check name persist.init.debug.loglevel in u:object_r:startup_init_param:s0 [4247 2000 2000] failed
09-10 18:40:07.209  4247  4247 W C02c02/PARAM: SystemReadParam failed!name is:persist.init.debug.loglevel,err:1002
09-10 18:40:07.209  4248  4248 W C02c02/PARAM: Selinux check name persist.init.debug.loglevel in u:object_r:startup_init_param:s0 [4248 2000 2000] failed
09-10 18:40:07.209  4246  4246 W C02c02/PARAM: Selinux check name persist.init.debug.loglevel in u:object_r:startup_init_param:s0 [4246 2000 2000] failed
09-10 18:40:07.209  4248  4248 W C02c02/PARAM: SystemReadParam failed!name is:persist.init.debug.loglevel,err:1002
09-10 18:40:07.209  4246  4246 W C02c02/PARAM: Selinux check name persist.init.debug.loglevel in u:object_r:startup_init_param:s0 [4246 2000 2000] failed
09-10 18:40:07.209  4246  4246 W C02c02/PARAM: SystemReadParam failed!name is:persist.init.debug.loglevel,err:1002
09-10 18:40:07.215  4250  4250 W C02c02/PARAM: Selinux check name persist.init.debug.loglevel in u:object_r:startup_init_param:s0 [4250 2000 2000] failed
09-10 18:40:07.215  4250  4250 W C02c02/PARAM: Selinux check name persist.init.debug.loglevel in u:object_r:startup_init_param:s0 [4250 2000 2000] failed
09-10 18:40:07.215  4250  4250 W C02c02/PARAM: SystemReadParam failed!name is:persist.init.debug.loglevel,err:1002
09-10 18:40:07.215  4249  4249 W C02c02/PARAM: Selinux check name persist.init.debug.loglevel in u:object_r:startup_init_param:s0 [4249 2000 2000] failed
09-10 18:40:07.215  4249  4249 W C02c02/PARAM: Selinux check name persist.init.debug.loglevel in u:object_r:startup_init_param:s0 [4249 2000 2000] failed
09-10 18:40:07.215  4249  4249 W C02c02/PARAM: SystemReadParam failed!name is:persist.init.debug.loglevel,err:1002
09-10 18:40:07.382  2458  2458 W A01c06/ICON: AppIconWeatherModel --> initWeatherListener, retryTimes: 4
09-10 18:40:07.383   490  1514 E C01707/CONCUR: [Interface] task 1514 apply qos failed, errno = 4
09-10 18:40:07.383   490  1514 E C01611/QosManager: QosManager: Failed to set thread QoS to QOS_USER_INTERACTIVE, ret: -1
09-10 18:40:07.384   782   782 W C01123/BMSCommon: bundle not exist -n com.huawei.hmsapp.totemweather -u 100 -i 0 -f 32
09-10 18:40:07.384   782   782 W C01121/BMSQuery: GetBundleInfo failed -n com.huawei.hmsapp.totemweather -u 100
09-10 18:40:07.384   490  1514 E C01651/BundleMgrProxy: GetBundleInfoFromBMS: GetBundleInfo failed!bundleName is com.huawei.hmsapp.totemweather, userId is 100
09-10 18:40:07.384   490  1514 E C01651/DataProviderConfig: GetFromProxyData: Get bundleInfo failed! bundleName:com.huawei.hmsapp.totemweather, userId:100, visitedId:100, uri:******icIconInfo
09-10 18:40:07.384   490  1514 E C01651/DataShareServiceImpl: GetBMSAndMetaDataStatus: CalledInfo failed! token:0x2002a7c3,ret:1001,uri:******icIconInfo
09-10 18:40:07.384   490  1514 E C01651/DataShareServiceImpl: GetSilentProxyStatus: BMS or metaData not ready to complete, token:0x2002a7c3, uri:******icIconInfo
09-10 18:40:07.384  2458  2458 E A01c06/ICON: AppIconWeatherModel --> get weather info failed, code: 15700010, message: The DataShareHelper is not initialized successfully.
09-10 18:40:07.414  4252  4252 W C02c02/PARAM: Selinux check name persist.init.debug.loglevel in u:object_r:startup_init_param:s0 [4252 2000 2000] failed
09-10 18:40:07.414  4252  4252 W C02c02/PARAM: Selinux check name persist.init.debug.loglevel in u:object_r:startup_init_param:s0 [4252 2000 2000] failed
09-10 18:40:07.414  4252  4252 W C02c02/PARAM: SystemReadParam failed!name is:persist.init.debug.loglevel,err:1002
09-10 18:40:07.417  4254  4254 W C02c02/PARAM: Selinux check name persist.init.debug.loglevel in u:object_r:startup_init_param:s0 [4254 2000 2000] failed
09-10 18:40:07.417  4254  4254 W C02c02/PARAM: Selinux check name persist.init.debug.loglevel in u:object_r:startup_init_param:s0 [4254 2000 2000] failed
09-10 18:40:07.417  4254  4254 W C02c02/PARAM: SystemReadParam failed!name is:persist.init.debug.loglevel,err:1002
09-10 18:40:07.420  4255  4255 W C02c02/PARAM: Selinux check name persist.init.debug.loglevel in u:object_r:startup_init_param:s0 [4255 2000 2000] failed
09-10 18:40:07.420  4255  4255 W C02c02/PARAM: Selinux check name persist.init.debug.loglevel in u:object_r:startup_init_param:s0 [4255 2000 2000] failed
09-10 18:40:07.420  4255  4255 W C02c02/PARAM: SystemReadParam failed!name is:persist.init.debug.loglevel,err:1002
09-10 18:40:07.907  3290  3290 I C02500/Qemud: Guest heartbeat success.
09-10 18:40:07.945  4257  4257 W C02c02/PARAM: Selinux check name persist.init.debug.loglevel in u:object_r:startup_init_param:s0 [4257 2000 2000] failed
09-10 18:40:07.945  4257  4257 W C02c02/PARAM: Selinux check name persist.init.debug.loglevel in u:object_r:startup_init_param:s0 [4257 2000 2000] failed
09-10 18:40:07.945  4257  4257 W C02c02/PARAM: SystemReadParam failed!name is:persist.init.debug.loglevel,err:1002
09-10 18:40:07.948  4257  4257 W C02c02/PARAM: Selinux check name persist.init.debug.loglevel in u:object_r:startup_init_param:s0 [4257 2000 2000] failed
09-10 18:40:07.948  4257  4257 W C02c02/PARAM: Selinux check name persist.init.debug.loglevel in u:object_r:startup_init_param:s0 [4257 2000 2000] failed
09-10 18:40:07.948  4257  4257 W C02c02/PARAM: SystemReadParam failed!name is:persist.init.debug.loglevel,err:1002
09-10 18:40:08.203  4260  4260 W C02c02/PARAM: Selinux check name persist.init.debug.loglevel in u:object_r:startup_init_param:s0 [4260 2000 2000] failed
09-10 18:40:08.203  4260  4260 W C02c02/PARAM: Selinux check name persist.init.debug.loglevel in u:object_r:startup_init_param:s0 [4260 2000 2000] failed
09-10 18:40:08.203  4260  4260 W C02c02/PARAM: SystemReadParam failed!name is:persist.init.debug.loglevel,err:1002
09-10 18:40:08.206  4262  4262 W C02c02/PARAM: Selinux check name persist.init.debug.loglevel in u:object_r:startup_init_param:s0 [4262 2000 2000] failed
09-10 18:40:08.206  4262  4262 W C02c02/PARAM: Selinux check name persist.init.debug.loglevel in u:object_r:startup_init_param:s0 [4262 2000 2000] failed
09-10 18:40:08.206  4262  4262 W C02c02/PARAM: SystemReadParam failed!name is:persist.init.debug.loglevel,err:1002
09-10 18:40:08.206  4263  4263 W C02c02/PARAM: Selinux check name persist.init.debug.loglevel in u:object_r:startup_init_param:s0 [4263 2000 2000] failed
09-10 18:40:08.206  4263  4263 W C02c02/PARAM: Selinux check name persist.init.debug.loglevel in u:object_r:startup_init_param:s0 [4263 2000 2000] failed
09-10 18:40:08.206  4263  4263 W C02c02/PARAM: SystemReadParam failed!name is:persist.init.debug.loglevel,err:1002
09-10 18:40:08.206  4264  4264 W C02c02/PARAM: Selinux check name persist.init.debug.loglevel in u:object_r:startup_init_param:s0 [4264 2000 2000] failed
09-10 18:40:08.206  4264  4264 W C02c02/PARAM: Selinux check name persist.init.debug.loglevel in u:object_r:startup_init_param:s0 [4264 2000 2000] failed
09-10 18:40:08.206  4264  4264 W C02c02/PARAM: SystemReadParam failed!name is:persist.init.debug.loglevel,err:1002
09-10 18:40:08.210  4265  4265 W C02c02/PARAM: Selinux check name persist.init.debug.loglevel in u:object_r:startup_init_param:s0 [4265 2000 2000] failed
09-10 18:40:08.210  4265  4265 W C02c02/PARAM: Selinux check name persist.init.debug.loglevel in u:object_r:startup_init_param:s0 [4265 2000 2000] failed
09-10 18:40:08.210  4265  4265 W C02c02/PARAM: SystemReadParam failed!name is:persist.init.debug.loglevel,err:1002
09-10 18:40:08.210  4266  4266 W C02c02/PARAM: Selinux check name persist.init.debug.loglevel in u:object_r:startup_init_param:s0 [4266 2000 2000] failed
09-10 18:40:08.211  4266  4266 W C02c02/PARAM: Selinux check name persist.init.debug.loglevel in u:object_r:startup_init_param:s0 [4266 2000 2000] failed
09-10 18:40:08.211  4266  4266 W C02c02/PARAM: SystemReadParam failed!name is:persist.init.debug.loglevel,err:1002
09-10 18:40:08.385  2458  2458 W A01c06/ICON: AppIconWeatherModel --> initWeatherListener, retryTimes: 4
09-10 18:40:08.389   490  1514 E C01707/CONCUR: [Interface] task 1514 apply qos failed, errno = 4
09-10 18:40:08.389   490  1514 E C01611/QosManager: QosManager: Failed to set thread QoS to QOS_USER_INTERACTIVE, ret: -1
09-10 18:40:08.389   782   782 W C01123/BMSCommon: bundle not exist -n com.huawei.hmsapp.totemweather -u 100 -i 0 -f 32
09-10 18:40:08.389   782   782 W C01121/BMSQuery: GetBundleInfo failed -n com.huawei.hmsapp.totemweather -u 100
09-10 18:40:08.389   490  1514 E C01651/BundleMgrProxy: GetBundleInfoFromBMS: GetBundleInfo failed!bundleName is com.huawei.hmsapp.totemweather, userId is 100
09-10 18:40:08.389   490  1514 E C01651/DataProviderConfig: GetFromProxyData: Get bundleInfo failed! bundleName:com.huawei.hmsapp.totemweather, userId:100, visitedId:100, uri:******icIconInfo
09-10 18:40:08.389   490  1514 E C01651/DataShareServiceImpl: GetBMSAndMetaDataStatus: CalledInfo failed! token:0x2002a7c3,ret:1001,uri:******icIconInfo
09-10 18:40:08.389   490  1514 E C01651/DataShareServiceImpl: GetSilentProxyStatus: BMS or metaData not ready to complete, token:0x2002a7c3, uri:******icIconInfo
09-10 18:40:08.389  2458  2458 E A01c06/ICON: AppIconWeatherModel --> get weather info failed, code: 15700010, message: The DataShareHelper is not initialized successfully.
09-10 18:40:08.410  4268  4268 W C02c02/PARAM: Selinux check name persist.init.debug.loglevel in u:object_r:startup_init_param:s0 [4268 2000 2000] failed
09-10 18:40:08.410  4268  4268 W C02c02/PARAM: Selinux check name persist.init.debug.loglevel in u:object_r:startup_init_param:s0 [4268 2000 2000] failed
09-10 18:40:08.410  4268  4268 W C02c02/PARAM: SystemReadParam failed!name is:persist.init.debug.loglevel,err:1002
09-10 18:40:08.414  4270  4270 W C02c02/PARAM: Selinux check name persist.init.debug.loglevel in u:object_r:startup_init_param:s0 [4270 2000 2000] failed
09-10 18:40:08.414  4270  4270 W C02c02/PARAM: Selinux check name persist.init.debug.loglevel in u:object_r:startup_init_param:s0 [4270 2000 2000] failed
09-10 18:40:08.414  4270  4270 W C02c02/PARAM: SystemReadParam failed!name is:persist.init.debug.loglevel,err:1002
09-10 18:40:08.418  4271  4271 W C02c02/PARAM: Selinux check name persist.init.debug.loglevel in u:object_r:startup_init_param:s0 [4271 2000 2000] failed
09-10 18:40:08.419  4271  4271 W C02c02/PARAM: Selinux check name persist.init.debug.loglevel in u:object_r:startup_init_param:s0 [4271 2000 2000] failed
09-10 18:40:08.419  4271  4271 W C02c02/PARAM: SystemReadParam failed!name is:persist.init.debug.loglevel,err:1002
09-10 18:40:08.426   125   785 I C01800/SAMGR: NF SA:65962,832_147957
09-10 18:40:08.626   125   785 I C01800/SAMGR: NF SA:65962,832_147958
09-10 18:40:08.828   125   785 I C01800/SAMGR: NF SA:65962,832_147959
09-10 18:40:08.999  4274  4274 W C02c02/PARAM: Selinux check name persist.init.debug.loglevel in u:object_r:startup_init_param:s0 [4274 2000 2000] failed
09-10 18:40:08.999  4274  4274 W C02c02/PARAM: Selinux check name persist.init.debug.loglevel in u:object_r:startup_init_param:s0 [4274 2000 2000] failed
09-10 18:40:08.999  4274  4274 W C02c02/PARAM: SystemReadParam failed!name is:persist.init.debug.loglevel,err:1002
09-10 18:40:09.009  4274  4274 W C02c02/PARAM: Selinux check name persist.init.debug.loglevel in u:object_r:startup_init_param:s0 [4274 2000 2000] failed
09-10 18:40:09.010  4274  4274 W C02c02/PARAM: Selinux check name persist.init.debug.loglevel in u:object_r:startup_init_param:s0 [4274 2000 2000] failed
09-10 18:40:09.010  4274  4274 W C02c02/PARAM: SystemReadParam failed!name is:persist.init.debug.loglevel,err:1002
09-10 18:40:09.028   125   785 I C01800/SAMGR: NF SA:65962,832_147960
09-10 18:40:09.143  4277  4277 W C02c02/PARAM: Selinux check name persist.init.debug.loglevel in u:object_r:startup_init_param:s0 [4277 2000 2000] failed
09-10 18:40:09.143  4277  4277 W C02c02/PARAM: Selinux check name persist.init.debug.loglevel in u:object_r:startup_init_param:s0 [4277 2000 2000] failed
09-10 18:40:09.143  4277  4277 W C02c02/PARAM: SystemReadParam failed!name is:persist.init.debug.loglevel,err:1002
09-10 18:40:09.152  4279  4279 I C02d20/DumperService: SetCmdArgs# hidumper cmd:hidumper -s 1201 -a -p Faultlogger -LogSuffixWithMs , calllingUid=2000, calllingPid=4279, ppid:4277.
09-10 18:40:09.152  4279  4280 W C057c1/IPCWorkThread: ThreadHandler: proto:0 policy:1 name:OS_IPC_0_4280 invoker:2401264256
09-10 18:40:09.152  4279  4281 W C057c1/IPCWorkThread: ThreadHandler: proto:0 policy:0 name:OS_IPC_1_4281 invoker:2428857728
09-10 18:40:09.158  3904  3905 I C02d20/DumperService: DelayUnloadTask# recieve new request, delay unload task begin, calllingPid=4279
09-10 18:40:09.160   474  3418 I C02d11/Faultlogger: DumpByCommands: DumpRequest: detail:0, list:0, file:, name:, time:-1
09-10 18:40:09.160  3904  3905 I C02d20/DumperService: GetData# SA name:1201 dump success, cmd:-p Faultlogger -LogSuffixWithMs , calllingPid=4279!
09-10 18:40:09.203  4283  4283 W C02c02/PARAM: Selinux check name persist.init.debug.loglevel in u:object_r:startup_init_param:s0 [4283 2000 2000] failed
09-10 18:40:09.203  4283  4283 W C02c02/PARAM: Selinux check name persist.init.debug.loglevel in u:object_r:startup_init_param:s0 [4283 2000 2000] failed
09-10 18:40:09.204  4283  4283 W C02c02/PARAM: SystemReadParam failed!name is:persist.init.debug.loglevel,err:1002
09-10 18:40:09.208  4285  4285 W C02c02/PARAM: Selinux check name persist.init.debug.loglevel in u:object_r:startup_init_param:s0 [4285 2000 2000] failed
09-10 18:40:09.208  4285  4285 W C02c02/PARAM: Selinux check name persist.init.debug.loglevel in u:object_r:startup_init_param:s0 [4285 2000 2000] failed
09-10 18:40:09.208  4285  4285 W C02c02/PARAM: SystemReadParam failed!name is:persist.init.debug.loglevel,err:1002
09-10 18:40:09.208  4287  4287 W C02c02/PARAM: Selinux check name persist.init.debug.loglevel in u:object_r:startup_init_param:s0 [4287 2000 2000] failed
09-10 18:40:09.208  4287  4287 W C02c02/PARAM: Selinux check name persist.init.debug.loglevel in u:object_r:startup_init_param:s0 [4287 2000 2000] failed
09-10 18:40:09.208  4287  4287 W C02c02/PARAM: SystemReadParam failed!name is:persist.init.debug.loglevel,err:1002
09-10 18:40:09.209  4286  4286 W C02c02/PARAM: Selinux check name persist.init.debug.loglevel in u:object_r:startup_init_param:s0 [4286 2000 2000] failed
09-10 18:40:09.209  4286  4286 W C02c02/PARAM: Selinux check name persist.init.debug.loglevel in u:object_r:startup_init_param:s0 [4286 2000 2000] failed
09-10 18:40:09.209  4286  4286 W C02c02/PARAM: SystemReadParam failed!name is:persist.init.debug.loglevel,err:1002
09-10 18:40:09.218  4288  4288 W C02c02/PARAM: Selinux check name persist.init.debug.loglevel in u:object_r:startup_init_param:s0 [4288 2000 2000] failed
09-10 18:40:09.219  4288  4288 W C02c02/PARAM: Selinux check name persist.init.debug.loglevel in u:object_r:startup_init_param:s0 [4288 2000 2000] failed
09-10 18:40:09.219  4288  4288 W C02c02/PARAM: SystemReadParam failed!name is:persist.init.debug.loglevel,err:1002
09-10 18:40:09.219  4289  4289 W C02c02/PARAM: Selinux check name persist.init.debug.loglevel in u:object_r:startup_init_param:s0 [4289 2000 2000] failed
09-10 18:40:09.219  4289  4289 W C02c02/PARAM: Selinux check name persist.init.debug.loglevel in u:object_r:startup_init_param:s0 [4289 2000 2000] failed
09-10 18:40:09.219  4289  4289 W C02c02/PARAM: SystemReadParam failed!name is:persist.init.debug.loglevel,err:1002
09-10 18:40:09.229   125   785 I C01800/SAMGR: NF SA:65962,832_147961
09-10 18:40:09.394  2458  2458 W A01c06/ICON: AppIconWeatherModel --> initWeatherListener, retryTimes: 4
09-10 18:40:09.397   490  1514 E C01707/CONCUR: [Interface] task 1514 apply qos failed, errno = 4
09-10 18:40:09.397   490  1514 E C01611/QosManager: QosManager: Failed to set thread QoS to QOS_USER_INTERACTIVE, ret: -1
09-10 18:40:09.399   782   782 W C01123/BMSCommon: bundle not exist -n com.huawei.hmsapp.totemweather -u 100 -i 0 -f 32
09-10 18:40:09.399   782   782 W C01121/BMSQuery: GetBundleInfo failed -n com.huawei.hmsapp.totemweather -u 100
09-10 18:40:09.399   490  1514 E C01651/BundleMgrProxy: GetBundleInfoFromBMS: GetBundleInfo failed!bundleName is com.huawei.hmsapp.totemweather, userId is 100
09-10 18:40:09.399   490  1514 E C01651/DataProviderConfig: GetFromProxyData: Get bundleInfo failed! bundleName:com.huawei.hmsapp.totemweather, userId:100, visitedId:100, uri:******icIconInfo
09-10 18:40:09.399   490  1514 E C01651/DataShareServiceImpl: GetBMSAndMetaDataStatus: CalledInfo failed! token:0x2002a7c3,ret:1001,uri:******icIconInfo
09-10 18:40:09.399   490  1514 E C01651/DataShareServiceImpl: GetSilentProxyStatus: BMS or metaData not ready to complete, token:0x2002a7c3, uri:******icIconInfo
09-10 18:40:09.399  2458  2458 E A01c06/ICON: AppIconWeatherModel --> get weather info failed, code: 15700010, message: The DataShareHelper is not initialized successfully.
09-10 18:40:09.430   125   785 I C01800/SAMGR: NF SA:65962,832_147962
09-10 18:40:09.472  4291  4291 W C02c02/PARAM: Selinux check name persist.init.debug.loglevel in u:object_r:startup_init_param:s0 [4291 2000 2000] failed
09-10 18:40:09.472  4291  4291 W C02c02/PARAM: Selinux check name persist.init.debug.loglevel in u:object_r:startup_init_param:s0 [4291 2000 2000] failed
09-10 18:40:09.472  4291  4291 W C02c02/PARAM: SystemReadParam failed!name is:persist.init.debug.loglevel,err:1002
09-10 18:40:09.475  4293  4293 W C02c02/PARAM: Selinux check name persist.init.debug.loglevel in u:object_r:startup_init_param:s0 [4293 2000 2000] failed
09-10 18:40:09.478  4293  4293 W C02c02/PARAM: Selinux check name persist.init.debug.loglevel in u:object_r:startup_init_param:s0 [4293 2000 2000] failed
09-10 18:40:09.478  4293  4293 W C02c02/PARAM: SystemReadParam failed!name is:persist.init.debug.loglevel,err:1002
09-10 18:40:09.482  4294  4294 W C02c02/PARAM: Selinux check name persist.init.debug.loglevel in u:object_r:startup_init_param:s0 [4294 2000 2000] failed
09-10 18:40:09.482  4294  4294 W C02c02/PARAM: Selinux check name persist.init.debug.loglevel in u:object_r:startup_init_param:s0 [4294 2000 2000] failed
09-10 18:40:09.482  4294  4294 W C02c02/PARAM: SystemReadParam failed!name is:persist.init.debug.loglevel,err:1002
09-10 18:40:09.631   125   785 I C01800/SAMGR: NF SA:65962,832_147963
09-10 18:40:09.631   832   925 E C01810/SA_CLIENT: GetSaWrap SA:65962 not start
09-10 18:40:09.631   832   925 I C01409/APS_MANAGER: request system service object is not ready yet!
09-10 18:40:09.993  4296  4296 W C02c02/PARAM: Selinux check name persist.init.debug.loglevel in u:object_r:startup_init_param:s0 [4296 2000 2000] failed
09-10 18:40:09.993  4296  4296 W C02c02/PARAM: Selinux check name persist.init.debug.loglevel in u:object_r:startup_init_param:s0 [4296 2000 2000] failed
09-10 18:40:09.993  4296  4296 W C02c02/PARAM: SystemReadParam failed!name is:persist.init.debug.loglevel,err:1002
09-10 18:40:09.996  4296  4296 W C02c02/PARAM: Selinux check name persist.init.debug.loglevel in u:object_r:startup_init_param:s0 [4296 2000 2000] failed
09-10 18:40:09.996  4296  4296 W C02c02/PARAM: Selinux check name persist.init.debug.loglevel in u:object_r:startup_init_param:s0 [4296 2000 2000] failed
09-10 18:40:09.996  4296  4296 W C02c02/PARAM: SystemReadParam failed!name is:persist.init.debug.loglevel,err:1002
09-10 18:40:10.206  4299  4299 W C02c02/PARAM: Selinux check name persist.init.debug.loglevel in u:object_r:startup_init_param:s0 [4299 2000 2000] failed
09-10 18:40:10.207  4299  4299 W C02c02/PARAM: Selinux check name persist.init.debug.loglevel in u:object_r:startup_init_param:s0 [4299 2000 2000] failed
09-10 18:40:10.207  4299  4299 W C02c02/PARAM: SystemReadParam failed!name is:persist.init.debug.loglevel,err:1002
09-10 18:40:10.210  4302  4302 W C02c02/PARAM: Selinux check name persist.init.debug.loglevel in u:object_r:startup_init_param:s0 [4302 2000 2000] failed
09-10 18:40:10.210  4302  4302 W C02c02/PARAM: Selinux check name persist.init.debug.loglevel in u:object_r:startup_init_param:s0 [4302 2000 2000] failed
09-10 18:40:10.210  4302  4302 W C02c02/PARAM: SystemReadParam failed!name is:persist.init.debug.loglevel,err:1002
09-10 18:40:10.210  4303  4303 W C02c02/PARAM: Selinux check name persist.init.debug.loglevel in u:object_r:startup_init_param:s0 [4303 2000 2000] failed
09-10 18:40:10.210  4303  4303 W C02c02/PARAM: Selinux check name persist.init.debug.loglevel in u:object_r:startup_init_param:s0 [4303 2000 2000] failed
09-10 18:40:10.210  4303  4303 W C02c02/PARAM: SystemReadParam failed!name is:persist.init.debug.loglevel,err:1002
09-10 18:40:10.210  4301  4301 W C02c02/PARAM: Selinux check name persist.init.debug.loglevel in u:object_r:startup_init_param:s0 [4301 2000 2000] failed
09-10 18:40:10.210  4301  4301 W C02c02/PARAM: Selinux check name persist.init.debug.loglevel in u:object_r:startup_init_param:s0 [4301 2000 2000] failed
09-10 18:40:10.210  4301  4301 W C02c02/PARAM: SystemReadParam failed!name is:persist.init.debug.loglevel,err:1002
09-10 18:40:10.215  4304  4304 W C02c02/PARAM: Selinux check name persist.init.debug.loglevel in u:object_r:startup_init_param:s0 [4304 2000 2000] failed
09-10 18:40:10.215  4304  4304 W C02c02/PARAM: Selinux check name persist.init.debug.loglevel in u:object_r:startup_init_param:s0 [4304 2000 2000] failed
09-10 18:40:10.215  4304  4304 W C02c02/PARAM: SystemReadParam failed!name is:persist.init.debug.loglevel,err:1002
09-10 18:40:10.215  4305  4305 W C02c02/PARAM: Selinux check name persist.init.debug.loglevel in u:object_r:startup_init_param:s0 [4305 2000 2000] failed
09-10 18:40:10.215  4305  4305 W C02c02/PARAM: Selinux check name persist.init.debug.loglevel in u:object_r:startup_init_param:s0 [4305 2000 2000] failed
09-10 18:40:10.215  4305  4305 W C02c02/PARAM: SystemReadParam failed!name is:persist.init.debug.loglevel,err:1002
09-10 18:40:10.403  2458  2458 W A01c06/ICON: AppIconWeatherModel --> initWeatherListener, retryTimes: 4
09-10 18:40:10.405   490  1514 E C01707/CONCUR: [Interface] task 1514 apply qos failed, errno = 4
09-10 18:40:10.405   490  1514 E C01611/QosManager: QosManager: Failed to set thread QoS to QOS_USER_INTERACTIVE, ret: -1
09-10 18:40:10.405   782   782 W C01123/BMSCommon: bundle not exist -n com.huawei.hmsapp.totemweather -u 100 -i 0 -f 32
09-10 18:40:10.405   782   782 W C01121/BMSQuery: GetBundleInfo failed -n com.huawei.hmsapp.totemweather -u 100
09-10 18:40:10.405   490  1514 E C01651/BundleMgrProxy: GetBundleInfoFromBMS: GetBundleInfo failed!bundleName is com.huawei.hmsapp.totemweather, userId is 100
09-10 18:40:10.405   490  1514 E C01651/DataProviderConfig: GetFromProxyData: Get bundleInfo failed! bundleName:com.huawei.hmsapp.totemweather, userId:100, visitedId:100, uri:******icIconInfo
09-10 18:40:10.405   490  1514 E C01651/DataShareServiceImpl: GetBMSAndMetaDataStatus: CalledInfo failed! token:0x2002a7c3,ret:1001,uri:******icIconInfo
09-10 18:40:10.405   490  1514 E C01651/DataShareServiceImpl: GetSilentProxyStatus: BMS or metaData not ready to complete, token:0x2002a7c3, uri:******icIconInfo
09-10 18:40:10.405  2458  2458 E A01c06/ICON: AppIconWeatherModel --> get weather info failed, code: 15700010, message: The DataShareHelper is not initialized successfully.
09-10 18:40:10.408  4307  4307 W C02c02/PARAM: Selinux check name persist.init.debug.loglevel in u:object_r:startup_init_param:s0 [4307 2000 2000] failed
09-10 18:40:10.408  4307  4307 W C02c02/PARAM: Selinux check name persist.init.debug.loglevel in u:object_r:startup_init_param:s0 [4307 2000 2000] failed
09-10 18:40:10.408  4307  4307 W C02c02/PARAM: SystemReadParam failed!name is:persist.init.debug.loglevel,err:1002
09-10 18:40:10.411  4309  4309 W C02c02/PARAM: Selinux check name persist.init.debug.loglevel in u:object_r:startup_init_param:s0 [4309 2000 2000] failed
09-10 18:40:10.411  4309  4309 W C02c02/PARAM: Selinux check name persist.init.debug.loglevel in u:object_r:startup_init_param:s0 [4309 2000 2000] failed
09-10 18:40:10.411  4309  4309 W C02c02/PARAM: SystemReadParam failed!name is:persist.init.debug.loglevel,err:1002
09-10 18:40:10.414  4310  4310 W C02c02/PARAM: Selinux check name persist.init.debug.loglevel in u:object_r:startup_init_param:s0 [4310 2000 2000] failed
09-10 18:40:10.414  4310  4310 W C02c02/PARAM: Selinux check name persist.init.debug.loglevel in u:object_r:startup_init_param:s0 [4310 2000 2000] failed
09-10 18:40:10.414  4310  4310 W C02c02/PARAM: SystemReadParam failed!name is:persist.init.debug.loglevel,err:1002
09-10 18:40:10.908  3290  3290 I C02500/Qemud: Guest heartbeat success.
09-10 18:40:10.941  4312  4312 W C02c02/PARAM: Selinux check name persist.init.debug.loglevel in u:object_r:startup_init_param:s0 [4312 2000 2000] failed
09-10 18:40:10.941  4312  4312 W C02c02/PARAM: Selinux check name persist.init.debug.loglevel in u:object_r:startup_init_param:s0 [4312 2000 2000] failed
09-10 18:40:10.941  4312  4312 W C02c02/PARAM: SystemReadParam failed!name is:persist.init.debug.loglevel,err:1002
09-10 18:40:10.944  4312  4312 W C02c02/PARAM: Selinux check name persist.init.debug.loglevel in u:object_r:startup_init_param:s0 [4312 2000 2000] failed
09-10 18:40:10.944  4312  4312 W C02c02/PARAM: Selinux check name persist.init.debug.loglevel in u:object_r:startup_init_param:s0 [4312 2000 2000] failed
09-10 18:40:10.944  4312  4312 W C02c02/PARAM: SystemReadParam failed!name is:persist.init.debug.loglevel,err:1002
09-10 18:40:11.204  4315  4315 W C02c02/PARAM: Selinux check name persist.init.debug.loglevel in u:object_r:startup_init_param:s0 [4315 2000 2000] failed
09-10 18:40:11.204  4315  4315 W C02c02/PARAM: Selinux check name persist.init.debug.loglevel in u:object_r:startup_init_param:s0 [4315 2000 2000] failed
09-10 18:40:11.204  4315  4315 W C02c02/PARAM: SystemReadParam failed!name is:persist.init.debug.loglevel,err:1002
09-10 18:40:11.207  4317  4317 W C02c02/PARAM: Selinux check name persist.init.debug.loglevel in u:object_r:startup_init_param:s0 [4317 2000 2000] failed
09-10 18:40:11.207  4318  4318 W C02c02/PARAM: Selinux check name persist.init.debug.loglevel in u:object_r:startup_init_param:s0 [4318 2000 2000] failed
09-10 18:40:11.207  4318  4318 W C02c02/PARAM: Selinux check name persist.init.debug.loglevel in u:object_r:startup_init_param:s0 [4318 2000 2000] failed
09-10 18:40:11.207  4317  4317 W C02c02/PARAM: Selinux check name persist.init.debug.loglevel in u:object_r:startup_init_param:s0 [4317 2000 2000] failed
09-10 18:40:11.207  4318  4318 W C02c02/PARAM: SystemReadParam failed!name is:persist.init.debug.loglevel,err:1002
09-10 18:40:11.207  4317  4317 W C02c02/PARAM: SystemReadParam failed!name is:persist.init.debug.loglevel,err:1002
09-10 18:40:11.207  4319  4319 W C02c02/PARAM: Selinux check name persist.init.debug.loglevel in u:object_r:startup_init_param:s0 [4319 2000 2000] failed
09-10 18:40:11.207  4319  4319 W C02c02/PARAM: Selinux check name persist.init.debug.loglevel in u:object_r:startup_init_param:s0 [4319 2000 2000] failed
09-10 18:40:11.207  4319  4319 W C02c02/PARAM: SystemReadParam failed!name is:persist.init.debug.loglevel,err:1002
09-10 18:40:11.212  4320  4320 W C02c02/PARAM: Selinux check name persist.init.debug.loglevel in u:object_r:startup_init_param:s0 [4320 2000 2000] failed
09-10 18:40:11.212  4320  4320 W C02c02/PARAM: Selinux check name persist.init.debug.loglevel in u:object_r:startup_init_param:s0 [4320 2000 2000] failed
09-10 18:40:11.212  4320  4320 W C02c02/PARAM: SystemReadParam failed!name is:persist.init.debug.loglevel,err:1002
09-10 18:40:11.213  4321  4321 W C02c02/PARAM: Selinux check name persist.init.debug.loglevel in u:object_r:startup_init_param:s0 [4321 2000 2000] failed
09-10 18:40:11.213  4321  4321 W C02c02/PARAM: Selinux check name persist.init.debug.loglevel in u:object_r:startup_init_param:s0 [4321 2000 2000] failed
09-10 18:40:11.213  4321  4321 W C02c02/PARAM: SystemReadParam failed!name is:persist.init.debug.loglevel,err:1002
09-10 18:40:11.407  2458  2458 W A01c06/ICON: AppIconWeatherModel --> initWeatherListener, retryTimes: 4
09-10 18:40:11.408   490  1514 E C01707/CONCUR: [Interface] task 1514 apply qos failed, errno = 4
09-10 18:40:11.408   490  1514 E C01611/QosManager: QosManager: Failed to set thread QoS to QOS_USER_INTERACTIVE, ret: -1
09-10 18:40:11.409   782   782 W C01123/BMSCommon: bundle not exist -n com.huawei.hmsapp.totemweather -u 100 -i 0 -f 32
09-10 18:40:11.409   782   782 W C01121/BMSQuery: GetBundleInfo failed -n com.huawei.hmsapp.totemweather -u 100
09-10 18:40:11.409   490  1514 E C01651/BundleMgrProxy: GetBundleInfoFromBMS: GetBundleInfo failed!bundleName is com.huawei.hmsapp.totemweather, userId is 100
09-10 18:40:11.409   490  1514 E C01651/DataProviderConfig: GetFromProxyData: Get bundleInfo failed! bundleName:com.huawei.hmsapp.totemweather, userId:100, visitedId:100, uri:******icIconInfo
09-10 18:40:11.409   490  1514 E C01651/DataShareServiceImpl: GetBMSAndMetaDataStatus: CalledInfo failed! token:0x2002a7c3,ret:1001,uri:******icIconInfo
09-10 18:40:11.409   490  1514 E C01651/DataShareServiceImpl: GetSilentProxyStatus: BMS or metaData not ready to complete, token:0x2002a7c3, uri:******icIconInfo
09-10 18:40:11.409  2458  2458 E A01c06/ICON: AppIconWeatherModel --> get weather info failed, code: 15700010, message: The DataShareHelper is not initialized successfully.
09-10 18:40:11.409  4323  4323 W C02c02/PARAM: Selinux check name persist.init.debug.loglevel in u:object_r:startup_init_param:s0 [4323 2000 2000] failed
09-10 18:40:11.409  4323  4323 W C02c02/PARAM: Selinux check name persist.init.debug.loglevel in u:object_r:startup_init_param:s0 [4323 2000 2000] failed
09-10 18:40:11.409  4323  4323 W C02c02/PARAM: SystemReadParam failed!name is:persist.init.debug.loglevel,err:1002
09-10 18:40:11.412  4325  4325 W C02c02/PARAM: Selinux check name persist.init.debug.loglevel in u:object_r:startup_init_param:s0 [4325 2000 2000] failed
09-10 18:40:11.412  4325  4325 W C02c02/PARAM: Selinux check name persist.init.debug.loglevel in u:object_r:startup_init_param:s0 [4325 2000 2000] failed
09-10 18:40:11.412  4325  4325 W C02c02/PARAM: SystemReadParam failed!name is:persist.init.debug.loglevel,err:1002
09-10 18:40:11.416  4326  4326 W C02c02/PARAM: Selinux check name persist.init.debug.loglevel in u:object_r:startup_init_param:s0 [4326 2000 2000] failed
09-10 18:40:11.416  4326  4326 W C02c02/PARAM: Selinux check name persist.init.debug.loglevel in u:object_r:startup_init_param:s0 [4326 2000 2000] failed
09-10 18:40:11.416  4326  4326 W C02c02/PARAM: SystemReadParam failed!name is:persist.init.debug.loglevel,err:1002
09-10 18:40:11.425   592   812 W C02943/ThermalHdi: Read node failed, title = brightness
09-10 18:40:11.425   592   812 W C02943/ThermalHdi: Read node failed, title = 
09-10 18:40:11.425   592   812 W C02943/ThermalHdi: Read node failed, title = 
09-10 18:40:11.425   592   812 W C02943/ThermalHdi: Read node failed, title = 
09-10 18:40:11.425   592   812 W C02943/ThermalHdi: Read node failed, title = 
09-10 18:40:11.425   592   812 W C02943/ThermalHdi: Read node failed, title = 
09-10 18:40:11.425   592   812 W C02943/ThermalHdi: Read node failed, title = 
09-10 18:40:11.425   592   812 W C02943/ThermalHdi: Read node failed, title = 
09-10 18:40:11.425   592   812 W C02943/ThermalHdi: Read node failed, title = 
09-10 18:40:11.425   592   812 W C02943/ThermalHdi: Read node failed, title = 
09-10 18:40:11.425   592   812 W C02943/ThermalHdi: Read node failed, title = 
09-10 18:40:11.425   592   812 W C02943/ThermalHdi: Read node failed, title = 
09-10 18:40:11.425   592   812 W C02943/ThermalHdi: Read node failed, title = 
09-10 18:40:11.425   592   812 W C02943/ThermalHdi: Read node failed, title = 
09-10 18:40:11.425   592   812 W C02943/ThermalHdi: Read node failed, title = 
09-10 18:40:11.425   592   812 W C02943/ThermalHdi: Read node failed, title = 
09-10 18:40:11.425   592   812 W C02943/ThermalHdi: Read node failed, title = 
09-10 18:40:11.425   592   812 W C02943/ThermalHdi: Read node failed, title = 
09-10 18:40:11.425   592   812 W C02943/ThermalHdi: Read node failed, title = 
09-10 18:40:11.425   592   812 W C02943/ThermalHdi: Read node failed, title = 
09-10 18:40:11.425   592   812 W C02943/ThermalHdi: Read node failed, title = 
09-10 18:40:11.425   592   812 W C02943/ThermalHdi: Read node failed, title = 
09-10 18:40:11.425   592   812 W C02943/ThermalHdi: Read node failed, title = 
09-10 18:40:11.425   592   812 W C02943/ThermalHdi: Read node failed, title = 
09-10 18:40:11.425   592   812 W C02943/ThermalHdi: Read node failed, title = 
09-10 18:40:11.425   592   812 W C02943/ThermalHdi: Read node failed, title = ambient
09-10 18:40:11.425   592   812 W C02943/ThermalHdi: Read node failed, title = ibat
09-10 18:40:11.425   592   812 W C02943/ThermalHdi: Read node failed, title = vbat
09-10 18:40:11.425   592   812 W C02943/ThermalHdi: Read node failed, title = cpu0_min_freq
09-10 18:40:11.425   592   812 W C02943/ThermalHdi: Read node failed, title = cpu0_cur_freq
09-10 18:40:11.425   592   812 W C02943/ThermalHdi: Read node failed, title = cpu0_max_freq
09-10 18:40:11.425   592   812 W C02943/ThermalHdi: Read node failed, title = cpu4_min_freq
09-10 18:40:11.425   592   812 W C02943/ThermalHdi: Read node failed, title = cpu4_cur_freq
09-10 18:40:11.425   592   812 W C02943/ThermalHdi: Read node failed, title = cpu4_max_freq
09-10 18:40:11.425   592   812 W C02943/ThermalHdi: Read node failed, title = cpu7_min_freq
09-10 18:40:11.425   592   812 W C02943/ThermalHdi: Read node failed, title = cpu7_cur_freq
09-10 18:40:11.425   592   812 W C02943/ThermalHdi: Read node failed, title = cpu7_max_freq
09-10 18:40:11.426   592   812 W C02943/ThermalHdi: Read node failed, title = gpu_min_freq
09-10 18:40:11.426   592   812 W C02943/ThermalHdi: Read node failed, title = gpu_cur_freq
09-10 18:40:11.426   592   812 W C02943/ThermalHdi: Read node failed, title = gpu_max_freq
09-10 18:40:11.426   592   812 W C02943/ThermalHdi: Read node failed, title = ddr_cur_freq
09-10 18:40:11.426   592   812 W C02943/ThermalHdi: Read node failed, title = set_IPApower
09-10 18:40:11.426   592   812 W C02943/ThermalHdi: Read node failed, title = cur_IPApower
09-10 18:40:11.426   592   812 W C02943/ThermalHdi: get node failed
09-10 18:40:11.426   592   812 W C02943/ThermalHdi: get node failed
09-10 18:40:11.426   592   812 W C02943/ThermalHdi: get node failed
09-10 18:40:11.632   125   785 I C01800/SAMGR: NF SA:65962,832_147964
09-10 18:40:11.832   125   785 I C01800/SAMGR: NF SA:65962,832_147965
09-10 18:40:11.938  4328  4328 W C02c02/PARAM: Selinux check name persist.init.debug.loglevel in u:object_r:startup_init_param:s0 [4328 2000 2000] failed
09-10 18:40:11.938  4328  4328 W C02c02/PARAM: Selinux check name persist.init.debug.loglevel in u:object_r:startup_init_param:s0 [4328 2000 2000] failed
09-10 18:40:11.938  4328  4328 W C02c02/PARAM: SystemReadParam failed!name is:persist.init.debug.loglevel,err:1002
09-10 18:40:11.940  4328  4328 W C02c02/PARAM: Selinux check name persist.init.debug.loglevel in u:object_r:startup_init_param:s0 [4328 2000 2000] failed
09-10 18:40:11.940  4328  4328 W C02c02/PARAM: Selinux check name persist.init.debug.loglevel in u:object_r:startup_init_param:s0 [4328 2000 2000] failed
09-10 18:40:11.940  4328  4328 W C02c02/PARAM: SystemReadParam failed!name is:persist.init.debug.loglevel,err:1002
09-10 18:40:11.962   474 30998 E C02d66/XPerf: [InquiryOhImpl::ExtractStringValue] Canonical FilePath: /sys/class/ithermal/lpm/lpm_freq failed.
09-10 18:40:11.962   474 30998 E C02d66/XPerf: [InquiryOhImpl::ExtractStringValue] Canonical FilePath: /sys/class/power_supply/Battery/status failed.
09-10 18:40:12.033   125   785 I C01800/SAMGR: NF SA:65962,832_147966
09-10 18:40:12.206  4332  4332 W C02c02/PARAM: Selinux check name persist.init.debug.loglevel in u:object_r:startup_init_param:s0 [4332 2000 2000] failed
09-10 18:40:12.206  4332  4332 W C02c02/PARAM: Selinux check name persist.init.debug.loglevel in u:object_r:startup_init_param:s0 [4332 2000 2000] failed
09-10 18:40:12.206  4332  4332 W C02c02/PARAM: SystemReadParam failed!name is:persist.init.debug.loglevel,err:1002
09-10 18:40:12.209  4334  4334 W C02c02/PARAM: Selinux check name persist.init.debug.loglevel in u:object_r:startup_init_param:s0 [4334 2000 2000] failed
09-10 18:40:12.209  4334  4334 W C02c02/PARAM: Selinux check name persist.init.debug.loglevel in u:object_r:startup_init_param:s0 [4334 2000 2000] failed
09-10 18:40:12.209  4334  4334 W C02c02/PARAM: SystemReadParam failed!name is:persist.init.debug.loglevel,err:1002
09-10 18:40:12.209  4336  4336 W C02c02/PARAM: Selinux check name persist.init.debug.loglevel in u:object_r:startup_init_param:s0 [4336 2000 2000] failed
09-10 18:40:12.209  4336  4336 W C02c02/PARAM: Selinux check name persist.init.debug.loglevel in u:object_r:startup_init_param:s0 [4336 2000 2000] failed
09-10 18:40:12.209  4336  4336 W C02c02/PARAM: SystemReadParam failed!name is:persist.init.debug.loglevel,err:1002
09-10 18:40:12.209  4335  4335 W C02c02/PARAM: Selinux check name persist.init.debug.loglevel in u:object_r:startup_init_param:s0 [4335 2000 2000] failed
09-10 18:40:12.209  4335  4335 W C02c02/PARAM: Selinux check name persist.init.debug.loglevel in u:object_r:startup_init_param:s0 [4335 2000 2000] failed
09-10 18:40:12.210  4335  4335 W C02c02/PARAM: SystemReadParam failed!name is:persist.init.debug.loglevel,err:1002
09-10 18:40:12.214  4337  4337 W C02c02/PARAM: Selinux check name persist.init.debug.loglevel in u:object_r:startup_init_param:s0 [4337 2000 2000] failed
09-10 18:40:12.214  4337  4337 W C02c02/PARAM: Selinux check name persist.init.debug.loglevel in u:object_r:startup_init_param:s0 [4337 2000 2000] failed
09-10 18:40:12.214  4337  4337 W C02c02/PARAM: SystemReadParam failed!name is:persist.init.debug.loglevel,err:1002
09-10 18:40:12.214  4338  4338 W C02c02/PARAM: Selinux check name persist.init.debug.loglevel in u:object_r:startup_init_param:s0 [4338 2000 2000] failed
09-10 18:40:12.214  4338  4338 W C02c02/PARAM: Selinux check name persist.init.debug.loglevel in u:object_r:startup_init_param:s0 [4338 2000 2000] failed
09-10 18:40:12.214  4338  4338 W C02c02/PARAM: SystemReadParam failed!name is:persist.init.debug.loglevel,err:1002
09-10 18:40:12.233   125   785 I C01800/SAMGR: NF SA:65962,832_147967
09-10 18:40:12.409  4340  4340 W C02c02/PARAM: Selinux check name persist.init.debug.loglevel in u:object_r:startup_init_param:s0 [4340 2000 2000] failed
09-10 18:40:12.409  4340  4340 W C02c02/PARAM: Selinux check name persist.init.debug.loglevel in u:object_r:startup_init_param:s0 [4340 2000 2000] failed
09-10 18:40:12.409  4340  4340 W C02c02/PARAM: SystemReadParam failed!name is:persist.init.debug.loglevel,err:1002
09-10 18:40:12.410  2458  2458 W A01c06/ICON: AppIconWeatherModel --> initWeatherListener, retryTimes: 4
09-10 18:40:12.412   490  1514 E C01707/CONCUR: [Interface] task 1514 apply qos failed, errno = 4
09-10 18:40:12.412   490  1514 E C01611/QosManager: QosManager: Failed to set thread QoS to QOS_USER_INTERACTIVE, ret: -1
09-10 18:40:12.412  4342  4342 W C02c02/PARAM: Selinux check name persist.init.debug.loglevel in u:object_r:startup_init_param:s0 [4342 2000 2000] failed
09-10 18:40:12.412  4342  4342 W C02c02/PARAM: Selinux check name persist.init.debug.loglevel in u:object_r:startup_init_param:s0 [4342 2000 2000] failed
09-10 18:40:12.412  4342  4342 W C02c02/PARAM: SystemReadParam failed!name is:persist.init.debug.loglevel,err:1002
09-10 18:40:12.412   782   782 W C01123/BMSCommon: bundle not exist -n com.huawei.hmsapp.totemweather -u 100 -i 0 -f 32
09-10 18:40:12.412   782   782 W C01121/BMSQuery: GetBundleInfo failed -n com.huawei.hmsapp.totemweather -u 100
09-10 18:40:12.412   490  1514 E C01651/BundleMgrProxy: GetBundleInfoFromBMS: GetBundleInfo failed!bundleName is com.huawei.hmsapp.totemweather, userId is 100
09-10 18:40:12.412   490  1514 E C01651/DataProviderConfig: GetFromProxyData: Get bundleInfo failed! bundleName:com.huawei.hmsapp.totemweather, userId:100, visitedId:100, uri:******icIconInfo
09-10 18:40:12.412   490  1514 E C01651/DataShareServiceImpl: GetBMSAndMetaDataStatus: CalledInfo failed! token:0x2002a7c3,ret:1001,uri:******icIconInfo
09-10 18:40:12.412   490  1514 E C01651/DataShareServiceImpl: GetSilentProxyStatus: BMS or metaData not ready to complete, token:0x2002a7c3, uri:******icIconInfo
09-10 18:40:12.412  2458  2458 E A01c06/ICON: AppIconWeatherModel --> get weather info failed, code: 15700010, message: The DataShareHelper is not initialized successfully.
09-10 18:40:12.415  4343  4343 W C02c02/PARAM: Selinux check name persist.init.debug.loglevel in u:object_r:startup_init_param:s0 [4343 2000 2000] failed
09-10 18:40:12.415  4343  4343 W C02c02/PARAM: Selinux check name persist.init.debug.loglevel in u:object_r:startup_init_param:s0 [4343 2000 2000] failed
09-10 18:40:12.415  4343  4343 W C02c02/PARAM: SystemReadParam failed!name is:persist.init.debug.loglevel,err:1002
09-10 18:40:12.434   125   785 I C01800/SAMGR: NF SA:65962,832_147968
09-10 18:40:12.635   125   785 I C01800/SAMGR: NF SA:65962,832_147969
09-10 18:40:12.836   125   785 I C01800/SAMGR: NF SA:65962,832_147970
09-10 18:40:12.836   832   925 E C01810/SA_CLIENT: GetSaWrap SA:65962 not start
09-10 18:40:12.836   832   925 I C01409/APS_MANAGER: request system service object is not ready yet!
09-10 18:40:12.936  4345  4345 W C02c02/PARAM: Selinux check name persist.init.debug.loglevel in u:object_r:startup_init_param:s0 [4345 2000 2000] failed
09-10 18:40:12.936  4345  4345 W C02c02/PARAM: Selinux check name persist.init.debug.loglevel in u:object_r:startup_init_param:s0 [4345 2000 2000] failed
09-10 18:40:12.936  4345  4345 W C02c02/PARAM: SystemReadParam failed!name is:persist.init.debug.loglevel,err:1002
09-10 18:40:12.939  4345  4345 W C02c02/PARAM: Selinux check name persist.init.debug.loglevel in u:object_r:startup_init_param:s0 [4345 2000 2000] failed
09-10 18:40:12.939  4345  4345 W C02c02/PARAM: Selinux check name persist.init.debug.loglevel in u:object_r:startup_init_param:s0 [4345 2000 2000] failed
09-10 18:40:12.939  4345  4345 W C02c02/PARAM: SystemReadParam failed!name is:persist.init.debug.loglevel,err:1002
09-10 18:40:13.202  4348  4348 W C02c02/PARAM: Selinux check name persist.init.debug.loglevel in u:object_r:startup_init_param:s0 [4348 2000 2000] failed
09-10 18:40:13.202  4348  4348 W C02c02/PARAM: Selinux check name persist.init.debug.loglevel in u:object_r:startup_init_param:s0 [4348 2000 2000] failed
09-10 18:40:13.202  4348  4348 W C02c02/PARAM: SystemReadParam failed!name is:persist.init.debug.loglevel,err:1002
09-10 18:40:13.205  4352  4352 W C02c02/PARAM: Selinux check name persist.init.debug.loglevel in u:object_r:startup_init_param:s0 [4352 2000 2000] failed
09-10 18:40:13.205  4352  4352 W C02c02/PARAM: Selinux check name persist.init.debug.loglevel in u:object_r:startup_init_param:s0 [4352 2000 2000] failed
09-10 18:40:13.205  4351  4351 W C02c02/PARAM: Selinux check name persist.init.debug.loglevel in u:object_r:startup_init_param:s0 [4351 2000 2000] failed
09-10 18:40:13.205  4352  4352 W C02c02/PARAM: SystemReadParam failed!name is:persist.init.debug.loglevel,err:1002
09-10 18:40:13.205  4350  4350 W C02c02/PARAM: Selinux check name persist.init.debug.loglevel in u:object_r:startup_init_param:s0 [4350 2000 2000] failed
09-10 18:40:13.205  4351  4351 W C02c02/PARAM: Selinux check name persist.init.debug.loglevel in u:object_r:startup_init_param:s0 [4351 2000 2000] failed
09-10 18:40:13.205  4351  4351 W C02c02/PARAM: SystemReadParam failed!name is:persist.init.debug.loglevel,err:1002
09-10 18:40:13.206  4350  4350 W C02c02/PARAM: Selinux check name persist.init.debug.loglevel in u:object_r:startup_init_param:s0 [4350 2000 2000] failed
09-10 18:40:13.206  4350  4350 W C02c02/PARAM: SystemReadParam failed!name is:persist.init.debug.loglevel,err:1002
09-10 18:40:13.210  4353  4353 W C02c02/PARAM: Selinux check name persist.init.debug.loglevel in u:object_r:startup_init_param:s0 [4353 2000 2000] failed
09-10 18:40:13.210  4353  4353 W C02c02/PARAM: Selinux check name persist.init.debug.loglevel in u:object_r:startup_init_param:s0 [4353 2000 2000] failed
09-10 18:40:13.210  4353  4353 W C02c02/PARAM: SystemReadParam failed!name is:persist.init.debug.loglevel,err:1002
09-10 18:40:13.211  4354  4354 W C02c02/PARAM: Selinux check name persist.init.debug.loglevel in u:object_r:startup_init_param:s0 [4354 2000 2000] failed
09-10 18:40:13.211  4354  4354 W C02c02/PARAM: Selinux check name persist.init.debug.loglevel in u:object_r:startup_init_param:s0 [4354 2000 2000] failed
09-10 18:40:13.211  4354  4354 W C02c02/PARAM: SystemReadParam failed!name is:persist.init.debug.loglevel,err:1002
09-10 18:40:13.413  2458  2458 W A01c06/ICON: AppIconWeatherModel --> initWeatherListener, retryTimes: 4
09-10 18:40:13.415   490  1514 E C01707/CONCUR: [Interface] task 1514 apply qos failed, errno = 4
09-10 18:40:13.415   490  1514 E C01611/QosManager: QosManager: Failed to set thread QoS to QOS_USER_INTERACTIVE, ret: -1
09-10 18:40:13.415   782   782 W C01123/BMSCommon: bundle not exist -n com.huawei.hmsapp.totemweather -u 100 -i 0 -f 32
09-10 18:40:13.415   782   782 W C01121/BMSQuery: GetBundleInfo failed -n com.huawei.hmsapp.totemweather -u 100
09-10 18:40:13.415   490  1514 E C01651/BundleMgrProxy: GetBundleInfoFromBMS: GetBundleInfo failed!bundleName is com.huawei.hmsapp.totemweather, userId is 100
09-10 18:40:13.415   490  1514 E C01651/DataProviderConfig: GetFromProxyData: Get bundleInfo failed! bundleName:com.huawei.hmsapp.totemweather, userId:100, visitedId:100, uri:******icIconInfo
09-10 18:40:13.415   490  1514 E C01651/DataShareServiceImpl: GetBMSAndMetaDataStatus: CalledInfo failed! token:0x2002a7c3,ret:1001,uri:******icIconInfo
09-10 18:40:13.415   490  1514 E C01651/DataShareServiceImpl: GetSilentProxyStatus: BMS or metaData not ready to complete, token:0x2002a7c3, uri:******icIconInfo
09-10 18:40:13.415  2458  2458 E A01c06/ICON: AppIconWeatherModel --> get weather info failed, code: 15700010, message: The DataShareHelper is not initialized successfully.
09-10 18:40:13.416  4356  4356 W C02c02/PARAM: Selinux check name persist.init.debug.loglevel in u:object_r:startup_init_param:s0 [4356 2000 2000] failed
09-10 18:40:13.416  4356  4356 W C02c02/PARAM: Selinux check name persist.init.debug.loglevel in u:object_r:startup_init_param:s0 [4356 2000 2000] failed
09-10 18:40:13.416  4356  4356 W C02c02/PARAM: SystemReadParam failed!name is:persist.init.debug.loglevel,err:1002
09-10 18:40:13.418  4358  4358 W C02c02/PARAM: Selinux check name persist.init.debug.loglevel in u:object_r:startup_init_param:s0 [4358 2000 2000] failed
09-10 18:40:13.418  4358  4358 W C02c02/PARAM: Selinux check name persist.init.debug.loglevel in u:object_r:startup_init_param:s0 [4358 2000 2000] failed
09-10 18:40:13.418  4358  4358 W C02c02/PARAM: SystemReadParam failed!name is:persist.init.debug.loglevel,err:1002
09-10 18:40:13.421  4359  4359 W C02c02/PARAM: Selinux check name persist.init.debug.loglevel in u:object_r:startup_init_param:s0 [4359 2000 2000] failed
09-10 18:40:13.421  4359  4359 W C02c02/PARAM: Selinux check name persist.init.debug.loglevel in u:object_r:startup_init_param:s0 [4359 2000 2000] failed
09-10 18:40:13.421  4359  4359 W C02c02/PARAM: SystemReadParam failed!name is:persist.init.debug.loglevel,err:1002
09-10 18:40:13.658   704   759 E C02d06/XCollie: can't open hungtask file, errno:2
09-10 18:40:13.758   782   795 E C02d06/XCollie: can't open hungtask file, errno:2
09-10 18:40:13.909  3290  3290 I C02500/Qemud: Guest heartbeat success.
09-10 18:40:13.943  4361  4361 W C02c02/PARAM: Selinux check name persist.init.debug.loglevel in u:object_r:startup_init_param:s0 [4361 2000 2000] failed
09-10 18:40:13.943  4361  4361 W C02c02/PARAM: Selinux check name persist.init.debug.loglevel in u:object_r:startup_init_param:s0 [4361 2000 2000] failed
09-10 18:40:13.943  4361  4361 W C02c02/PARAM: SystemReadParam failed!name is:persist.init.debug.loglevel,err:1002
09-10 18:40:13.946  4361  4361 W C02c02/PARAM: Selinux check name persist.init.debug.loglevel in u:object_r:startup_init_param:s0 [4361 2000 2000] failed
09-10 18:40:13.946  4361  4361 W C02c02/PARAM: Selinux check name persist.init.debug.loglevel in u:object_r:startup_init_param:s0 [4361 2000 2000] failed
09-10 18:40:13.946  4361  4361 W C02c02/PARAM: SystemReadParam failed!name is:persist.init.debug.loglevel,err:1002
09-10 18:40:14.176  4364  4364 W C02c02/PARAM: Selinux check name persist.init.debug.loglevel in u:object_r:startup_init_param:s0 [4364 2000 2000] failed
09-10 18:40:14.176  4364  4364 W C02c02/PARAM: Selinux check name persist.init.debug.loglevel in u:object_r:startup_init_param:s0 [4364 2000 2000] failed
09-10 18:40:14.176  4364  4364 W C02c02/PARAM: SystemReadParam failed!name is:persist.init.debug.loglevel,err:1002
09-10 18:40:14.180  4366  4366 I C02d20/DumperService: SetCmdArgs# hidumper cmd:hidumper -s 1201 -a -p Faultlogger -LogSuffixWithMs , calllingUid=2000, calllingPid=4366, ppid:4364.
09-10 18:40:14.180  4366  4367 W C057c1/IPCWorkThread: ThreadHandler: proto:0 policy:1 name:OS_IPC_0_4367 invoker:3043010688
09-10 18:40:14.180  4366  4368 W C057c1/IPCWorkThread: ThreadHandler: proto:0 policy:0 name:OS_IPC_1_4368 invoker:3070568320
09-10 18:40:14.182  3904  3905 I C02d20/DumperService: DelayUnloadTask# recieve new request, delay unload task begin, calllingPid=4366
09-10 18:40:14.182   474  3418 I C02d11/Faultlogger: DumpByCommands: DumpRequest: detail:0, list:0, file:, name:, time:-1
09-10 18:40:14.182  3904  3905 I C02d20/DumperService: GetData# SA name:1201 dump success, cmd:-p Faultlogger -LogSuffixWithMs , calllingPid=4366!
09-10 18:40:14.203  4370  4370 W C02c02/PARAM: Selinux check name persist.init.debug.loglevel in u:object_r:startup_init_param:s0 [4370 2000 2000] failed
09-10 18:40:14.203  4370  4370 W C02c02/PARAM: Selinux check name persist.init.debug.loglevel in u:object_r:startup_init_param:s0 [4370 2000 2000] failed
09-10 18:40:14.203  4370  4370 W C02c02/PARAM: SystemReadParam failed!name is:persist.init.debug.loglevel,err:1002
09-10 18:40:14.207  4373  4373 W C02c02/PARAM: Selinux check name persist.init.debug.loglevel in u:object_r:startup_init_param:s0 [4373 2000 2000] failed
09-10 18:40:14.207  4373  4373 W C02c02/PARAM: Selinux check name persist.init.debug.loglevel in u:object_r:startup_init_param:s0 [4373 2000 2000] failed
09-10 18:40:14.207  4373  4373 W C02c02/PARAM: SystemReadParam failed!name is:persist.init.debug.loglevel,err:1002
09-10 18:40:14.207  4374  4374 W C02c02/PARAM: Selinux check name persist.init.debug.loglevel in u:object_r:startup_init_param:s0 [4374 2000 2000] failed
09-10 18:40:14.207  4372  4372 W C02c02/PARAM: Selinux check name persist.init.debug.loglevel in u:object_r:startup_init_param:s0 [4372 2000 2000] failed
09-10 18:40:14.207  4374  4374 W C02c02/PARAM: Selinux check name persist.init.debug.loglevel in u:object_r:startup_init_param:s0 [4374 2000 2000] failed
09-10 18:40:14.207  4374  4374 W C02c02/PARAM: SystemReadParam failed!name is:persist.init.debug.loglevel,err:1002
09-10 18:40:14.207  4372  4372 W C02c02/PARAM: Selinux check name persist.init.debug.loglevel in u:object_r:startup_init_param:s0 [4372 2000 2000] failed
09-10 18:40:14.207  4372  4372 W C02c02/PARAM: SystemReadParam failed!name is:persist.init.debug.loglevel,err:1002
09-10 18:40:14.212  4375  4375 W C02c02/PARAM: Selinux check name persist.init.debug.loglevel in u:object_r:startup_init_param:s0 [4375 2000 2000] failed
09-10 18:40:14.212  4375  4375 W C02c02/PARAM: Selinux check name persist.init.debug.loglevel in u:object_r:startup_init_param:s0 [4375 2000 2000] failed
09-10 18:40:14.212  4375  4375 W C02c02/PARAM: SystemReadParam failed!name is:persist.init.debug.loglevel,err:1002
09-10 18:40:14.212  4376  4376 W C02c02/PARAM: Selinux check name persist.init.debug.loglevel in u:object_r:startup_init_param:s0 [4376 2000 2000] failed
09-10 18:40:14.212  4376  4376 W C02c02/PARAM: Selinux check name persist.init.debug.loglevel in u:object_r:startup_init_param:s0 [4376 2000 2000] failed
09-10 18:40:14.212  4376  4376 W C02c02/PARAM: SystemReadParam failed!name is:persist.init.debug.loglevel,err:1002
09-10 18:40:14.413  4379  4379 W C02c02/PARAM: Selinux check name persist.init.debug.loglevel in u:object_r:startup_init_param:s0 [4379 2000 2000] failed
09-10 18:40:14.413  4379  4379 W C02c02/PARAM: Selinux check name persist.init.debug.loglevel in u:object_r:startup_init_param:s0 [4379 2000 2000] failed
09-10 18:40:14.413  4379  4379 W C02c02/PARAM: SystemReadParam failed!name is:persist.init.debug.loglevel,err:1002
09-10 18:40:14.416  4381  4381 W C02c02/PARAM: Selinux check name persist.init.debug.loglevel in u:object_r:startup_init_param:s0 [4381 2000 2000] failed
09-10 18:40:14.416  4381  4381 W C02c02/PARAM: Selinux check name persist.init.debug.loglevel in u:object_r:startup_init_param:s0 [4381 2000 2000] failed
09-10 18:40:14.416  4381  4381 W C02c02/PARAM: SystemReadParam failed!name is:persist.init.debug.loglevel,err:1002
09-10 18:40:14.417  2458  2458 W A01c06/ICON: AppIconWeatherModel --> initWeatherListener, retryTimes: 4
09-10 18:40:14.418   490  1514 E C01707/CONCUR: [Interface] task 1514 apply qos failed, errno = 4
09-10 18:40:14.418   490  1514 E C01611/QosManager: QosManager: Failed to set thread QoS to QOS_USER_INTERACTIVE, ret: -1
09-10 18:40:14.418   782   782 W C01123/BMSCommon: bundle not exist -n com.huawei.hmsapp.totemweather -u 100 -i 0 -f 32
09-10 18:40:14.418   782   782 W C01121/BMSQuery: GetBundleInfo failed -n com.huawei.hmsapp.totemweather -u 100
09-10 18:40:14.418   490  1514 E C01651/BundleMgrProxy: GetBundleInfoFromBMS: GetBundleInfo failed!bundleName is com.huawei.hmsapp.totemweather, userId is 100
09-10 18:40:14.418   490  1514 E C01651/DataProviderConfig: GetFromProxyData: Get bundleInfo failed! bundleName:com.huawei.hmsapp.totemweather, userId:100, visitedId:100, uri:******icIconInfo
09-10 18:40:14.418   490  1514 E C01651/DataShareServiceImpl: GetBMSAndMetaDataStatus: CalledInfo failed! token:0x2002a7c3,ret:1001,uri:******icIconInfo
09-10 18:40:14.418   490  1514 E C01651/DataShareServiceImpl: GetSilentProxyStatus: BMS or metaData not ready to complete, token:0x2002a7c3, uri:******icIconInfo
09-10 18:40:14.418  2458  2458 E A01c06/ICON: AppIconWeatherModel --> get weather info failed, code: 15700010, message: The DataShareHelper is not initialized successfully.
09-10 18:40:14.420  4382  4382 W C02c02/PARAM: Selinux check name persist.init.debug.loglevel in u:object_r:startup_init_param:s0 [4382 2000 2000] failed
09-10 18:40:14.420  4382  4382 W C02c02/PARAM: Selinux check name persist.init.debug.loglevel in u:object_r:startup_init_param:s0 [4382 2000 2000] failed
09-10 18:40:14.420  4382  4382 W C02c02/PARAM: SystemReadParam failed!name is:persist.init.debug.loglevel,err:1002
09-10 18:40:14.447  1292  3431 I C02300/FenceExtension: start connectAbility,userId:-1
09-10 18:40:14.447  1292  3431 I C02300/FenceExtension: ConnectAbility
09-10 18:40:14.447  1292  3431 I C01342/ServiceExt: [AMC590]name:com.huawei.hmos.location SAFeatureServiceExtensionAbility, userId:-1
09-10 18:40:14.448   782   782 I C01342/ServiceExt: [a92ab3890e6d48a, 3bed0b1, 0] [ABMS5452]element: com.huawei.hmos.location/SAFeatureServiceExtensionAbility
09-10 18:40:14.448   782   782 W C01123/BMSCommon: [a92ab3890e6d48a, 3bed0b1, 0] uid(1021) invalid
09-10 18:40:14.448   782   782 I C01336/AMS: [a92ab3890e6d48a, 3bed0b1, 0] [start_ability_utils.cpp54]appIndex:-1
09-10 18:40:14.449   782   782 I C01121/BMSQuery: [a92ab3890e6d48a, 3bed0b1, 0] ExplicitQueryAbility no match -n com.huawei.hmos.location -a SAFeatureServiceExtensionAbility -u 100 -i 0
09-10 18:40:14.449   782   782 W C01121/BMSQuery: [a92ab3890e6d48a, 3bed0b1, 0] bundle_data_mgr.cpp:ExplicitQueryExtensionInfo:7082 extensionAbility not found or disabled
09-10 18:40:14.449   782   782 I C01121/BMSQuery: [a92ab3890e6d48a, 3bed0b1, 0] ExplicitQueryExtension size:0 -n com.huawei.hmos.location -e SAFeatureServiceExtensionAbility -u 100 -i 0
09-10 18:40:14.449   782   782 W C01121/BMSQuery: [a92ab3890e6d48a, 3bed0b1, 0] bundle_mgr_host_impl.cpp:QueryExtensionAbilityInfos:3360 no valid extension info can be inquired
09-10 18:40:14.449   782   782 E C01336/AMS: [a92ab3890e6d48a, 3bed0b1, 0] [start_ability_utils.cpp290]extensionInfo empty
09-10 18:40:14.449   782   782 E C01342/ServiceExt: [a92ab3890e6d48a, 3bed0b1, 0] [ABMS5755]generate request error
09-10 18:40:14.450  1292  3431 E C02300/FenceExtension: [(DoConnect:153)]CONNECT_ABILITY_FAILED,ret:2097152
09-10 18:40:14.450  1292  3431 I C02300/FenceExtension: start connectAbility,userId:-1
09-10 18:40:14.450  1292  3431 I C02300/FenceExtension: ConnectAbility
09-10 18:40:14.450  1292  3431 I C01342/ServiceExt: [AMC590]name:com.huawei.hmos.location SAFeatureServiceExtensionAbility, userId:-1
09-10 18:40:14.450   782   782 I C01342/ServiceExt: [a92ab4890e6de36, 368732d, 0] [ABMS5452]element: com.huawei.hmos.location/SAFeatureServiceExtensionAbility
09-10 18:40:14.450   782   782 W C01123/BMSCommon: [a92ab4890e6de36, 368732d, 0] uid(1021) invalid
09-10 18:40:14.450   782   782 I C01336/AMS: [a92ab4890e6de36, 368732d, 0] [start_ability_utils.cpp54]appIndex:-1
09-10 18:40:14.450   782   782 I C01121/BMSQuery: [a92ab4890e6de36, 368732d, 0] ExplicitQueryAbility no match -n com.huawei.hmos.location -a SAFeatureServiceExtensionAbility -u 100 -i 0
09-10 18:40:14.450   782   782 W C01121/BMSQuery: [a92ab4890e6de36, 368732d, 0] bundle_data_mgr.cpp:ExplicitQueryExtensionInfo:7082 extensionAbility not found or disabled
09-10 18:40:14.450   782   782 I C01121/BMSQuery: [a92ab4890e6de36, 368732d, 0] ExplicitQueryExtension size:0 -n com.huawei.hmos.location -e SAFeatureServiceExtensionAbility -u 100 -i 0
09-10 18:40:14.450   782   782 W C01121/BMSQuery: [a92ab4890e6de36, 368732d, 0] bundle_mgr_host_impl.cpp:QueryExtensionAbilityInfos:3360 no valid extension info can be inquired
09-10 18:40:14.450   782   782 E C01336/AMS: [a92ab4890e6de36, 368732d, 0] [start_ability_utils.cpp290]extensionInfo empty
09-10 18:40:14.450   782   782 E C01342/ServiceExt: [a92ab4890e6de36, 368732d, 0] [ABMS5755]generate request error
09-10 18:40:14.450  1292  3431 E C02300/FenceExtension: [(DoConnect:153)]CONNECT_ABILITY_FAILED,ret:2097152
09-10 18:40:14.450  1292  3431 W C02300/FenceExtension: connect failed,retry again
09-10 18:40:14.837   125   785 I C01800/SAMGR: NF SA:65962,832_147971
09-10 18:40:14.939  4384  4384 W C02c02/PARAM: Selinux check name persist.init.debug.loglevel in u:object_r:startup_init_param:s0 [4384 2000 2000] failed
09-10 18:40:14.939  4384  4384 W C02c02/PARAM: Selinux check name persist.init.debug.loglevel in u:object_r:startup_init_param:s0 [4384 2000 2000] failed
09-10 18:40:14.939  4384  4384 W C02c02/PARAM: SystemReadParam failed!name is:persist.init.debug.loglevel,err:1002
09-10 18:40:14.942  4384  4384 W C02c02/PARAM: Selinux check name persist.init.debug.loglevel in u:object_r:startup_init_param:s0 [4384 2000 2000] failed
09-10 18:40:14.943  4384  4384 W C02c02/PARAM: Selinux check name persist.init.debug.loglevel in u:object_r:startup_init_param:s0 [4384 2000 2000] failed
09-10 18:40:14.943  4384  4384 W C02c02/PARAM: SystemReadParam failed!name is:persist.init.debug.loglevel,err:1002
09-10 18:40:14.959   132   132 E C02c11/APPSPAWN: [appspawn_kickdog.c:29]open /sys/kernel/hungtask/userlist fail,errno:2
09-10 18:40:15.037   125   785 I C01800/SAMGR: NF SA:65962,832_147972
09-10 18:40:15.203  4387  4387 W C02c02/PARAM: Selinux check name persist.init.debug.loglevel in u:object_r:startup_init_param:s0 [4387 2000 2000] failed
09-10 18:40:15.203  4387  4387 W C02c02/PARAM: Selinux check name persist.init.debug.loglevel in u:object_r:startup_init_param:s0 [4387 2000 2000] failed
09-10 18:40:15.203  4387  4387 W C02c02/PARAM: SystemReadParam failed!name is:persist.init.debug.loglevel,err:1002
09-10 18:40:15.206  4389  4389 W C02c02/PARAM: Selinux check name persist.init.debug.loglevel in u:object_r:startup_init_param:s0 [4389 2000 2000] failed
09-10 18:40:15.206  4389  4389 W C02c02/PARAM: Selinux check name persist.init.debug.loglevel in u:object_r:startup_init_param:s0 [4389 2000 2000] failed
09-10 18:40:15.206  4389  4389 W C02c02/PARAM: SystemReadParam failed!name is:persist.init.debug.loglevel,err:1002
09-10 18:40:15.206  4390  4390 W C02c02/PARAM: Selinux check name persist.init.debug.loglevel in u:object_r:startup_init_param:s0 [4390 2000 2000] failed
09-10 18:40:15.206  4391  4391 W C02c02/PARAM: Selinux check name persist.init.debug.loglevel in u:object_r:startup_init_param:s0 [4391 2000 2000] failed
09-10 18:40:15.206  4390  4390 W C02c02/PARAM: Selinux check name persist.init.debug.loglevel in u:object_r:startup_init_param:s0 [4390 2000 2000] failed
09-10 18:40:15.206  4390  4390 W C02c02/PARAM: SystemReadParam failed!name is:persist.init.debug.loglevel,err:1002
09-10 18:40:15.206  4391  4391 W C02c02/PARAM: Selinux check name persist.init.debug.loglevel in u:object_r:startup_init_param:s0 [4391 2000 2000] failed
09-10 18:40:15.206  4391  4391 W C02c02/PARAM: SystemReadParam failed!name is:persist.init.debug.loglevel,err:1002
09-10 18:40:15.211  4392  4392 W C02c02/PARAM: Selinux check name persist.init.debug.loglevel in u:object_r:startup_init_param:s0 [4392 2000 2000] failed
09-10 18:40:15.211  4392  4392 W C02c02/PARAM: Selinux check name persist.init.debug.loglevel in u:object_r:startup_init_param:s0 [4392 2000 2000] failed
09-10 18:40:15.211  4392  4392 W C02c02/PARAM: SystemReadParam failed!name is:persist.init.debug.loglevel,err:1002
09-10 18:40:15.211  4393  4393 W C02c02/PARAM: Selinux check name persist.init.debug.loglevel in u:object_r:startup_init_param:s0 [4393 2000 2000] failed
09-10 18:40:15.211  4393  4393 W C02c02/PARAM: Selinux check name persist.init.debug.loglevel in u:object_r:startup_init_param:s0 [4393 2000 2000] failed
09-10 18:40:15.211  4393  4393 W C02c02/PARAM: SystemReadParam failed!name is:persist.init.debug.loglevel,err:1002
09-10 18:40:15.238   125   785 I C01800/SAMGR: NF SA:65962,832_147973
09-10 18:40:15.417  4395  4395 W C02c02/PARAM: Selinux check name persist.init.debug.loglevel in u:object_r:startup_init_param:s0 [4395 2000 2000] failed
09-10 18:40:15.417  4395  4395 W C02c02/PARAM: Selinux check name persist.init.debug.loglevel in u:object_r:startup_init_param:s0 [4395 2000 2000] failed
09-10 18:40:15.417  4395  4395 W C02c02/PARAM: SystemReadParam failed!name is:persist.init.debug.loglevel,err:1002
09-10 18:40:15.420  2458  2458 W A01c06/ICON: AppIconWeatherModel --> initWeatherListener, retryTimes: 4
09-10 18:40:15.421   490  1514 E C01707/CONCUR: [Interface] task 1514 apply qos failed, errno = 4
09-10 18:40:15.421   490  1514 E C01611/QosManager: QosManager: Failed to set thread QoS to QOS_USER_INTERACTIVE, ret: -1
09-10 18:40:15.421   782   782 W C01123/BMSCommon: bundle not exist -n com.huawei.hmsapp.totemweather -u 100 -i 0 -f 32
09-10 18:40:15.421   782   782 W C01121/BMSQuery: GetBundleInfo failed -n com.huawei.hmsapp.totemweather -u 100
09-10 18:40:15.421   490  1514 E C01651/BundleMgrProxy: GetBundleInfoFromBMS: GetBundleInfo failed!bundleName is com.huawei.hmsapp.totemweather, userId is 100
09-10 18:40:15.421   490  1514 E C01651/DataProviderConfig: GetFromProxyData: Get bundleInfo failed! bundleName:com.huawei.hmsapp.totemweather, userId:100, visitedId:100, uri:******icIconInfo
09-10 18:40:15.421   490  1514 E C01651/DataShareServiceImpl: GetBMSAndMetaDataStatus: CalledInfo failed! token:0x2002a7c3,ret:1001,uri:******icIconInfo
09-10 18:40:15.421   490  1514 E C01651/DataShareServiceImpl: GetSilentProxyStatus: BMS or metaData not ready to complete, token:0x2002a7c3, uri:******icIconInfo
09-10 18:40:15.421  2458  2458 E A01c06/ICON: AppIconWeatherModel --> get weather info failed, code: 15700010, message: The DataShareHelper is not initialized successfully.
09-10 18:40:15.421  4397  4397 W C02c02/PARAM: Selinux check name persist.init.debug.loglevel in u:object_r:startup_init_param:s0 [4397 2000 2000] failed
09-10 18:40:15.421  4397  4397 W C02c02/PARAM: Selinux check name persist.init.debug.loglevel in u:object_r:startup_init_param:s0 [4397 2000 2000] failed
09-10 18:40:15.421  4397  4397 W C02c02/PARAM: SystemReadParam failed!name is:persist.init.debug.loglevel,err:1002
09-10 18:40:15.425  4398  4398 W C02c02/PARAM: Selinux check name persist.init.debug.loglevel in u:object_r:startup_init_param:s0 [4398 2000 2000] failed
09-10 18:40:15.425  4398  4398 W C02c02/PARAM: Selinux check name persist.init.debug.loglevel in u:object_r:startup_init_param:s0 [4398 2000 2000] failed
09-10 18:40:15.425  4398  4398 W C02c02/PARAM: SystemReadParam failed!name is:persist.init.debug.loglevel,err:1002
09-10 18:40:15.428  1796  1796 E C02c11/APPSPAWN: [appspawn_kickdog.c:29]open /sys/kernel/hungtask/userlist fail,errno:2
09-10 18:40:15.439   125   785 I C01800/SAMGR: NF SA:65962,832_147974
09-10 18:40:15.642   125   785 I C01800/SAMGR: NF SA:65962,832_147975
09-10 18:40:15.663   125   155 I C01800/SAMGR: SamgrTimeHandler OnTime: 1
09-10 18:40:15.663   125   155 I C01800/SAMGR: SamgrTimeHandler timerfd: 28
09-10 18:40:15.663   125   155 I C01800/SAMGR: SamgrTimeHandler hasFunction: 1
09-10 18:40:15.663   125   155 I C01800/SAMGR: DeviceTimedCollect interval 67803 has been remove
09-10 18:40:15.842   125   785 I C01800/SAMGR: NF SA:65962,832_147976
09-10 18:40:15.957  4400  4400 W C02c02/PARAM: Selinux check name persist.init.debug.loglevel in u:object_r:startup_init_param:s0 [4400 2000 2000] failed
09-10 18:40:15.957  4400  4400 W C02c02/PARAM: Selinux check name persist.init.debug.loglevel in u:object_r:startup_init_param:s0 [4400 2000 2000] failed
09-10 18:40:15.957  4400  4400 W C02c02/PARAM: SystemReadParam failed!name is:persist.init.debug.loglevel,err:1002
09-10 18:40:15.959  4400  4400 W C02c02/PARAM: Selinux check name persist.init.debug.loglevel in u:object_r:startup_init_param:s0 [4400 2000 2000] failed
09-10 18:40:15.959  4400  4400 W C02c02/PARAM: Selinux check name persist.init.debug.loglevel in u:object_r:startup_init_param:s0 [4400 2000 2000] failed
09-10 18:40:15.959  4400  4400 W C02c02/PARAM: SystemReadParam failed!name is:persist.init.debug.loglevel,err:1002
09-10 18:40:16.043   125   785 I C01800/SAMGR: NF SA:65962,832_147977
09-10 18:40:16.043   832   925 E C01810/SA_CLIENT: GetSaWrap SA:65962 not start
09-10 18:40:16.043   832   925 I C01409/APS_MANAGER: request system service object is not ready yet!
09-10 18:40:16.204  4403  4403 W C02c02/PARAM: Selinux check name persist.init.debug.loglevel in u:object_r:startup_init_param:s0 [4403 2000 2000] failed
09-10 18:40:16.204  4403  4403 W C02c02/PARAM: Selinux check name persist.init.debug.loglevel in u:object_r:startup_init_param:s0 [4403 2000 2000] failed
09-10 18:40:16.204  4403  4403 W C02c02/PARAM: SystemReadParam failed!name is:persist.init.debug.loglevel,err:1002
09-10 18:40:16.209  4406  4406 W C02c02/PARAM: Selinux check name persist.init.debug.loglevel in u:object_r:startup_init_param:s0 [4406 2000 2000] failed
09-10 18:40:16.209  4406  4406 W C02c02/PARAM: Selinux check name persist.init.debug.loglevel in u:object_r:startup_init_param:s0 [4406 2000 2000] failed
09-10 18:40:16.209  4406  4406 W C02c02/PARAM: SystemReadParam failed!name is:persist.init.debug.loglevel,err:1002
09-10 18:40:16.210  4405  4405 W C02c02/PARAM: Selinux check name persist.init.debug.loglevel in u:object_r:startup_init_param:s0 [4405 2000 2000] failed
09-10 18:40:16.210  4405  4405 W C02c02/PARAM: Selinux check name persist.init.debug.loglevel in u:object_r:startup_init_param:s0 [4405 2000 2000] failed
09-10 18:40:16.210  4405  4405 W C02c02/PARAM: SystemReadParam failed!name is:persist.init.debug.loglevel,err:1002
09-10 18:40:16.211  4407  4407 W C02c02/PARAM: Selinux check name persist.init.debug.loglevel in u:object_r:startup_init_param:s0 [4407 2000 2000] failed
09-10 18:40:16.211  4407  4407 W C02c02/PARAM: Selinux check name persist.init.debug.loglevel in u:object_r:startup_init_param:s0 [4407 2000 2000] failed
09-10 18:40:16.211  4407  4407 W C02c02/PARAM: SystemReadParam failed!name is:persist.init.debug.loglevel,err:1002
09-10 18:40:16.215  4408  4408 W C02c02/PARAM: Selinux check name persist.init.debug.loglevel in u:object_r:startup_init_param:s0 [4408 2000 2000] failed
09-10 18:40:16.215  4408  4408 W C02c02/PARAM: Selinux check name persist.init.debug.loglevel in u:object_r:startup_init_param:s0 [4408 2000 2000] failed
09-10 18:40:16.215  4408  4408 W C02c02/PARAM: SystemReadParam failed!name is:persist.init.debug.loglevel,err:1002
09-10 18:40:16.215  4409  4409 W C02c02/PARAM: Selinux check name persist.init.debug.loglevel in u:object_r:startup_init_param:s0 [4409 2000 2000] failed
09-10 18:40:16.215  4409  4409 W C02c02/PARAM: Selinux check name persist.init.debug.loglevel in u:object_r:startup_init_param:s0 [4409 2000 2000] failed
09-10 18:40:16.215  4409  4409 W C02c02/PARAM: SystemReadParam failed!name is:persist.init.debug.loglevel,err:1002
09-10 18:40:16.307   474 23514 I C02d10/CpuCollector: CalculateProcessCpuStatInfos: startTime=1789036806299, endTime=1789036816307, startBootTime=327211441, endBootTime=327221449, period=10008, isNeedUpdate=1
09-10 18:40:16.412  4411  4411 W C02c02/PARAM: Selinux check name persist.init.debug.loglevel in u:object_r:startup_init_param:s0 [4411 2000 2000] failed
09-10 18:40:16.412  4411  4411 W C02c02/PARAM: Selinux check name persist.init.debug.loglevel in u:object_r:startup_init_param:s0 [4411 2000 2000] failed
09-10 18:40:16.412  4411  4411 W C02c02/PARAM: SystemReadParam failed!name is:persist.init.debug.loglevel,err:1002
09-10 18:40:16.414  4413  4413 W C02c02/PARAM: Selinux check name persist.init.debug.loglevel in u:object_r:startup_init_param:s0 [4413 2000 2000] failed
09-10 18:40:16.414  4413  4413 W C02c02/PARAM: Selinux check name persist.init.debug.loglevel in u:object_r:startup_init_param:s0 [4413 2000 2000] failed
09-10 18:40:16.414  4413  4413 W C02c02/PARAM: SystemReadParam failed!name is:persist.init.debug.loglevel,err:1002
09-10 18:40:16.417  4414  4414 W C02c02/PARAM: Selinux check name persist.init.debug.loglevel in u:object_r:startup_init_param:s0 [4414 2000 2000] failed
09-10 18:40:16.417  4414  4414 W C02c02/PARAM: Selinux check name persist.init.debug.loglevel in u:object_r:startup_init_param:s0 [4414 2000 2000] failed
09-10 18:40:16.417  4414  4414 W C02c02/PARAM: SystemReadParam failed!name is:persist.init.debug.loglevel,err:1002
09-10 18:40:16.424  2458  2458 W A01c06/ICON: AppIconWeatherModel --> initWeatherListener, retryTimes: 4
09-10 18:40:16.425   490  1514 E C01707/CONCUR: [Interface] task 1514 apply qos failed, errno = 4
09-10 18:40:16.425   490  1514 E C01611/QosManager: QosManager: Failed to set thread QoS to QOS_USER_INTERACTIVE, ret: -1
09-10 18:40:16.425   782   782 W C01123/BMSCommon: bundle not exist -n com.huawei.hmsapp.totemweather -u 100 -i 0 -f 32
09-10 18:40:16.425   782   782 W C01121/BMSQuery: GetBundleInfo failed -n com.huawei.hmsapp.totemweather -u 100
09-10 18:40:16.425   490  1514 E C01651/BundleMgrProxy: GetBundleInfoFromBMS: GetBundleInfo failed!bundleName is com.huawei.hmsapp.totemweather, userId is 100
09-10 18:40:16.425   490  1514 E C01651/DataProviderConfig: GetFromProxyData: Get bundleInfo failed! bundleName:com.huawei.hmsapp.totemweather, userId:100, visitedId:100, uri:******icIconInfo
09-10 18:40:16.425   490  1514 E C01651/DataShareServiceImpl: GetBMSAndMetaDataStatus: CalledInfo failed! token:0x2002a7c3,ret:1001,uri:******icIconInfo
09-10 18:40:16.425   490  1514 E C01651/DataShareServiceImpl: GetSilentProxyStatus: BMS or metaData not ready to complete, token:0x2002a7c3, uri:******icIconInfo
09-10 18:40:16.425  2458  2458 E A01c06/ICON: AppIconWeatherModel --> get weather info failed, code: 15700010, message: The DataShareHelper is not initialized successfully.
09-10 18:40:16.426   592   812 W C02943/ThermalHdi: Read node failed, title = brightness
09-10 18:40:16.426   592   812 W C02943/ThermalHdi: Read node failed, title = 
09-10 18:40:16.426   592   812 W C02943/ThermalHdi: Read node failed, title = 
09-10 18:40:16.426   592   812 W C02943/ThermalHdi: Read node failed, title = 
09-10 18:40:16.426   592   812 W C02943/ThermalHdi: Read node failed, title = 
09-10 18:40:16.426   592   812 W C02943/ThermalHdi: Read node failed, title = 
09-10 18:40:16.426   592   812 W C02943/ThermalHdi: Read node failed, title = 
09-10 18:40:16.426   592   812 W C02943/ThermalHdi: Read node failed, title = 
09-10 18:40:16.426   592   812 W C02943/ThermalHdi: Read node failed, title = 
09-10 18:40:16.426   592   812 W C02943/ThermalHdi: Read node failed, title = 
09-10 18:40:16.426   592   812 W C02943/ThermalHdi: Read node failed, title = 
09-10 18:40:16.426   592   812 W C02943/ThermalHdi: Read node failed, title = 
09-10 18:40:16.426   592   812 W C02943/ThermalHdi: Read node failed, title = 
09-10 18:40:16.426   592   812 W C02943/ThermalHdi: Read node failed, title = 
09-10 18:40:16.426   592   812 W C02943/ThermalHdi: Read node failed, title = 
09-10 18:40:16.426   592   812 W C02943/ThermalHdi: Read node failed, title = 
09-10 18:40:16.426   592   812 W C02943/ThermalHdi: Read node failed, title = 
09-10 18:40:16.426   592   812 W C02943/ThermalHdi: Read node failed, title = 
09-10 18:40:16.426   592   812 W C02943/ThermalHdi: Read node failed, title = 
09-10 18:40:16.426   592   812 W C02943/ThermalHdi: Read node failed, title = 
09-10 18:40:16.426   592   812 W C02943/ThermalHdi: Read node failed, title = 
09-10 18:40:16.426   592   812 W C02943/ThermalHdi: Read node failed, title = 
09-10 18:40:16.426   592   812 W C02943/ThermalHdi: Read node failed, title = 
09-10 18:40:16.426   592   812 W C02943/ThermalHdi: Read node failed, title = 
09-10 18:40:16.426   592   812 W C02943/ThermalHdi: Read node failed, title = 
09-10 18:40:16.426   592   812 W C02943/ThermalHdi: Read node failed, title = ambient
09-10 18:40:16.426   592   812 W C02943/ThermalHdi: Read node failed, title = ibat
09-10 18:40:16.426   592   812 W C02943/ThermalHdi: Read node failed, title = vbat
09-10 18:40:16.426   592   812 W C02943/ThermalHdi: Read node failed, title = cpu0_min_freq
09-10 18:40:16.426   592   812 W C02943/ThermalHdi: Read node failed, title = cpu0_cur_freq
09-10 18:40:16.426   592   812 W C02943/ThermalHdi: Read node failed, title = cpu0_max_freq
09-10 18:40:16.426   592   812 W C02943/ThermalHdi: Read node failed, title = cpu4_min_freq
09-10 18:40:16.426   592   812 W C02943/ThermalHdi: Read node failed, title = cpu4_cur_freq
09-10 18:40:16.426   592   812 W C02943/ThermalHdi: Read node failed, title = cpu4_max_freq
09-10 18:40:16.426   592   812 W C02943/ThermalHdi: Read node failed, title = cpu7_min_freq
09-10 18:40:16.426   592   812 W C02943/ThermalHdi: Read node failed, title = cpu7_cur_freq
09-10 18:40:16.426   592   812 W C02943/ThermalHdi: Read node failed, title = cpu7_max_freq
09-10 18:40:16.426   592   812 W C02943/ThermalHdi: Read node failed, title = gpu_min_freq
09-10 18:40:16.426   592   812 W C02943/ThermalHdi: Read node failed, title = gpu_cur_freq
09-10 18:40:16.426   592   812 W C02943/ThermalHdi: Read node failed, title = gpu_max_freq
09-10 18:40:16.426   592   812 W C02943/ThermalHdi: Read node failed, title = ddr_cur_freq
09-10 18:40:16.426   592   812 W C02943/ThermalHdi: Read node failed, title = set_IPApower
09-10 18:40:16.426   592   812 W C02943/ThermalHdi: Read node failed, title = cur_IPApower
09-10 18:40:16.426   592   812 W C02943/ThermalHdi: get node failed
09-10 18:40:16.426   592   812 W C02943/ThermalHdi: get node failed
09-10 18:40:16.426   592   812 W C02943/ThermalHdi: get node failed
09-10 18:40:16.633   316  3248 W C01f04/MultiSimontroller: [GetSimAccountInfo-(multi_sim_controller.cpp:1141)] slotId 0 is invalid
09-10 18:40:16.633   316  3248 E C01f04/TelephonySubsystem: GetSimAccountInfo fail!
09-10 18:40:16.909  3290  3290 I C02500/Qemud: Guest heartbeat success.
09-10 18:40:16.946  4417  4417 W C02c02/PARAM: Selinux check name persist.init.debug.loglevel in u:object_r:startup_init_param:s0 [4417 2000 2000] failed
09-10 18:40:16.946  4417  4417 W C02c02/PARAM: Selinux check name persist.init.debug.loglevel in u:object_r:startup_init_param:s0 [4417 2000 2000] failed
09-10 18:40:16.946  4417  4417 W C02c02/PARAM: SystemReadParam failed!name is:persist.init.debug.loglevel,err:1002
09-10 18:40:16.949  4417  4417 W C02c02/PARAM: Selinux check name persist.init.debug.loglevel in u:object_r:startup_init_param:s0 [4417 2000 2000] failed
09-10 18:40:16.949  4417  4417 W C02c02/PARAM: Selinux check name persist.init.debug.loglevel in u:object_r:startup_init_param:s0 [4417 2000 2000] failed
09-10 18:40:16.949  4417  4417 W C02c02/PARAM: SystemReadParam failed!name is:persist.init.debug.loglevel,err:1002
09-10 18:40:16.969   474 30998 E C02d66/XPerf: [InquiryOhImpl::ExtractStringValue] Canonical FilePath: /sys/class/ithermal/lpm/lpm_freq failed.
09-10 18:40:16.969   474 30998 E C02d66/XPerf: [InquiryOhImpl::ExtractStringValue] Canonical FilePath: /sys/class/power_supply/Battery/status failed.
09-10 18:40:17.204  4421  4421 W C02c02/PARAM: Selinux check name persist.init.debug.loglevel in u:object_r:startup_init_param:s0 [4421 2000 2000] failed
09-10 18:40:17.204  4421  4421 W C02c02/PARAM: Selinux check name persist.init.debug.loglevel in u:object_r:startup_init_param:s0 [4421 2000 2000] failed
09-10 18:40:17.204  4421  4421 W C02c02/PARAM: SystemReadParam failed!name is:persist.init.debug.loglevel,err:1002
09-10 18:40:17.207  4424  4424 W C02c02/PARAM: Selinux check name persist.init.debug.loglevel in u:object_r:startup_init_param:s0 [4424 2000 2000] failed
09-10 18:40:17.207  4424  4424 W C02c02/PARAM: Selinux check name persist.init.debug.loglevel in u:object_r:startup_init_param:s0 [4424 2000 2000] failed
09-10 18:40:17.207  4424  4424 W C02c02/PARAM: SystemReadParam failed!name is:persist.init.debug.loglevel,err:1002
09-10 18:40:17.207  4425  4425 W C02c02/PARAM: Selinux check name persist.init.debug.loglevel in u:object_r:startup_init_param:s0 [4425 2000 2000] failed
09-10 18:40:17.207  4423  4423 W C02c02/PARAM: Selinux check name persist.init.debug.loglevel in u:object_r:startup_init_param:s0 [4423 2000 2000] failed
09-10 18:40:17.207  4425  4425 W C02c02/PARAM: Selinux check name persist.init.debug.loglevel in u:object_r:startup_init_param:s0 [4425 2000 2000] failed
09-10 18:40:17.207  4425  4425 W C02c02/PARAM: SystemReadParam failed!name is:persist.init.debug.loglevel,err:1002
09-10 18:40:17.207  4423  4423 W C02c02/PARAM: Selinux check name persist.init.debug.loglevel in u:object_r:startup_init_param:s0 [4423 2000 2000] failed
09-10 18:40:17.207  4423  4423 W C02c02/PARAM: SystemReadParam failed!name is:persist.init.debug.loglevel,err:1002
09-10 18:40:17.212  4426  4426 W C02c02/PARAM: Selinux check name persist.init.debug.loglevel in u:object_r:startup_init_param:s0 [4426 2000 2000] failed
09-10 18:40:17.212  4426  4426 W C02c02/PARAM: Selinux check name persist.init.debug.loglevel in u:object_r:startup_init_param:s0 [4426 2000 2000] failed
09-10 18:40:17.212  4426  4426 W C02c02/PARAM: SystemReadParam failed!name is:persist.init.debug.loglevel,err:1002
09-10 18:40:17.212  4427  4427 W C02c02/PARAM: Selinux check name persist.init.debug.loglevel in u:object_r:startup_init_param:s0 [4427 2000 2000] failed
09-10 18:40:17.212  4427  4427 W C02c02/PARAM: Selinux check name persist.init.debug.loglevel in u:object_r:startup_init_param:s0 [4427 2000 2000] failed
09-10 18:40:17.212  4427  4427 W C02c02/PARAM: SystemReadParam failed!name is:persist.init.debug.loglevel,err:1002
09-10 18:40:17.414  4429  4429 W C02c02/PARAM: Selinux check name persist.init.debug.loglevel in u:object_r:startup_init_param:s0 [4429 2000 2000] failed
09-10 18:40:17.414  4429  4429 W C02c02/PARAM: Selinux check name persist.init.debug.loglevel in u:object_r:startup_init_param:s0 [4429 2000 2000] failed
09-10 18:40:17.414  4429  4429 W C02c02/PARAM: SystemReadParam failed!name is:persist.init.debug.loglevel,err:1002
09-10 18:40:17.417  4431  4431 W C02c02/PARAM: Selinux check name persist.init.debug.loglevel in u:object_r:startup_init_param:s0 [4431 2000 2000] failed
09-10 18:40:17.417  4431  4431 W C02c02/PARAM: Selinux check name persist.init.debug.loglevel in u:object_r:startup_init_param:s0 [4431 2000 2000] failed
09-10 18:40:17.417  4431  4431 W C02c02/PARAM: SystemReadParam failed!name is:persist.init.debug.loglevel,err:1002
09-10 18:40:17.420  4432  4432 W C02c02/PARAM: Selinux check name persist.init.debug.loglevel in u:object_r:startup_init_param:s0 [4432 2000 2000] failed
09-10 18:40:17.420  4432  4432 W C02c02/PARAM: Selinux check name persist.init.debug.loglevel in u:object_r:startup_init_param:s0 [4432 2000 2000] failed
09-10 18:40:17.420  4432  4432 W C02c02/PARAM: SystemReadParam failed!name is:persist.init.debug.loglevel,err:1002
09-10 18:40:17.427  2458  2458 W A01c06/ICON: AppIconWeatherModel --> initWeatherListener, retryTimes: 4
09-10 18:40:17.428   490  1514 E C01707/CONCUR: [Interface] task 1514 apply qos failed, errno = 4
09-10 18:40:17.428   490  1514 E C01611/QosManager: QosManager: Failed to set thread QoS to QOS_USER_INTERACTIVE, ret: -1
09-10 18:40:17.428   782   782 W C01123/BMSCommon: bundle not exist -n com.huawei.hmsapp.totemweather -u 100 -i 0 -f 32
09-10 18:40:17.428   782   782 W C01121/BMSQuery: GetBundleInfo failed -n com.huawei.hmsapp.totemweather -u 100
09-10 18:40:17.428   490  1514 E C01651/BundleMgrProxy: GetBundleInfoFromBMS: GetBundleInfo failed!bundleName is com.huawei.hmsapp.totemweather, userId is 100
09-10 18:40:17.428   490  1514 E C01651/DataProviderConfig: GetFromProxyData: Get bundleInfo failed! bundleName:com.huawei.hmsapp.totemweather, userId:100, visitedId:100, uri:******icIconInfo
09-10 18:40:17.428   490  1514 E C01651/DataShareServiceImpl: GetBMSAndMetaDataStatus: CalledInfo failed! token:0x2002a7c3,ret:1001,uri:******icIconInfo
09-10 18:40:17.428   490  1514 E C01651/DataShareServiceImpl: GetSilentProxyStatus: BMS or metaData not ready to complete, token:0x2002a7c3, uri:******icIconInfo
09-10 18:40:17.428  2458  2458 E A01c06/ICON: AppIconWeatherModel --> get weather info failed, code: 15700010, message: The DataShareHelper is not initialized successfully.
09-10 18:40:17.935  4434  4434 W C02c02/PARAM: Selinux check name persist.init.debug.loglevel in u:object_r:startup_init_param:s0 [4434 2000 2000] failed
09-10 18:40:17.935  4434  4434 W C02c02/PARAM: Selinux check name persist.init.debug.loglevel in u:object_r:startup_init_param:s0 [4434 2000 2000] failed
09-10 18:40:17.935  4434  4434 W C02c02/PARAM: SystemReadParam failed!name is:persist.init.debug.loglevel,err:1002
09-10 18:40:17.939  4434  4434 W C02c02/PARAM: Selinux check name persist.init.debug.loglevel in u:object_r:startup_init_param:s0 [4434 2000 2000] failed
09-10 18:40:17.939  4434  4434 W C02c02/PARAM: Selinux check name persist.init.debug.loglevel in u:object_r:startup_init_param:s0 [4434 2000 2000] failed
09-10 18:40:17.939  4434  4434 W C02c02/PARAM: SystemReadParam failed!name is:persist.init.debug.loglevel,err:1002
09-10 18:40:18.044   125   785 I C01800/SAMGR: NF SA:65962,832_147978
09-10 18:40:18.203  4437  4437 W C02c02/PARAM: Selinux check name persist.init.debug.loglevel in u:object_r:startup_init_param:s0 [4437 2000 2000] failed
09-10 18:40:18.203  4437  4437 W C02c02/PARAM: Selinux check name persist.init.debug.loglevel in u:object_r:startup_init_param:s0 [4437 2000 2000] failed
09-10 18:40:18.203  4437  4437 W C02c02/PARAM: SystemReadParam failed!name is:persist.init.debug.loglevel,err:1002
09-10 18:40:18.206  4439  4439 W C02c02/PARAM: Selinux check name persist.init.debug.loglevel in u:object_r:startup_init_param:s0 [4439 2000 2000] failed
09-10 18:40:18.206  4439  4439 W C02c02/PARAM: Selinux check name persist.init.debug.loglevel in u:object_r:startup_init_param:s0 [4439 2000 2000] failed
09-10 18:40:18.206  4439  4439 W C02c02/PARAM: SystemReadParam failed!name is:persist.init.debug.loglevel,err:1002
09-10 18:40:18.206  4440  4440 W C02c02/PARAM: Selinux check name persist.init.debug.loglevel in u:object_r:startup_init_param:s0 [4440 2000 2000] failed
09-10 18:40:18.206  4441  4441 W C02c02/PARAM: Selinux check name persist.init.debug.loglevel in u:object_r:startup_init_param:s0 [4441 2000 2000] failed
09-10 18:40:18.206  4441  4441 W C02c02/PARAM: Selinux check name persist.init.debug.loglevel in u:object_r:startup_init_param:s0 [4441 2000 2000] failed
09-10 18:40:18.206  4441  4441 W C02c02/PARAM: SystemReadParam failed!name is:persist.init.debug.loglevel,err:1002
09-10 18:40:18.206  4440  4440 W C02c02/PARAM: Selinux check name persist.init.debug.loglevel in u:object_r:startup_init_param:s0 [4440 2000 2000] failed
09-10 18:40:18.206  4440  4440 W C02c02/PARAM: SystemReadParam failed!name is:persist.init.debug.loglevel,err:1002
09-10 18:40:18.211  4442  4442 W C02c02/PARAM: Selinux check name persist.init.debug.loglevel in u:object_r:startup_init_param:s0 [4442 2000 2000] failed
09-10 18:40:18.211  4443  4443 W C02c02/PARAM: Selinux check name persist.init.debug.loglevel in u:object_r:startup_init_param:s0 [4443 2000 2000] failed
09-10 18:40:18.211  4443  4443 W C02c02/PARAM: Selinux check name persist.init.debug.loglevel in u:object_r:startup_init_param:s0 [4443 2000 2000] failed
09-10 18:40:18.211  4442  4442 W C02c02/PARAM: Selinux check name persist.init.debug.loglevel in u:object_r:startup_init_param:s0 [4442 2000 2000] failed
09-10 18:40:18.211  4443  4443 W C02c02/PARAM: SystemReadParam failed!name is:persist.init.debug.loglevel,err:1002
09-10 18:40:18.211  4442  4442 W C02c02/PARAM: SystemReadParam failed!name is:persist.init.debug.loglevel,err:1002
09-10 18:40:18.244   125   785 I C01800/SAMGR: NF SA:65962,832_147979
09-10 18:40:18.434  2458  2458 W A01c06/ICON: AppIconWeatherModel --> initWeatherListener, retryTimes: 4
09-10 18:40:18.437  4445  4445 W C02c02/PARAM: Selinux check name persist.init.debug.loglevel in u:object_r:startup_init_param:s0 [4445 2000 2000] failed
09-10 18:40:18.437  4445  4445 W C02c02/PARAM: Selinux check name persist.init.debug.loglevel in u:object_r:startup_init_param:s0 [4445 2000 2000] failed
09-10 18:40:18.437  4445  4445 W C02c02/PARAM: SystemReadParam failed!name is:persist.init.debug.loglevel,err:1002
09-10 18:40:18.437   490  1514 E C01707/CONCUR: [Interface] task 1514 apply qos failed, errno = 4
09-10 18:40:18.437   490  1514 E C01611/QosManager: QosManager: Failed to set thread QoS to QOS_USER_INTERACTIVE, ret: -1
09-10 18:40:18.438   782   782 W C01123/BMSCommon: bundle not exist -n com.huawei.hmsapp.totemweather -u 100 -i 0 -f 32
09-10 18:40:18.438   782   782 W C01121/BMSQuery: GetBundleInfo failed -n com.huawei.hmsapp.totemweather -u 100
09-10 18:40:18.438   490  1514 E C01651/BundleMgrProxy: GetBundleInfoFromBMS: GetBundleInfo failed!bundleName is com.huawei.hmsapp.totemweather, userId is 100
09-10 18:40:18.438   490  1514 E C01651/DataProviderConfig: GetFromProxyData: Get bundleInfo failed! bundleName:com.huawei.hmsapp.totemweather, userId:100, visitedId:100, uri:******icIconInfo
09-10 18:40:18.438   490  1514 E C01651/DataShareServiceImpl: GetBMSAndMetaDataStatus: CalledInfo failed! token:0x2002a7c3,ret:1001,uri:******icIconInfo
09-10 18:40:18.438   490  1514 E C01651/DataShareServiceImpl: GetSilentProxyStatus: BMS or metaData not ready to complete, token:0x2002a7c3, uri:******icIconInfo
09-10 18:40:18.438  2458  2458 E A01c06/ICON: AppIconWeatherModel --> get weather info failed, code: 15700010, message: The DataShareHelper is not initialized successfully.
09-10 18:40:18.442  4447  4447 W C02c02/PARAM: Selinux check name persist.init.debug.loglevel in u:object_r:startup_init_param:s0 [4447 2000 2000] failed
09-10 18:40:18.442  4447  4447 W C02c02/PARAM: Selinux check name persist.init.debug.loglevel in u:object_r:startup_init_param:s0 [4447 2000 2000] failed
09-10 18:40:18.442  4447  4447 W C02c02/PARAM: SystemReadParam failed!name is:persist.init.debug.loglevel,err:1002
09-10 18:40:18.445   125   785 I C01800/SAMGR: NF SA:65962,832_147980
09-10 18:40:18.445   832   925 E C057c2/IPCObjectProxy: PrintErrorDetailedInfo: failed, handle:0 error:7 desc:*.accessToken proxy:2590388992 time:327223587162028
09-10 18:40:18.446  4448  4448 W C02c02/PARAM: Selinux check name persist.init.debug.loglevel in u:object_r:startup_init_param:s0 [4448 2000 2000] failed
09-10 18:40:18.446  4448  4448 W C02c02/PARAM: Selinux check name persist.init.debug.loglevel in u:object_r:startup_init_param:s0 [4448 2000 2000] failed
09-10 18:40:18.446  4448  4448 W C02c02/PARAM: SystemReadParam failed!name is:persist.init.debug.loglevel,err:1002
09-10 18:40:18.645   125   785 I C01800/SAMGR: NF SA:65962,832_147981
09-10 18:40:18.900   125   785 I C01800/SAMGR: NF SA:65962,832_147982
09-10 18:40:19.268   125   785 I C01800/SAMGR: NF SA:65962,832_147983
09-10 18:40:19.428  4451  4451 W C02c02/PARAM: Selinux check name persist.init.debug.loglevel in u:object_r:startup_init_param:s0 [4451 2000 2000] failed
09-10 18:40:19.428  4451  4451 W C02c02/PARAM: Selinux check name persist.init.debug.loglevel in u:object_r:startup_init_param:s0 [4451 2000 2000] failed
09-10 18:40:19.428  4451  4451 W C02c02/PARAM: SystemReadParam failed!name is:persist.init.debug.loglevel,err:1002
09-10 18:40:19.435  4454  4454 W C02c02/PARAM: Selinux check name persist.init.debug.loglevel in u:object_r:startup_init_param:s0 [4454 2000 2000] failed
09-10 18:40:19.435  4451  4451 W C02c02/PARAM: Selinux check name persist.init.debug.loglevel in u:object_r:startup_init_param:s0 [4451 2000 2000] failed
09-10 18:40:19.435  4451  4451 W C02c02/PARAM: Selinux check name persist.init.debug.loglevel in u:object_r:startup_init_param:s0 [4451 2000 2000] failed
09-10 18:40:19.435  4454  4454 W C02c02/PARAM: Selinux check name persist.init.debug.loglevel in u:object_r:startup_init_param:s0 [4454 2000 2000] failed
09-10 18:40:19.436  4451  4451 W C02c02/PARAM: SystemReadParam failed!name is:persist.init.debug.loglevel,err:1002
09-10 18:40:19.436  4454  4454 W C02c02/PARAM: SystemReadParam failed!name is:persist.init.debug.loglevel,err:1002
09-10 18:40:19.442  2458  2458 W A01c06/ICON: AppIconWeatherModel --> initWeatherListener, retryTimes: 4
09-10 18:40:19.450  4456  4456 I C02d20/DumperService: SetCmdArgs# hidumper cmd:hidumper -s 1201 -a -p Faultlogger -LogSuffixWithMs , calllingUid=2000, calllingPid=4456, ppid:4454.
09-10 18:40:19.451   490  1514 E C01707/CONCUR: [Interface] task 1514 apply qos failed, errno = 4
09-10 18:40:19.451   490  1514 E C01611/QosManager: QosManager: Failed to set thread QoS to QOS_USER_INTERACTIVE, ret: -1
09-10 18:40:19.452  4456  4457 W C057c1/IPCWorkThread: ThreadHandler: proto:0 policy:1 name:OS_IPC_0_4457 invoker:2273338624
09-10 18:40:19.452  4456  4458 W C057c1/IPCWorkThread: ThreadHandler: proto:0 policy:0 name:OS_IPC_1_4458 invoker:2300928896
09-10 18:40:19.454  4456  4459 W C057c1/IPCWorkThread: ThreadHandler: proto:0 policy:0 name:OS_IPC_2_4459 invoker:2273356544
09-10 18:40:19.457   782   782 W C01123/BMSCommon: bundle not exist -n com.huawei.hmsapp.totemweather -u 100 -i 0 -f 32
09-10 18:40:19.457   782   782 W C01121/BMSQuery: GetBundleInfo failed -n com.huawei.hmsapp.totemweather -u 100
09-10 18:40:19.458   490  1514 E C01651/BundleMgrProxy: GetBundleInfoFromBMS: GetBundleInfo failed!bundleName is com.huawei.hmsapp.totemweather, userId is 100
09-10 18:40:19.458   490  1514 E C01651/DataProviderConfig: GetFromProxyData: Get bundleInfo failed! bundleName:com.huawei.hmsapp.totemweather, userId:100, visitedId:100, uri:******icIconInfo
09-10 18:40:19.458   490  1514 E C01651/DataShareServiceImpl: GetBMSAndMetaDataStatus: CalledInfo failed! token:0x2002a7c3,ret:1001,uri:******icIconInfo
09-10 18:40:19.458   490  1514 E C01651/DataShareServiceImpl: GetSilentProxyStatus: BMS or metaData not ready to complete, token:0x2002a7c3, uri:******icIconInfo
09-10 18:40:19.459  2458  2458 E A01c06/ICON: AppIconWeatherModel --> get weather info failed, code: 15700010, message: The DataShareHelper is not initialized successfully.
09-10 18:40:19.467  3904  3905 I C02d20/DumperService: DelayUnloadTask# recieve new request, delay unload task begin, calllingPid=4456
09-10 18:40:19.469   474  3418 I C02d11/Faultlogger: DumpByCommands: DumpRequest: detail:0, list:0, file:, name:, time:-1
09-10 18:40:19.469   125   785 I C01800/SAMGR: NF SA:65962,832_147984
09-10 18:40:19.469   832   925 E C01810/SA_CLIENT: GetSaWrap SA:65962 not start
09-10 18:40:19.469   832   925 I C01409/APS_MANAGER: request system service object is not ready yet!
09-10 18:40:19.469  3904  3905 I C02d20/DumperService: GetData# SA name:1201 dump success, cmd:-p Faultlogger -LogSuffixWithMs , calllingPid=4456!
09-10 18:40:19.627  4461  4461 W C02c02/PARAM: Selinux check name persist.init.debug.loglevel in u:object_r:startup_init_param:s0 [4461 2000 2000] failed
09-10 18:40:19.627  4461  4461 W C02c02/PARAM: Selinux check name persist.init.debug.loglevel in u:object_r:startup_init_param:s0 [4461 2000 2000] failed
09-10 18:40:19.627  4461  4461 W C02c02/PARAM: SystemReadParam failed!name is:persist.init.debug.loglevel,err:1002
09-10 18:40:19.634  4463  4463 W C02c02/PARAM: Selinux check name persist.init.debug.loglevel in u:object_r:startup_init_param:s0 [4463 2000 2000] failed
09-10 18:40:19.634  4463  4463 W C02c02/PARAM: Selinux check name persist.init.debug.loglevel in u:object_r:startup_init_param:s0 [4463 2000 2000] failed
09-10 18:40:19.634  4463  4463 W C02c02/PARAM: SystemReadParam failed!name is:persist.init.debug.loglevel,err:1002
09-10 18:40:19.634  4465  4465 W C02c02/PARAM: Selinux check name persist.init.debug.loglevel in u:object_r:startup_init_param:s0 [4465 2000 2000] failed
09-10 18:40:19.634  4465  4465 W C02c02/PARAM: Selinux check name persist.init.debug.loglevel in u:object_r:startup_init_param:s0 [4465 2000 2000] failed
09-10 18:40:19.634  4465  4465 W C02c02/PARAM: SystemReadParam failed!name is:persist.init.debug.loglevel,err:1002
09-10 18:40:19.634  4464  4464 W C02c02/PARAM: Selinux check name persist.init.debug.loglevel in u:object_r:startup_init_param:s0 [4464 2000 2000] failed
09-10 18:40:19.634  4464  4464 W C02c02/PARAM: Selinux check name persist.init.debug.loglevel in u:object_r:startup_init_param:s0 [4464 2000 2000] failed
09-10 18:40:19.634  4464  4464 W C02c02/PARAM: SystemReadParam failed!name is:persist.init.debug.loglevel,err:1002
09-10 18:40:19.642  4466  4466 W C02c02/PARAM: Selinux check name persist.init.debug.loglevel in u:object_r:startup_init_param:s0 [4466 2000 2000] failed
09-10 18:40:19.642  4466  4466 W C02c02/PARAM: Selinux check name persist.init.debug.loglevel in u:object_r:startup_init_param:s0 [4466 2000 2000] failed
09-10 18:40:19.642  4466  4466 W C02c02/PARAM: SystemReadParam failed!name is:persist.init.debug.loglevel,err:1002
09-10 18:40:19.642  4467  4467 W C02c02/PARAM: Selinux check name persist.init.debug.loglevel in u:object_r:startup_init_param:s0 [4467 2000 2000] failed
09-10 18:40:19.642  4467  4467 W C02c02/PARAM: Selinux check name persist.init.debug.loglevel in u:object_r:startup_init_param:s0 [4467 2000 2000] failed
09-10 18:40:19.642  4467  4467 W C02c02/PARAM: SystemReadParam failed!name is:persist.init.debug.loglevel,err:1002
09-10 18:40:19.918  3290  3290 I C02500/Qemud: Guest heartbeat success.
09-10 18:40:19.934  4469  4469 W C02c02/PARAM: Selinux check name persist.init.debug.loglevel in u:object_r:startup_init_param:s0 [4469 2000 2000] failed
09-10 18:40:19.934  4469  4469 W C02c02/PARAM: Selinux check name persist.init.debug.loglevel in u:object_r:startup_init_param:s0 [4469 2000 2000] failed
09-10 18:40:19.934  4469  4469 W C02c02/PARAM: SystemReadParam failed!name is:persist.init.debug.loglevel,err:1002
09-10 18:40:19.953  4471  4471 W C02c02/PARAM: Selinux check name persist.init.debug.loglevel in u:object_r:startup_init_param:s0 [4471 2000 2000] failed
09-10 18:40:19.953  4471  4471 W C02c02/PARAM: Selinux check name persist.init.debug.loglevel in u:object_r:startup_init_param:s0 [4471 2000 2000] failed
09-10 18:40:19.953  4471  4471 W C02c02/PARAM: SystemReadParam failed!name is:persist.init.debug.loglevel,err:1002
09-10 18:40:20.088  4472  4472 W C02c02/PARAM: Selinux check name persist.init.debug.loglevel in u:object_r:startup_init_param:s0 [4472 2000 2000] failed
09-10 18:40:20.088  4472  4472 W C02c02/PARAM: Selinux check name persist.init.debug.loglevel in u:object_r:startup_init_param:s0 [4472 2000 2000] failed
09-10 18:40:20.088  4472  4472 W C02c02/PARAM: SystemReadParam failed!name is:persist.init.debug.loglevel,err:1002
09-10 18:40:20.463  2458  2458 W A01c06/ICON: AppIconWeatherModel --> initWeatherListener, retryTimes: 4
09-10 18:40:20.469   490  1514 E C01707/CONCUR: [Interface] task 1514 apply qos failed, errno = 4
09-10 18:40:20.469   490  1514 E C01611/QosManager: QosManager: Failed to set thread QoS to QOS_USER_INTERACTIVE, ret: -1
09-10 18:40:20.469   782   782 W C01123/BMSCommon: bundle not exist -n com.huawei.hmsapp.totemweather -u 100 -i 0 -f 32
09-10 18:40:20.469   782   782 W C01121/BMSQuery: GetBundleInfo failed -n com.huawei.hmsapp.totemweather -u 100
09-10 18:40:20.469   490  1514 E C01651/BundleMgrProxy: GetBundleInfoFromBMS: GetBundleInfo failed!bundleName is com.huawei.hmsapp.totemweather, userId is 100
09-10 18:40:20.469   490  1514 E C01651/DataProviderConfig: GetFromProxyData: Get bundleInfo failed! bundleName:com.huawei.hmsapp.totemweather, userId:100, visitedId:100, uri:******icIconInfo
09-10 18:40:20.469   490  1514 E C01651/DataShareServiceImpl: GetBMSAndMetaDataStatus: CalledInfo failed! token:0x2002a7c3,ret:1001,uri:******icIconInfo
09-10 18:40:20.469   490  1514 E C01651/DataShareServiceImpl: GetSilentProxyStatus: BMS or metaData not ready to complete, token:0x2002a7c3, uri:******icIconInfo
09-10 18:40:20.470  2458  2458 E A01c06/ICON: AppIconWeatherModel --> get weather info failed, code: 15700010, message: The DataShareHelper is not initialized successfully.
09-10 18:40:20.656  4474  4474 W C02c02/PARAM: Selinux check name persist.init.debug.loglevel in u:object_r:startup_init_param:s0 [4474 2000 2000] failed
09-10 18:40:20.656  4474  4474 W C02c02/PARAM: Selinux check name persist.init.debug.loglevel in u:object_r:startup_init_param:s0 [4474 2000 2000] failed
09-10 18:40:20.656  4474  4474 W C02c02/PARAM: SystemReadParam failed!name is:persist.init.debug.loglevel,err:1002
09-10 18:40:20.659  4474  4474 W C02c02/PARAM: Selinux check name persist.init.debug.loglevel in u:object_r:startup_init_param:s0 [4474 2000 2000] failed
09-10 18:40:20.659  4474  4474 W C02c02/PARAM: Selinux check name persist.init.debug.loglevel in u:object_r:startup_init_param:s0 [4474 2000 2000] failed
09-10 18:40:20.659  4474  4474 W C02c02/PARAM: SystemReadParam failed!name is:persist.init.debug.loglevel,err:1002
09-10 18:40:20.845  4477  4477 W C02c02/PARAM: Selinux check name persist.init.debug.loglevel in u:object_r:startup_init_param:s0 [4477 2000 2000] failed
09-10 18:40:20.845  4477  4477 W C02c02/PARAM: Selinux check name persist.init.debug.loglevel in u:object_r:startup_init_param:s0 [4477 2000 2000] failed
09-10 18:40:20.845  4477  4477 W C02c02/PARAM: SystemReadParam failed!name is:persist.init.debug.loglevel,err:1002
09-10 18:40:20.848  4479  4479 W C02c02/PARAM: Selinux check name persist.init.debug.loglevel in u:object_r:startup_init_param:s0 [4479 2000 2000] failed
09-10 18:40:20.848  4479  4479 W C02c02/PARAM: Selinux check name persist.init.debug.loglevel in u:object_r:startup_init_param:s0 [4479 2000 2000] failed
09-10 18:40:20.848  4479  4479 W C02c02/PARAM: SystemReadParam failed!name is:persist.init.debug.loglevel,err:1002
09-10 18:40:20.848  4481  4481 W C02c02/PARAM: Selinux check name persist.init.debug.loglevel in u:object_r:startup_init_param:s0 [4481 2000 2000] failed
09-10 18:40:20.848  4481  4481 W C02c02/PARAM: Selinux check name persist.init.debug.loglevel in u:object_r:startup_init_param:s0 [4481 2000 2000] failed
09-10 18:40:20.848  4481  4481 W C02c02/PARAM: SystemReadParam failed!name is:persist.init.debug.loglevel,err:1002
09-10 18:40:20.848  4480  4480 W C02c02/PARAM: Selinux check name persist.init.debug.loglevel in u:object_r:startup_init_param:s0 [4480 2000 2000] failed
09-10 18:40:20.848  4480  4480 W C02c02/PARAM: Selinux check name persist.init.debug.loglevel in u:object_r:startup_init_param:s0 [4480 2000 2000] failed
09-10 18:40:20.848  4480  4480 W C02c02/PARAM: SystemReadParam failed!name is:persist.init.debug.loglevel,err:1002
09-10 18:40:20.852  4482  4482 W C02c02/PARAM: Selinux check name persist.init.debug.loglevel in u:object_r:startup_init_param:s0 [4482 2000 2000] failed
09-10 18:40:20.852  4482  4482 W C02c02/PARAM: Selinux check name persist.init.debug.loglevel in u:object_r:startup_init_param:s0 [4482 2000 2000] failed
09-10 18:40:20.852  4482  4482 W C02c02/PARAM: SystemReadParam failed!name is:persist.init.debug.loglevel,err:1002
09-10 18:40:20.853  4483  4483 W C02c02/PARAM: Selinux check name persist.init.debug.loglevel in u:object_r:startup_init_param:s0 [4483 2000 2000] failed
09-10 18:40:20.853  4483  4483 W C02c02/PARAM: Selinux check name persist.init.debug.loglevel in u:object_r:startup_init_param:s0 [4483 2000 2000] failed
09-10 18:40:20.853  4483  4483 W C02c02/PARAM: SystemReadParam failed!name is:persist.init.debug.loglevel,err:1002
09-10 18:40:21.052  4485  4485 W C02c02/PARAM: Selinux check name persist.init.debug.loglevel in u:object_r:startup_init_param:s0 [4485 2000 2000] failed
09-10 18:40:21.052  4485  4485 W C02c02/PARAM: Selinux check name persist.init.debug.loglevel in u:object_r:startup_init_param:s0 [4485 2000 2000] failed
09-10 18:40:21.052  4485  4485 W C02c02/PARAM: SystemReadParam failed!name is:persist.init.debug.loglevel,err:1002
09-10 18:40:21.055  4487  4487 W C02c02/PARAM: Selinux check name persist.init.debug.loglevel in u:object_r:startup_init_param:s0 [4487 2000 2000] failed
09-10 18:40:21.055  4487  4487 W C02c02/PARAM: Selinux check name persist.init.debug.loglevel in u:object_r:startup_init_param:s0 [4487 2000 2000] failed
09-10 18:40:21.055  4487  4487 W C02c02/PARAM: SystemReadParam failed!name is:persist.init.debug.loglevel,err:1002
09-10 18:40:21.058  4488  4488 W C02c02/PARAM: Selinux check name persist.init.debug.loglevel in u:object_r:startup_init_param:s0 [4488 2000 2000] failed
09-10 18:40:21.058  4488  4488 W C02c02/PARAM: Selinux check name persist.init.debug.loglevel in u:object_r:startup_init_param:s0 [4488 2000 2000] failed
09-10 18:40:21.058  4488  4488 W C02c02/PARAM: SystemReadParam failed!name is:persist.init.debug.loglevel,err:1002
09-10 18:40:21.429   592   812 W C02943/ThermalHdi: Read node failed, title = brightness
09-10 18:40:21.429   592   812 W C02943/ThermalHdi: Read node failed, title = 
09-10 18:40:21.429   592   812 W C02943/ThermalHdi: Read node failed, title = 
09-10 18:40:21.429   592   812 W C02943/ThermalHdi: Read node failed, title = 
09-10 18:40:21.429   592   812 W C02943/ThermalHdi: Read node failed, title = 
09-10 18:40:21.429   592   812 W C02943/ThermalHdi: Read node failed, title = 
09-10 18:40:21.429   592   812 W C02943/ThermalHdi: Read node failed, title = 
09-10 18:40:21.429   592   812 W C02943/ThermalHdi: Read node failed, title = 
09-10 18:40:21.429   592   812 W C02943/ThermalHdi: Read node failed, title = 
09-10 18:40:21.429   592   812 W C02943/ThermalHdi: Read node failed, title = 
09-10 18:40:21.429   592   812 W C02943/ThermalHdi: Read node failed, title = 
09-10 18:40:21.429   592   812 W C02943/ThermalHdi: Read node failed, title = 
09-10 18:40:21.429   592   812 W C02943/ThermalHdi: Read node failed, title = 
09-10 18:40:21.429   592   812 W C02943/ThermalHdi: Read node failed, title = 
09-10 18:40:21.429   592   812 W C02943/ThermalHdi: Read node failed, title = 
09-10 18:40:21.429   592   812 W C02943/ThermalHdi: Read node failed, title = 
09-10 18:40:21.429   592   812 W C02943/ThermalHdi: Read node failed, title = 
09-10 18:40:21.429   592   812 W C02943/ThermalHdi: Read node failed, title = 
09-10 18:40:21.429   592   812 W C02943/ThermalHdi: Read node failed, title = 
09-10 18:40:21.429   592   812 W C02943/ThermalHdi: Read node failed, title = 
09-10 18:40:21.429   592   812 W C02943/ThermalHdi: Read node failed, title = 
09-10 18:40:21.429   592   812 W C02943/ThermalHdi: Read node failed, title = 
09-10 18:40:21.429   592   812 W C02943/ThermalHdi: Read node failed, title = 
09-10 18:40:21.429   592   812 W C02943/ThermalHdi: Read node failed, title = 
09-10 18:40:21.429   592   812 W C02943/ThermalHdi: Read node failed, title = 
09-10 18:40:21.429   592   812 W C02943/ThermalHdi: Read node failed, title = ambient
09-10 18:40:21.429   592   812 W C02943/ThermalHdi: Read node failed, title = ibat
09-10 18:40:21.429   592   812 W C02943/ThermalHdi: Read node failed, title = vbat
09-10 18:40:21.429   592   812 W C02943/ThermalHdi: Read node failed, title = cpu0_min_freq
09-10 18:40:21.429   592   812 W C02943/ThermalHdi: Read node failed, title = cpu0_cur_freq
09-10 18:40:21.429   592   812 W C02943/ThermalHdi: Read node failed, title = cpu0_max_freq
09-10 18:40:21.429   592   812 W C02943/ThermalHdi: Read node failed, title = cpu4_min_freq
09-10 18:40:21.429   592   812 W C02943/ThermalHdi: Read node failed, title = cpu4_cur_freq
09-10 18:40:21.429   592   812 W C02943/ThermalHdi: Read node failed, title = cpu4_max_freq
09-10 18:40:21.429   592   812 W C02943/ThermalHdi: Read node failed, title = cpu7_min_freq
09-10 18:40:21.429   592   812 W C02943/ThermalHdi: Read node failed, title = cpu7_cur_freq
09-10 18:40:21.429   592   812 W C02943/ThermalHdi: Read node failed, title = cpu7_max_freq
09-10 18:40:21.429   592   812 W C02943/ThermalHdi: Read node failed, title = gpu_min_freq
09-10 18:40:21.429   592   812 W C02943/ThermalHdi: Read node failed, title = gpu_cur_freq
09-10 18:40:21.429   592   812 W C02943/ThermalHdi: Read node failed, title = gpu_max_freq
09-10 18:40:21.429   592   812 W C02943/ThermalHdi: Read node failed, title = ddr_cur_freq
09-10 18:40:21.429   592   812 W C02943/ThermalHdi: Read node failed, title = set_IPApower
09-10 18:40:21.429   592   812 W C02943/ThermalHdi: Read node failed, title = cur_IPApower
09-10 18:40:21.429   592   812 W C02943/ThermalHdi: get node failed
09-10 18:40:21.429   592   812 W C02943/ThermalHdi: get node failed
09-10 18:40:21.429   592   812 W C02943/ThermalHdi: get node failed
09-10 18:40:21.470   125   785 I C01800/SAMGR: NF SA:65962,832_147985
09-10 18:40:21.471  2458  2458 W A01c06/ICON: AppIconWeatherModel --> initWeatherListener, retryTimes: 4
09-10 18:40:21.472   490  1514 E C01707/CONCUR: [Interface] task 1514 apply qos failed, errno = 4
09-10 18:40:21.472   490  1514 E C01611/QosManager: QosManager: Failed to set thread QoS to QOS_USER_INTERACTIVE, ret: -1
09-10 18:40:21.473   782   782 W C01123/BMSCommon: bundle not exist -n com.huawei.hmsapp.totemweather -u 100 -i 0 -f 32
09-10 18:40:21.473   782   782 W C01121/BMSQuery: GetBundleInfo failed -n com.huawei.hmsapp.totemweather -u 100
09-10 18:40:21.473   490  1514 E C01651/BundleMgrProxy: GetBundleInfoFromBMS: GetBundleInfo failed!bundleName is com.huawei.hmsapp.totemweather, userId is 100
09-10 18:40:21.473   490  1514 E C01651/DataProviderConfig: GetFromProxyData: Get bundleInfo failed! bundleName:com.huawei.hmsapp.totemweather, userId:100, visitedId:100, uri:******icIconInfo
09-10 18:40:21.473   490  1514 E C01651/DataShareServiceImpl: GetBMSAndMetaDataStatus: CalledInfo failed! token:0x2002a7c3,ret:1001,uri:******icIconInfo
09-10 18:40:21.473   490  1514 E C01651/DataShareServiceImpl: GetSilentProxyStatus: BMS or metaData not ready to complete, token:0x2002a7c3, uri:******icIconInfo
09-10 18:40:21.473  2458  2458 E A01c06/ICON: AppIconWeatherModel --> get weather info failed, code: 15700010, message: The DataShareHelper is not initialized successfully.
09-10 18:40:21.573  4490  4490 W C02c02/PARAM: Selinux check name persist.init.debug.loglevel in u:object_r:startup_init_param:s0 [4490 2000 2000] failed
09-10 18:40:21.573  4490  4490 W C02c02/PARAM: Selinux check name persist.init.debug.loglevel in u:object_r:startup_init_param:s0 [4490 2000 2000] failed
09-10 18:40:21.573  4490  4490 W C02c02/PARAM: SystemReadParam failed!name is:persist.init.debug.loglevel,err:1002
09-10 18:40:21.575  4490  4490 W C02c02/PARAM: Selinux check name persist.init.debug.loglevel in u:object_r:startup_init_param:s0 [4490 2000 2000] failed
09-10 18:40:21.575  4490  4490 W C02c02/PARAM: Selinux check name persist.init.debug.loglevel in u:object_r:startup_init_param:s0 [4490 2000 2000] failed
09-10 18:40:21.575  4490  4490 W C02c02/PARAM: SystemReadParam failed!name is:persist.init.debug.loglevel,err:1002
09-10 18:40:21.670   125   785 I C01800/SAMGR: NF SA:65962,832_147986
09-10 18:40:21.757  4493  4493 W C02c02/PARAM: Selinux check name persist.init.debug.loglevel in u:object_r:startup_init_param:s0 [4493 2000 2000] failed
09-10 18:40:21.757  4493  4493 W C02c02/PARAM: Selinux check name persist.init.debug.loglevel in u:object_r:startup_init_param:s0 [4493 2000 2000] failed
09-10 18:40:21.757  4493  4493 W C02c02/PARAM: SystemReadParam failed!name is:persist.init.debug.loglevel,err:1002
09-10 18:40:21.760  4495  4495 W C02c02/PARAM: Selinux check name persist.init.debug.loglevel in u:object_r:startup_init_param:s0 [4495 2000 2000] failed
09-10 18:40:21.760  4495  4495 W C02c02/PARAM: Selinux check name persist.init.debug.loglevel in u:object_r:startup_init_param:s0 [4495 2000 2000] failed
09-10 18:40:21.760  4495  4495 W C02c02/PARAM: SystemReadParam failed!name is:persist.init.debug.loglevel,err:1002
09-10 18:40:21.760  4496  4496 W C02c02/PARAM: Selinux check name persist.init.debug.loglevel in u:object_r:startup_init_param:s0 [4496 2000 2000] failed
09-10 18:40:21.760  4496  4496 W C02c02/PARAM: Selinux check name persist.init.debug.loglevel in u:object_r:startup_init_param:s0 [4496 2000 2000] failed
09-10 18:40:21.760  4496  4496 W C02c02/PARAM: SystemReadParam failed!name is:persist.init.debug.loglevel,err:1002
09-10 18:40:21.761  4497  4497 W C02c02/PARAM: Selinux check name persist.init.debug.loglevel in u:object_r:startup_init_param:s0 [4497 2000 2000] failed
09-10 18:40:21.761  4497  4497 W C02c02/PARAM: Selinux check name persist.init.debug.loglevel in u:object_r:startup_init_param:s0 [4497 2000 2000] failed
09-10 18:40:21.761  4497  4497 W C02c02/PARAM: SystemReadParam failed!name is:persist.init.debug.loglevel,err:1002
09-10 18:40:21.765  4498  4498 W C02c02/PARAM: Selinux check name persist.init.debug.loglevel in u:object_r:startup_init_param:s0 [4498 2000 2000] failed
09-10 18:40:21.765  4498  4498 W C02c02/PARAM: Selinux check name persist.init.debug.loglevel in u:object_r:startup_init_param:s0 [4498 2000 2000] failed
09-10 18:40:21.765  4498  4498 W C02c02/PARAM: SystemReadParam failed!name is:persist.init.debug.loglevel,err:1002
09-10 18:40:21.765  4499  4499 W C02c02/PARAM: Selinux check name persist.init.debug.loglevel in u:object_r:startup_init_param:s0 [4499 2000 2000] failed
09-10 18:40:21.765  4499  4499 W C02c02/PARAM: Selinux check name persist.init.debug.loglevel in u:object_r:startup_init_param:s0 [4499 2000 2000] failed
09-10 18:40:21.765  4499  4499 W C02c02/PARAM: SystemReadParam failed!name is:persist.init.debug.loglevel,err:1002
09-10 18:40:21.871   125   785 I C01800/SAMGR: NF SA:65962,832_147987
09-10 18:40:21.960  4501  4501 W C02c02/PARAM: Selinux check name persist.init.debug.loglevel in u:object_r:startup_init_param:s0 [4501 2000 2000] failed
09-10 18:40:21.960  4501  4501 W C02c02/PARAM: Selinux check name persist.init.debug.loglevel in u:object_r:startup_init_param:s0 [4501 2000 2000] failed
09-10 18:40:21.960  4501  4501 W C02c02/PARAM: SystemReadParam failed!name is:persist.init.debug.loglevel,err:1002
09-10 18:40:21.963  4503  4503 W C02c02/PARAM: Selinux check name persist.init.debug.loglevel in u:object_r:startup_init_param:s0 [4503 2000 2000] failed
09-10 18:40:21.963  4503  4503 W C02c02/PARAM: Selinux check name persist.init.debug.loglevel in u:object_r:startup_init_param:s0 [4503 2000 2000] failed
09-10 18:40:21.963  4503  4503 W C02c02/PARAM: SystemReadParam failed!name is:persist.init.debug.loglevel,err:1002
09-10 18:40:21.966  4504  4504 W C02c02/PARAM: Selinux check name persist.init.debug.loglevel in u:object_r:startup_init_param:s0 [4504 2000 2000] failed
09-10 18:40:21.966  4504  4504 W C02c02/PARAM: Selinux check name persist.init.debug.loglevel in u:object_r:startup_init_param:s0 [4504 2000 2000] failed
09-10 18:40:21.966  4504  4504 W C02c02/PARAM: SystemReadParam failed!name is:persist.init.debug.loglevel,err:1002
09-10 18:40:22.015   474 23514 E C02d66/XPerf: [InquiryOhImpl::ExtractStringValue] Canonical FilePath: /sys/class/ithermal/lpm/lpm_freq failed.
09-10 18:40:22.015   474 23514 E C02d66/XPerf: [InquiryOhImpl::ExtractStringValue] Canonical FilePath: /sys/class/power_supply/Battery/status failed.
09-10 18:40:22.071   125   785 I C01800/SAMGR: NF SA:65962,832_147988
09-10 18:40:22.274   125   785 I C01800/SAMGR: NF SA:65962,832_147989
09-10 18:40:22.474   125   785 I C01800/SAMGR: NF SA:65962,832_147990
09-10 18:40:22.474  2458  2458 W A01c06/ICON: AppIconWeatherModel --> initWeatherListener, retryTimes: 4
09-10 18:40:22.476   490  1514 E C01707/CONCUR: [Interface] task 1514 apply qos failed, errno = 4
09-10 18:40:22.476   490  1514 E C01611/QosManager: QosManager: Failed to set thread QoS to QOS_USER_INTERACTIVE, ret: -1
09-10 18:40:22.476   782   782 W C01123/BMSCommon: bundle not exist -n com.huawei.hmsapp.totemweather -u 100 -i 0 -f 32
09-10 18:40:22.476   782   782 W C01121/BMSQuery: GetBundleInfo failed -n com.huawei.hmsapp.totemweather -u 100
09-10 18:40:22.476   490  1514 E C01651/BundleMgrProxy: GetBundleInfoFromBMS: GetBundleInfo failed!bundleName is com.huawei.hmsapp.totemweather, userId is 100
09-10 18:40:22.476   490  1514 E C01651/DataProviderConfig: GetFromProxyData: Get bundleInfo failed! bundleName:com.huawei.hmsapp.totemweather, userId:100, visitedId:100, uri:******icIconInfo
09-10 18:40:22.476   490  1514 E C01651/DataShareServiceImpl: GetBMSAndMetaDataStatus: CalledInfo failed! token:0x2002a7c3,ret:1001,uri:******icIconInfo
09-10 18:40:22.476   490  1514 E C01651/DataShareServiceImpl: GetSilentProxyStatus: BMS or metaData not ready to complete, token:0x2002a7c3, uri:******icIconInfo
09-10 18:40:22.476  2458  2458 E A01c06/ICON: AppIconWeatherModel --> get weather info failed, code: 15700010, message: The DataShareHelper is not initialized successfully.
09-10 18:40:22.502  4507  4507 W C02c02/PARAM: Selinux check name persist.init.debug.loglevel in u:object_r:startup_init_param:s0 [4507 2000 2000] failed
09-10 18:40:22.502  4507  4507 W C02c02/PARAM: Selinux check name persist.init.debug.loglevel in u:object_r:startup_init_param:s0 [4507 2000 2000] failed
09-10 18:40:22.502  4507  4507 W C02c02/PARAM: SystemReadParam failed!name is:persist.init.debug.loglevel,err:1002
09-10 18:40:22.505  4507  4507 W C02c02/PARAM: Selinux check name persist.init.debug.loglevel in u:object_r:startup_init_param:s0 [4507 2000 2000] failed
09-10 18:40:22.505  4507  4507 W C02c02/PARAM: Selinux check name persist.init.debug.loglevel in u:object_r:startup_init_param:s0 [4507 2000 2000] failed
09-10 18:40:22.505  4507  4507 W C02c02/PARAM: SystemReadParam failed!name is:persist.init.debug.loglevel,err:1002
09-10 18:40:22.674   125   785 I C01800/SAMGR: NF SA:65962,832_147991
09-10 18:40:22.674   832   925 E C01810/SA_CLIENT: GetSaWrap SA:65962 not start
09-10 18:40:22.674   832   925 I C01409/APS_MANAGER: request system service object is not ready yet!
09-10 18:40:22.687  4510  4510 W C02c02/PARAM: Selinux check name persist.init.debug.loglevel in u:object_r:startup_init_param:s0 [4510 2000 2000] failed
09-10 18:40:22.687  4510  4510 W C02c02/PARAM: Selinux check name persist.init.debug.loglevel in u:object_r:startup_init_param:s0 [4510 2000 2000] failed
09-10 18:40:22.687  4510  4510 W C02c02/PARAM: SystemReadParam failed!name is:persist.init.debug.loglevel,err:1002
09-10 18:40:22.690  4512  4512 W C02c02/PARAM: Selinux check name persist.init.debug.loglevel in u:object_r:startup_init_param:s0 [4512 2000 2000] failed
09-10 18:40:22.690  4512  4512 W C02c02/PARAM: Selinux check name persist.init.debug.loglevel in u:object_r:startup_init_param:s0 [4512 2000 2000] failed
09-10 18:40:22.690  4512  4512 W C02c02/PARAM: SystemReadParam failed!name is:persist.init.debug.loglevel,err:1002
09-10 18:40:22.690  4513  4513 W C02c02/PARAM: Selinux check name persist.init.debug.loglevel in u:object_r:startup_init_param:s0 [4513 2000 2000] failed
09-10 18:40:22.690  4513  4513 W C02c02/PARAM: Selinux check name persist.init.debug.loglevel in u:object_r:startup_init_param:s0 [4513 2000 2000] failed
09-10 18:40:22.691  4513  4513 W C02c02/PARAM: SystemReadParam failed!name is:persist.init.debug.loglevel,err:1002
09-10 18:40:22.691  4514  4514 W C02c02/PARAM: Selinux check name persist.init.debug.loglevel in u:object_r:startup_init_param:s0 [4514 2000 2000] failed
09-10 18:40:22.691  4514  4514 W C02c02/PARAM: Selinux check name persist.init.debug.loglevel in u:object_r:startup_init_param:s0 [4514 2000 2000] failed
09-10 18:40:22.691  4514  4514 W C02c02/PARAM: SystemReadParam failed!name is:persist.init.debug.loglevel,err:1002
09-10 18:40:22.695  4515  4515 W C02c02/PARAM: Selinux check name persist.init.debug.loglevel in u:object_r:startup_init_param:s0 [4515 2000 2000] failed
09-10 18:40:22.695  4515  4515 W C02c02/PARAM: Selinux check name persist.init.debug.loglevel in u:object_r:startup_init_param:s0 [4515 2000 2000] failed
09-10 18:40:22.695  4515  4515 W C02c02/PARAM: SystemReadParam failed!name is:persist.init.debug.loglevel,err:1002
09-10 18:40:22.695  4516  4516 W C02c02/PARAM: Selinux check name persist.init.debug.loglevel in u:object_r:startup_init_param:s0 [4516 2000 2000] failed
09-10 18:40:22.695  4516  4516 W C02c02/PARAM: Selinux check name persist.init.debug.loglevel in u:object_r:startup_init_param:s0 [4516 2000 2000] failed
09-10 18:40:22.695  4516  4516 W C02c02/PARAM: SystemReadParam failed!name is:persist.init.debug.loglevel,err:1002
09-10 18:40:22.894  4518  4518 W C02c02/PARAM: Selinux check name persist.init.debug.loglevel in u:object_r:startup_init_param:s0 [4518 2000 2000] failed
09-10 18:40:22.894  4518  4518 W C02c02/PARAM: Selinux check name persist.init.debug.loglevel in u:object_r:startup_init_param:s0 [4518 2000 2000] failed
09-10 18:40:22.894  4518  4518 W C02c02/PARAM: SystemReadParam failed!name is:persist.init.debug.loglevel,err:1002
09-10 18:40:22.897  4520  4520 W C02c02/PARAM: Selinux check name persist.init.debug.loglevel in u:object_r:startup_init_param:s0 [4520 2000 2000] failed
09-10 18:40:22.897  4520  4520 W C02c02/PARAM: Selinux check name persist.init.debug.loglevel in u:object_r:startup_init_param:s0 [4520 2000 2000] failed
09-10 18:40:22.897  4520  4520 W C02c02/PARAM: SystemReadParam failed!name is:persist.init.debug.loglevel,err:1002
09-10 18:40:22.900  4521  4521 W C02c02/PARAM: Selinux check name persist.init.debug.loglevel in u:object_r:startup_init_param:s0 [4521 2000 2000] failed
09-10 18:40:22.900  4521  4521 W C02c02/PARAM: Selinux check name persist.init.debug.loglevel in u:object_r:startup_init_param:s0 [4521 2000 2000] failed
09-10 18:40:22.901  4521  4521 W C02c02/PARAM: SystemReadParam failed!name is:persist.init.debug.loglevel,err:1002
09-10 18:40:22.919  3290  3290 I C02500/Qemud: Guest heartbeat success.
09-10 18:40:23.431  4523  4523 W C02c02/PARAM: Selinux check name persist.init.debug.loglevel in u:object_r:startup_init_param:s0 [4523 2000 2000] failed
09-10 18:40:23.431  4523  4523 W C02c02/PARAM: Selinux check name persist.init.debug.loglevel in u:object_r:startup_init_param:s0 [4523 2000 2000] failed
09-10 18:40:23.431  4523  4523 W C02c02/PARAM: SystemReadParam failed!name is:persist.init.debug.loglevel,err:1002
09-10 18:40:23.434  4523  4523 W C02c02/PARAM: Selinux check name persist.init.debug.loglevel in u:object_r:startup_init_param:s0 [4523 2000 2000] failed
09-10 18:40:23.434  4523  4523 W C02c02/PARAM: Selinux check name persist.init.debug.loglevel in u:object_r:startup_init_param:s0 [4523 2000 2000] failed
09-10 18:40:23.434  4523  4523 W C02c02/PARAM: SystemReadParam failed!name is:persist.init.debug.loglevel,err:1002
09-10 18:40:23.478  2458  2458 W A01c06/ICON: AppIconWeatherModel --> initWeatherListener, retryTimes: 4
09-10 18:40:23.479   490  1514 E C01707/CONCUR: [Interface] task 1514 apply qos failed, errno = 4
09-10 18:40:23.479   490  1514 E C01611/QosManager: QosManager: Failed to set thread QoS to QOS_USER_INTERACTIVE, ret: -1
09-10 18:40:23.479   782   782 W C01123/BMSCommon: bundle not exist -n com.huawei.hmsapp.totemweather -u 100 -i 0 -f 32
09-10 18:40:23.479   782   782 W C01121/BMSQuery: GetBundleInfo failed -n com.huawei.hmsapp.totemweather -u 100
09-10 18:40:23.479   490  1514 E C01651/BundleMgrProxy: GetBundleInfoFromBMS: GetBundleInfo failed!bundleName is com.huawei.hmsapp.totemweather, userId is 100
09-10 18:40:23.479   490  1514 E C01651/DataProviderConfig: GetFromProxyData: Get bundleInfo failed! bundleName:com.huawei.hmsapp.totemweather, userId:100, visitedId:100, uri:******icIconInfo
09-10 18:40:23.479   490  1514 E C01651/DataShareServiceImpl: GetBMSAndMetaDataStatus: CalledInfo failed! token:0x2002a7c3,ret:1001,uri:******icIconInfo
09-10 18:40:23.479   490  1514 E C01651/DataShareServiceImpl: GetSilentProxyStatus: BMS or metaData not ready to complete, token:0x2002a7c3, uri:******icIconInfo
09-10 18:40:23.479  2458  2458 E A01c06/ICON: AppIconWeatherModel --> get weather info failed, code: 15700010, message: The DataShareHelper is not initialized successfully.
09-10 18:40:23.618  4526  4526 W C02c02/PARAM: Selinux check name persist.init.debug.loglevel in u:object_r:startup_init_param:s0 [4526 2000 2000] failed
09-10 18:40:23.618  4526  4526 W C02c02/PARAM: Selinux check name persist.init.debug.loglevel in u:object_r:startup_init_param:s0 [4526 2000 2000] failed
09-10 18:40:23.618  4526  4526 W C02c02/PARAM: SystemReadParam failed!name is:persist.init.debug.loglevel,err:1002
09-10 18:40:23.621  4530  4530 W C02c02/PARAM: Selinux check name persist.init.debug.loglevel in u:object_r:startup_init_param:s0 [4530 2000 2000] failed
09-10 18:40:23.621  4530  4530 W C02c02/PARAM: Selinux check name persist.init.debug.loglevel in u:object_r:startup_init_param:s0 [4530 2000 2000] failed
09-10 18:40:23.621  4530  4530 W C02c02/PARAM: SystemReadParam failed!name is:persist.init.debug.loglevel,err:1002
09-10 18:40:23.621  4528  4528 W C02c02/PARAM: Selinux check name persist.init.debug.loglevel in u:object_r:startup_init_param:s0 [4528 2000 2000] failed
09-10 18:40:23.621  4529  4529 W C02c02/PARAM: Selinux check name persist.init.debug.loglevel in u:object_r:startup_init_param:s0 [4529 2000 2000] failed
09-10 18:40:23.621  4528  4528 W C02c02/PARAM: Selinux check name persist.init.debug.loglevel in u:object_r:startup_init_param:s0 [4528 2000 2000] failed
09-10 18:40:23.621  4528  4528 W C02c02/PARAM: SystemReadParam failed!name is:persist.init.debug.loglevel,err:1002
09-10 18:40:23.621  4529  4529 W C02c02/PARAM: Selinux check name persist.init.debug.loglevel in u:object_r:startup_init_param:s0 [4529 2000 2000] failed
09-10 18:40:23.621  4529  4529 W C02c02/PARAM: SystemReadParam failed!name is:persist.init.debug.loglevel,err:1002
09-10 18:40:23.627  4531  4531 W C02c02/PARAM: Selinux check name persist.init.debug.loglevel in u:object_r:startup_init_param:s0 [4531 2000 2000] failed
09-10 18:40:23.627  4532  4532 W C02c02/PARAM: Selinux check name persist.init.debug.loglevel in u:object_r:startup_init_param:s0 [4532 2000 2000] failed
09-10 18:40:23.627  4532  4532 W C02c02/PARAM: Selinux check name persist.init.debug.loglevel in u:object_r:startup_init_param:s0 [4532 2000 2000] failed
09-10 18:40:23.627  4531  4531 W C02c02/PARAM: Selinux check name persist.init.debug.loglevel in u:object_r:startup_init_param:s0 [4531 2000 2000] failed
09-10 18:40:23.627  4532  4532 W C02c02/PARAM: SystemReadParam failed!name is:persist.init.debug.loglevel,err:1002
09-10 18:40:23.627  4531  4531 W C02c02/PARAM: SystemReadParam failed!name is:persist.init.debug.loglevel,err:1002
09-10 18:40:23.762  4534  4534 W C02c02/PARAM: Selinux check name persist.init.debug.loglevel in u:object_r:startup_init_param:s0 [4534 2000 2000] failed
09-10 18:40:23.762  4534  4534 W C02c02/PARAM: Selinux check name persist.init.debug.loglevel in u:object_r:startup_init_param:s0 [4534 2000 2000] failed
09-10 18:40:23.762  4534  4534 W C02c02/PARAM: SystemReadParam failed!name is:persist.init.debug.loglevel,err:1002
09-10 18:40:23.824  4537  4537 W C02c02/PARAM: Selinux check name persist.init.debug.loglevel in u:object_r:startup_init_param:s0 [4537 2000 2000] failed
09-10 18:40:23.824  4537  4537 W C02c02/PARAM: Selinux check name persist.init.debug.loglevel in u:object_r:startup_init_param:s0 [4537 2000 2000] failed
09-10 18:40:23.824  4537  4537 W C02c02/PARAM: SystemReadParam failed!name is:persist.init.debug.loglevel,err:1002
09-10 18:40:23.827  4539  4539 W C02c02/PARAM: Selinux check name persist.init.debug.loglevel in u:object_r:startup_init_param:s0 [4539 2000 2000] failed
09-10 18:40:23.827  4539  4539 W C02c02/PARAM: Selinux check name persist.init.debug.loglevel in u:object_r:startup_init_param:s0 [4539 2000 2000] failed
09-10 18:40:23.827  4539  4539 W C02c02/PARAM: SystemReadParam failed!name is:persist.init.debug.loglevel,err:1002
09-10 18:40:23.831  4540  4540 W C02c02/PARAM: Selinux check name persist.init.debug.loglevel in u:object_r:startup_init_param:s0 [4540 2000 2000] failed
09-10 18:40:23.831  4540  4540 W C02c02/PARAM: Selinux check name persist.init.debug.loglevel in u:object_r:startup_init_param:s0 [4540 2000 2000] failed
09-10 18:40:23.831  4540  4540 W C02c02/PARAM: SystemReadParam failed!name is:persist.init.debug.loglevel,err:1002
09-10 18:40:23.832  4534  4534 W C02c02/PARAM: Selinux check name persist.init.debug.loglevel in u:object_r:startup_init_param:s0 [4534 2000 2000] failed
09-10 18:40:23.832  4534  4534 W C02c02/PARAM: Selinux check name persist.init.debug.loglevel in u:object_r:startup_init_param:s0 [4534 2000 2000] failed
09-10 18:40:23.832  4534  4534 W C02c02/PARAM: SystemReadParam failed!name is:persist.init.debug.loglevel,err:1002
09-10 18:40:23.832  4534  4534 W C02c02/PARAM: Selinux check name persist.init.debug.loglevel in u:object_r:startup_init_param:s0 [4534 2000 2000] failed
09-10 18:40:23.832  4534  4534 W C02c02/PARAM: SystemReadParam failed!name is:persist.init.debug.loglevel,err:1002
09-10 18:40:23.832  4534  4534 W C02c02/PARAM: Selinux check name persist.init.debug.loglevel in u:object_r:startup_init_param:s0 [4534 2000 2000] failed
09-10 18:40:23.832  4534  4534 W C02c02/PARAM: SystemReadParam failed!name is:persist.init.debug.loglevel,err:1002
09-10 18:40:23.832  4534  4534 W C02c02/PARAM: Selinux check name const.debuggable in u:object_r:startup_init_param:s0 [4534 2000 2000] failed
09-10 18:40:23.832  4534  4534 W C02c02/PARAM: SystemReadParam failed!name is:const.debuggable,err:1002
09-10 18:40:23.832  4534  4534 I C02c05/SHELL: [param_cmd.c:535]Failed to get param
09-10 18:40:23.832  4534  4534 W C02c02/PARAM: Selinux check name const.debuggable in u:object_r:startup_init_param:s0 [4534 2000 2000] failed
09-10 18:40:23.832  4534  4534 W C02c02/PARAM: SystemReadParam failed!name is:const.debuggable,err:1002
09-10 18:40:23.832  4534  4534 I C02c05/SHELL: [param_cmd.c:535]Failed to get param
09-10 18:40:23.832  4534  4534 W C02c02/PARAM: Selinux check name const.debuggable in u:object_r:startup_init_param:s0 [4534 2000 2000] failed
09-10 18:40:23.832  4534  4534 W C02c02/PARAM: SystemReadParam failed!name is:const.debuggable,err:1002
09-10 18:40:23.832  4534  4534 I C02c05/SHELL: [param_cmd.c:535]Failed to get param
09-10 18:40:23.832  4534  4534 W C02c02/PARAM: Selinux check name const.debuggable in u:object_r:startup_init_param:s0 [4534 2000 2000] failed
09-10 18:40:23.832  4534  4534 W C02c02/PARAM: SystemReadParam failed!name is:const.debuggable,err:1002
09-10 18:40:23.832  4534  4534 I C02c05/SHELL: [param_cmd.c:535]Failed to get param
09-10 18:40:23.832  4534  4534 W C02c02/PARAM: Selinux check name const.debuggable in u:object_r:startup_init_param:s0 [4534 2000 2000] failed
09-10 18:40:23.832  4534  4534 W C02c02/PARAM: SystemReadParam failed!name is:const.debuggable,err:1002
09-10 18:40:23.832  4534  4534 I C02c05/SHELL: [param_cmd.c:535]Failed to get param
09-10 18:40:23.832  4534  4534 W C02c02/PARAM: Selinux check name const.debuggable in u:object_r:startup_init_param:s0 [4534 2000 2000] failed
09-10 18:40:23.832  4534  4534 W C02c02/PARAM: SystemReadParam failed!name is:const.debuggable,err:1002
09-10 18:40:23.832  4534  4534 I C02c05/SHELL: [param_cmd.c:535]Failed to get param
09-10 18:40:23.832  4534  4534 W C02c02/PARAM: Selinux check name const.debuggable in u:object_r:startup_init_param:s0 [4534 2000 2000] failed
09-10 18:40:23.832  4534  4534 W C02c02/PARAM: SystemReadParam failed!name is:const.debuggable,err:1002
09-10 18:40:23.832  4534  4534 I C02c05/SHELL: [param_cmd.c:535]Failed to get param
09-10 18:40:23.852  4542  4542 W C02c02/PARAM: Selinux check name persist.init.debug.loglevel in u:object_r:startup_init_param:s0 [4542 2000 2000] failed
09-10 18:40:23.853  4542  4542 W C02c02/PARAM: Selinux check name persist.init.debug.loglevel in u:object_r:startup_init_param:s0 [4542 2000 2000] failed
09-10 18:40:23.853  4542  4542 W C02c02/PARAM: SystemReadParam failed!name is:persist.init.debug.loglevel,err:1002
09-10 18:40:23.869  4542  4542 W C02c02/PARAM: Selinux check name persist.init.debug.loglevel in u:object_r:startup_init_param:s0 [4542 2000 2000] failed
09-10 18:40:23.869  4542  4542 W C02c02/PARAM: Selinux check name persist.init.debug.loglevel in u:object_r:startup_init_param:s0 [4542 2000 2000] failed
09-10 18:40:23.869  4542  4542 W C02c02/PARAM: SystemReadParam failed!name is:persist.init.debug.loglevel,err:1002
09-10 18:40:23.911  4545  4545 W C02c02/PARAM: Selinux check name persist.init.debug.loglevel in u:object_r:startup_init_param:s0 [4545 2000 2000] failed
09-10 18:40:23.911  4545  4545 W C02c02/PARAM: Selinux check name persist.init.debug.loglevel in u:object_r:startup_init_param:s0 [4545 2000 2000] failed
09-10 18:40:23.911  4545  4545 W C02c02/PARAM: SystemReadParam failed!name is:persist.init.debug.loglevel,err:1002
09-10 18:40:23.916  4545  4545 W C02c02/PARAM: Selinux check name persist.init.debug.loglevel in u:object_r:startup_init_param:s0 [4545 2000 2000] failed
09-10 18:40:23.916  4545  4545 W C02c02/PARAM: Selinux check name persist.init.debug.loglevel in u:object_r:startup_init_param:s0 [4545 2000 2000] failed
09-10 18:40:23.916  4545  4545 W C02c02/PARAM: SystemReadParam failed!name is:persist.init.debug.loglevel,err:1002
09-10 18:40:23.927   239   518 I C02699/MM: HandleLevelReport (372)Psi trigger, L=0
09-10 18:40:23.928   239   518 I C02699/MM: ReadFile read fail: /dev/memcg/memory.zswapd_presure_show
09-10 18:40:23.929   239   518 E C02699/MM: GetPressureMbStrings kernel pressure miss: key=stability_rollup
09-10 18:40:23.929   239   518 E C02699/MM: ReadValuesFromFileWithoutLock Pressure fallback failed for key=stability_rollup
09-10 18:40:23.929   239   518 E C02699/MM: GetPressureKbLockedMap stoi fail for key=stability_rollup
09-10 18:40:23.929   239   518 E C02699/MM: IsBetaUser get logtype property fail
09-10 18:40:23.930   239  4549 W C02699/MM: PsiHandlerInner level:0, skip.
