09-06 23:19:09.383     0     0 I I00000/HiLog: ========Zeroth log of type: init
09-06 23:19:15.003   424   424 I I02c01/CustCarrierMount: UpdateCotaOpkeyLink start
09-06 23:19:15.003   424   424 W I02c01/CustCarrierMount: not exsit CUST_GLOBAL_CARRIER_DIR or COTA_PARAM_CARRIER_DIR
09-06 23:19:15.385   424   424 I I02c01/CustCarrierMount: success to update cota carrier
09-10 00:57:54.437  2458  2458 E A01c06/ICON: AppIconWeatherModel --> get weather info failed, code: 15700010, message: The DataShareHelper is not initialized successfully.
09-10 00:57:55.443  2458  2458 W A01c06/ICON: AppIconWeatherModel --> initWeatherListener, retryTimes: 4
09-10 00:57:55.449  2458  2458 E A01c06/ICON: AppIconWeatherModel --> get weather info failed, code: 15700010, message: The DataShareHelper is not initialized successfully.
09-10 00:57:56.459  2458  2458 W A01c06/ICON: AppIconWeatherModel --> initWeatherListener, retryTimes: 4
09-10 00:57:56.467  2458  2458 E A01c06/ICON: AppIconWeatherModel --> get weather info failed, code: 15700010, message: The DataShareHelper is not initialized successfully.
09-10 00:57:57.469  2458  2458 W A01c06/ICON: AppIconWeatherModel --> initWeatherListener, retryTimes: 4
09-10 00:57:57.474  2458  2458 E A01c06/ICON: AppIconWeatherModel --> get weather info failed, code: 15700010, message: The DataShareHelper is not initialized successfully.
09-10 00:57:58.478  2458  2458 W A01c06/ICON: AppIconWeatherModel --> initWeatherListener, retryTimes: 4
09-10 00:57:58.481  2458  2458 E A01c06/ICON: AppIconWeatherModel --> get weather info failed, code: 15700010, message: The DataShareHelper is not initialized successfully.
09-10 00:57:59.486  2458  2458 W A01c06/ICON: AppIconWeatherModel --> initWeatherListener, retryTimes: 4
09-10 00:57:59.490  2458  2458 E A01c06/ICON: AppIconWeatherModel --> get weather info failed, code: 15700010, message: The DataShareHelper is not initialized successfully.
09-10 00:58:00.005  2458  2458 I A01a01/NC: StatusBarSysEventUtil: onTimeChangeEvent
09-10 00:58:00.006  2458  2458 W A01c06/ICON: AppIconCalendarCache --> receive date change event, nowData: 10, dateText: ,image is transparent: false, image is empty: true
09-10 00:58:00.006  2458  2458 W A01c06/ICON: AppIconCalendarCache --> com.huawei.hmos.calendar is not dynamic icon, bundleName is com.huawei.hmos.calendar
09-10 00:58:00.006  2458  2458 E A01c06/ICON: AppIconCalendarCache --> backgroundImage resource error
09-10 00:58:00.006  2458  2458 E A01c06/ICON: AppIconCalendarCache --> calendarForegroundBuilder is null
09-10 00:58:00.492  2458  2458 W A01c06/ICON: AppIconWeatherModel --> initWeatherListener, retryTimes: 4
09-10 00:58:00.497  2458  2458 E A01c06/ICON: AppIconWeatherModel --> get weather info failed, code: 15700010, message: The DataShareHelper is not initialized successfully.
09-10 00:58:01.500  2458  2458 W A01c06/ICON: AppIconWeatherModel --> initWeatherListener, retryTimes: 4
09-10 00:58:01.513  2458  2458 E A01c06/ICON: AppIconWeatherModel --> get weather info failed, code: 15700010, message: The DataShareHelper is not initialized successfully.
09-10 00:58:02.515  2458  2458 W A01c06/ICON: AppIconWeatherModel --> initWeatherListener, retryTimes: 4
09-10 00:58:02.521  2458  2458 E A01c06/ICON: AppIconWeatherModel --> get weather info failed, code: 15700010, message: The DataShareHelper is not initialized successfully.
09-10 00:58:03.525  2458  2458 W A01c06/ICON: AppIconWeatherModel --> initWeatherListener, retryTimes: 4
09-10 00:58:03.534  2458  2458 E A01c06/ICON: AppIconWeatherModel --> get weather info failed, code: 15700010, message: The DataShareHelper is not initialized successfully.
09-10 00:58:04.535  2458  2458 W A01c06/ICON: AppIconWeatherModel --> initWeatherListener, retryTimes: 4
09-10 00:58:04.542  2458  2458 E A01c06/ICON: AppIconWeatherModel --> get weather info failed, code: 15700010, message: The DataShareHelper is not initialized successfully.
09-10 00:58:05.545  2458  2458 W A01c06/ICON: AppIconWeatherModel --> initWeatherListener, retryTimes: 4
09-10 00:58:05.552  2458  2458 E A01c06/ICON: AppIconWeatherModel --> get weather info failed, code: 15700010, message: The DataShareHelper is not initialized successfully.
09-10 00:58:06.561  2458  2458 W A01c06/ICON: AppIconWeatherModel --> initWeatherListener, retryTimes: 4
09-10 00:58:06.590  2458  2458 E A01c06/ICON: AppIconWeatherModel --> get weather info failed, code: 15700010, message: The DataShareHelper is not initialized successfully.
09-10 00:58:07.594  2458  2458 W A01c06/ICON: AppIconWeatherModel --> initWeatherListener, retryTimes: 4
09-10 00:58:07.599  2458  2458 E A01c06/ICON: AppIconWeatherModel --> get weather info failed, code: 15700010, message: The DataShareHelper is not initialized successfully.
09-10 00:58:08.603  2458  2458 W A01c06/ICON: AppIconWeatherModel --> initWeatherListener, retryTimes: 4
09-10 00:58:08.609  2458  2458 E A01c06/ICON: AppIconWeatherModel --> get weather info failed, code: 15700010, message: The DataShareHelper is not initialized successfully.
09-10 00:58:09.612  2458  2458 W A01c06/ICON: AppIconWeatherModel --> initWeatherListener, retryTimes: 4
09-10 00:58:09.618  2458  2458 E A01c06/ICON: AppIconWeatherModel --> get weather info failed, code: 15700010, message: The DataShareHelper is not initialized successfully.
09-10 00:58:10.622  2458  2458 W A01c06/ICON: AppIconWeatherModel --> initWeatherListener, retryTimes: 4
09-10 00:58:10.626  2458  2458 E A01c06/ICON: AppIconWeatherModel --> get weather info failed, code: 15700010, message: The DataShareHelper is not initialized successfully.
09-10 00:58:11.628  2458  2458 W A01c06/ICON: AppIconWeatherModel --> initWeatherListener, retryTimes: 4
09-10 00:58:11.634  2458  2458 E A01c06/ICON: AppIconWeatherModel --> get weather info failed, code: 15700010, message: The DataShareHelper is not initialized successfully.
09-10 00:58:12.637  2458  2458 W A01c06/ICON: AppIconWeatherModel --> initWeatherListener, retryTimes: 4
09-10 00:58:12.646  2458  2458 E A01c06/ICON: AppIconWeatherModel --> get weather info failed, code: 15700010, message: The DataShareHelper is not initialized successfully.
09-10 00:58:13.651  2458  2458 W A01c06/ICON: AppIconWeatherModel --> initWeatherListener, retryTimes: 4
09-10 00:58:13.655  2458  2458 E A01c06/ICON: AppIconWeatherModel --> get weather info failed, code: 15700010, message: The DataShareHelper is not initialized successfully.
09-10 00:58:14.659  2458  2458 W A01c06/ICON: AppIconWeatherModel --> initWeatherListener, retryTimes: 4
09-10 00:58:14.664  2458  2458 E A01c06/ICON: AppIconWeatherModel --> get weather info failed, code: 15700010, message: The DataShareHelper is not initialized successfully.
09-10 00:58:15.665  2458  2458 W A01c06/ICON: AppIconWeatherModel --> initWeatherListener, retryTimes: 4
09-10 00:58:15.671  2458  2458 E A01c06/ICON: AppIconWeatherModel --> get weather info failed, code: 15700010, message: The DataShareHelper is not initialized successfully.
09-10 00:58:16.672  2458  2458 W A01c06/ICON: AppIconWeatherModel --> initWeatherListener, retryTimes: 4
09-10 00:58:16.687  2458  2458 E A01c06/ICON: AppIconWeatherModel --> get weather info failed, code: 15700010, message: The DataShareHelper is not initialized successfully.
09-10 00:58:17.689  2458  2458 W A01c06/ICON: AppIconWeatherModel --> initWeatherListener, retryTimes: 4
09-10 00:58:17.693  2458  2458 E A01c06/ICON: AppIconWeatherModel --> get weather info failed, code: 15700010, message: The DataShareHelper is not initialized successfully.
09-10 00:58:18.700  2458  2458 W A01c06/ICON: AppIconWeatherModel --> initWeatherListener, retryTimes: 4
09-10 00:58:18.703  2458  2458 E A01c06/ICON: AppIconWeatherModel --> get weather info failed, code: 15700010, message: The DataShareHelper is not initialized successfully.
09-10 00:58:19.710  2458  2458 W A01c06/ICON: AppIconWeatherModel --> initWeatherListener, retryTimes: 4
09-10 00:58:19.714  2458  2458 E A01c06/ICON: AppIconWeatherModel --> get weather info failed, code: 15700010, message: The DataShareHelper is not initialized successfully.
09-10 00:58:20.716  2458  2458 W A01c06/ICON: AppIconWeatherModel --> initWeatherListener, retryTimes: 4
09-10 00:58:20.720  2458  2458 E A01c06/ICON: AppIconWeatherModel --> get weather info failed, code: 15700010, message: The DataShareHelper is not initialized successfully.
09-10 00:58:21.722  2458  2458 W A01c06/ICON: AppIconWeatherModel --> initWeatherListener, retryTimes: 4
09-10 00:58:21.724  2458  2458 E A01c06/ICON: AppIconWeatherModel --> get weather info failed, code: 15700010, message: The DataShareHelper is not initialized successfully.
09-10 00:58:22.724  2458  2458 W A01c06/ICON: AppIconWeatherModel --> initWeatherListener, retryTimes: 4
09-10 00:58:22.727  2458  2458 E A01c06/ICON: AppIconWeatherModel --> get weather info failed, code: 15700010, message: The DataShareHelper is not initialized successfully.
09-10 00:58:23.732  2458  2458 W A01c06/ICON: AppIconWeatherModel --> initWeatherListener, retryTimes: 4
09-10 00:58:23.734  2458  2458 E A01c06/ICON: AppIconWeatherModel --> get weather info failed, code: 15700010, message: The DataShareHelper is not initialized successfully.
09-10 00:58:24.736  2458  2458 W A01c06/ICON: AppIconWeatherModel --> initWeatherListener, retryTimes: 4
09-10 00:58:24.738  2458  2458 E A01c06/ICON: AppIconWeatherModel --> get weather info failed, code: 15700010, message: The DataShareHelper is not initialized successfully.
09-10 00:58:25.740  2458  2458 W A01c06/ICON: AppIconWeatherModel --> initWeatherListener, retryTimes: 4
09-10 00:58:25.742  2458  2458 E A01c06/ICON: AppIconWeatherModel --> get weather info failed, code: 15700010, message: The DataShareHelper is not initialized successfully.
09-10 00:58:26.749  2458  2458 W A01c06/ICON: AppIconWeatherModel --> initWeatherListener, retryTimes: 4
09-10 00:58:26.751  2458  2458 E A01c06/ICON: AppIconWeatherModel --> get weather info failed, code: 15700010, message: The DataShareHelper is not initialized successfully.
09-10 00:58:27.755  2458  2458 W A01c06/ICON: AppIconWeatherModel --> initWeatherListener, retryTimes: 4
09-10 00:58:27.757  2458  2458 E A01c06/ICON: AppIconWeatherModel --> get weather info failed, code: 15700010, message: The DataShareHelper is not initialized successfully.
09-10 00:58:28.760  2458  2458 W A01c06/ICON: AppIconWeatherModel --> initWeatherListener, retryTimes: 4
09-10 00:58:28.763  2458  2458 E A01c06/ICON: AppIconWeatherModel --> get weather info failed, code: 15700010, message: The DataShareHelper is not initialized successfully.
09-10 00:58:29.766  2458  2458 W A01c06/ICON: AppIconWeatherModel --> initWeatherListener, retryTimes: 4
09-10 00:58:29.769  2458  2458 E A01c06/ICON: AppIconWeatherModel --> get weather info failed, code: 15700010, message: The DataShareHelper is not initialized successfully.
09-10 00:58:30.770  2458  2458 W A01c06/ICON: AppIconWeatherModel --> initWeatherListener, retryTimes: 4
09-10 00:58:30.774  2458  2458 E A01c06/ICON: AppIconWeatherModel --> get weather info failed, code: 15700010, message: The DataShareHelper is not initialized successfully.
09-10 00:58:31.776  2458  2458 W A01c06/ICON: AppIconWeatherModel --> initWeatherListener, retryTimes: 4
09-10 00:58:31.782  2458  2458 E A01c06/ICON: AppIconWeatherModel --> get weather info failed, code: 15700010, message: The DataShareHelper is not initialized successfully.
09-10 00:58:32.783  2458  2458 W A01c06/ICON: AppIconWeatherModel --> initWeatherListener, retryTimes: 4
09-10 00:58:32.788  2458  2458 E A01c06/ICON: AppIconWeatherModel --> get weather info failed, code: 15700010, message: The DataShareHelper is not initialized successfully.
09-10 00:58:33.790  2458  2458 W A01c06/ICON: AppIconWeatherModel --> initWeatherListener, retryTimes: 4
09-10 00:58:33.793  2458  2458 E A01c06/ICON: AppIconWeatherModel --> get weather info failed, code: 15700010, message: The DataShareHelper is not initialized successfully.
09-10 00:58:34.795  2458  2458 W A01c06/ICON: AppIconWeatherModel --> initWeatherListener, retryTimes: 4
09-10 00:58:34.797  2458  2458 E A01c06/ICON: AppIconWeatherModel --> get weather info failed, code: 15700010, message: The DataShareHelper is not initialized successfully.
09-10 00:58:35.800  2458  2458 W A01c06/ICON: AppIconWeatherModel --> initWeatherListener, retryTimes: 4
09-10 00:58:35.804  2458  2458 E A01c06/ICON: AppIconWeatherModel --> get weather info failed, code: 15700010, message: The DataShareHelper is not initialized successfully.
09-10 00:58:36.807  2458  2458 W A01c06/ICON: AppIconWeatherModel --> initWeatherListener, retryTimes: 4
09-10 00:58:36.823  2458  2458 E A01c06/ICON: AppIconWeatherModel --> get weather info failed, code: 15700010, message: The DataShareHelper is not initialized successfully.
09-10 00:58:37.824  2458  2458 W A01c06/ICON: AppIconWeatherModel --> initWeatherListener, retryTimes: 4
09-10 00:58:37.827  2458  2458 E A01c06/ICON: AppIconWeatherModel --> get weather info failed, code: 15700010, message: The DataShareHelper is not initialized successfully.
09-10 00:58:38.831  2458  2458 W A01c06/ICON: AppIconWeatherModel --> initWeatherListener, retryTimes: 4
09-10 00:58:38.834  2458  2458 E A01c06/ICON: AppIconWeatherModel --> get weather info failed, code: 15700010, message: The DataShareHelper is not initialized successfully.
09-10 00:58:39.835  2458  2458 W A01c06/ICON: AppIconWeatherModel --> initWeatherListener, retryTimes: 4
09-10 00:58:39.838  2458  2458 E A01c06/ICON: AppIconWeatherModel --> get weather info failed, code: 15700010, message: The DataShareHelper is not initialized successfully.
09-10 00:58:40.841  2458  2458 W A01c06/ICON: AppIconWeatherModel --> initWeatherListener, retryTimes: 4
09-10 00:58:40.844  2458  2458 E A01c06/ICON: AppIconWeatherModel --> get weather info failed, code: 15700010, message: The DataShareHelper is not initialized successfully.
09-10 00:58:41.846  2458  2458 W A01c06/ICON: AppIconWeatherModel --> initWeatherListener, retryTimes: 4
09-10 00:58:41.851  2458  2458 E A01c06/ICON: AppIconWeatherModel --> get weather info failed, code: 15700010, message: The DataShareHelper is not initialized successfully.
09-10 00:58:42.853  2458  2458 W A01c06/ICON: AppIconWeatherModel --> initWeatherListener, retryTimes: 4
09-10 00:58:42.861  2458  2458 E A01c06/ICON: AppIconWeatherModel --> get weather info failed, code: 15700010, message: The DataShareHelper is not initialized successfully.
09-10 00:58:43.864  2458  2458 W A01c06/ICON: AppIconWeatherModel --> initWeatherListener, retryTimes: 4
09-10 00:58:43.868  2458  2458 E A01c06/ICON: AppIconWeatherModel --> get weather info failed, code: 15700010, message: The DataShareHelper is not initialized successfully.
09-10 00:58:44.870  2458  2458 W A01c06/ICON: AppIconWeatherModel --> initWeatherListener, retryTimes: 4
09-10 00:58:44.874  2458  2458 E A01c06/ICON: AppIconWeatherModel --> get weather info failed, code: 15700010, message: The DataShareHelper is not initialized successfully.
09-10 00:58:45.879  2458  2458 W A01c06/ICON: AppIconWeatherModel --> initWeatherListener, retryTimes: 4
09-10 00:58:45.883  2458  2458 E A01c06/ICON: AppIconWeatherModel --> get weather info failed, code: 15700010, message: The DataShareHelper is not initialized successfully.
09-10 00:58:46.885  2458  2458 W A01c06/ICON: AppIconWeatherModel --> initWeatherListener, retryTimes: 4
09-10 00:58:46.888  2458  2458 E A01c06/ICON: AppIconWeatherModel --> get weather info failed, code: 15700010, message: The DataShareHelper is not initialized successfully.
09-10 00:58:47.889  2458  2458 W A01c06/ICON: AppIconWeatherModel --> initWeatherListener, retryTimes: 4
09-10 00:58:47.891  2458  2458 E A01c06/ICON: AppIconWeatherModel --> get weather info failed, code: 15700010, message: The DataShareHelper is not initialized successfully.
09-10 00:58:48.892  2458  2458 W A01c06/ICON: AppIconWeatherModel --> initWeatherListener, retryTimes: 4
09-10 00:58:48.894  2458  2458 E A01c06/ICON: AppIconWeatherModel --> get weather info failed, code: 15700010, message: The DataShareHelper is not initialized successfully.
09-10 00:58:49.896  2458  2458 W A01c06/ICON: AppIconWeatherModel --> initWeatherListener, retryTimes: 4
09-10 00:58:49.897  2458  2458 E A01c06/ICON: AppIconWeatherModel --> get weather info failed, code: 15700010, message: The DataShareHelper is not initialized successfully.
09-10 00:58:50.899  2458  2458 W A01c06/ICON: AppIconWeatherModel --> initWeatherListener, retryTimes: 4
09-10 00:58:50.902  2458  2458 E A01c06/ICON: AppIconWeatherModel --> get weather info failed, code: 15700010, message: The DataShareHelper is not initialized successfully.
09-10 00:58:51.903  2458  2458 W A01c06/ICON: AppIconWeatherModel --> initWeatherListener, retryTimes: 4
09-10 00:58:51.906  2458  2458 E A01c06/ICON: AppIconWeatherModel --> get weather info failed, code: 15700010, message: The DataShareHelper is not initialized successfully.
09-10 00:58:52.908  2458  2458 W A01c06/ICON: AppIconWeatherModel --> initWeatherListener, retryTimes: 4
09-10 00:58:52.909  2458  2458 E A01c06/ICON: AppIconWeatherModel --> get weather info failed, code: 15700010, message: The DataShareHelper is not initialized successfully.
09-10 00:58:53.911  2458  2458 W A01c06/ICON: AppIconWeatherModel --> initWeatherListener, retryTimes: 4
09-10 00:58:53.913  2458  2458 E A01c06/ICON: AppIconWeatherModel --> get weather info failed, code: 15700010, message: The DataShareHelper is not initialized successfully.
09-10 00:58:54.915  2458  2458 W A01c06/ICON: AppIconWeatherModel --> initWeatherListener, retryTimes: 4
09-10 00:58:54.916  2458  2458 E A01c06/ICON: AppIconWeatherModel --> get weather info failed, code: 15700010, message: The DataShareHelper is not initialized successfully.
09-10 00:58:55.920  2458  2458 W A01c06/ICON: AppIconWeatherModel --> initWeatherListener, retryTimes: 4
09-10 00:58:55.922  2458  2458 E A01c06/ICON: AppIconWeatherModel --> get weather info failed, code: 15700010, message: The DataShareHelper is not initialized successfully.
09-10 00:58:56.922  2458  2458 W A01c06/ICON: AppIconWeatherModel --> initWeatherListener, retryTimes: 4
09-10 00:58:56.926  2458  2458 E A01c06/ICON: AppIconWeatherModel --> get weather info failed, code: 15700010, message: The DataShareHelper is not initialized successfully.
09-10 00:58:57.929  2458  2458 W A01c06/ICON: AppIconWeatherModel --> initWeatherListener, retryTimes: 4
09-10 00:58:57.931  2458  2458 E A01c06/ICON: AppIconWeatherModel --> get weather info failed, code: 15700010, message: The DataShareHelper is not initialized successfully.
09-10 00:58:58.933  2458  2458 W A01c06/ICON: AppIconWeatherModel --> initWeatherListener, retryTimes: 4
09-10 00:58:58.935  2458  2458 E A01c06/ICON: AppIconWeatherModel --> get weather info failed, code: 15700010, message: The DataShareHelper is not initialized successfully.
09-10 00:58:59.937  2458  2458 W A01c06/ICON: AppIconWeatherModel --> initWeatherListener, retryTimes: 4
09-10 00:58:59.939  2458  2458 E A01c06/ICON: AppIconWeatherModel --> get weather info failed, code: 15700010, message: The DataShareHelper is not initialized successfully.
09-10 00:59:00.002  2458  2458 I A01a01/NC: StatusBarSysEventUtil: onTimeChangeEvent
09-10 00:59:00.003  2458  2458 W A01c06/ICON: AppIconCalendarCache --> receive date change event, nowData: 10, dateText: ,image is transparent: false, image is empty: true
09-10 00:59:00.003  2458  2458 W A01c06/ICON: AppIconCalendarCache --> com.huawei.hmos.calendar is not dynamic icon, bundleName is com.huawei.hmos.calendar
09-10 00:59:00.003  2458  2458 E A01c06/ICON: AppIconCalendarCache --> backgroundImage resource error
09-10 00:59:00.003  2458  2458 E A01c06/ICON: AppIconCalendarCache --> calendarForegroundBuilder is null
09-10 00:59:00.947  2458  2458 W A01c06/ICON: AppIconWeatherModel --> initWeatherListener, retryTimes: 4
09-10 00:59:00.949  2458  2458 E A01c06/ICON: AppIconWeatherModel --> get weather info failed, code: 15700010, message: The DataShareHelper is not initialized successfully.
09-10 00:59:01.952  2458  2458 W A01c06/ICON: AppIconWeatherModel --> initWeatherListener, retryTimes: 4
09-10 00:59:01.956  2458  2458 E A01c06/ICON: AppIconWeatherModel --> get weather info failed, code: 15700010, message: The DataShareHelper is not initialized successfully.
09-10 00:59:02.957  2458  2458 W A01c06/ICON: AppIconWeatherModel --> initWeatherListener, retryTimes: 4
09-10 00:59:02.960  2458  2458 E A01c06/ICON: AppIconWeatherModel --> get weather info failed, code: 15700010, message: The DataShareHelper is not initialized successfully.
09-10 00:59:03.961  2458  2458 W A01c06/ICON: AppIconWeatherModel --> initWeatherListener, retryTimes: 4
09-10 00:59:03.963  2458  2458 E A01c06/ICON: AppIconWeatherModel --> get weather info failed, code: 15700010, message: The DataShareHelper is not initialized successfully.
09-10 00:59:04.965  2458  2458 W A01c06/ICON: AppIconWeatherModel --> initWeatherListener, retryTimes: 4
09-10 00:59:04.966  2458  2458 E A01c06/ICON: AppIconWeatherModel --> get weather info failed, code: 15700010, message: The DataShareHelper is not initialized successfully.
09-10 00:59:05.970  2458  2458 W A01c06/ICON: AppIconWeatherModel --> initWeatherListener, retryTimes: 4
09-10 00:59:05.972  2458  2458 E A01c06/ICON: AppIconWeatherModel --> get weather info failed, code: 15700010, message: The DataShareHelper is not initialized successfully.
09-10 00:59:06.974  2458  2458 W A01c06/ICON: AppIconWeatherModel --> initWeatherListener, retryTimes: 4
09-10 00:59:06.979  2458  2458 E A01c06/ICON: AppIconWeatherModel --> get weather info failed, code: 15700010, message: The DataShareHelper is not initialized successfully.
09-10 00:59:07.987  2458  2458 W A01c06/ICON: AppIconWeatherModel --> initWeatherListener, retryTimes: 4
09-10 00:59:07.989  2458  2458 E A01c06/ICON: AppIconWeatherModel --> get weather info failed, code: 15700010, message: The DataShareHelper is not initialized successfully.
09-10 00:59:08.992  2458  2458 W A01c06/ICON: AppIconWeatherModel --> initWeatherListener, retryTimes: 4
09-10 00:59:08.995  2458  2458 E A01c06/ICON: AppIconWeatherModel --> get weather info failed, code: 15700010, message: The DataShareHelper is not initialized successfully.
09-10 00:59:09.998  2458  2458 W A01c06/ICON: AppIconWeatherModel --> initWeatherListener, retryTimes: 4
09-10 00:59:10.000  2458  2458 E A01c06/ICON: AppIconWeatherModel --> get weather info failed, code: 15700010, message: The DataShareHelper is not initialized successfully.
09-10 00:59:11.001  2458  2458 W A01c06/ICON: AppIconWeatherModel --> initWeatherListener, retryTimes: 4
09-10 00:59:11.004  2458  2458 E A01c06/ICON: AppIconWeatherModel --> get weather info failed, code: 15700010, message: The DataShareHelper is not initialized successfully.
09-10 00:59:12.005  2458  2458 W A01c06/ICON: AppIconWeatherModel --> initWeatherListener, retryTimes: 4
09-10 00:59:12.010  2458  2458 E A01c06/ICON: AppIconWeatherModel --> get weather info failed, code: 15700010, message: The DataShareHelper is not initialized successfully.
09-10 00:59:13.015  2458  2458 W A01c06/ICON: AppIconWeatherModel --> initWeatherListener, retryTimes: 4
09-10 00:59:13.017  2458  2458 E A01c06/ICON: AppIconWeatherModel --> get weather info failed, code: 15700010, message: The DataShareHelper is not initialized successfully.
09-10 00:59:14.019  2458  2458 W A01c06/ICON: AppIconWeatherModel --> initWeatherListener, retryTimes: 4
09-10 00:59:14.022  2458  2458 E A01c06/ICON: AppIconWeatherModel --> get weather info failed, code: 15700010, message: The DataShareHelper is not initialized successfully.
09-10 00:59:15.029  2458  2458 W A01c06/ICON: AppIconWeatherModel --> initWeatherListener, retryTimes: 4
09-10 00:59:15.031  2458  2458 E A01c06/ICON: AppIconWeatherModel --> get weather info failed, code: 15700010, message: The DataShareHelper is not initialized successfully.
09-10 00:59:16.032  2458  2458 W A01c06/ICON: AppIconWeatherModel --> initWeatherListener, retryTimes: 4
09-10 00:59:16.034  2458  2458 E A01c06/ICON: AppIconWeatherModel --> get weather info failed, code: 15700010, message: The DataShareHelper is not initialized successfully.
09-10 00:59:17.035  2458  2458 W A01c06/ICON: AppIconWeatherModel --> initWeatherListener, retryTimes: 4
09-10 00:59:17.040  2458  2458 E A01c06/ICON: AppIconWeatherModel --> get weather info failed, code: 15700010, message: The DataShareHelper is not initialized successfully.
09-10 00:59:18.041  2458  2458 W A01c06/ICON: AppIconWeatherModel --> initWeatherListener, retryTimes: 4
09-10 00:59:18.043  2458  2458 E A01c06/ICON: AppIconWeatherModel --> get weather info failed, code: 15700010, message: The DataShareHelper is not initialized successfully.
09-10 00:59:19.045  2458  2458 W A01c06/ICON: AppIconWeatherModel --> initWeatherListener, retryTimes: 4
09-10 00:59:19.047  2458  2458 E A01c06/ICON: AppIconWeatherModel --> get weather info failed, code: 15700010, message: The DataShareHelper is not initialized successfully.
09-10 00:59:20.050  2458  2458 W A01c06/ICON: AppIconWeatherModel --> initWeatherListener, retryTimes: 4
09-10 00:59:20.052  2458  2458 E A01c06/ICON: AppIconWeatherModel --> get weather info failed, code: 15700010, message: The DataShareHelper is not initialized successfully.
09-10 00:59:21.055  2458  2458 W A01c06/ICON: AppIconWeatherModel --> initWeatherListener, retryTimes: 4
09-10 00:59:21.058  2458  2458 E A01c06/ICON: AppIconWeatherModel --> get weather info failed, code: 15700010, message: The DataShareHelper is not initialized successfully.
09-10 00:59:22.065  2458  2458 W A01c06/ICON: AppIconWeatherModel --> initWeatherListener, retryTimes: 4
09-10 00:59:22.069  2458  2458 E A01c06/ICON: AppIconWeatherModel --> get weather info failed, code: 15700010, message: The DataShareHelper is not initialized successfully.
09-10 00:59:23.072  2458  2458 W A01c06/ICON: AppIconWeatherModel --> initWeatherListener, retryTimes: 4
09-10 00:59:23.074  2458  2458 E A01c06/ICON: AppIconWeatherModel --> get weather info failed, code: 15700010, message: The DataShareHelper is not initialized successfully.
09-10 00:59:24.079  2458  2458 W A01c06/ICON: AppIconWeatherModel --> initWeatherListener, retryTimes: 4
09-10 00:59:24.082  2458  2458 E A01c06/ICON: AppIconWeatherModel --> get weather info failed, code: 15700010, message: The DataShareHelper is not initialized successfully.
09-10 00:59:25.083  2458  2458 W A01c06/ICON: AppIconWeatherModel --> initWeatherListener, retryTimes: 4
09-10 00:59:25.086  2458  2458 E A01c06/ICON: AppIconWeatherModel --> get weather info failed, code: 15700010, message: The DataShareHelper is not initialized successfully.
09-10 00:59:26.087  2458  2458 W A01c06/ICON: AppIconWeatherModel --> initWeatherListener, retryTimes: 4
09-10 00:59:26.089  2458  2458 E A01c06/ICON: AppIconWeatherModel --> get weather info failed, code: 15700010, message: The DataShareHelper is not initialized successfully.
09-10 00:59:27.090  2458  2458 W A01c06/ICON: AppIconWeatherModel --> initWeatherListener, retryTimes: 4
09-10 00:59:27.095  2458  2458 E A01c06/ICON: AppIconWeatherModel --> get weather info failed, code: 15700010, message: The DataShareHelper is not initialized successfully.
09-10 00:59:28.097  2458  2458 W A01c06/ICON: AppIconWeatherModel --> initWeatherListener, retryTimes: 4
09-10 00:59:28.099  2458  2458 E A01c06/ICON: AppIconWeatherModel --> get weather info failed, code: 15700010, message: The DataShareHelper is not initialized successfully.
09-10 00:59:29.100  2458  2458 W A01c06/ICON: AppIconWeatherModel --> initWeatherListener, retryTimes: 4
09-10 00:59:29.102  2458  2458 E A01c06/ICON: AppIconWeatherModel --> get weather info failed, code: 15700010, message: The DataShareHelper is not initialized successfully.
09-10 00:59:30.102  2458  2458 W A01c06/ICON: AppIconWeatherModel --> initWeatherListener, retryTimes: 4
09-10 00:59:30.105  2458  2458 E A01c06/ICON: AppIconWeatherModel --> get weather info failed, code: 15700010, message: The DataShareHelper is not initialized successfully.
09-10 00:59:31.107  2458  2458 W A01c06/ICON: AppIconWeatherModel --> initWeatherListener, retryTimes: 4
09-10 00:59:31.109  2458  2458 E A01c06/ICON: AppIconWeatherModel --> get weather info failed, code: 15700010, message: The DataShareHelper is not initialized successfully.
09-10 00:59:32.113  2458  2458 W A01c06/ICON: AppIconWeatherModel --> initWeatherListener, retryTimes: 4
09-10 00:59:32.117  2458  2458 E A01c06/ICON: AppIconWeatherModel --> get weather info failed, code: 15700010, message: The DataShareHelper is not initialized successfully.
09-10 00:59:33.121  2458  2458 W A01c06/ICON: AppIconWeatherModel --> initWeatherListener, retryTimes: 4
09-10 00:59:33.124  2458  2458 E A01c06/ICON: AppIconWeatherModel --> get weather info failed, code: 15700010, message: The DataShareHelper is not initialized successfully.
09-10 00:59:34.126  2458  2458 W A01c06/ICON: AppIconWeatherModel --> initWeatherListener, retryTimes: 4
09-10 00:59:34.129  2458  2458 E A01c06/ICON: AppIconWeatherModel --> get weather info failed, code: 15700010, message: The DataShareHelper is not initialized successfully.
09-10 00:59:35.134  2458  2458 W A01c06/ICON: AppIconWeatherModel --> initWeatherListener, retryTimes: 4
09-10 00:59:35.136  2458  2458 E A01c06/ICON: AppIconWeatherModel --> get weather info failed, code: 15700010, message: The DataShareHelper is not initialized successfully.
09-10 00:59:36.139  2458  2458 W A01c06/ICON: AppIconWeatherModel --> initWeatherListener, retryTimes: 4
09-10 00:59:36.142  2458  2458 E A01c06/ICON: AppIconWeatherModel --> get weather info failed, code: 15700010, message: The DataShareHelper is not initialized successfully.
09-10 00:59:37.148  2458  2458 W A01c06/ICON: AppIconWeatherModel --> initWeatherListener, retryTimes: 4
09-10 00:59:37.155  2458  2458 E A01c06/ICON: AppIconWeatherModel --> get weather info failed, code: 15700010, message: The DataShareHelper is not initialized successfully.
09-10 00:59:38.157  2458  2458 W A01c06/ICON: AppIconWeatherModel --> initWeatherListener, retryTimes: 4
09-10 00:59:38.159  2458  2458 E A01c06/ICON: AppIconWeatherModel --> get weather info failed, code: 15700010, message: The DataShareHelper is not initialized successfully.
09-10 00:59:39.162  2458  2458 W A01c06/ICON: AppIconWeatherModel --> initWeatherListener, retryTimes: 4
09-10 00:59:39.165  2458  2458 E A01c06/ICON: AppIconWeatherModel --> get weather info failed, code: 15700010, message: The DataShareHelper is not initialized successfully.
09-10 00:59:40.168  2458  2458 W A01c06/ICON: AppIconWeatherModel --> initWeatherListener, retryTimes: 4
09-10 00:59:40.171  2458  2458 E A01c06/ICON: AppIconWeatherModel --> get weather info failed, code: 15700010, message: The DataShareHelper is not initialized successfully.
09-10 00:59:41.174  2458  2458 W A01c06/ICON: AppIconWeatherModel --> initWeatherListener, retryTimes: 4
09-10 00:59:41.177  2458  2458 E A01c06/ICON: AppIconWeatherModel --> get weather info failed, code: 15700010, message: The DataShareHelper is not initialized successfully.
09-10 00:59:42.184  2458  2458 W A01c06/ICON: AppIconWeatherModel --> initWeatherListener, retryTimes: 4
09-10 00:59:42.189  2458  2458 E A01c06/ICON: AppIconWeatherModel --> get weather info failed, code: 15700010, message: The DataShareHelper is not initialized successfully.
09-10 00:59:43.192  2458  2458 W A01c06/ICON: AppIconWeatherModel --> initWeatherListener, retryTimes: 4
09-10 00:59:43.195  2458  2458 E A01c06/ICON: AppIconWeatherModel --> get weather info failed, code: 15700010, message: The DataShareHelper is not initialized successfully.
09-10 00:59:44.197  2458  2458 W A01c06/ICON: AppIconWeatherModel --> initWeatherListener, retryTimes: 4
09-10 00:59:44.200  2458  2458 E A01c06/ICON: AppIconWeatherModel --> get weather info failed, code: 15700010, message: The DataShareHelper is not initialized successfully.
09-10 00:59:45.206  2458  2458 W A01c06/ICON: AppIconWeatherModel --> initWeatherListener, retryTimes: 4
09-10 00:59:45.209  2458  2458 E A01c06/ICON: AppIconWeatherModel --> get weather info failed, code: 15700010, message: The DataShareHelper is not initialized successfully.
09-10 00:59:46.212  2458  2458 W A01c06/ICON: AppIconWeatherModel --> initWeatherListener, retryTimes: 4
09-10 00:59:46.215  2458  2458 E A01c06/ICON: AppIconWeatherModel --> get weather info failed, code: 15700010, message: The DataShareHelper is not initialized successfully.
09-10 00:59:47.215  2458  2458 W A01c06/ICON: AppIconWeatherModel --> initWeatherListener, retryTimes: 4
09-10 00:59:47.225  2458  2458 E A01c06/ICON: AppIconWeatherModel --> get weather info failed, code: 15700010, message: The DataShareHelper is not initialized successfully.
09-10 00:59:48.227  2458  2458 W A01c06/ICON: AppIconWeatherModel --> initWeatherListener, retryTimes: 4
09-10 00:59:48.230  2458  2458 E A01c06/ICON: AppIconWeatherModel --> get weather info failed, code: 15700010, message: The DataShareHelper is not initialized successfully.
09-10 00:59:49.233  2458  2458 W A01c06/ICON: AppIconWeatherModel --> initWeatherListener, retryTimes: 4
09-10 00:59:49.236  2458  2458 E A01c06/ICON: AppIconWeatherModel --> get weather info failed, code: 15700010, message: The DataShareHelper is not initialized successfully.
09-10 00:59:50.242  2458  2458 W A01c06/ICON: AppIconWeatherModel --> initWeatherListener, retryTimes: 4
09-10 00:59:50.244  2458  2458 E A01c06/ICON: AppIconWeatherModel --> get weather info failed, code: 15700010, message: The DataShareHelper is not initialized successfully.
09-10 00:59:51.252  2458  2458 W A01c06/ICON: AppIconWeatherModel --> initWeatherListener, retryTimes: 4
09-10 00:59:51.254  2458  2458 E A01c06/ICON: AppIconWeatherModel --> get weather info failed, code: 15700010, message: The DataShareHelper is not initialized successfully.
09-10 00:59:52.261  2458  2458 W A01c06/ICON: AppIconWeatherModel --> initWeatherListener, retryTimes: 4
09-10 00:59:52.269  2458  2458 E A01c06/ICON: AppIconWeatherModel --> get weather info failed, code: 15700010, message: The DataShareHelper is not initialized successfully.
09-10 00:59:53.272  2458  2458 W A01c06/ICON: AppIconWeatherModel --> initWeatherListener, retryTimes: 4
09-10 00:59:53.277  2458  2458 E A01c06/ICON: AppIconWeatherModel --> get weather info failed, code: 15700010, message: The DataShareHelper is not initialized successfully.
09-10 00:59:54.278  2458  2458 W A01c06/ICON: AppIconWeatherModel --> initWeatherListener, retryTimes: 4
09-10 00:59:54.282  2458  2458 E A01c06/ICON: AppIconWeatherModel --> get weather info failed, code: 15700010, message: The DataShareHelper is not initialized successfully.
09-10 00:59:55.284  2458  2458 W A01c06/ICON: AppIconWeatherModel --> initWeatherListener, retryTimes: 4
09-10 00:59:55.287  2458  2458 E A01c06/ICON: AppIconWeatherModel --> get weather info failed, code: 15700010, message: The DataShareHelper is not initialized successfully.
09-10 00:59:56.289  2458  2458 W A01c06/ICON: AppIconWeatherModel --> initWeatherListener, retryTimes: 4
09-10 00:59:56.293  2458  2458 E A01c06/ICON: AppIconWeatherModel --> get weather info failed, code: 15700010, message: The DataShareHelper is not initialized successfully.
09-10 00:59:57.295  2458  2458 W A01c06/ICON: AppIconWeatherModel --> initWeatherListener, retryTimes: 4
09-10 00:59:57.307  2458  2458 E A01c06/ICON: AppIconWeatherModel --> get weather info failed, code: 15700010, message: The DataShareHelper is not initialized successfully.
09-10 00:59:58.310  2458  2458 W A01c06/ICON: AppIconWeatherModel --> initWeatherListener, retryTimes: 4
09-10 00:59:58.313  2458  2458 E A01c06/ICON: AppIconWeatherModel --> get weather info failed, code: 15700010, message: The DataShareHelper is not initialized successfully.
09-10 00:59:59.316  2458  2458 W A01c06/ICON: AppIconWeatherModel --> initWeatherListener, retryTimes: 4
09-10 00:59:59.319  2458  2458 E A01c06/ICON: AppIconWeatherModel --> get weather info failed, code: 15700010, message: The DataShareHelper is not initialized successfully.
09-10 01:00:00.003  2458  2458 I A01a01/NC: NotificationInitiator: WriteTimer timer heart
09-10 01:00:00.003  2458  2458 I A01a00/SYS_UI: StatisticsMaintenance: report statistics, do not limit
09-10 01:00:00.003  2458  2458 I A01a00/SYS_UI: MaintenanceRecord: Send maintenance event(1), extendType(6), ext: [{"ntfNum":{},"liveViewNum":{},"showPanelTime":[],"queueNum":0,"dropNum":[0,0],"volume":-2,"version":1,"taskException":"","swingStatus":""}]
09-10 01:00:00.004  2458  2458 I A01a01/NC: StatusBarSysEventUtil: onTimeChangeEvent
09-10 01:00:00.005  2458  2458 W A01c06/ICON: AppIconCalendarCache --> receive date change event, nowData: 10, dateText: ,image is transparent: false, image is empty: true
09-10 01:00:00.005  2458  2458 W A01c06/ICON: AppIconCalendarCache --> com.huawei.hmos.calendar is not dynamic icon, bundleName is com.huawei.hmos.calendar
09-10 01:00:00.005  2458  2458 E A01c06/ICON: AppIconCalendarCache --> backgroundImage resource error
09-10 01:00:00.005  2458  2458 E A01c06/ICON: AppIconCalendarCache --> calendarForegroundBuilder is null
09-10 01:00:00.006  2458  2458 I A01a00/SYS_UI: MaintenanceRecord: Send maintenance event(1) to push success
09-10 01:00:00.320  2458  2458 W A01c06/ICON: AppIconWeatherModel --> initWeatherListener, retryTimes: 4
09-10 01:00:00.323  2458  2458 E A01c06/ICON: AppIconWeatherModel --> get weather info failed, code: 15700010, message: The DataShareHelper is not initialized successfully.
09-10 01:00:01.325  2458  2458 W A01c06/ICON: AppIconWeatherModel --> initWeatherListener, retryTimes: 4
09-10 01:00:01.328  2458  2458 E A01c06/ICON: AppIconWeatherModel --> get weather info failed, code: 15700010, message: The DataShareHelper is not initialized successfully.
09-10 01:00:02.330  2458  2458 W A01c06/ICON: AppIconWeatherModel --> initWeatherListener, retryTimes: 4
09-10 01:00:02.335  2458  2458 E A01c06/ICON: AppIconWeatherModel --> get weather info failed, code: 15700010, message: The DataShareHelper is not initialized successfully.
09-10 01:00:03.336  2458  2458 W A01c06/ICON: AppIconWeatherModel --> initWeatherListener, retryTimes: 4
09-10 01:00:03.339  2458  2458 E A01c06/ICON: AppIconWeatherModel --> get weather info failed, code: 15700010, message: The DataShareHelper is not initialized successfully.
09-10 01:00:04.350  2458  2458 W A01c06/ICON: AppIconWeatherModel --> initWeatherListener, retryTimes: 4
09-10 01:00:04.353  2458  2458 E A01c06/ICON: AppIconWeatherModel --> get weather info failed, code: 15700010, message: The DataShareHelper is not initialized successfully.
09-10 01:00:05.355  2458  2458 W A01c06/ICON: AppIconWeatherModel --> initWeatherListener, retryTimes: 4
09-10 01:00:05.357  2458  2458 E A01c06/ICON: AppIconWeatherModel --> get weather info failed, code: 15700010, message: The DataShareHelper is not initialized successfully.
09-10 01:00:06.361  2458  2458 W A01c06/ICON: AppIconWeatherModel --> initWeatherListener, retryTimes: 4
09-10 01:00:06.363  2458  2458 E A01c06/ICON: AppIconWeatherModel --> get weather info failed, code: 15700010, message: The DataShareHelper is not initialized successfully.
09-10 01:00:07.371  2458  2458 W A01c06/ICON: AppIconWeatherModel --> initWeatherListener, retryTimes: 4
09-10 01:00:07.375  2458  2458 E A01c06/ICON: AppIconWeatherModel --> get weather info failed, code: 15700010, message: The DataShareHelper is not initialized successfully.
09-10 01:00:08.381  2458  2458 W A01c06/ICON: AppIconWeatherModel --> initWeatherListener, retryTimes: 4
09-10 01:00:08.383  2458  2458 E A01c06/ICON: AppIconWeatherModel --> get weather info failed, code: 15700010, message: The DataShareHelper is not initialized successfully.
09-10 01:00:09.387  2458  2458 W A01c06/ICON: AppIconWeatherModel --> initWeatherListener, retryTimes: 4
09-10 01:00:09.389  2458  2458 E A01c06/ICON: AppIconWeatherModel --> get weather info failed, code: 15700010, message: The DataShareHelper is not initialized successfully.
09-10 01:00:10.391  2458  2458 W A01c06/ICON: AppIconWeatherModel --> initWeatherListener, retryTimes: 4
09-10 01:00:10.393  2458  2458 E A01c06/ICON: AppIconWeatherModel --> get weather info failed, code: 15700010, message: The DataShareHelper is not initialized successfully.
09-10 01:00:11.397  2458  2458 W A01c06/ICON: AppIconWeatherModel --> initWeatherListener, retryTimes: 4
09-10 01:00:11.399  2458  2458 E A01c06/ICON: AppIconWeatherModel --> get weather info failed, code: 15700010, message: The DataShareHelper is not initialized successfully.
09-10 01:00:12.408  2458  2458 W A01c06/ICON: AppIconWeatherModel --> initWeatherListener, retryTimes: 4
09-10 01:00:12.413  2458  2458 E A01c06/ICON: AppIconWeatherModel --> get weather info failed, code: 15700010, message: The DataShareHelper is not initialized successfully.
09-10 01:00:13.415  2458  2458 W A01c06/ICON: AppIconWeatherModel --> initWeatherListener, retryTimes: 4
09-10 01:00:13.417  2458  2458 E A01c06/ICON: AppIconWeatherModel --> get weather info failed, code: 15700010, message: The DataShareHelper is not initialized successfully.
09-10 01:00:14.422  2458  2458 W A01c06/ICON: AppIconWeatherModel --> initWeatherListener, retryTimes: 4
09-10 01:00:14.425  2458  2458 E A01c06/ICON: AppIconWeatherModel --> get weather info failed, code: 15700010, message: The DataShareHelper is not initialized successfully.
09-10 01:00:15.427  2458  2458 W A01c06/ICON: AppIconWeatherModel --> initWeatherListener, retryTimes: 4
09-10 01:00:15.432  2458  2458 E A01c06/ICON: AppIconWeatherModel --> get weather info failed, code: 15700010, message: The DataShareHelper is not initialized successfully.
09-10 01:00:16.436  2458  2458 W A01c06/ICON: AppIconWeatherModel --> initWeatherListener, retryTimes: 4
09-10 01:00:16.439  2458  2458 E A01c06/ICON: AppIconWeatherModel --> get weather info failed, code: 15700010, message: The DataShareHelper is not initialized successfully.
09-10 01:00:17.445  2458  2458 W A01c06/ICON: AppIconWeatherModel --> initWeatherListener, retryTimes: 4
09-10 01:00:17.456  2458  2458 E A01c06/ICON: AppIconWeatherModel --> get weather info failed, code: 15700010, message: The DataShareHelper is not initialized successfully.
09-10 01:00:18.462  2458  2458 W A01c06/ICON: AppIconWeatherModel --> initWeatherListener, retryTimes: 4
09-10 01:00:18.466  2458  2458 E A01c06/ICON: AppIconWeatherModel --> get weather info failed, code: 15700010, message: The DataShareHelper is not initialized successfully.
09-10 01:00:19.468  2458  2458 W A01c06/ICON: AppIconWeatherModel --> initWeatherListener, retryTimes: 4
09-10 01:00:19.475  2458  2458 E A01c06/ICON: AppIconWeatherModel --> get weather info failed, code: 15700010, message: The DataShareHelper is not initialized successfully.
09-10 01:00:20.478  2458  2458 W A01c06/ICON: AppIconWeatherModel --> initWeatherListener, retryTimes: 4
09-10 01:00:20.488  2458  2458 E A01c06/ICON: AppIconWeatherModel --> get weather info failed, code: 15700010, message: The DataShareHelper is not initialized successfully.
09-10 01:00:21.489  2458  2458 W A01c06/ICON: AppIconWeatherModel --> initWeatherListener, retryTimes: 4
09-10 01:00:21.507  2458  2458 E A01c06/ICON: AppIconWeatherModel --> get weather info failed, code: 15700010, message: The DataShareHelper is not initialized successfully.
09-10 01:00:22.511  2458  2458 W A01c06/ICON: AppIconWeatherModel --> initWeatherListener, retryTimes: 4
09-10 01:00:22.530  2458  2458 E A01c06/ICON: AppIconWeatherModel --> get weather info failed, code: 15700010, message: The DataShareHelper is not initialized successfully.
09-10 01:00:23.540  2458  2458 W A01c06/ICON: AppIconWeatherModel --> initWeatherListener, retryTimes: 4
09-10 01:00:23.547  2458  2458 E A01c06/ICON: AppIconWeatherModel --> get weather info failed, code: 15700010, message: The DataShareHelper is not initialized successfully.
09-10 01:00:24.550  2458  2458 W A01c06/ICON: AppIconWeatherModel --> initWeatherListener, retryTimes: 4
09-10 01:00:24.554  2458  2458 E A01c06/ICON: AppIconWeatherModel --> get weather info failed, code: 15700010, message: The DataShareHelper is not initialized successfully.
09-10 01:00:25.555  2458  2458 W A01c06/ICON: AppIconWeatherModel --> initWeatherListener, retryTimes: 4
09-10 01:00:25.557  2458  2458 E A01c06/ICON: AppIconWeatherModel --> get weather info failed, code: 15700010, message: The DataShareHelper is not initialized successfully.
09-10 01:00:25.847  2458  2458 I A04215/WMSHierarchy: request top id: 69, 5
09-10 01:00:25.848  2458  2458 I A04215/WMSHierarchy: onRaiseSceneToTop with persistentId:69
09-10 01:00:25.848  2458  2458 I A04200/WINDOW: SCBSPVM: getSceneContainerSessionWithPersistentId from containerSessionList id: 69
09-10 01:00:25.848  2458  2458 I A04200/WINDOW: SCBSPM: Remove container id: 26, 69
09-10 01:00:25.849  2458  2458 I A01b09/RECENT: RecentDockRefreshAlarm: start alarm recent dock: EntryAbility/io.reader.harmonyos/entry/0(persistentId: 69)(containerId: 26)
09-10 01:00:25.950  2458  2458 I A01b09/RECENT: RecentDockRefreshAlarm: refresh recent dock: EntryAbility/io.reader.harmonyos/entry/0(persistentId: 69)(containerId: 26)
09-10 01:00:26.566  2458  2458 W A01c06/ICON: AppIconWeatherModel --> initWeatherListener, retryTimes: 4
09-10 01:00:26.568  2458  2458 E A01c06/ICON: AppIconWeatherModel --> get weather info failed, code: 15700010, message: The DataShareHelper is not initialized successfully.
09-10 01:00:27.570  2458  2458 W A01c06/ICON: AppIconWeatherModel --> initWeatherListener, retryTimes: 4
09-10 01:00:27.577  2458  2458 E A01c06/ICON: AppIconWeatherModel --> get weather info failed, code: 15700010, message: The DataShareHelper is not initialized successfully.
09-10 01:00:28.580  2458  2458 W A01c06/ICON: AppIconWeatherModel --> initWeatherListener, retryTimes: 4
09-10 01:00:28.584  2458  2458 E A01c06/ICON: AppIconWeatherModel --> get weather info failed, code: 15700010, message: The DataShareHelper is not initialized successfully.
09-10 01:00:29.587  2458  2458 W A01c06/ICON: AppIconWeatherModel --> initWeatherListener, retryTimes: 4
09-10 01:00:29.591  2458  2458 E A01c06/ICON: AppIconWeatherModel --> get weather info failed, code: 15700010, message: The DataShareHelper is not initialized successfully.
09-10 01:00:30.593  2458  2458 W A01c06/ICON: AppIconWeatherModel --> initWeatherListener, retryTimes: 4
09-10 01:00:30.597  2458  2458 E A01c06/ICON: AppIconWeatherModel --> get weather info failed, code: 15700010, message: The DataShareHelper is not initialized successfully.
09-10 01:00:31.603  2458  2458 W A01c06/ICON: AppIconWeatherModel --> initWeatherListener, retryTimes: 4
09-10 01:00:31.607  2458  2458 E A01c06/ICON: AppIconWeatherModel --> get weather info failed, code: 15700010, message: The DataShareHelper is not initialized successfully.
09-10 01:00:32.609  2458  2458 W A01c06/ICON: AppIconWeatherModel --> initWeatherListener, retryTimes: 4
09-10 01:00:32.646  2458  2458 E A01c06/ICON: AppIconWeatherModel --> get weather info failed, code: 15700010, message: The DataShareHelper is not initialized successfully.
09-10 01:00:33.653  2458  2458 W A01c06/ICON: AppIconWeatherModel --> initWeatherListener, retryTimes: 4
09-10 01:00:33.767  2458  2458 E A01c06/ICON: AppIconWeatherModel --> get weather info failed, code: 15700010, message: The DataShareHelper is not initialized successfully.
09-10 01:00:34.777  2458  2458 W A01c06/ICON: AppIconWeatherModel --> initWeatherListener, retryTimes: 4
09-10 01:00:34.792  2458  2458 E A01c06/ICON: AppIconWeatherModel --> get weather info failed, code: 15700010, message: The DataShareHelper is not initialized successfully.
09-10 01:00:35.796  2458  2458 W A01c06/ICON: AppIconWeatherModel --> initWeatherListener, retryTimes: 4
09-10 01:00:35.805  2458  2458 E A01c06/ICON: AppIconWeatherModel --> get weather info failed, code: 15700010, message: The DataShareHelper is not initialized successfully.
09-10 01:00:36.806  2458  2458 W A01c06/ICON: AppIconWeatherModel --> initWeatherListener, retryTimes: 4
09-10 01:00:36.814  2458  2458 E A01c06/ICON: AppIconWeatherModel --> get weather info failed, code: 15700010, message: The DataShareHelper is not initialized successfully.
09-10 01:00:37.816  2458  2458 W A01c06/ICON: AppIconWeatherModel --> initWeatherListener, retryTimes: 4
09-10 01:00:37.827  2458  2458 E A01c06/ICON: AppIconWeatherModel --> get weather info failed, code: 15700010, message: The DataShareHelper is not initialized successfully.
09-10 01:00:38.827  2458  2458 W A01c06/ICON: AppIconWeatherModel --> initWeatherListener, retryTimes: 4
09-10 01:00:38.832  2458  2458 E A01c06/ICON: AppIconWeatherModel --> get weather info failed, code: 15700010, message: The DataShareHelper is not initialized successfully.
09-10 01:00:39.834  2458  2458 W A01c06/ICON: AppIconWeatherModel --> initWeatherListener, retryTimes: 4
09-10 01:00:39.839  2458  2458 E A01c06/ICON: AppIconWeatherModel --> get weather info failed, code: 15700010, message: The DataShareHelper is not initialized successfully.
09-10 01:00:40.845  2458  2458 W A01c06/ICON: AppIconWeatherModel --> initWeatherListener, retryTimes: 4
09-10 01:00:40.849  2458  2458 E A01c06/ICON: AppIconWeatherModel --> get weather info failed, code: 15700010, message: The DataShareHelper is not initialized successfully.
09-10 01:00:41.858  2458  2458 W A01c06/ICON: AppIconWeatherModel --> initWeatherListener, retryTimes: 4
09-10 01:00:41.865  2458  2458 E A01c06/ICON: AppIconWeatherModel --> get weather info failed, code: 15700010, message: The DataShareHelper is not initialized successfully.
09-10 01:00:42.873  2458  2458 W A01c06/ICON: AppIconWeatherModel --> initWeatherListener, retryTimes: 4
09-10 01:00:42.889  2458  2458 E A01c06/ICON: AppIconWeatherModel --> get weather info failed, code: 15700010, message: The DataShareHelper is not initialized successfully.
09-10 01:00:43.889  2458  2458 W A01c06/ICON: AppIconWeatherModel --> initWeatherListener, retryTimes: 4
09-10 01:00:43.894  2458  2458 E A01c06/ICON: AppIconWeatherModel --> get weather info failed, code: 15700010, message: The DataShareHelper is not initialized successfully.
09-10 01:00:44.896  2458  2458 W A01c06/ICON: AppIconWeatherModel --> initWeatherListener, retryTimes: 4
09-10 01:00:44.900  2458  2458 E A01c06/ICON: AppIconWeatherModel --> get weather info failed, code: 15700010, message: The DataShareHelper is not initialized successfully.
09-10 01:00:45.906  2458  2458 W A01c06/ICON: AppIconWeatherModel --> initWeatherListener, retryTimes: 4
09-10 01:00:45.909  2458  2458 E A01c06/ICON: AppIconWeatherModel --> get weather info failed, code: 15700010, message: The DataShareHelper is not initialized successfully.
09-10 01:00:46.910  2458  2458 W A01c06/ICON: AppIconWeatherModel --> initWeatherListener, retryTimes: 4
09-10 01:00:46.916  2458  2458 E A01c06/ICON: AppIconWeatherModel --> get weather info failed, code: 15700010, message: The DataShareHelper is not initialized successfully.
09-10 01:00:47.918  2458  2458 W A01c06/ICON: AppIconWeatherModel --> initWeatherListener, retryTimes: 4
09-10 01:00:47.926  2458  2458 E A01c06/ICON: AppIconWeatherModel --> get weather info failed, code: 15700010, message: The DataShareHelper is not initialized successfully.
09-10 01:00:48.933  2458  2458 W A01c06/ICON: AppIconWeatherModel --> initWeatherListener, retryTimes: 4
09-10 01:00:48.938  2458  2458 E A01c06/ICON: AppIconWeatherModel --> get weather info failed, code: 15700010, message: The DataShareHelper is not initialized successfully.
09-10 01:00:49.941  2458  2458 W A01c06/ICON: AppIconWeatherModel --> initWeatherListener, retryTimes: 4
09-10 01:00:49.945  2458  2458 E A01c06/ICON: AppIconWeatherModel --> get weather info failed, code: 15700010, message: The DataShareHelper is not initialized successfully.
09-10 01:00:50.947  2458  2458 W A01c06/ICON: AppIconWeatherModel --> initWeatherListener, retryTimes: 4
09-10 01:00:50.951  2458  2458 E A01c06/ICON: AppIconWeatherModel --> get weather info failed, code: 15700010, message: The DataShareHelper is not initialized successfully.
09-10 01:00:51.955  2458  2458 W A01c06/ICON: AppIconWeatherModel --> initWeatherListener, retryTimes: 4
09-10 01:00:51.960  2458  2458 E A01c06/ICON: AppIconWeatherModel --> get weather info failed, code: 15700010, message: The DataShareHelper is not initialized successfully.
09-10 01:00:52.964  2458  2458 W A01c06/ICON: AppIconWeatherModel --> initWeatherListener, retryTimes: 4
09-10 01:00:52.976  2458  2458 E A01c06/ICON: AppIconWeatherModel --> get weather info failed, code: 15700010, message: The DataShareHelper is not initialized successfully.
09-10 01:00:53.977  2458  2458 W A01c06/ICON: AppIconWeatherModel --> initWeatherListener, retryTimes: 4
09-10 01:00:53.980  2458  2458 E A01c06/ICON: AppIconWeatherModel --> get weather info failed, code: 15700010, message: The DataShareHelper is not initialized successfully.
09-10 01:00:54.982  2458  2458 W A01c06/ICON: AppIconWeatherModel --> initWeatherListener, retryTimes: 4
09-10 01:00:54.985  2458  2458 E A01c06/ICON: AppIconWeatherModel --> get weather info failed, code: 15700010, message: The DataShareHelper is not initialized successfully.
09-10 01:00:55.993  2458  2458 W A01c06/ICON: AppIconWeatherModel --> initWeatherListener, retryTimes: 4
09-10 01:00:55.995  2458  2458 E A01c06/ICON: AppIconWeatherModel --> get weather info failed, code: 15700010, message: The DataShareHelper is not initialized successfully.
09-10 01:00:56.997  2458  2458 W A01c06/ICON: AppIconWeatherModel --> initWeatherListener, retryTimes: 4
09-10 01:00:56.999  2458  2458 E A01c06/ICON: AppIconWeatherModel --> get weather info failed, code: 15700010, message: The DataShareHelper is not initialized successfully.
09-10 01:00:58.001  2458  2458 W A01c06/ICON: AppIconWeatherModel --> initWeatherListener, retryTimes: 4
09-10 01:00:58.002  2458  2458 E A01c06/ICON: AppIconWeatherModel --> get weather info failed, code: 15700010, message: The DataShareHelper is not initialized successfully.
09-10 01:00:59.004  2458  2458 W A01c06/ICON: AppIconWeatherModel --> initWeatherListener, retryTimes: 4
09-10 01:00:59.007  2458  2458 E A01c06/ICON: AppIconWeatherModel --> get weather info failed, code: 15700010, message: The DataShareHelper is not initialized successfully.
09-10 01:01:00.003  2458  2458 I A01a01/NC: StatusBarSysEventUtil: onTimeChangeEvent
09-10 01:01:00.003  2458  2458 W A01c06/ICON: AppIconCalendarCache --> receive date change event, nowData: 10, dateText: ,image is transparent: false, image is empty: true
09-10 01:01:00.004  2458  2458 W A01c06/ICON: AppIconCalendarCache --> com.huawei.hmos.calendar is not dynamic icon, bundleName is com.huawei.hmos.calendar
09-10 01:01:00.004  2458  2458 E A01c06/ICON: AppIconCalendarCache --> backgroundImage resource error
09-10 01:01:00.004  2458  2458 E A01c06/ICON: AppIconCalendarCache --> calendarForegroundBuilder is null
09-10 01:01:00.009  2458  2458 W A01c06/ICON: AppIconWeatherModel --> initWeatherListener, retryTimes: 4
09-10 01:01:00.012  2458  2458 E A01c06/ICON: AppIconWeatherModel --> get weather info failed, code: 15700010, message: The DataShareHelper is not initialized successfully.
09-10 01:01:01.013  2458  2458 W A01c06/ICON: AppIconWeatherModel --> initWeatherListener, retryTimes: 4
09-10 01:01:01.016  2458  2458 E A01c06/ICON: AppIconWeatherModel --> get weather info failed, code: 15700010, message: The DataShareHelper is not initialized successfully.
09-10 01:01:02.018  2458  2458 W A01c06/ICON: AppIconWeatherModel --> initWeatherListener, retryTimes: 4
09-10 01:01:02.022  2458  2458 E A01c06/ICON: AppIconWeatherModel --> get weather info failed, code: 15700010, message: The DataShareHelper is not initialized successfully.
09-10 01:01:03.024  2458  2458 W A01c06/ICON: AppIconWeatherModel --> initWeatherListener, retryTimes: 4
09-10 01:01:03.028  2458  2458 E A01c06/ICON: AppIconWeatherModel --> get weather info failed, code: 15700010, message: The DataShareHelper is not initialized successfully.
09-10 01:01:04.030  2458  2458 W A01c06/ICON: AppIconWeatherModel --> initWeatherListener, retryTimes: 4
09-10 01:01:04.034  2458  2458 E A01c06/ICON: AppIconWeatherModel --> get weather info failed, code: 15700010, message: The DataShareHelper is not initialized successfully.
09-10 01:01:05.035  2458  2458 W A01c06/ICON: AppIconWeatherModel --> initWeatherListener, retryTimes: 4
09-10 01:01:05.039  2458  2458 E A01c06/ICON: AppIconWeatherModel --> get weather info failed, code: 15700010, message: The DataShareHelper is not initialized successfully.
09-10 01:01:06.040  2458  2458 W A01c06/ICON: AppIconWeatherModel --> initWeatherListener, retryTimes: 4
09-10 01:01:06.042  2458  2458 E A01c06/ICON: AppIconWeatherModel --> get weather info failed, code: 15700010, message: The DataShareHelper is not initialized successfully.
09-10 01:01:07.045  2458  2458 W A01c06/ICON: AppIconWeatherModel --> initWeatherListener, retryTimes: 4
09-10 01:01:07.047  2458  2458 E A01c06/ICON: AppIconWeatherModel --> get weather info failed, code: 15700010, message: The DataShareHelper is not initialized successfully.
09-10 01:01:08.049  2458  2458 W A01c06/ICON: AppIconWeatherModel --> initWeatherListener, retryTimes: 4
09-10 01:01:08.054  2458  2458 E A01c06/ICON: AppIconWeatherModel --> get weather info failed, code: 15700010, message: The DataShareHelper is not initialized successfully.
09-10 01:01:08.471  2458  2458 I A04215/WMSHierarchy: request top id: 69, 5
09-10 01:01:08.471  2458  2458 I A04215/WMSHierarchy: onRaiseSceneToTop with persistentId:69
09-10 01:01:08.472  2458  2458 I A04200/WINDOW: SCBSPVM: getSceneContainerSessionWithPersistentId from containerSessionList id: 69
09-10 01:01:08.472  2458  2458 I A04200/WINDOW: SCBSPM: Remove container id: 26, 69
09-10 01:01:08.473  2458  2458 I A01b09/RECENT: RecentDockRefreshAlarm: start alarm recent dock: EntryAbility/io.reader.harmonyos/entry/0(persistentId: 69)(containerId: 26)
09-10 01:01:08.573  2458  2458 I A01b09/RECENT: RecentDockRefreshAlarm: refresh recent dock: EntryAbility/io.reader.harmonyos/entry/0(persistentId: 69)(containerId: 26)
09-10 01:01:08.711  2458  2458 I A01b01/HOME: SCBScenePanel: get PCKEY callback , type=2
09-10 01:01:08.711  2458  2458 I A01a00/SYS_UI: LiveCardListVm: liveList not showing
09-10 01:01:08.711  2458  2458 I A01a00/SYS_UI: ViewManagerAdapter: isViewShowing viewType 1
09-10 01:01:08.712  2458  2458 I A01b0a/GESTURE: SCBGestureBackViewModel: SCBGestureBackViewModel registerPcKeyCallback 2
09-10 01:01:08.712  2458  2458 I A01b00/SCB: ViewManagerPolicy --> View FLASHLIGHT_TIPS not registerController
09-10 01:01:08.713  2458  2458 I A01b01/HOME: SCBScenePanel: send GestureBack to FULLSCENE
09-10 01:01:08.714  2458  2458 W A04200/WINDOW: SCBSSM: Failed to get system Session with session id: 69
09-10 01:01:08.714  2458  2458 I A0420a/WMSLife: isUseControlContainerSession isSplit: false, isMidScene: false
09-10 01:01:08.714  2458  2458 I A01b01/HOME: SCBScenePanel: isUseControlContainerSession: false, pendingFocusId: -1
09-10 01:01:08.715  2458  2458 I A04200/WINDOW: SCBSceneSessionManagerSubscriber --> subscribe, success: SCBSceneSessionManager
09-10 01:01:08.715  2458  2458 I A04200/WINDOW: SCBSSM: handleScenePanelStateChange parameters invalid
09-10 01:01:08.715  2458  2458 I A0001b/AA: SubscriberController --> subscribe, success: DESKTOP
09-10 01:01:08.715  2458  2458 I A0001b/AA: SubscriberController --> onDeskTopEvent event: SCENE_PANEL_EVENT
09-10 01:01:08.715  2458  2458 I A0001b/AA: SubscriberController --> onDeskTopEvent CUSTOM_SCENE_PANEL_EVENT: true
09-10 01:01:09.000  2458  2458 I A01b01/HOME: SCBScenePanel: get PCKEY callback , type=2
09-10 01:01:09.000  2458  2458 I A01a00/SYS_UI: LiveCardListVm: liveList not showing
09-10 01:01:09.000  2458  2458 I A01a00/SYS_UI: ViewManagerAdapter: isViewShowing viewType 1
09-10 01:01:09.000  2458  2458 I A01b0a/GESTURE: SCBGestureBackViewModel: SCBGestureBackViewModel registerPcKeyCallback 2
09-10 01:01:09.000  2458  2458 I A01b00/SCB: ViewManagerPolicy --> View FLASHLIGHT_TIPS not registerController
09-10 01:01:09.000  2458  2458 I A01b01/HOME: SCBScenePanel: send GestureBack to FULLSCENE
09-10 01:01:09.001  2458  2458 W A04200/WINDOW: SCBSSM: Failed to get system Session with session id: 69
09-10 01:01:09.001  2458  2458 I A0420a/WMSLife: isUseControlContainerSession isSplit: false, isMidScene: false
09-10 01:01:09.001  2458  2458 I A01b01/HOME: SCBScenePanel: isUseControlContainerSession: false, pendingFocusId: -1
09-10 01:01:09.002  2458  2458 I A0001b/AA: SubscriberController --> subscribe, success: DESKTOP
09-10 01:01:09.002  2458  2458 I A0001b/AA: SubscriberController --> onDeskTopEvent event: SCENE_PANEL_EVENT
09-10 01:01:09.002  2458  2458 I A0001b/AA: SubscriberController --> onDeskTopEvent CUSTOM_SCENE_PANEL_EVENT: true
09-10 01:01:09.002  2458  2458 I A04200/WINDOW: SCBSceneSessionManagerSubscriber --> subscribe, success: SCBSceneSessionManager
09-10 01:01:09.002  2458  2458 I A04200/WINDOW: SCBSSM: handleScenePanelStateChange parameters invalid
09-10 01:01:09.057  2458  2458 W A01c06/ICON: AppIconWeatherModel --> initWeatherListener, retryTimes: 4
09-10 01:01:09.063  2458  2458 E A01c06/ICON: AppIconWeatherModel --> get weather info failed, code: 15700010, message: The DataShareHelper is not initialized successfully.
09-10 01:01:10.066  2458  2458 W A01c06/ICON: AppIconWeatherModel --> initWeatherListener, retryTimes: 4
09-10 01:01:10.071  2458  2458 E A01c06/ICON: AppIconWeatherModel --> get weather info failed, code: 15700010, message: The DataShareHelper is not initialized successfully.
09-10 01:01:11.073  2458  2458 W A01c06/ICON: AppIconWeatherModel --> initWeatherListener, retryTimes: 4
09-10 01:01:11.076  2458  2458 E A01c06/ICON: AppIconWeatherModel --> get weather info failed, code: 15700010, message: The DataShareHelper is not initialized successfully.
09-10 01:01:12.078  2458  2458 W A01c06/ICON: AppIconWeatherModel --> initWeatherListener, retryTimes: 4
09-10 01:01:12.081  2458  2458 E A01c06/ICON: AppIconWeatherModel --> get weather info failed, code: 15700010, message: The DataShareHelper is not initialized successfully.
09-10 01:01:13.084  2458  2458 W A01c06/ICON: AppIconWeatherModel --> initWeatherListener, retryTimes: 4
09-10 01:01:13.089  2458  2458 E A01c06/ICON: AppIconWeatherModel --> get weather info failed, code: 15700010, message: The DataShareHelper is not initialized successfully.
09-10 01:01:14.090  2458  2458 W A01c06/ICON: AppIconWeatherModel --> initWeatherListener, retryTimes: 4
09-10 01:01:14.092  2458  2458 E A01c06/ICON: AppIconWeatherModel --> get weather info failed, code: 15700010, message: The DataShareHelper is not initialized successfully.
09-10 01:01:15.093  2458  2458 W A01c06/ICON: AppIconWeatherModel --> initWeatherListener, retryTimes: 4
09-10 01:01:15.096  2458  2458 E A01c06/ICON: AppIconWeatherModel --> get weather info failed, code: 15700010, message: The DataShareHelper is not initialized successfully.
09-10 01:01:16.099  2458  2458 W A01c06/ICON: AppIconWeatherModel --> initWeatherListener, retryTimes: 4
09-10 01:01:16.102  2458  2458 E A01c06/ICON: AppIconWeatherModel --> get weather info failed, code: 15700010, message: The DataShareHelper is not initialized successfully.
09-10 01:01:17.104  2458  2458 W A01c06/ICON: AppIconWeatherModel --> initWeatherListener, retryTimes: 4
09-10 01:01:17.106  2458  2458 E A01c06/ICON: AppIconWeatherModel --> get weather info failed, code: 15700010, message: The DataShareHelper is not initialized successfully.
09-10 01:01:18.108  2458  2458 W A01c06/ICON: AppIconWeatherModel --> initWeatherListener, retryTimes: 4
09-10 01:01:18.114  2458  2458 E A01c06/ICON: AppIconWeatherModel --> get weather info failed, code: 15700010, message: The DataShareHelper is not initialized successfully.
09-10 01:01:19.119  2458  2458 W A01c06/ICON: AppIconWeatherModel --> initWeatherListener, retryTimes: 4
09-10 01:01:19.122  2458  2458 E A01c06/ICON: AppIconWeatherModel --> get weather info failed, code: 15700010, message: The DataShareHelper is not initialized successfully.
09-10 01:01:20.126  2458  2458 W A01c06/ICON: AppIconWeatherModel --> initWeatherListener, retryTimes: 4
09-10 01:01:20.128  2458  2458 E A01c06/ICON: AppIconWeatherModel --> get weather info failed, code: 15700010, message: The DataShareHelper is not initialized successfully.
09-10 01:01:21.131  2458  2458 W A01c06/ICON: AppIconWeatherModel --> initWeatherListener, retryTimes: 4
09-10 01:01:21.133  2458  2458 E A01c06/ICON: AppIconWeatherModel --> get weather info failed, code: 15700010, message: The DataShareHelper is not initialized successfully.
09-10 01:01:22.134  2458  2458 W A01c06/ICON: AppIconWeatherModel --> initWeatherListener, retryTimes: 4
09-10 01:01:22.136  2458  2458 E A01c06/ICON: AppIconWeatherModel --> get weather info failed, code: 15700010, message: The DataShareHelper is not initialized successfully.
09-10 01:01:23.141  2458  2458 W A01c06/ICON: AppIconWeatherModel --> initWeatherListener, retryTimes: 4
09-10 01:01:23.146  2458  2458 E A01c06/ICON: AppIconWeatherModel --> get weather info failed, code: 15700010, message: The DataShareHelper is not initialized successfully.
09-10 01:01:24.150  2458  2458 W A01c06/ICON: AppIconWeatherModel --> initWeatherListener, retryTimes: 4
09-10 01:01:24.152  2458  2458 E A01c06/ICON: AppIconWeatherModel --> get weather info failed, code: 15700010, message: The DataShareHelper is not initialized successfully.
09-10 01:01:25.154  2458  2458 W A01c06/ICON: AppIconWeatherModel --> initWeatherListener, retryTimes: 4
09-10 01:01:25.157  2458  2458 E A01c06/ICON: AppIconWeatherModel --> get weather info failed, code: 15700010, message: The DataShareHelper is not initialized successfully.
09-10 01:01:26.160  2458  2458 W A01c06/ICON: AppIconWeatherModel --> initWeatherListener, retryTimes: 4
09-10 01:01:26.162  2458  2458 E A01c06/ICON: AppIconWeatherModel --> get weather info failed, code: 15700010, message: The DataShareHelper is not initialized successfully.
09-10 01:01:27.167  2458  2458 W A01c06/ICON: AppIconWeatherModel --> initWeatherListener, retryTimes: 4
09-10 01:01:27.168  2458  2458 E A01c06/ICON: AppIconWeatherModel --> get weather info failed, code: 15700010, message: The DataShareHelper is not initialized successfully.
09-10 01:01:28.169  2458  2458 W A01c06/ICON: AppIconWeatherModel --> initWeatherListener, retryTimes: 4
09-10 01:01:28.174  2458  2458 E A01c06/ICON: AppIconWeatherModel --> get weather info failed, code: 15700010, message: The DataShareHelper is not initialized successfully.
09-10 01:01:29.177  2458  2458 W A01c06/ICON: AppIconWeatherModel --> initWeatherListener, retryTimes: 4
09-10 01:01:29.179  2458  2458 E A01c06/ICON: AppIconWeatherModel --> get weather info failed, code: 15700010, message: The DataShareHelper is not initialized successfully.
09-10 01:01:30.184  2458  2458 W A01c06/ICON: AppIconWeatherModel --> initWeatherListener, retryTimes: 4
09-10 01:01:30.186  2458  2458 E A01c06/ICON: AppIconWeatherModel --> get weather info failed, code: 15700010, message: The DataShareHelper is not initialized successfully.
09-10 01:01:31.191  2458  2458 W A01c06/ICON: AppIconWeatherModel --> initWeatherListener, retryTimes: 4
09-10 01:01:31.194  2458  2458 E A01c06/ICON: AppIconWeatherModel --> get weather info failed, code: 15700010, message: The DataShareHelper is not initialized successfully.
09-10 01:01:32.201  2458  2458 W A01c06/ICON: AppIconWeatherModel --> initWeatherListener, retryTimes: 4
09-10 01:01:32.203  2458  2458 E A01c06/ICON: AppIconWeatherModel --> get weather info failed, code: 15700010, message: The DataShareHelper is not initialized successfully.
09-10 01:01:33.208  2458  2458 W A01c06/ICON: AppIconWeatherModel --> initWeatherListener, retryTimes: 4
09-10 01:01:33.212  2458  2458 E A01c06/ICON: AppIconWeatherModel --> get weather info failed, code: 15700010, message: The DataShareHelper is not initialized successfully.
09-10 01:01:34.221  2458  2458 W A01c06/ICON: AppIconWeatherModel --> initWeatherListener, retryTimes: 4
09-10 01:01:34.227  2458  2458 E A01c06/ICON: AppIconWeatherModel --> get weather info failed, code: 15700010, message: The DataShareHelper is not initialized successfully.
09-10 01:01:35.229  2458  2458 W A01c06/ICON: AppIconWeatherModel --> initWeatherListener, retryTimes: 4
09-10 01:01:35.235  2458  2458 E A01c06/ICON: AppIconWeatherModel --> get weather info failed, code: 15700010, message: The DataShareHelper is not initialized successfully.
09-10 01:01:36.241  2458  2458 W A01c06/ICON: AppIconWeatherModel --> initWeatherListener, retryTimes: 4
09-10 01:01:36.247  2458  2458 E A01c06/ICON: AppIconWeatherModel --> get weather info failed, code: 15700010, message: The DataShareHelper is not initialized successfully.
09-10 01:01:37.252  2458  2458 W A01c06/ICON: AppIconWeatherModel --> initWeatherListener, retryTimes: 4
09-10 01:01:37.259  2458  2458 E A01c06/ICON: AppIconWeatherModel --> get weather info failed, code: 15700010, message: The DataShareHelper is not initialized successfully.
09-10 01:01:38.264  2458  2458 W A01c06/ICON: AppIconWeatherModel --> initWeatherListener, retryTimes: 4
09-10 01:01:38.278  2458  2458 E A01c06/ICON: AppIconWeatherModel --> get weather info failed, code: 15700010, message: The DataShareHelper is not initialized successfully.
09-10 01:01:39.279  2458  2458 W A01c06/ICON: AppIconWeatherModel --> initWeatherListener, retryTimes: 4
09-10 01:01:39.285  2458  2458 E A01c06/ICON: AppIconWeatherModel --> get weather info failed, code: 15700010, message: The DataShareHelper is not initialized successfully.
09-10 01:01:40.287  2458  2458 W A01c06/ICON: AppIconWeatherModel --> initWeatherListener, retryTimes: 4
09-10 01:01:40.290  2458  2458 E A01c06/ICON: AppIconWeatherModel --> get weather info failed, code: 15700010, message: The DataShareHelper is not initialized successfully.
09-10 01:01:41.298  2458  2458 W A01c06/ICON: AppIconWeatherModel --> initWeatherListener, retryTimes: 4
09-10 01:01:41.301  2458  2458 E A01c06/ICON: AppIconWeatherModel --> get weather info failed, code: 15700010, message: The DataShareHelper is not initialized successfully.
09-10 01:01:42.305  2458  2458 W A01c06/ICON: AppIconWeatherModel --> initWeatherListener, retryTimes: 4
09-10 01:01:42.307  2458  2458 E A01c06/ICON: AppIconWeatherModel --> get weather info failed, code: 15700010, message: The DataShareHelper is not initialized successfully.
09-10 01:01:43.313  2458  2458 W A01c06/ICON: AppIconWeatherModel --> initWeatherListener, retryTimes: 4
09-10 01:01:43.327  2458  2458 E A01c06/ICON: AppIconWeatherModel --> get weather info failed, code: 15700010, message: The DataShareHelper is not initialized successfully.
09-10 01:01:44.329  2458  2458 W A01c06/ICON: AppIconWeatherModel --> initWeatherListener, retryTimes: 4
09-10 01:01:44.335  2458  2458 E A01c06/ICON: AppIconWeatherModel --> get weather info failed, code: 15700010, message: The DataShareHelper is not initialized successfully.
09-10 01:01:45.337  2458  2458 W A01c06/ICON: AppIconWeatherModel --> initWeatherListener, retryTimes: 4
09-10 01:01:45.344  2458  2458 E A01c06/ICON: AppIconWeatherModel --> get weather info failed, code: 15700010, message: The DataShareHelper is not initialized successfully.
09-10 01:01:46.353  2458  2458 W A01c06/ICON: AppIconWeatherModel --> initWeatherListener, retryTimes: 4
09-10 01:01:46.356  2458  2458 E A01c06/ICON: AppIconWeatherModel --> get weather info failed, code: 15700010, message: The DataShareHelper is not initialized successfully.
09-10 01:01:47.358  2458  2458 W A01c06/ICON: AppIconWeatherModel --> initWeatherListener, retryTimes: 4
09-10 01:01:47.364  2458  2458 E A01c06/ICON: AppIconWeatherModel --> get weather info failed, code: 15700010, message: The DataShareHelper is not initialized successfully.
09-10 01:01:48.366  2458  2458 W A01c06/ICON: AppIconWeatherModel --> initWeatherListener, retryTimes: 4
09-10 01:01:48.377  2458  2458 E A01c06/ICON: AppIconWeatherModel --> get weather info failed, code: 15700010, message: The DataShareHelper is not initialized successfully.
09-10 01:01:49.378  2458  2458 W A01c06/ICON: AppIconWeatherModel --> initWeatherListener, retryTimes: 4
09-10 01:01:49.382  2458  2458 E A01c06/ICON: AppIconWeatherModel --> get weather info failed, code: 15700010, message: The DataShareHelper is not initialized successfully.
09-10 01:01:50.388  2458  2458 W A01c06/ICON: AppIconWeatherModel --> initWeatherListener, retryTimes: 4
09-10 01:01:50.395  2458  2458 E A01c06/ICON: AppIconWeatherModel --> get weather info failed, code: 15700010, message: The DataShareHelper is not initialized successfully.
09-10 01:01:51.400  2458  2458 W A01c06/ICON: AppIconWeatherModel --> initWeatherListener, retryTimes: 4
09-10 01:01:51.407  2458  2458 E A01c06/ICON: AppIconWeatherModel --> get weather info failed, code: 15700010, message: The DataShareHelper is not initialized successfully.
09-10 01:01:52.409  2458  2458 W A01c06/ICON: AppIconWeatherModel --> initWeatherListener, retryTimes: 4
09-10 01:01:52.412  2458  2458 E A01c06/ICON: AppIconWeatherModel --> get weather info failed, code: 15700010, message: The DataShareHelper is not initialized successfully.
09-10 01:01:53.414  2458  2458 W A01c06/ICON: AppIconWeatherModel --> initWeatherListener, retryTimes: 4
09-10 01:01:53.419  2458  2458 E A01c06/ICON: AppIconWeatherModel --> get weather info failed, code: 15700010, message: The DataShareHelper is not initialized successfully.
09-10 01:01:54.423  2458  2458 W A01c06/ICON: AppIconWeatherModel --> initWeatherListener, retryTimes: 4
09-10 01:01:54.430  2458  2458 E A01c06/ICON: AppIconWeatherModel --> get weather info failed, code: 15700010, message: The DataShareHelper is not initialized successfully.
09-10 01:01:55.434  2458  2458 W A01c06/ICON: AppIconWeatherModel --> initWeatherListener, retryTimes: 4
09-10 01:01:55.436  2458  2458 E A01c06/ICON: AppIconWeatherModel --> get weather info failed, code: 15700010, message: The DataShareHelper is not initialized successfully.
09-10 01:01:56.442  2458  2458 W A01c06/ICON: AppIconWeatherModel --> initWeatherListener, retryTimes: 4
09-10 01:01:56.444  2458  2458 E A01c06/ICON: AppIconWeatherModel --> get weather info failed, code: 15700010, message: The DataShareHelper is not initialized successfully.
09-10 01:01:57.445  2458  2458 W A01c06/ICON: AppIconWeatherModel --> initWeatherListener, retryTimes: 4
09-10 01:01:57.446  2458  2458 E A01c06/ICON: AppIconWeatherModel --> get weather info failed, code: 15700010, message: The DataShareHelper is not initialized successfully.
09-10 01:01:58.451  2458  2458 W A01c06/ICON: AppIconWeatherModel --> initWeatherListener, retryTimes: 4
09-10 01:01:58.455  2458  2458 E A01c06/ICON: AppIconWeatherModel --> get weather info failed, code: 15700010, message: The DataShareHelper is not initialized successfully.
09-10 01:01:59.457  2458  2458 W A01c06/ICON: AppIconWeatherModel --> initWeatherListener, retryTimes: 4
09-10 01:01:59.458  2458  2458 E A01c06/ICON: AppIconWeatherModel --> get weather info failed, code: 15700010, message: The DataShareHelper is not initialized successfully.
09-10 01:02:00.004  2458  2458 I A01a01/NC: StatusBarSysEventUtil: onTimeChangeEvent
09-10 01:02:00.005  2458  2458 W A01c06/ICON: AppIconCalendarCache --> receive date change event, nowData: 10, dateText: ,image is transparent: false, image is empty: true
09-10 01:02:00.005  2458  2458 W A01c06/ICON: AppIconCalendarCache --> com.huawei.hmos.calendar is not dynamic icon, bundleName is com.huawei.hmos.calendar
09-10 01:02:00.005  2458  2458 E A01c06/ICON: AppIconCalendarCache --> backgroundImage resource error
09-10 01:02:00.005  2458  2458 E A01c06/ICON: AppIconCalendarCache --> calendarForegroundBuilder is null
09-10 01:02:00.463  2458  2458 W A01c06/ICON: AppIconWeatherModel --> initWeatherListener, retryTimes: 4
09-10 01:02:00.465  2458  2458 E A01c06/ICON: AppIconWeatherModel --> get weather info failed, code: 15700010, message: The DataShareHelper is not initialized successfully.
09-10 01:02:01.466  2458  2458 W A01c06/ICON: AppIconWeatherModel --> initWeatherListener, retryTimes: 4
09-10 01:02:01.468  2458  2458 E A01c06/ICON: AppIconWeatherModel --> get weather info failed, code: 15700010, message: The DataShareHelper is not initialized successfully.
09-10 01:02:02.476  2458  2458 W A01c06/ICON: AppIconWeatherModel --> initWeatherListener, retryTimes: 4
09-10 01:02:02.479  2458  2458 E A01c06/ICON: AppIconWeatherModel --> get weather info failed, code: 15700010, message: The DataShareHelper is not initialized successfully.
09-10 01:02:03.480  2458  2458 W A01c06/ICON: AppIconWeatherModel --> initWeatherListener, retryTimes: 4
09-10 01:02:03.487  2458  2458 E A01c06/ICON: AppIconWeatherModel --> get weather info failed, code: 15700010, message: The DataShareHelper is not initialized successfully.
09-10 01:02:04.488  2458  2458 W A01c06/ICON: AppIconWeatherModel --> initWeatherListener, retryTimes: 4
09-10 01:02:04.491  2458  2458 E A01c06/ICON: AppIconWeatherModel --> get weather info failed, code: 15700010, message: The DataShareHelper is not initialized successfully.
09-10 01:02:05.494  2458  2458 W A01c06/ICON: AppIconWeatherModel --> initWeatherListener, retryTimes: 4
09-10 01:02:05.496  2458  2458 E A01c06/ICON: AppIconWeatherModel --> get weather info failed, code: 15700010, message: The DataShareHelper is not initialized successfully.
09-10 01:02:06.499  2458  2458 W A01c06/ICON: AppIconWeatherModel --> initWeatherListener, retryTimes: 4
09-10 01:02:06.501  2458  2458 E A01c06/ICON: AppIconWeatherModel --> get weather info failed, code: 15700010, message: The DataShareHelper is not initialized successfully.
09-10 01:02:07.502  2458  2458 W A01c06/ICON: AppIconWeatherModel --> initWeatherListener, retryTimes: 4
09-10 01:02:07.504  2458  2458 E A01c06/ICON: AppIconWeatherModel --> get weather info failed, code: 15700010, message: The DataShareHelper is not initialized successfully.
09-10 01:02:08.509  2458  2458 W A01c06/ICON: AppIconWeatherModel --> initWeatherListener, retryTimes: 4
09-10 01:02:08.514  2458  2458 E A01c06/ICON: AppIconWeatherModel --> get weather info failed, code: 15700010, message: The DataShareHelper is not initialized successfully.
09-10 01:02:09.516  2458  2458 W A01c06/ICON: AppIconWeatherModel --> initWeatherListener, retryTimes: 4
09-10 01:02:09.518  2458  2458 E A01c06/ICON: AppIconWeatherModel --> get weather info failed, code: 15700010, message: The DataShareHelper is not initialized successfully.
09-10 01:02:10.519  2458  2458 W A01c06/ICON: AppIconWeatherModel --> initWeatherListener, retryTimes: 4
09-10 01:02:10.521  2458  2458 E A01c06/ICON: AppIconWeatherModel --> get weather info failed, code: 15700010, message: The DataShareHelper is not initialized successfully.
09-10 01:02:11.525  2458  2458 W A01c06/ICON: AppIconWeatherModel --> initWeatherListener, retryTimes: 4
09-10 01:02:11.527  2458  2458 E A01c06/ICON: AppIconWeatherModel --> get weather info failed, code: 15700010, message: The DataShareHelper is not initialized successfully.
09-10 01:02:12.532  2458  2458 W A01c06/ICON: AppIconWeatherModel --> initWeatherListener, retryTimes: 4
09-10 01:02:12.534  2458  2458 E A01c06/ICON: AppIconWeatherModel --> get weather info failed, code: 15700010, message: The DataShareHelper is not initialized successfully.
09-10 01:02:13.534  2458  2458 W A01c06/ICON: AppIconWeatherModel --> initWeatherListener, retryTimes: 4
09-10 01:02:13.538  2458  2458 E A01c06/ICON: AppIconWeatherModel --> get weather info failed, code: 15700010, message: The DataShareHelper is not initialized successfully.
09-10 01:02:14.542  2458  2458 W A01c06/ICON: AppIconWeatherModel --> initWeatherListener, retryTimes: 4
09-10 01:02:14.544  2458  2458 E A01c06/ICON: AppIconWeatherModel --> get weather info failed, code: 15700010, message: The DataShareHelper is not initialized successfully.
09-10 01:02:15.550  2458  2458 W A01c06/ICON: AppIconWeatherModel --> initWeatherListener, retryTimes: 4
09-10 01:02:15.552  2458  2458 E A01c06/ICON: AppIconWeatherModel --> get weather info failed, code: 15700010, message: The DataShareHelper is not initialized successfully.
09-10 01:02:16.553  2458  2458 W A01c06/ICON: AppIconWeatherModel --> initWeatherListener, retryTimes: 4
09-10 01:02:16.555  2458  2458 E A01c06/ICON: AppIconWeatherModel --> get weather info failed, code: 15700010, message: The DataShareHelper is not initialized successfully.
09-10 01:02:17.559  2458  2458 W A01c06/ICON: AppIconWeatherModel --> initWeatherListener, retryTimes: 4
09-10 01:02:17.561  2458  2458 E A01c06/ICON: AppIconWeatherModel --> get weather info failed, code: 15700010, message: The DataShareHelper is not initialized successfully.
09-10 01:02:18.566  2458  2458 W A01c06/ICON: AppIconWeatherModel --> initWeatherListener, retryTimes: 4
09-10 01:02:18.570  2458  2458 E A01c06/ICON: AppIconWeatherModel --> get weather info failed, code: 15700010, message: The DataShareHelper is not initialized successfully.
09-10 01:02:19.574  2458  2458 W A01c06/ICON: AppIconWeatherModel --> initWeatherListener, retryTimes: 4
09-10 01:02:19.575  2458  2458 E A01c06/ICON: AppIconWeatherModel --> get weather info failed, code: 15700010, message: The DataShareHelper is not initialized successfully.
09-10 01:02:20.576  2458  2458 W A01c06/ICON: AppIconWeatherModel --> initWeatherListener, retryTimes: 4
09-10 01:02:20.577  2458  2458 E A01c06/ICON: AppIconWeatherModel --> get weather info failed, code: 15700010, message: The DataShareHelper is not initialized successfully.
09-10 01:02:21.579  2458  2458 W A01c06/ICON: AppIconWeatherModel --> initWeatherListener, retryTimes: 4
09-10 01:02:21.581  2458  2458 E A01c06/ICON: AppIconWeatherModel --> get weather info failed, code: 15700010, message: The DataShareHelper is not initialized successfully.
09-10 01:02:22.583  2458  2458 W A01c06/ICON: AppIconWeatherModel --> initWeatherListener, retryTimes: 4
09-10 01:02:22.585  2458  2458 E A01c06/ICON: AppIconWeatherModel --> get weather info failed, code: 15700010, message: The DataShareHelper is not initialized successfully.
09-10 01:02:23.587  2458  2458 W A01c06/ICON: AppIconWeatherModel --> initWeatherListener, retryTimes: 4
09-10 01:02:23.590  2458  2458 E A01c06/ICON: AppIconWeatherModel --> get weather info failed, code: 15700010, message: The DataShareHelper is not initialized successfully.
09-10 01:02:24.592  2458  2458 W A01c06/ICON: AppIconWeatherModel --> initWeatherListener, retryTimes: 4
09-10 01:02:24.594  2458  2458 E A01c06/ICON: AppIconWeatherModel --> get weather info failed, code: 15700010, message: The DataShareHelper is not initialized successfully.
09-10 01:02:25.595  2458  2458 W A01c06/ICON: AppIconWeatherModel --> initWeatherListener, retryTimes: 4
09-10 01:02:25.597  2458  2458 E A01c06/ICON: AppIconWeatherModel --> get weather info failed, code: 15700010, message: The DataShareHelper is not initialized successfully.
09-10 01:02:26.600  2458  2458 W A01c06/ICON: AppIconWeatherModel --> initWeatherListener, retryTimes: 4
09-10 01:02:26.602  2458  2458 E A01c06/ICON: AppIconWeatherModel --> get weather info failed, code: 15700010, message: The DataShareHelper is not initialized successfully.
09-10 01:02:27.605  2458  2458 W A01c06/ICON: AppIconWeatherModel --> initWeatherListener, retryTimes: 4
09-10 01:02:27.606  2458  2458 E A01c06/ICON: AppIconWeatherModel --> get weather info failed, code: 15700010, message: The DataShareHelper is not initialized successfully.
09-10 01:02:28.608  2458  2458 W A01c06/ICON: AppIconWeatherModel --> initWeatherListener, retryTimes: 4
09-10 01:02:28.611  2458  2458 E A01c06/ICON: AppIconWeatherModel --> get weather info failed, code: 15700010, message: The DataShareHelper is not initialized successfully.
09-10 01:02:29.621  2458  2458 W A01c06/ICON: AppIconWeatherModel --> initWeatherListener, retryTimes: 4
09-10 01:02:29.623  2458  2458 E A01c06/ICON: AppIconWeatherModel --> get weather info failed, code: 15700010, message: The DataShareHelper is not initialized successfully.
09-10 01:02:30.628  2458  2458 W A01c06/ICON: AppIconWeatherModel --> initWeatherListener, retryTimes: 4
09-10 01:02:30.629  2458  2458 E A01c06/ICON: AppIconWeatherModel --> get weather info failed, code: 15700010, message: The DataShareHelper is not initialized successfully.
09-10 01:02:31.634  2458  2458 W A01c06/ICON: AppIconWeatherModel --> initWeatherListener, retryTimes: 4
09-10 01:02:31.636  2458  2458 E A01c06/ICON: AppIconWeatherModel --> get weather info failed, code: 15700010, message: The DataShareHelper is not initialized successfully.
09-10 01:02:32.645  2458  2458 W A01c06/ICON: AppIconWeatherModel --> initWeatherListener, retryTimes: 4
09-10 01:02:32.646  2458  2458 E A01c06/ICON: AppIconWeatherModel --> get weather info failed, code: 15700010, message: The DataShareHelper is not initialized successfully.
09-10 01:02:33.651  2458  2458 W A01c06/ICON: AppIconWeatherModel --> initWeatherListener, retryTimes: 4
09-10 01:02:33.656  2458  2458 E A01c06/ICON: AppIconWeatherModel --> get weather info failed, code: 15700010, message: The DataShareHelper is not initialized successfully.
09-10 01:02:34.657  2458  2458 W A01c06/ICON: AppIconWeatherModel --> initWeatherListener, retryTimes: 4
09-10 01:02:34.659  2458  2458 E A01c06/ICON: AppIconWeatherModel --> get weather info failed, code: 15700010, message: The DataShareHelper is not initialized successfully.
09-10 01:02:35.660  2458  2458 W A01c06/ICON: AppIconWeatherModel --> initWeatherListener, retryTimes: 4
09-10 01:02:35.662  2458  2458 E A01c06/ICON: AppIconWeatherModel --> get weather info failed, code: 15700010, message: The DataShareHelper is not initialized successfully.
09-10 01:02:36.664  2458  2458 W A01c06/ICON: AppIconWeatherModel --> initWeatherListener, retryTimes: 4
09-10 01:02:36.665  2458  2458 E A01c06/ICON: AppIconWeatherModel --> get weather info failed, code: 15700010, message: The DataShareHelper is not initialized successfully.
09-10 01:02:37.666  2458  2458 W A01c06/ICON: AppIconWeatherModel --> initWeatherListener, retryTimes: 4
09-10 01:02:37.668  2458  2458 E A01c06/ICON: AppIconWeatherModel --> get weather info failed, code: 15700010, message: The DataShareHelper is not initialized successfully.
09-10 01:02:38.669  2458  2458 W A01c06/ICON: AppIconWeatherModel --> initWeatherListener, retryTimes: 4
09-10 01:02:38.674  2458  2458 E A01c06/ICON: AppIconWeatherModel --> get weather info failed, code: 15700010, message: The DataShareHelper is not initialized successfully.
09-10 01:02:39.678  2458  2458 W A01c06/ICON: AppIconWeatherModel --> initWeatherListener, retryTimes: 4
09-10 01:02:39.704  2458  2458 E A01c06/ICON: AppIconWeatherModel --> get weather info failed, code: 15700010, message: The DataShareHelper is not initialized successfully.
09-10 01:02:40.706  2458  2458 W A01c06/ICON: AppIconWeatherModel --> initWeatherListener, retryTimes: 4
09-10 01:02:40.712  2458  2458 E A01c06/ICON: AppIconWeatherModel --> get weather info failed, code: 15700010, message: The DataShareHelper is not initialized successfully.
09-10 01:02:41.713  2458  2458 W A01c06/ICON: AppIconWeatherModel --> initWeatherListener, retryTimes: 4
09-10 01:02:41.716  2458  2458 E A01c06/ICON: AppIconWeatherModel --> get weather info failed, code: 15700010, message: The DataShareHelper is not initialized successfully.
09-10 01:02:42.719  2458  2458 W A01c06/ICON: AppIconWeatherModel --> initWeatherListener, retryTimes: 4
09-10 01:02:42.727  2458  2458 E A01c06/ICON: AppIconWeatherModel --> get weather info failed, code: 15700010, message: The DataShareHelper is not initialized successfully.
09-10 01:02:43.730  2458  2458 W A01c06/ICON: AppIconWeatherModel --> initWeatherListener, retryTimes: 4
09-10 01:02:43.732  2458  2458 E A01c06/ICON: AppIconWeatherModel --> get weather info failed, code: 15700010, message: The DataShareHelper is not initialized successfully.
09-10 01:02:44.733  2458  2458 W A01c06/ICON: AppIconWeatherModel --> initWeatherListener, retryTimes: 4
09-10 01:02:44.735  2458  2458 E A01c06/ICON: AppIconWeatherModel --> get weather info failed, code: 15700010, message: The DataShareHelper is not initialized successfully.
09-10 01:02:45.737  2458  2458 W A01c06/ICON: AppIconWeatherModel --> initWeatherListener, retryTimes: 4
09-10 01:02:45.741  2458  2458 E A01c06/ICON: AppIconWeatherModel --> get weather info failed, code: 15700010, message: The DataShareHelper is not initialized successfully.
09-10 01:02:46.741  2458  2458 W A01c06/ICON: AppIconWeatherModel --> initWeatherListener, retryTimes: 4
09-10 01:02:46.744  2458  2458 E A01c06/ICON: AppIconWeatherModel --> get weather info failed, code: 15700010, message: The DataShareHelper is not initialized successfully.
09-10 01:02:47.745  2458  2458 W A01c06/ICON: AppIconWeatherModel --> initWeatherListener, retryTimes: 4
09-10 01:02:47.748  2458  2458 E A01c06/ICON: AppIconWeatherModel --> get weather info failed, code: 15700010, message: The DataShareHelper is not initialized successfully.
09-10 01:02:48.749  2458  2458 W A01c06/ICON: AppIconWeatherModel --> initWeatherListener, retryTimes: 4
09-10 01:02:48.754  2458  2458 E A01c06/ICON: AppIconWeatherModel --> get weather info failed, code: 15700010, message: The DataShareHelper is not initialized successfully.
09-10 01:02:49.754  2458  2458 W A01c06/ICON: AppIconWeatherModel --> initWeatherListener, retryTimes: 4
09-10 01:02:49.756  2458  2458 E A01c06/ICON: AppIconWeatherModel --> get weather info failed, code: 15700010, message: The DataShareHelper is not initialized successfully.
09-10 01:02:50.757  2458  2458 W A01c06/ICON: AppIconWeatherModel --> initWeatherListener, retryTimes: 4
09-10 01:02:50.759  2458  2458 E A01c06/ICON: AppIconWeatherModel --> get weather info failed, code: 15700010, message: The DataShareHelper is not initialized successfully.
09-10 01:02:51.762  2458  2458 W A01c06/ICON: AppIconWeatherModel --> initWeatherListener, retryTimes: 4
09-10 01:02:51.766  2458  2458 E A01c06/ICON: AppIconWeatherModel --> get weather info failed, code: 15700010, message: The DataShareHelper is not initialized successfully.
09-10 01:02:52.768  2458  2458 W A01c06/ICON: AppIconWeatherModel --> initWeatherListener, retryTimes: 4
09-10 01:02:52.770  2458  2458 E A01c06/ICON: AppIconWeatherModel --> get weather info failed, code: 15700010, message: The DataShareHelper is not initialized successfully.
09-10 01:02:53.773  2458  2458 W A01c06/ICON: AppIconWeatherModel --> initWeatherListener, retryTimes: 4
09-10 01:02:53.777  2458  2458 E A01c06/ICON: AppIconWeatherModel --> get weather info failed, code: 15700010, message: The DataShareHelper is not initialized successfully.
09-10 01:02:54.778  2458  2458 W A01c06/ICON: AppIconWeatherModel --> initWeatherListener, retryTimes: 4
09-10 01:02:54.781  2458  2458 E A01c06/ICON: AppIconWeatherModel --> get weather info failed, code: 15700010, message: The DataShareHelper is not initialized successfully.
09-10 01:02:55.782  2458  2458 W A01c06/ICON: AppIconWeatherModel --> initWeatherListener, retryTimes: 4
09-10 01:02:55.785  2458  2458 E A01c06/ICON: AppIconWeatherModel --> get weather info failed, code: 15700010, message: The DataShareHelper is not initialized successfully.
09-10 01:02:56.786  2458  2458 W A01c06/ICON: AppIconWeatherModel --> initWeatherListener, retryTimes: 4
09-10 01:02:56.788  2458  2458 E A01c06/ICON: AppIconWeatherModel --> get weather info failed, code: 15700010, message: The DataShareHelper is not initialized successfully.
09-10 01:02:57.789  2458  2458 W A01c06/ICON: AppIconWeatherModel --> initWeatherListener, retryTimes: 4
09-10 01:02:57.792  2458  2458 E A01c06/ICON: AppIconWeatherModel --> get weather info failed, code: 15700010, message: The DataShareHelper is not initialized successfully.
09-10 01:02:58.793  2458  2458 W A01c06/ICON: AppIconWeatherModel --> initWeatherListener, retryTimes: 4
09-10 01:02:58.797  2458  2458 E A01c06/ICON: AppIconWeatherModel --> get weather info failed, code: 15700010, message: The DataShareHelper is not initialized successfully.
09-10 01:02:59.801  2458  2458 W A01c06/ICON: AppIconWeatherModel --> initWeatherListener, retryTimes: 4
09-10 01:02:59.803  2458  2458 E A01c06/ICON: AppIconWeatherModel --> get weather info failed, code: 15700010, message: The DataShareHelper is not initialized successfully.
09-10 01:03:00.002  2458  2458 I A01a01/NC: StatusBarSysEventUtil: onTimeChangeEvent
09-10 01:03:00.003  2458  2458 W A01c06/ICON: AppIconCalendarCache --> receive date change event, nowData: 10, dateText: ,image is transparent: false, image is empty: true
09-10 01:03:00.003  2458  2458 W A01c06/ICON: AppIconCalendarCache --> com.huawei.hmos.calendar is not dynamic icon, bundleName is com.huawei.hmos.calendar
09-10 01:03:00.003  2458  2458 E A01c06/ICON: AppIconCalendarCache --> backgroundImage resource error
09-10 01:03:00.003  2458  2458 E A01c06/ICON: AppIconCalendarCache --> calendarForegroundBuilder is null
09-10 01:03:00.805  2458  2458 W A01c06/ICON: AppIconWeatherModel --> initWeatherListener, retryTimes: 4
09-10 01:03:00.806  2458  2458 E A01c06/ICON: AppIconWeatherModel --> get weather info failed, code: 15700010, message: The DataShareHelper is not initialized successfully.
09-10 01:03:01.809  2458  2458 W A01c06/ICON: AppIconWeatherModel --> initWeatherListener, retryTimes: 4
09-10 01:03:01.812  2458  2458 E A01c06/ICON: AppIconWeatherModel --> get weather info failed, code: 15700010, message: The DataShareHelper is not initialized successfully.
09-10 01:03:02.815  2458  2458 W A01c06/ICON: AppIconWeatherModel --> initWeatherListener, retryTimes: 4
09-10 01:03:02.817  2458  2458 E A01c06/ICON: AppIconWeatherModel --> get weather info failed, code: 15700010, message: The DataShareHelper is not initialized successfully.
09-10 01:03:03.819  2458  2458 W A01c06/ICON: AppIconWeatherModel --> initWeatherListener, retryTimes: 4
09-10 01:03:03.825  2458  2458 E A01c06/ICON: AppIconWeatherModel --> get weather info failed, code: 15700010, message: The DataShareHelper is not initialized successfully.
09-10 01:03:04.827  2458  2458 W A01c06/ICON: AppIconWeatherModel --> initWeatherListener, retryTimes: 4
09-10 01:03:04.829  2458  2458 E A01c06/ICON: AppIconWeatherModel --> get weather info failed, code: 15700010, message: The DataShareHelper is not initialized successfully.
09-10 01:03:05.832  2458  2458 W A01c06/ICON: AppIconWeatherModel --> initWeatherListener, retryTimes: 4
09-10 01:03:05.834  2458  2458 E A01c06/ICON: AppIconWeatherModel --> get weather info failed, code: 15700010, message: The DataShareHelper is not initialized successfully.
09-10 01:03:06.837  2458  2458 W A01c06/ICON: AppIconWeatherModel --> initWeatherListener, retryTimes: 4
09-10 01:03:06.840  2458  2458 E A01c06/ICON: AppIconWeatherModel --> get weather info failed, code: 15700010, message: The DataShareHelper is not initialized successfully.
09-10 01:03:07.843  2458  2458 W A01c06/ICON: AppIconWeatherModel --> initWeatherListener, retryTimes: 4
09-10 01:03:07.845  2458  2458 E A01c06/ICON: AppIconWeatherModel --> get weather info failed, code: 15700010, message: The DataShareHelper is not initialized successfully.
09-10 01:03:08.848  2458  2458 W A01c06/ICON: AppIconWeatherModel --> initWeatherListener, retryTimes: 4
09-10 01:03:08.851  2458  2458 E A01c06/ICON: AppIconWeatherModel --> get weather info failed, code: 15700010, message: The DataShareHelper is not initialized successfully.
09-10 01:03:09.853  2458  2458 W A01c06/ICON: AppIconWeatherModel --> initWeatherListener, retryTimes: 4
09-10 01:03:09.855  2458  2458 E A01c06/ICON: AppIconWeatherModel --> get weather info failed, code: 15700010, message: The DataShareHelper is not initialized successfully.
09-10 01:03:10.858  2458  2458 W A01c06/ICON: AppIconWeatherModel --> initWeatherListener, retryTimes: 4
09-10 01:03:10.861  2458  2458 E A01c06/ICON: AppIconWeatherModel --> get weather info failed, code: 15700010, message: The DataShareHelper is not initialized successfully.
09-10 01:03:11.862  2458  2458 W A01c06/ICON: AppIconWeatherModel --> initWeatherListener, retryTimes: 4
09-10 01:03:11.864  2458  2458 E A01c06/ICON: AppIconWeatherModel --> get weather info failed, code: 15700010, message: The DataShareHelper is not initialized successfully.
09-10 01:03:12.866  2458  2458 W A01c06/ICON: AppIconWeatherModel --> initWeatherListener, retryTimes: 4
09-10 01:03:12.868  2458  2458 E A01c06/ICON: AppIconWeatherModel --> get weather info failed, code: 15700010, message: The DataShareHelper is not initialized successfully.
09-10 01:03:13.869  2458  2458 W A01c06/ICON: AppIconWeatherModel --> initWeatherListener, retryTimes: 4
09-10 01:03:13.873  2458  2458 E A01c06/ICON: AppIconWeatherModel --> get weather info failed, code: 15700010, message: The DataShareHelper is not initialized successfully.
09-10 01:03:14.874  2458  2458 W A01c06/ICON: AppIconWeatherModel --> initWeatherListener, retryTimes: 4
09-10 01:03:14.875  2458  2458 E A01c06/ICON: AppIconWeatherModel --> get weather info failed, code: 15700010, message: The DataShareHelper is not initialized successfully.
09-10 01:03:15.876  2458  2458 W A01c06/ICON: AppIconWeatherModel --> initWeatherListener, retryTimes: 4
09-10 01:03:15.877  2458  2458 E A01c06/ICON: AppIconWeatherModel --> get weather info failed, code: 15700010, message: The DataShareHelper is not initialized successfully.
09-10 01:03:16.878  2458  2458 W A01c06/ICON: AppIconWeatherModel --> initWeatherListener, retryTimes: 4
09-10 01:03:16.879  2458  2458 E A01c06/ICON: AppIconWeatherModel --> get weather info failed, code: 15700010, message: The DataShareHelper is not initialized successfully.
09-10 01:03:17.881  2458  2458 W A01c06/ICON: AppIconWeatherModel --> initWeatherListener, retryTimes: 4
09-10 01:03:17.882  2458  2458 E A01c06/ICON: AppIconWeatherModel --> get weather info failed, code: 15700010, message: The DataShareHelper is not initialized successfully.
09-10 01:03:18.884  2458  2458 W A01c06/ICON: AppIconWeatherModel --> initWeatherListener, retryTimes: 4
09-10 01:03:18.895  2458  2458 E A01c06/ICON: AppIconWeatherModel --> get weather info failed, code: 15700010, message: The DataShareHelper is not initialized successfully.
09-10 01:03:19.896  2458  2458 W A01c06/ICON: AppIconWeatherModel --> initWeatherListener, retryTimes: 4
09-10 01:03:19.898  2458  2458 E A01c06/ICON: AppIconWeatherModel --> get weather info failed, code: 15700010, message: The DataShareHelper is not initialized successfully.
09-10 01:03:20.899  2458  2458 W A01c06/ICON: AppIconWeatherModel --> initWeatherListener, retryTimes: 4
09-10 01:03:20.902  2458  2458 E A01c06/ICON: AppIconWeatherModel --> get weather info failed, code: 15700010, message: The DataShareHelper is not initialized successfully.
09-10 01:03:21.902  2458  2458 W A01c06/ICON: AppIconWeatherModel --> initWeatherListener, retryTimes: 4
09-10 01:03:21.904  2458  2458 E A01c06/ICON: AppIconWeatherModel --> get weather info failed, code: 15700010, message: The DataShareHelper is not initialized successfully.
09-10 01:03:22.904  2458  2458 W A01c06/ICON: AppIconWeatherModel --> initWeatherListener, retryTimes: 4
09-10 01:03:22.906  2458  2458 E A01c06/ICON: AppIconWeatherModel --> get weather info failed, code: 15700010, message: The DataShareHelper is not initialized successfully.
09-10 01:03:23.529  2458  2458 I A04215/WMSHierarchy: request top id: 69, 5
09-10 01:03:23.530  2458  2458 I A04215/WMSHierarchy: onRaiseSceneToTop with persistentId:69
09-10 01:03:23.531  2458  2458 I A04200/WINDOW: SCBSPVM: getSceneContainerSessionWithPersistentId from containerSessionList id: 69
09-10 01:03:23.532  2458  2458 I A04200/WINDOW: SCBSPM: Remove container id: 26, 69
09-10 01:03:23.533  2458  2458 I A01b09/RECENT: RecentDockRefreshAlarm: start alarm recent dock: EntryAbility/io.reader.harmonyos/entry/0(persistentId: 69)(containerId: 26)
09-10 01:03:23.633  2458  2458 I A01b09/RECENT: RecentDockRefreshAlarm: refresh recent dock: EntryAbility/io.reader.harmonyos/entry/0(persistentId: 69)(containerId: 26)
09-10 01:03:23.741  2458  2458 I A04215/WMSHierarchy: request top id: 69, 5
09-10 01:03:23.741  2458  2458 I A04215/WMSHierarchy: onRaiseSceneToTop with persistentId:69
09-10 01:03:23.741  2458  2458 I A04200/WINDOW: SCBSPVM: getSceneContainerSessionWithPersistentId from containerSessionList id: 69
09-10 01:03:23.741  2458  2458 I A04200/WINDOW: SCBSPM: Remove container id: 26, 69
09-10 01:03:23.741  2458  2458 I A01b09/RECENT: RecentDockRefreshAlarm: start alarm recent dock: EntryAbility/io.reader.harmonyos/entry/0(persistentId: 69)(containerId: 26)
09-10 01:03:23.845  2458  2458 I A01b09/RECENT: RecentDockRefreshAlarm: refresh recent dock: EntryAbility/io.reader.harmonyos/entry/0(persistentId: 69)(containerId: 26)
09-10 01:03:23.907  2458  2458 W A01c06/ICON: AppIconWeatherModel --> initWeatherListener, retryTimes: 4
09-10 01:03:23.912  2458  2458 E A01c06/ICON: AppIconWeatherModel --> get weather info failed, code: 15700010, message: The DataShareHelper is not initialized successfully.
09-10 01:03:24.913  2458  2458 W A01c06/ICON: AppIconWeatherModel --> initWeatherListener, retryTimes: 4
09-10 01:03:24.916  2458  2458 E A01c06/ICON: AppIconWeatherModel --> get weather info failed, code: 15700010, message: The DataShareHelper is not initialized successfully.
09-10 01:03:25.925  2458  2458 W A01c06/ICON: AppIconWeatherModel --> initWeatherListener, retryTimes: 4
09-10 01:03:25.983  2458  2458 E A01c06/ICON: AppIconWeatherModel --> get weather info failed, code: 15700010, message: The DataShareHelper is not initialized successfully.
09-10 01:03:26.984  2458  2458 W A01c06/ICON: AppIconWeatherModel --> initWeatherListener, retryTimes: 4
09-10 01:03:26.990  2458  2458 E A01c06/ICON: AppIconWeatherModel --> get weather info failed, code: 15700010, message: The DataShareHelper is not initialized successfully.
09-10 01:03:27.993  2458  2458 W A01c06/ICON: AppIconWeatherModel --> initWeatherListener, retryTimes: 4
09-10 01:03:27.998  2458  2458 E A01c06/ICON: AppIconWeatherModel --> get weather info failed, code: 15700010, message: The DataShareHelper is not initialized successfully.
09-10 01:03:29.000  2458  2458 W A01c06/ICON: AppIconWeatherModel --> initWeatherListener, retryTimes: 4
09-10 01:03:29.007  2458  2458 E A01c06/ICON: AppIconWeatherModel --> get weather info failed, code: 15700010, message: The DataShareHelper is not initialized successfully.
09-10 01:03:30.008  2458  2458 W A01c06/ICON: AppIconWeatherModel --> initWeatherListener, retryTimes: 4
09-10 01:03:30.011  2458  2458 E A01c06/ICON: AppIconWeatherModel --> get weather info failed, code: 15700010, message: The DataShareHelper is not initialized successfully.
09-10 01:03:31.013  2458  2458 W A01c06/ICON: AppIconWeatherModel --> initWeatherListener, retryTimes: 4
09-10 01:03:31.017  2458  2458 E A01c06/ICON: AppIconWeatherModel --> get weather info failed, code: 15700010, message: The DataShareHelper is not initialized successfully.
09-10 01:03:32.022  2458  2458 W A01c06/ICON: AppIconWeatherModel --> initWeatherListener, retryTimes: 4
09-10 01:03:32.025  2458  2458 E A01c06/ICON: AppIconWeatherModel --> get weather info failed, code: 15700010, message: The DataShareHelper is not initialized successfully.
09-10 01:03:33.027  2458  2458 W A01c06/ICON: AppIconWeatherModel --> initWeatherListener, retryTimes: 4
09-10 01:03:33.032  2458  2458 E A01c06/ICON: AppIconWeatherModel --> get weather info failed, code: 15700010, message: The DataShareHelper is not initialized successfully.
09-10 01:03:34.035  2458  2458 W A01c06/ICON: AppIconWeatherModel --> initWeatherListener, retryTimes: 4
09-10 01:03:34.042  2458  2458 E A01c06/ICON: AppIconWeatherModel --> get weather info failed, code: 15700010, message: The DataShareHelper is not initialized successfully.
09-10 01:03:35.043  2458  2458 W A01c06/ICON: AppIconWeatherModel --> initWeatherListener, retryTimes: 4
09-10 01:03:35.045  2458  2458 E A01c06/ICON: AppIconWeatherModel --> get weather info failed, code: 15700010, message: The DataShareHelper is not initialized successfully.
09-10 01:03:36.046  2458  2458 W A01c06/ICON: AppIconWeatherModel --> initWeatherListener, retryTimes: 4
09-10 01:03:36.049  2458  2458 E A01c06/ICON: AppIconWeatherModel --> get weather info failed, code: 15700010, message: The DataShareHelper is not initialized successfully.
09-10 01:03:37.051  2458  2458 W A01c06/ICON: AppIconWeatherModel --> initWeatherListener, retryTimes: 4
09-10 01:03:37.054  2458  2458 E A01c06/ICON: AppIconWeatherModel --> get weather info failed, code: 15700010, message: The DataShareHelper is not initialized successfully.
09-10 01:03:38.058  2458  2458 W A01c06/ICON: AppIconWeatherModel --> initWeatherListener, retryTimes: 4
09-10 01:03:38.060  2458  2458 E A01c06/ICON: AppIconWeatherModel --> get weather info failed, code: 15700010, message: The DataShareHelper is not initialized successfully.
09-10 01:03:39.066  2458  2458 W A01c06/ICON: AppIconWeatherModel --> initWeatherListener, retryTimes: 4
09-10 01:03:39.075  2458  2458 E A01c06/ICON: AppIconWeatherModel --> get weather info failed, code: 15700010, message: The DataShareHelper is not initialized successfully.
09-10 01:03:40.079  2458  2458 W A01c06/ICON: AppIconWeatherModel --> initWeatherListener, retryTimes: 4
09-10 01:03:40.083  2458  2458 E A01c06/ICON: AppIconWeatherModel --> get weather info failed, code: 15700010, message: The DataShareHelper is not initialized successfully.
09-10 01:03:41.085  2458  2458 W A01c06/ICON: AppIconWeatherModel --> initWeatherListener, retryTimes: 4
09-10 01:03:41.088  2458  2458 E A01c06/ICON: AppIconWeatherModel --> get weather info failed, code: 15700010, message: The DataShareHelper is not initialized successfully.
09-10 01:03:42.093  2458  2458 W A01c06/ICON: AppIconWeatherModel --> initWeatherListener, retryTimes: 4
09-10 01:03:42.096  2458  2458 E A01c06/ICON: AppIconWeatherModel --> get weather info failed, code: 15700010, message: The DataShareHelper is not initialized successfully.
09-10 01:03:43.100  2458  2458 W A01c06/ICON: AppIconWeatherModel --> initWeatherListener, retryTimes: 4
09-10 01:03:43.103  2458  2458 E A01c06/ICON: AppIconWeatherModel --> get weather info failed, code: 15700010, message: The DataShareHelper is not initialized successfully.
09-10 01:03:44.108  2458  2458 W A01c06/ICON: AppIconWeatherModel --> initWeatherListener, retryTimes: 4
09-10 01:03:44.114  2458  2458 E A01c06/ICON: AppIconWeatherModel --> get weather info failed, code: 15700010, message: The DataShareHelper is not initialized successfully.
09-10 01:03:45.116  2458  2458 W A01c06/ICON: AppIconWeatherModel --> initWeatherListener, retryTimes: 4
09-10 01:03:45.118  2458  2458 E A01c06/ICON: AppIconWeatherModel --> get weather info failed, code: 15700010, message: The DataShareHelper is not initialized successfully.
09-10 01:03:46.122  2458  2458 W A01c06/ICON: AppIconWeatherModel --> initWeatherListener, retryTimes: 4
09-10 01:03:46.125  2458  2458 E A01c06/ICON: AppIconWeatherModel --> get weather info failed, code: 15700010, message: The DataShareHelper is not initialized successfully.
09-10 01:03:47.129  2458  2458 W A01c06/ICON: AppIconWeatherModel --> initWeatherListener, retryTimes: 4
09-10 01:03:47.133  2458  2458 E A01c06/ICON: AppIconWeatherModel --> get weather info failed, code: 15700010, message: The DataShareHelper is not initialized successfully.
09-10 01:03:48.136  2458  2458 W A01c06/ICON: AppIconWeatherModel --> initWeatherListener, retryTimes: 4
09-10 01:03:48.138  2458  2458 E A01c06/ICON: AppIconWeatherModel --> get weather info failed, code: 15700010, message: The DataShareHelper is not initialized successfully.
09-10 01:03:49.142  2458  2458 W A01c06/ICON: AppIconWeatherModel --> initWeatherListener, retryTimes: 4
09-10 01:03:49.148  2458  2458 E A01c06/ICON: AppIconWeatherModel --> get weather info failed, code: 15700010, message: The DataShareHelper is not initialized successfully.
09-10 01:03:50.152  2458  2458 W A01c06/ICON: AppIconWeatherModel --> initWeatherListener, retryTimes: 4
09-10 01:03:50.154  2458  2458 E A01c06/ICON: AppIconWeatherModel --> get weather info failed, code: 15700010, message: The DataShareHelper is not initialized successfully.
09-10 01:03:51.158  2458  2458 W A01c06/ICON: AppIconWeatherModel --> initWeatherListener, retryTimes: 4
09-10 01:03:51.168  2458  2458 E A01c06/ICON: AppIconWeatherModel --> get weather info failed, code: 15700010, message: The DataShareHelper is not initialized successfully.
09-10 01:03:52.171  2458  2458 W A01c06/ICON: AppIconWeatherModel --> initWeatherListener, retryTimes: 4
09-10 01:03:52.175  2458  2458 E A01c06/ICON: AppIconWeatherModel --> get weather info failed, code: 15700010, message: The DataShareHelper is not initialized successfully.
09-10 01:03:53.180  2458  2458 W A01c06/ICON: AppIconWeatherModel --> initWeatherListener, retryTimes: 4
09-10 01:03:53.183  2458  2458 E A01c06/ICON: AppIconWeatherModel --> get weather info failed, code: 15700010, message: The DataShareHelper is not initialized successfully.
09-10 01:03:54.187  2458  2458 W A01c06/ICON: AppIconWeatherModel --> initWeatherListener, retryTimes: 4
09-10 01:03:54.192  2458  2458 E A01c06/ICON: AppIconWeatherModel --> get weather info failed, code: 15700010, message: The DataShareHelper is not initialized successfully.
09-10 01:03:55.194  2458  2458 W A01c06/ICON: AppIconWeatherModel --> initWeatherListener, retryTimes: 4
09-10 01:03:55.196  2458  2458 E A01c06/ICON: AppIconWeatherModel --> get weather info failed, code: 15700010, message: The DataShareHelper is not initialized successfully.
09-10 01:03:56.197  2458  2458 W A01c06/ICON: AppIconWeatherModel --> initWeatherListener, retryTimes: 4
09-10 01:03:56.198  2458  2458 E A01c06/ICON: AppIconWeatherModel --> get weather info failed, code: 15700010, message: The DataShareHelper is not initialized successfully.
09-10 01:03:57.201  2458  2458 W A01c06/ICON: AppIconWeatherModel --> initWeatherListener, retryTimes: 4
09-10 01:03:57.202  2458  2458 E A01c06/ICON: AppIconWeatherModel --> get weather info failed, code: 15700010, message: The DataShareHelper is not initialized successfully.
09-10 01:03:58.208  2458  2458 W A01c06/ICON: AppIconWeatherModel --> initWeatherListener, retryTimes: 4
09-10 01:03:58.211  2458  2458 E A01c06/ICON: AppIconWeatherModel --> get weather info failed, code: 15700010, message: The DataShareHelper is not initialized successfully.
09-10 01:03:59.212  2458  2458 W A01c06/ICON: AppIconWeatherModel --> initWeatherListener, retryTimes: 4
09-10 01:03:59.215  2458  2458 E A01c06/ICON: AppIconWeatherModel --> get weather info failed, code: 15700010, message: The DataShareHelper is not initialized successfully.
09-10 01:04:00.002  2458  2458 W A01c06/ICON: AppIconCalendarCache --> receive date change event, nowData: 10, dateText: ,image is transparent: false, image is empty: true
09-10 01:04:00.002  2458  2458 W A01c06/ICON: AppIconCalendarCache --> com.huawei.hmos.calendar is not dynamic icon, bundleName is com.huawei.hmos.calendar
09-10 01:04:00.002  2458  2458 E A01c06/ICON: AppIconCalendarCache --> backgroundImage resource error
09-10 01:04:00.002  2458  2458 E A01c06/ICON: AppIconCalendarCache --> calendarForegroundBuilder is null
09-10 01:04:00.003  2458  2458 I A01a01/NC: StatusBarSysEventUtil: onTimeChangeEvent
09-10 01:04:00.218  2458  2458 W A01c06/ICON: AppIconWeatherModel --> initWeatherListener, retryTimes: 4
09-10 01:04:00.221  2458  2458 E A01c06/ICON: AppIconWeatherModel --> get weather info failed, code: 15700010, message: The DataShareHelper is not initialized successfully.
09-10 01:04:01.226  2458  2458 W A01c06/ICON: AppIconWeatherModel --> initWeatherListener, retryTimes: 4
09-10 01:04:01.231  2458  2458 E A01c06/ICON: AppIconWeatherModel --> get weather info failed, code: 15700010, message: The DataShareHelper is not initialized successfully.
09-10 01:04:02.232  2458  2458 W A01c06/ICON: AppIconWeatherModel --> initWeatherListener, retryTimes: 4
09-10 01:04:02.234  2458  2458 E A01c06/ICON: AppIconWeatherModel --> get weather info failed, code: 15700010, message: The DataShareHelper is not initialized successfully.
09-10 01:04:03.236  2458  2458 W A01c06/ICON: AppIconWeatherModel --> initWeatherListener, retryTimes: 4
09-10 01:04:03.238  2458  2458 E A01c06/ICON: AppIconWeatherModel --> get weather info failed, code: 15700010, message: The DataShareHelper is not initialized successfully.
09-10 01:04:04.241  2458  2458 W A01c06/ICON: AppIconWeatherModel --> initWeatherListener, retryTimes: 4
09-10 01:04:04.244  2458  2458 E A01c06/ICON: AppIconWeatherModel --> get weather info failed, code: 15700010, message: The DataShareHelper is not initialized successfully.
09-10 01:04:05.246  2458  2458 W A01c06/ICON: AppIconWeatherModel --> initWeatherListener, retryTimes: 4
09-10 01:04:05.247  2458  2458 E A01c06/ICON: AppIconWeatherModel --> get weather info failed, code: 15700010, message: The DataShareHelper is not initialized successfully.
09-10 01:04:06.250  2458  2458 W A01c06/ICON: AppIconWeatherModel --> initWeatherListener, retryTimes: 4
09-10 01:04:06.252  2458  2458 E A01c06/ICON: AppIconWeatherModel --> get weather info failed, code: 15700010, message: The DataShareHelper is not initialized successfully.
09-10 01:04:07.258  2458  2458 W A01c06/ICON: AppIconWeatherModel --> initWeatherListener, retryTimes: 4
09-10 01:04:07.260  2458  2458 E A01c06/ICON: AppIconWeatherModel --> get weather info failed, code: 15700010, message: The DataShareHelper is not initialized successfully.
09-10 01:04:08.261  2458  2458 W A01c06/ICON: AppIconWeatherModel --> initWeatherListener, retryTimes: 4
09-10 01:04:08.263  2458  2458 E A01c06/ICON: AppIconWeatherModel --> get weather info failed, code: 15700010, message: The DataShareHelper is not initialized successfully.
09-10 01:04:09.264  2458  2458 W A01c06/ICON: AppIconWeatherModel --> initWeatherListener, retryTimes: 4
09-10 01:04:09.268  2458  2458 E A01c06/ICON: AppIconWeatherModel --> get weather info failed, code: 15700010, message: The DataShareHelper is not initialized successfully.
09-10 01:04:10.271  2458  2458 W A01c06/ICON: AppIconWeatherModel --> initWeatherListener, retryTimes: 4
09-10 01:04:10.272  2458  2458 E A01c06/ICON: AppIconWeatherModel --> get weather info failed, code: 15700010, message: The DataShareHelper is not initialized successfully.
09-10 01:04:11.274  2458  2458 W A01c06/ICON: AppIconWeatherModel --> initWeatherListener, retryTimes: 4
09-10 01:04:11.276  2458  2458 E A01c06/ICON: AppIconWeatherModel --> get weather info failed, code: 15700010, message: The DataShareHelper is not initialized successfully.
09-10 01:04:12.278  2458  2458 W A01c06/ICON: AppIconWeatherModel --> initWeatherListener, retryTimes: 4
09-10 01:04:12.280  2458  2458 E A01c06/ICON: AppIconWeatherModel --> get weather info failed, code: 15700010, message: The DataShareHelper is not initialized successfully.
09-10 01:04:13.281  2458  2458 W A01c06/ICON: AppIconWeatherModel --> initWeatherListener, retryTimes: 4
09-10 01:04:13.283  2458  2458 E A01c06/ICON: AppIconWeatherModel --> get weather info failed, code: 15700010, message: The DataShareHelper is not initialized successfully.
09-10 01:04:14.285  2458  2458 W A01c06/ICON: AppIconWeatherModel --> initWeatherListener, retryTimes: 4
09-10 01:04:14.288  2458  2458 E A01c06/ICON: AppIconWeatherModel --> get weather info failed, code: 15700010, message: The DataShareHelper is not initialized successfully.
09-10 01:04:15.290  2458  2458 W A01c06/ICON: AppIconWeatherModel --> initWeatherListener, retryTimes: 4
09-10 01:04:15.292  2458  2458 E A01c06/ICON: AppIconWeatherModel --> get weather info failed, code: 15700010, message: The DataShareHelper is not initialized successfully.
09-10 01:04:16.294  2458  2458 W A01c06/ICON: AppIconWeatherModel --> initWeatherListener, retryTimes: 4
09-10 01:04:16.295  2458  2458 E A01c06/ICON: AppIconWeatherModel --> get weather info failed, code: 15700010, message: The DataShareHelper is not initialized successfully.
09-10 01:04:17.297  2458  2458 W A01c06/ICON: AppIconWeatherModel --> initWeatherListener, retryTimes: 4
09-10 01:04:17.299  2458  2458 E A01c06/ICON: AppIconWeatherModel --> get weather info failed, code: 15700010, message: The DataShareHelper is not initialized successfully.
09-10 01:04:18.301  2458  2458 W A01c06/ICON: AppIconWeatherModel --> initWeatherListener, retryTimes: 4
09-10 01:04:18.303  2458  2458 E A01c06/ICON: AppIconWeatherModel --> get weather info failed, code: 15700010, message: The DataShareHelper is not initialized successfully.
09-10 01:04:19.305  2458  2458 W A01c06/ICON: AppIconWeatherModel --> initWeatherListener, retryTimes: 4
09-10 01:04:19.309  2458  2458 E A01c06/ICON: AppIconWeatherModel --> get weather info failed, code: 15700010, message: The DataShareHelper is not initialized successfully.
09-10 01:04:20.311  2458  2458 W A01c06/ICON: AppIconWeatherModel --> initWeatherListener, retryTimes: 4
09-10 01:04:20.316  2458  2458 E A01c06/ICON: AppIconWeatherModel --> get weather info failed, code: 15700010, message: The DataShareHelper is not initialized successfully.
09-10 01:04:21.319  2458  2458 W A01c06/ICON: AppIconWeatherModel --> initWeatherListener, retryTimes: 4
09-10 01:04:21.323  2458  2458 E A01c06/ICON: AppIconWeatherModel --> get weather info failed, code: 15700010, message: The DataShareHelper is not initialized successfully.
09-10 01:04:22.325  2458  2458 W A01c06/ICON: AppIconWeatherModel --> initWeatherListener, retryTimes: 4
09-10 01:04:22.327  2458  2458 E A01c06/ICON: AppIconWeatherModel --> get weather info failed, code: 15700010, message: The DataShareHelper is not initialized successfully.
09-10 01:04:23.328  2458  2458 W A01c06/ICON: AppIconWeatherModel --> initWeatherListener, retryTimes: 4
09-10 01:04:23.331  2458  2458 E A01c06/ICON: AppIconWeatherModel --> get weather info failed, code: 15700010, message: The DataShareHelper is not initialized successfully.
09-10 01:04:24.337  2458  2458 W A01c06/ICON: AppIconWeatherModel --> initWeatherListener, retryTimes: 4
09-10 01:04:24.340  2458  2458 E A01c06/ICON: AppIconWeatherModel --> get weather info failed, code: 15700010, message: The DataShareHelper is not initialized successfully.
09-10 01:04:25.342  2458  2458 W A01c06/ICON: AppIconWeatherModel --> initWeatherListener, retryTimes: 4
09-10 01:04:25.344  2458  2458 E A01c06/ICON: AppIconWeatherModel --> get weather info failed, code: 15700010, message: The DataShareHelper is not initialized successfully.
09-10 01:04:26.348  2458  2458 W A01c06/ICON: AppIconWeatherModel --> initWeatherListener, retryTimes: 4
09-10 01:04:26.351  2458  2458 E A01c06/ICON: AppIconWeatherModel --> get weather info failed, code: 15700010, message: The DataShareHelper is not initialized successfully.
09-10 01:04:27.352  2458  2458 W A01c06/ICON: AppIconWeatherModel --> initWeatherListener, retryTimes: 4
09-10 01:04:27.353  2458  2458 E A01c06/ICON: AppIconWeatherModel --> get weather info failed, code: 15700010, message: The DataShareHelper is not initialized successfully.
09-10 01:04:28.356  2458  2458 W A01c06/ICON: AppIconWeatherModel --> initWeatherListener, retryTimes: 4
09-10 01:04:28.358  2458  2458 E A01c06/ICON: AppIconWeatherModel --> get weather info failed, code: 15700010, message: The DataShareHelper is not initialized successfully.
09-10 01:04:29.363  2458  2458 W A01c06/ICON: AppIconWeatherModel --> initWeatherListener, retryTimes: 4
09-10 01:04:29.367  2458  2458 E A01c06/ICON: AppIconWeatherModel --> get weather info failed, code: 15700010, message: The DataShareHelper is not initialized successfully.
09-10 01:04:30.371  2458  2458 W A01c06/ICON: AppIconWeatherModel --> initWeatherListener, retryTimes: 4
09-10 01:04:30.373  2458  2458 E A01c06/ICON: AppIconWeatherModel --> get weather info failed, code: 15700010, message: The DataShareHelper is not initialized successfully.
09-10 01:04:31.378  2458  2458 W A01c06/ICON: AppIconWeatherModel --> initWeatherListener, retryTimes: 4
09-10 01:04:31.380  2458  2458 E A01c06/ICON: AppIconWeatherModel --> get weather info failed, code: 15700010, message: The DataShareHelper is not initialized successfully.
09-10 01:04:32.384  2458  2458 W A01c06/ICON: AppIconWeatherModel --> initWeatherListener, retryTimes: 4
09-10 01:04:32.390  2458  2458 E A01c06/ICON: AppIconWeatherModel --> get weather info failed, code: 15700010, message: The DataShareHelper is not initialized successfully.
09-10 01:04:33.392  2458  2458 W A01c06/ICON: AppIconWeatherModel --> initWeatherListener, retryTimes: 4
09-10 01:04:33.396  2458  2458 E A01c06/ICON: AppIconWeatherModel --> get weather info failed, code: 15700010, message: The DataShareHelper is not initialized successfully.
09-10 01:04:34.397  2458  2458 W A01c06/ICON: AppIconWeatherModel --> initWeatherListener, retryTimes: 4
09-10 01:04:34.413  2458  2458 E A01c06/ICON: AppIconWeatherModel --> get weather info failed, code: 15700010, message: The DataShareHelper is not initialized successfully.
09-10 01:04:35.417  2458  2458 W A01c06/ICON: AppIconWeatherModel --> initWeatherListener, retryTimes: 4
09-10 01:04:35.420  2458  2458 E A01c06/ICON: AppIconWeatherModel --> get weather info failed, code: 15700010, message: The DataShareHelper is not initialized successfully.
09-10 01:04:36.424  2458  2458 W A01c06/ICON: AppIconWeatherModel --> initWeatherListener, retryTimes: 4
09-10 01:04:36.427  2458  2458 E A01c06/ICON: AppIconWeatherModel --> get weather info failed, code: 15700010, message: The DataShareHelper is not initialized successfully.
09-10 01:04:37.432  2458  2458 W A01c06/ICON: AppIconWeatherModel --> initWeatherListener, retryTimes: 4
09-10 01:04:37.434  2458  2458 E A01c06/ICON: AppIconWeatherModel --> get weather info failed, code: 15700010, message: The DataShareHelper is not initialized successfully.
09-10 01:04:38.440  2458  2458 W A01c06/ICON: AppIconWeatherModel --> initWeatherListener, retryTimes: 4
09-10 01:04:38.443  2458  2458 E A01c06/ICON: AppIconWeatherModel --> get weather info failed, code: 15700010, message: The DataShareHelper is not initialized successfully.
09-10 01:04:39.445  2458  2458 W A01c06/ICON: AppIconWeatherModel --> initWeatherListener, retryTimes: 4
09-10 01:04:39.454  2458  2458 E A01c06/ICON: AppIconWeatherModel --> get weather info failed, code: 15700010, message: The DataShareHelper is not initialized successfully.
09-10 01:04:40.455  2458  2458 W A01c06/ICON: AppIconWeatherModel --> initWeatherListener, retryTimes: 4
09-10 01:04:40.457  2458  2458 E A01c06/ICON: AppIconWeatherModel --> get weather info failed, code: 15700010, message: The DataShareHelper is not initialized successfully.
09-10 01:04:41.462  2458  2458 W A01c06/ICON: AppIconWeatherModel --> initWeatherListener, retryTimes: 4
09-10 01:04:41.465  2458  2458 E A01c06/ICON: AppIconWeatherModel --> get weather info failed, code: 15700010, message: The DataShareHelper is not initialized successfully.
09-10 01:04:42.467  2458  2458 W A01c06/ICON: AppIconWeatherModel --> initWeatherListener, retryTimes: 4
09-10 01:04:42.470  2458  2458 E A01c06/ICON: AppIconWeatherModel --> get weather info failed, code: 15700010, message: The DataShareHelper is not initialized successfully.
09-10 01:04:43.472  2458  2458 W A01c06/ICON: AppIconWeatherModel --> initWeatherListener, retryTimes: 4
09-10 01:04:43.475  2458  2458 E A01c06/ICON: AppIconWeatherModel --> get weather info failed, code: 15700010, message: The DataShareHelper is not initialized successfully.
09-10 01:04:44.477  2458  2458 W A01c06/ICON: AppIconWeatherModel --> initWeatherListener, retryTimes: 4
09-10 01:04:44.483  2458  2458 E A01c06/ICON: AppIconWeatherModel --> get weather info failed, code: 15700010, message: The DataShareHelper is not initialized successfully.
09-10 01:04:45.485  2458  2458 W A01c06/ICON: AppIconWeatherModel --> initWeatherListener, retryTimes: 4
09-10 01:04:45.488  2458  2458 E A01c06/ICON: AppIconWeatherModel --> get weather info failed, code: 15700010, message: The DataShareHelper is not initialized successfully.
09-10 01:04:46.490  2458  2458 W A01c06/ICON: AppIconWeatherModel --> initWeatherListener, retryTimes: 4
09-10 01:04:46.494  2458  2458 E A01c06/ICON: AppIconWeatherModel --> get weather info failed, code: 15700010, message: The DataShareHelper is not initialized successfully.
09-10 01:04:47.495  2458  2458 W A01c06/ICON: AppIconWeatherModel --> initWeatherListener, retryTimes: 4
09-10 01:04:47.498  2458  2458 E A01c06/ICON: AppIconWeatherModel --> get weather info failed, code: 15700010, message: The DataShareHelper is not initialized successfully.
09-10 01:04:48.502  2458  2458 W A01c06/ICON: AppIconWeatherModel --> initWeatherListener, retryTimes: 4
09-10 01:04:48.504  2458  2458 E A01c06/ICON: AppIconWeatherModel --> get weather info failed, code: 15700010, message: The DataShareHelper is not initialized successfully.
09-10 01:04:49.506  2458  2458 W A01c06/ICON: AppIconWeatherModel --> initWeatherListener, retryTimes: 4
09-10 01:04:49.510  2458  2458 E A01c06/ICON: AppIconWeatherModel --> get weather info failed, code: 15700010, message: The DataShareHelper is not initialized successfully.
09-10 01:04:50.512  2458  2458 W A01c06/ICON: AppIconWeatherModel --> initWeatherListener, retryTimes: 4
09-10 01:04:50.515  2458  2458 E A01c06/ICON: AppIconWeatherModel --> get weather info failed, code: 15700010, message: The DataShareHelper is not initialized successfully.
09-10 01:04:51.517  2458  2458 W A01c06/ICON: AppIconWeatherModel --> initWeatherListener, retryTimes: 4
09-10 01:04:51.519  2458  2458 E A01c06/ICON: AppIconWeatherModel --> get weather info failed, code: 15700010, message: The DataShareHelper is not initialized successfully.
09-10 01:04:52.521  2458  2458 W A01c06/ICON: AppIconWeatherModel --> initWeatherListener, retryTimes: 4
09-10 01:04:52.525  2458  2458 E A01c06/ICON: AppIconWeatherModel --> get weather info failed, code: 15700010, message: The DataShareHelper is not initialized successfully.
09-10 01:04:53.527  2458  2458 W A01c06/ICON: AppIconWeatherModel --> initWeatherListener, retryTimes: 4
09-10 01:04:53.529  2458  2458 E A01c06/ICON: AppIconWeatherModel --> get weather info failed, code: 15700010, message: The DataShareHelper is not initialized successfully.
09-10 01:04:54.533  2458  2458 W A01c06/ICON: AppIconWeatherModel --> initWeatherListener, retryTimes: 4
09-10 01:04:54.552  2458  2458 E A01c06/ICON: AppIconWeatherModel --> get weather info failed, code: 15700010, message: The DataShareHelper is not initialized successfully.
09-10 01:04:55.554  2458  2458 W A01c06/ICON: AppIconWeatherModel --> initWeatherListener, retryTimes: 4
09-10 01:04:55.557  2458  2458 E A01c06/ICON: AppIconWeatherModel --> get weather info failed, code: 15700010, message: The DataShareHelper is not initialized successfully.
09-10 01:04:56.559  2458  2458 W A01c06/ICON: AppIconWeatherModel --> initWeatherListener, retryTimes: 4
09-10 01:04:56.563  2458  2458 E A01c06/ICON: AppIconWeatherModel --> get weather info failed, code: 15700010, message: The DataShareHelper is not initialized successfully.
09-10 01:04:57.566  2458  2458 W A01c06/ICON: AppIconWeatherModel --> initWeatherListener, retryTimes: 4
09-10 01:04:57.570  2458  2458 E A01c06/ICON: AppIconWeatherModel --> get weather info failed, code: 15700010, message: The DataShareHelper is not initialized successfully.
09-10 01:04:58.571  2458  2458 W A01c06/ICON: AppIconWeatherModel --> initWeatherListener, retryTimes: 4
09-10 01:04:58.573  2458  2458 E A01c06/ICON: AppIconWeatherModel --> get weather info failed, code: 15700010, message: The DataShareHelper is not initialized successfully.
09-10 01:04:59.575  2458  2458 W A01c06/ICON: AppIconWeatherModel --> initWeatherListener, retryTimes: 4
09-10 01:04:59.581  2458  2458 E A01c06/ICON: AppIconWeatherModel --> get weather info failed, code: 15700010, message: The DataShareHelper is not initialized successfully.
09-10 01:05:00.002  2458  2458 I A01a01/NC: StatusBarSysEventUtil: onTimeChangeEvent
09-10 01:05:00.003  2458  2458 W A01c06/ICON: AppIconCalendarCache --> receive date change event, nowData: 10, dateText: ,image is transparent: false, image is empty: true
09-10 01:05:00.004  2458  2458 W A01c06/ICON: AppIconCalendarCache --> com.huawei.hmos.calendar is not dynamic icon, bundleName is com.huawei.hmos.calendar
09-10 01:05:00.004  2458  2458 E A01c06/ICON: AppIconCalendarCache --> backgroundImage resource error
09-10 01:05:00.004  2458  2458 E A01c06/ICON: AppIconCalendarCache --> calendarForegroundBuilder is null
09-10 01:05:00.582  2458  2458 W A01c06/ICON: AppIconWeatherModel --> initWeatherListener, retryTimes: 4
09-10 01:05:00.585  2458  2458 E A01c06/ICON: AppIconWeatherModel --> get weather info failed, code: 15700010, message: The DataShareHelper is not initialized successfully.
09-10 01:05:01.588  2458  2458 W A01c06/ICON: AppIconWeatherModel --> initWeatherListener, retryTimes: 4
09-10 01:05:01.591  2458  2458 E A01c06/ICON: AppIconWeatherModel --> get weather info failed, code: 15700010, message: The DataShareHelper is not initialized successfully.
09-10 01:05:02.596  2458  2458 W A01c06/ICON: AppIconWeatherModel --> initWeatherListener, retryTimes: 4
09-10 01:05:02.598  2458  2458 E A01c06/ICON: AppIconWeatherModel --> get weather info failed, code: 15700010, message: The DataShareHelper is not initialized successfully.
09-10 01:05:02.722  2458  2458 I A04215/WMSHierarchy: request top id: 69, 5
09-10 01:05:02.722  2458  2458 I A04215/WMSHierarchy: onRaiseSceneToTop with persistentId:69
09-10 01:05:02.723  2458  2458 I A04200/WINDOW: SCBSPVM: getSceneContainerSessionWithPersistentId from containerSessionList id: 69
09-10 01:05:02.723  2458  2458 I A04200/WINDOW: SCBSPM: Remove container id: 26, 69
09-10 01:05:02.723  2458  2458 I A01b09/RECENT: RecentDockRefreshAlarm: start alarm recent dock: EntryAbility/io.reader.harmonyos/entry/0(persistentId: 69)(containerId: 26)
09-10 01:05:02.824  2458  2458 I A01b09/RECENT: RecentDockRefreshAlarm: refresh recent dock: EntryAbility/io.reader.harmonyos/entry/0(persistentId: 69)(containerId: 26)
09-10 01:05:03.599  2458  2458 W A01c06/ICON: AppIconWeatherModel --> initWeatherListener, retryTimes: 4
09-10 01:05:03.603  2458  2458 E A01c06/ICON: AppIconWeatherModel --> get weather info failed, code: 15700010, message: The DataShareHelper is not initialized successfully.
09-10 01:05:04.607  2458  2458 W A01c06/ICON: AppIconWeatherModel --> initWeatherListener, retryTimes: 4
09-10 01:05:04.612  2458  2458 E A01c06/ICON: AppIconWeatherModel --> get weather info failed, code: 15700010, message: The DataShareHelper is not initialized successfully.
09-10 01:05:05.613  2458  2458 W A01c06/ICON: AppIconWeatherModel --> initWeatherListener, retryTimes: 4
09-10 01:05:05.616  2458  2458 E A01c06/ICON: AppIconWeatherModel --> get weather info failed, code: 15700010, message: The DataShareHelper is not initialized successfully.
09-10 01:05:06.619  2458  2458 W A01c06/ICON: AppIconWeatherModel --> initWeatherListener, retryTimes: 4
09-10 01:05:06.623  2458  2458 E A01c06/ICON: AppIconWeatherModel --> get weather info failed, code: 15700010, message: The DataShareHelper is not initialized successfully.
09-10 01:05:07.624  2458  2458 W A01c06/ICON: AppIconWeatherModel --> initWeatherListener, retryTimes: 4
09-10 01:05:07.628  2458  2458 E A01c06/ICON: AppIconWeatherModel --> get weather info failed, code: 15700010, message: The DataShareHelper is not initialized successfully.
09-10 01:05:08.634  2458  2458 W A01c06/ICON: AppIconWeatherModel --> initWeatherListener, retryTimes: 4
09-10 01:05:08.636  2458  2458 E A01c06/ICON: AppIconWeatherModel --> get weather info failed, code: 15700010, message: The DataShareHelper is not initialized successfully.
09-10 01:05:09.639  2458  2458 W A01c06/ICON: AppIconWeatherModel --> initWeatherListener, retryTimes: 4
09-10 01:05:09.643  2458  2458 E A01c06/ICON: AppIconWeatherModel --> get weather info failed, code: 15700010, message: The DataShareHelper is not initialized successfully.
09-10 01:05:10.647  2458  2458 W A01c06/ICON: AppIconWeatherModel --> initWeatherListener, retryTimes: 4
09-10 01:05:10.649  2458  2458 E A01c06/ICON: AppIconWeatherModel --> get weather info failed, code: 15700010, message: The DataShareHelper is not initialized successfully.
09-10 01:05:11.653  2458  2458 W A01c06/ICON: AppIconWeatherModel --> initWeatherListener, retryTimes: 4
09-10 01:05:11.655  2458  2458 E A01c06/ICON: AppIconWeatherModel --> get weather info failed, code: 15700010, message: The DataShareHelper is not initialized successfully.
09-10 01:05:12.658  2458  2458 W A01c06/ICON: AppIconWeatherModel --> initWeatherListener, retryTimes: 4
09-10 01:05:12.660  2458  2458 E A01c06/ICON: AppIconWeatherModel --> get weather info failed, code: 15700010, message: The DataShareHelper is not initialized successfully.
09-10 01:05:13.661  2458  2458 W A01c06/ICON: AppIconWeatherModel --> initWeatherListener, retryTimes: 4
09-10 01:05:13.663  2458  2458 E A01c06/ICON: AppIconWeatherModel --> get weather info failed, code: 15700010, message: The DataShareHelper is not initialized successfully.
09-10 01:05:14.665  2458  2458 W A01c06/ICON: AppIconWeatherModel --> initWeatherListener, retryTimes: 4
09-10 01:05:14.684  2458  2458 E A01c06/ICON: AppIconWeatherModel --> get weather info failed, code: 15700010, message: The DataShareHelper is not initialized successfully.
09-10 01:05:15.688  2458  2458 W A01c06/ICON: AppIconWeatherModel --> initWeatherListener, retryTimes: 4
09-10 01:05:15.689  2458  2458 E A01c06/ICON: AppIconWeatherModel --> get weather info failed, code: 15700010, message: The DataShareHelper is not initialized successfully.
09-10 01:05:16.692  2458  2458 W A01c06/ICON: AppIconWeatherModel --> initWeatherListener, retryTimes: 4
09-10 01:05:16.693  2458  2458 E A01c06/ICON: AppIconWeatherModel --> get weather info failed, code: 15700010, message: The DataShareHelper is not initialized successfully.
09-10 01:05:17.695  2458  2458 W A01c06/ICON: AppIconWeatherModel --> initWeatherListener, retryTimes: 4
09-10 01:05:17.696  2458  2458 E A01c06/ICON: AppIconWeatherModel --> get weather info failed, code: 15700010, message: The DataShareHelper is not initialized successfully.
09-10 01:05:18.699  2458  2458 W A01c06/ICON: AppIconWeatherModel --> initWeatherListener, retryTimes: 4
09-10 01:05:18.701  2458  2458 E A01c06/ICON: AppIconWeatherModel --> get weather info failed, code: 15700010, message: The DataShareHelper is not initialized successfully.
09-10 01:05:19.703  2458  2458 W A01c06/ICON: AppIconWeatherModel --> initWeatherListener, retryTimes: 4
09-10 01:05:19.704  2458  2458 E A01c06/ICON: AppIconWeatherModel --> get weather info failed, code: 15700010, message: The DataShareHelper is not initialized successfully.
09-10 01:05:20.704  2458  2458 W A01c06/ICON: AppIconWeatherModel --> initWeatherListener, retryTimes: 4
09-10 01:05:20.706  2458  2458 E A01c06/ICON: AppIconWeatherModel --> get weather info failed, code: 15700010, message: The DataShareHelper is not initialized successfully.
09-10 01:05:21.707  2458  2458 W A01c06/ICON: AppIconWeatherModel --> initWeatherListener, retryTimes: 4
09-10 01:05:21.709  2458  2458 E A01c06/ICON: AppIconWeatherModel --> get weather info failed, code: 15700010, message: The DataShareHelper is not initialized successfully.
09-10 01:05:22.711  2458  2458 W A01c06/ICON: AppIconWeatherModel --> initWeatherListener, retryTimes: 4
09-10 01:05:22.713  2458  2458 E A01c06/ICON: AppIconWeatherModel --> get weather info failed, code: 15700010, message: The DataShareHelper is not initialized successfully.
09-10 01:05:23.714  2458  2458 W A01c06/ICON: AppIconWeatherModel --> initWeatherListener, retryTimes: 4
09-10 01:05:23.716  2458  2458 E A01c06/ICON: AppIconWeatherModel --> get weather info failed, code: 15700010, message: The DataShareHelper is not initialized successfully.
09-10 01:05:24.719  2458  2458 W A01c06/ICON: AppIconWeatherModel --> initWeatherListener, retryTimes: 4
09-10 01:05:24.724  2458  2458 E A01c06/ICON: AppIconWeatherModel --> get weather info failed, code: 15700010, message: The DataShareHelper is not initialized successfully.
09-10 01:05:25.724  2458  2458 W A01c06/ICON: AppIconWeatherModel --> initWeatherListener, retryTimes: 4
09-10 01:05:25.726  2458  2458 E A01c06/ICON: AppIconWeatherModel --> get weather info failed, code: 15700010, message: The DataShareHelper is not initialized successfully.
09-10 01:05:26.728  2458  2458 W A01c06/ICON: AppIconWeatherModel --> initWeatherListener, retryTimes: 4
09-10 01:05:26.730  2458  2458 E A01c06/ICON: AppIconWeatherModel --> get weather info failed, code: 15700010, message: The DataShareHelper is not initialized successfully.
09-10 01:05:27.731  2458  2458 W A01c06/ICON: AppIconWeatherModel --> initWeatherListener, retryTimes: 4
09-10 01:05:27.734  2458  2458 E A01c06/ICON: AppIconWeatherModel --> get weather info failed, code: 15700010, message: The DataShareHelper is not initialized successfully.
09-10 01:05:28.735  2458  2458 W A01c06/ICON: AppIconWeatherModel --> initWeatherListener, retryTimes: 4
09-10 01:05:28.737  2458  2458 E A01c06/ICON: AppIconWeatherModel --> get weather info failed, code: 15700010, message: The DataShareHelper is not initialized successfully.
09-10 01:05:29.739  2458  2458 W A01c06/ICON: AppIconWeatherModel --> initWeatherListener, retryTimes: 4
09-10 01:05:29.743  2458  2458 E A01c06/ICON: AppIconWeatherModel --> get weather info failed, code: 15700010, message: The DataShareHelper is not initialized successfully.
09-10 01:05:30.745  2458  2458 W A01c06/ICON: AppIconWeatherModel --> initWeatherListener, retryTimes: 4
09-10 01:05:30.747  2458  2458 E A01c06/ICON: AppIconWeatherModel --> get weather info failed, code: 15700010, message: The DataShareHelper is not initialized successfully.
09-10 01:05:31.747  2458  2458 W A01c06/ICON: AppIconWeatherModel --> initWeatherListener, retryTimes: 4
09-10 01:05:31.749  2458  2458 E A01c06/ICON: AppIconWeatherModel --> get weather info failed, code: 15700010, message: The DataShareHelper is not initialized successfully.
09-10 01:05:32.751  2458  2458 W A01c06/ICON: AppIconWeatherModel --> initWeatherListener, retryTimes: 4
09-10 01:05:32.752  2458  2458 E A01c06/ICON: AppIconWeatherModel --> get weather info failed, code: 15700010, message: The DataShareHelper is not initialized successfully.
09-10 01:05:33.755  2458  2458 W A01c06/ICON: AppIconWeatherModel --> initWeatherListener, retryTimes: 4
09-10 01:05:33.756  2458  2458 E A01c06/ICON: AppIconWeatherModel --> get weather info failed, code: 15700010, message: The DataShareHelper is not initialized successfully.
09-10 01:05:34.757  2458  2458 W A01c06/ICON: AppIconWeatherModel --> initWeatherListener, retryTimes: 4
09-10 01:05:34.760  2458  2458 E A01c06/ICON: AppIconWeatherModel --> get weather info failed, code: 15700010, message: The DataShareHelper is not initialized successfully.
09-10 01:05:35.762  2458  2458 W A01c06/ICON: AppIconWeatherModel --> initWeatherListener, retryTimes: 4
09-10 01:05:35.764  2458  2458 E A01c06/ICON: AppIconWeatherModel --> get weather info failed, code: 15700010, message: The DataShareHelper is not initialized successfully.
09-10 01:05:36.766  2458  2458 W A01c06/ICON: AppIconWeatherModel --> initWeatherListener, retryTimes: 4
09-10 01:05:36.768  2458  2458 E A01c06/ICON: AppIconWeatherModel --> get weather info failed, code: 15700010, message: The DataShareHelper is not initialized successfully.
09-10 01:05:37.768  2458  2458 I A04215/WMSHierarchy: request top id: 69, 5
09-10 01:05:37.769  2458  2458 I A04215/WMSHierarchy: onRaiseSceneToTop with persistentId:69
09-10 01:05:37.769  2458  2458 I A04200/WINDOW: SCBSPVM: getSceneContainerSessionWithPersistentId from containerSessionList id: 69
09-10 01:05:37.769  2458  2458 I A04200/WINDOW: SCBSPM: Remove container id: 26, 69
09-10 01:05:37.770  2458  2458 I A01b09/RECENT: RecentDockRefreshAlarm: start alarm recent dock: EntryAbility/io.reader.harmonyos/entry/0(persistentId: 69)(containerId: 26)
09-10 01:05:37.770  2458  2458 W A01c06/ICON: AppIconWeatherModel --> initWeatherListener, retryTimes: 4
09-10 01:05:37.779  2458  2458 E A01c06/ICON: AppIconWeatherModel --> get weather info failed, code: 15700010, message: The DataShareHelper is not initialized successfully.
09-10 01:05:37.872  2458  2458 I A01b09/RECENT: RecentDockRefreshAlarm: refresh recent dock: EntryAbility/io.reader.harmonyos/entry/0(persistentId: 69)(containerId: 26)
09-10 01:05:38.781  2458  2458 W A01c06/ICON: AppIconWeatherModel --> initWeatherListener, retryTimes: 4
09-10 01:05:38.791  2458  2458 E A01c06/ICON: AppIconWeatherModel --> get weather info failed, code: 15700010, message: The DataShareHelper is not initialized successfully.
09-10 01:05:39.793  2458  2458 W A01c06/ICON: AppIconWeatherModel --> initWeatherListener, retryTimes: 4
09-10 01:05:39.800  2458  2458 E A01c06/ICON: AppIconWeatherModel --> get weather info failed, code: 15700010, message: The DataShareHelper is not initialized successfully.
09-10 01:05:40.802  2458  2458 W A01c06/ICON: AppIconWeatherModel --> initWeatherListener, retryTimes: 4
09-10 01:05:40.804  2458  2458 E A01c06/ICON: AppIconWeatherModel --> get weather info failed, code: 15700010, message: The DataShareHelper is not initialized successfully.
09-10 01:05:41.806  2458  2458 W A01c06/ICON: AppIconWeatherModel --> initWeatherListener, retryTimes: 4
09-10 01:05:41.808  2458  2458 E A01c06/ICON: AppIconWeatherModel --> get weather info failed, code: 15700010, message: The DataShareHelper is not initialized successfully.
09-10 01:05:42.809  2458  2458 W A01c06/ICON: AppIconWeatherModel --> initWeatherListener, retryTimes: 4
09-10 01:05:42.812  2458  2458 E A01c06/ICON: AppIconWeatherModel --> get weather info failed, code: 15700010, message: The DataShareHelper is not initialized successfully.
09-10 01:05:43.813  2458  2458 W A01c06/ICON: AppIconWeatherModel --> initWeatherListener, retryTimes: 4
09-10 01:05:43.814  2458  2458 E A01c06/ICON: AppIconWeatherModel --> get weather info failed, code: 15700010, message: The DataShareHelper is not initialized successfully.
09-10 01:05:44.815  2458  2458 W A01c06/ICON: AppIconWeatherModel --> initWeatherListener, retryTimes: 4
09-10 01:05:44.819  2458  2458 E A01c06/ICON: AppIconWeatherModel --> get weather info failed, code: 15700010, message: The DataShareHelper is not initialized successfully.
09-10 01:05:45.822  2458  2458 W A01c06/ICON: AppIconWeatherModel --> initWeatherListener, retryTimes: 4
09-10 01:05:45.824  2458  2458 E A01c06/ICON: AppIconWeatherModel --> get weather info failed, code: 15700010, message: The DataShareHelper is not initialized successfully.
09-10 01:05:46.824  2458  2458 W A01c06/ICON: AppIconWeatherModel --> initWeatherListener, retryTimes: 4
09-10 01:05:46.826  2458  2458 E A01c06/ICON: AppIconWeatherModel --> get weather info failed, code: 15700010, message: The DataShareHelper is not initialized successfully.
09-10 01:05:47.828  2458  2458 W A01c06/ICON: AppIconWeatherModel --> initWeatherListener, retryTimes: 4
09-10 01:05:47.830  2458  2458 E A01c06/ICON: AppIconWeatherModel --> get weather info failed, code: 15700010, message: The DataShareHelper is not initialized successfully.
09-10 01:05:48.832  2458  2458 W A01c06/ICON: AppIconWeatherModel --> initWeatherListener, retryTimes: 4
09-10 01:05:48.834  2458  2458 E A01c06/ICON: AppIconWeatherModel --> get weather info failed, code: 15700010, message: The DataShareHelper is not initialized successfully.
09-10 01:05:49.835  2458  2458 W A01c06/ICON: AppIconWeatherModel --> initWeatherListener, retryTimes: 4
09-10 01:05:49.838  2458  2458 E A01c06/ICON: AppIconWeatherModel --> get weather info failed, code: 15700010, message: The DataShareHelper is not initialized successfully.
09-10 01:05:50.841  2458  2458 W A01c06/ICON: AppIconWeatherModel --> initWeatherListener, retryTimes: 4
09-10 01:05:50.842  2458  2458 E A01c06/ICON: AppIconWeatherModel --> get weather info failed, code: 15700010, message: The DataShareHelper is not initialized successfully.
09-10 01:05:51.843  2458  2458 W A01c06/ICON: AppIconWeatherModel --> initWeatherListener, retryTimes: 4
09-10 01:05:51.845  2458  2458 E A01c06/ICON: AppIconWeatherModel --> get weather info failed, code: 15700010, message: The DataShareHelper is not initialized successfully.
09-10 01:05:52.846  2458  2458 W A01c06/ICON: AppIconWeatherModel --> initWeatherListener, retryTimes: 4
09-10 01:05:52.847  2458  2458 E A01c06/ICON: AppIconWeatherModel --> get weather info failed, code: 15700010, message: The DataShareHelper is not initialized successfully.
09-10 01:05:53.850  2458  2458 W A01c06/ICON: AppIconWeatherModel --> initWeatherListener, retryTimes: 4
09-10 01:05:53.852  2458  2458 E A01c06/ICON: AppIconWeatherModel --> get weather info failed, code: 15700010, message: The DataShareHelper is not initialized successfully.
09-10 01:05:54.855  2458  2458 W A01c06/ICON: AppIconWeatherModel --> initWeatherListener, retryTimes: 4
09-10 01:05:54.859  2458  2458 E A01c06/ICON: AppIconWeatherModel --> get weather info failed, code: 15700010, message: The DataShareHelper is not initialized successfully.
09-10 01:05:55.859  2458  2458 W A01c06/ICON: AppIconWeatherModel --> initWeatherListener, retryTimes: 4
09-10 01:05:55.862  2458  2458 E A01c06/ICON: AppIconWeatherModel --> get weather info failed, code: 15700010, message: The DataShareHelper is not initialized successfully.
09-10 01:05:56.862  2458  2458 W A01c06/ICON: AppIconWeatherModel --> initWeatherListener, retryTimes: 4
09-10 01:05:56.864  2458  2458 E A01c06/ICON: AppIconWeatherModel --> get weather info failed, code: 15700010, message: The DataShareHelper is not initialized successfully.
09-10 01:05:57.866  2458  2458 W A01c06/ICON: AppIconWeatherModel --> initWeatherListener, retryTimes: 4
09-10 01:05:57.869  2458  2458 E A01c06/ICON: AppIconWeatherModel --> get weather info failed, code: 15700010, message: The DataShareHelper is not initialized successfully.
09-10 01:05:58.871  2458  2458 W A01c06/ICON: AppIconWeatherModel --> initWeatherListener, retryTimes: 4
09-10 01:05:58.874  2458  2458 E A01c06/ICON: AppIconWeatherModel --> get weather info failed, code: 15700010, message: The DataShareHelper is not initialized successfully.
09-10 01:05:59.878  2458  2458 W A01c06/ICON: AppIconWeatherModel --> initWeatherListener, retryTimes: 4
09-10 01:05:59.884  2458  2458 E A01c06/ICON: AppIconWeatherModel --> get weather info failed, code: 15700010, message: The DataShareHelper is not initialized successfully.
09-10 01:06:00.006  2458  2458 I A01a01/NC: StatusBarSysEventUtil: onTimeChangeEvent
09-10 01:06:00.006  2458  2458 W A01c06/ICON: AppIconCalendarCache --> receive date change event, nowData: 10, dateText: ,image is transparent: false, image is empty: true
09-10 01:06:00.006  2458  2458 W A01c06/ICON: AppIconCalendarCache --> com.huawei.hmos.calendar is not dynamic icon, bundleName is com.huawei.hmos.calendar
09-10 01:06:00.006  2458  2458 E A01c06/ICON: AppIconCalendarCache --> backgroundImage resource error
09-10 01:06:00.006  2458  2458 E A01c06/ICON: AppIconCalendarCache --> calendarForegroundBuilder is null
09-10 01:06:00.885  2458  2458 W A01c06/ICON: AppIconWeatherModel --> initWeatherListener, retryTimes: 4
09-10 01:06:00.888  2458  2458 E A01c06/ICON: AppIconWeatherModel --> get weather info failed, code: 15700010, message: The DataShareHelper is not initialized successfully.
09-10 01:06:01.889  2458  2458 W A01c06/ICON: AppIconWeatherModel --> initWeatherListener, retryTimes: 4
09-10 01:06:01.893  2458  2458 E A01c06/ICON: AppIconWeatherModel --> get weather info failed, code: 15700010, message: The DataShareHelper is not initialized successfully.
09-10 01:06:02.895  2458  2458 W A01c06/ICON: AppIconWeatherModel --> initWeatherListener, retryTimes: 4
09-10 01:06:02.898  2458  2458 E A01c06/ICON: AppIconWeatherModel --> get weather info failed, code: 15700010, message: The DataShareHelper is not initialized successfully.
09-10 01:06:03.902  2458  2458 W A01c06/ICON: AppIconWeatherModel --> initWeatherListener, retryTimes: 4
09-10 01:06:03.904  2458  2458 E A01c06/ICON: AppIconWeatherModel --> get weather info failed, code: 15700010, message: The DataShareHelper is not initialized successfully.
09-10 01:06:04.907  2458  2458 W A01c06/ICON: AppIconWeatherModel --> initWeatherListener, retryTimes: 4
09-10 01:06:04.913  2458  2458 E A01c06/ICON: AppIconWeatherModel --> get weather info failed, code: 15700010, message: The DataShareHelper is not initialized successfully.
09-10 01:06:05.915  2458  2458 W A01c06/ICON: AppIconWeatherModel --> initWeatherListener, retryTimes: 4
09-10 01:06:05.917  2458  2458 E A01c06/ICON: AppIconWeatherModel --> get weather info failed, code: 15700010, message: The DataShareHelper is not initialized successfully.
09-10 01:06:06.919  2458  2458 W A01c06/ICON: AppIconWeatherModel --> initWeatherListener, retryTimes: 4
09-10 01:06:06.922  2458  2458 E A01c06/ICON: AppIconWeatherModel --> get weather info failed, code: 15700010, message: The DataShareHelper is not initialized successfully.
09-10 01:06:07.923  2458  2458 W A01c06/ICON: AppIconWeatherModel --> initWeatherListener, retryTimes: 4
09-10 01:06:07.924  2458  2458 E A01c06/ICON: AppIconWeatherModel --> get weather info failed, code: 15700010, message: The DataShareHelper is not initialized successfully.
09-10 01:06:08.926  2458  2458 W A01c06/ICON: AppIconWeatherModel --> initWeatherListener, retryTimes: 4
09-10 01:06:08.928  2458  2458 E A01c06/ICON: AppIconWeatherModel --> get weather info failed, code: 15700010, message: The DataShareHelper is not initialized successfully.
09-10 01:06:09.930  2458  2458 W A01c06/ICON: AppIconWeatherModel --> initWeatherListener, retryTimes: 4
09-10 01:06:09.934  2458  2458 E A01c06/ICON: AppIconWeatherModel --> get weather info failed, code: 15700010, message: The DataShareHelper is not initialized successfully.
09-10 01:06:10.935  2458  2458 W A01c06/ICON: AppIconWeatherModel --> initWeatherListener, retryTimes: 4
09-10 01:06:10.937  2458  2458 E A01c06/ICON: AppIconWeatherModel --> get weather info failed, code: 15700010, message: The DataShareHelper is not initialized successfully.
09-10 01:06:11.940  2458  2458 W A01c06/ICON: AppIconWeatherModel --> initWeatherListener, retryTimes: 4
09-10 01:06:11.942  2458  2458 E A01c06/ICON: AppIconWeatherModel --> get weather info failed, code: 15700010, message: The DataShareHelper is not initialized successfully.
09-10 01:06:12.943  2458  2458 W A01c06/ICON: AppIconWeatherModel --> initWeatherListener, retryTimes: 4
09-10 01:06:12.944  2458  2458 E A01c06/ICON: AppIconWeatherModel --> get weather info failed, code: 15700010, message: The DataShareHelper is not initialized successfully.
09-10 01:06:13.947  2458  2458 W A01c06/ICON: AppIconWeatherModel --> initWeatherListener, retryTimes: 4
09-10 01:06:13.948  2458  2458 E A01c06/ICON: AppIconWeatherModel --> get weather info failed, code: 15700010, message: The DataShareHelper is not initialized successfully.
09-10 01:06:14.950  2458  2458 W A01c06/ICON: AppIconWeatherModel --> initWeatherListener, retryTimes: 4
09-10 01:06:14.953  2458  2458 E A01c06/ICON: AppIconWeatherModel --> get weather info failed, code: 15700010, message: The DataShareHelper is not initialized successfully.
09-10 01:06:15.954  2458  2458 W A01c06/ICON: AppIconWeatherModel --> initWeatherListener, retryTimes: 4
09-10 01:06:15.956  2458  2458 E A01c06/ICON: AppIconWeatherModel --> get weather info failed, code: 15700010, message: The DataShareHelper is not initialized successfully.
09-10 01:06:16.957  2458  2458 W A01c06/ICON: AppIconWeatherModel --> initWeatherListener, retryTimes: 4
09-10 01:06:16.959  2458  2458 E A01c06/ICON: AppIconWeatherModel --> get weather info failed, code: 15700010, message: The DataShareHelper is not initialized successfully.
09-10 01:06:17.961  2458  2458 W A01c06/ICON: AppIconWeatherModel --> initWeatherListener, retryTimes: 4
09-10 01:06:17.962  2458  2458 E A01c06/ICON: AppIconWeatherModel --> get weather info failed, code: 15700010, message: The DataShareHelper is not initialized successfully.
09-10 01:06:18.964  2458  2458 W A01c06/ICON: AppIconWeatherModel --> initWeatherListener, retryTimes: 4
09-10 01:06:18.967  2458  2458 E A01c06/ICON: AppIconWeatherModel --> get weather info failed, code: 15700010, message: The DataShareHelper is not initialized successfully.
09-10 01:06:19.968  2458  2458 W A01c06/ICON: AppIconWeatherModel --> initWeatherListener, retryTimes: 4
09-10 01:06:19.971  2458  2458 E A01c06/ICON: AppIconWeatherModel --> get weather info failed, code: 15700010, message: The DataShareHelper is not initialized successfully.
09-10 01:06:20.972  2458  2458 W A01c06/ICON: AppIconWeatherModel --> initWeatherListener, retryTimes: 4
09-10 01:06:20.973  2458  2458 E A01c06/ICON: AppIconWeatherModel --> get weather info failed, code: 15700010, message: The DataShareHelper is not initialized successfully.
09-10 01:06:21.975  2458  2458 W A01c06/ICON: AppIconWeatherModel --> initWeatherListener, retryTimes: 4
09-10 01:06:21.977  2458  2458 E A01c06/ICON: AppIconWeatherModel --> get weather info failed, code: 15700010, message: The DataShareHelper is not initialized successfully.
09-10 01:06:22.978  2458  2458 W A01c06/ICON: AppIconWeatherModel --> initWeatherListener, retryTimes: 4
09-10 01:06:22.980  2458  2458 E A01c06/ICON: AppIconWeatherModel --> get weather info failed, code: 15700010, message: The DataShareHelper is not initialized successfully.
09-10 01:06:23.981  2458  2458 W A01c06/ICON: AppIconWeatherModel --> initWeatherListener, retryTimes: 4
09-10 01:06:23.983  2458  2458 E A01c06/ICON: AppIconWeatherModel --> get weather info failed, code: 15700010, message: The DataShareHelper is not initialized successfully.
09-10 01:06:24.984  2458  2458 W A01c06/ICON: AppIconWeatherModel --> initWeatherListener, retryTimes: 4
09-10 01:06:24.988  2458  2458 E A01c06/ICON: AppIconWeatherModel --> get weather info failed, code: 15700010, message: The DataShareHelper is not initialized successfully.
09-10 01:06:25.990  2458  2458 W A01c06/ICON: AppIconWeatherModel --> initWeatherListener, retryTimes: 4
09-10 01:06:25.992  2458  2458 E A01c06/ICON: AppIconWeatherModel --> get weather info failed, code: 15700010, message: The DataShareHelper is not initialized successfully.
09-10 01:06:26.995  2458  2458 W A01c06/ICON: AppIconWeatherModel --> initWeatherListener, retryTimes: 4
09-10 01:06:26.997  2458  2458 E A01c06/ICON: AppIconWeatherModel --> get weather info failed, code: 15700010, message: The DataShareHelper is not initialized successfully.
09-10 01:06:27.999  2458  2458 W A01c06/ICON: AppIconWeatherModel --> initWeatherListener, retryTimes: 4
09-10 01:06:28.001  2458  2458 E A01c06/ICON: AppIconWeatherModel --> get weather info failed, code: 15700010, message: The DataShareHelper is not initialized successfully.
09-10 01:06:29.002  2458  2458 W A01c06/ICON: AppIconWeatherModel --> initWeatherListener, retryTimes: 4
09-10 01:06:29.004  2458  2458 E A01c06/ICON: AppIconWeatherModel --> get weather info failed, code: 15700010, message: The DataShareHelper is not initialized successfully.
09-10 01:06:30.005  2458  2458 W A01c06/ICON: AppIconWeatherModel --> initWeatherListener, retryTimes: 4
09-10 01:06:30.009  2458  2458 E A01c06/ICON: AppIconWeatherModel --> get weather info failed, code: 15700010, message: The DataShareHelper is not initialized successfully.
09-10 01:06:31.011  2458  2458 W A01c06/ICON: AppIconWeatherModel --> initWeatherListener, retryTimes: 4
09-10 01:06:31.012  2458  2458 E A01c06/ICON: AppIconWeatherModel --> get weather info failed, code: 15700010, message: The DataShareHelper is not initialized successfully.
09-10 01:06:32.014  2458  2458 W A01c06/ICON: AppIconWeatherModel --> initWeatherListener, retryTimes: 4
09-10 01:06:32.015  2458  2458 E A01c06/ICON: AppIconWeatherModel --> get weather info failed, code: 15700010, message: The DataShareHelper is not initialized successfully.
09-10 01:06:33.018  2458  2458 W A01c06/ICON: AppIconWeatherModel --> initWeatherListener, retryTimes: 4
09-10 01:06:33.021  2458  2458 E A01c06/ICON: AppIconWeatherModel --> get weather info failed, code: 15700010, message: The DataShareHelper is not initialized successfully.
09-10 01:06:34.023  2458  2458 W A01c06/ICON: AppIconWeatherModel --> initWeatherListener, retryTimes: 4
09-10 01:06:34.024  2458  2458 E A01c06/ICON: AppIconWeatherModel --> get weather info failed, code: 15700010, message: The DataShareHelper is not initialized successfully.
09-10 01:06:35.025  2458  2458 W A01c06/ICON: AppIconWeatherModel --> initWeatherListener, retryTimes: 4
09-10 01:06:35.029  2458  2458 E A01c06/ICON: AppIconWeatherModel --> get weather info failed, code: 15700010, message: The DataShareHelper is not initialized successfully.
09-10 01:06:36.032  2458  2458 W A01c06/ICON: AppIconWeatherModel --> initWeatherListener, retryTimes: 4
09-10 01:06:36.033  2458  2458 E A01c06/ICON: AppIconWeatherModel --> get weather info failed, code: 15700010, message: The DataShareHelper is not initialized successfully.
09-10 01:06:37.036  2458  2458 W A01c06/ICON: AppIconWeatherModel --> initWeatherListener, retryTimes: 4
09-10 01:06:37.038  2458  2458 E A01c06/ICON: AppIconWeatherModel --> get weather info failed, code: 15700010, message: The DataShareHelper is not initialized successfully.
09-10 01:06:38.039  2458  2458 W A01c06/ICON: AppIconWeatherModel --> initWeatherListener, retryTimes: 4
09-10 01:06:38.041  2458  2458 E A01c06/ICON: AppIconWeatherModel --> get weather info failed, code: 15700010, message: The DataShareHelper is not initialized successfully.
09-10 01:06:39.044  2458  2458 W A01c06/ICON: AppIconWeatherModel --> initWeatherListener, retryTimes: 4
09-10 01:06:39.046  2458  2458 E A01c06/ICON: AppIconWeatherModel --> get weather info failed, code: 15700010, message: The DataShareHelper is not initialized successfully.
09-10 01:06:40.047  2458  2458 W A01c06/ICON: AppIconWeatherModel --> initWeatherListener, retryTimes: 4
09-10 01:06:40.051  2458  2458 E A01c06/ICON: AppIconWeatherModel --> get weather info failed, code: 15700010, message: The DataShareHelper is not initialized successfully.
09-10 01:06:41.052  2458  2458 W A01c06/ICON: AppIconWeatherModel --> initWeatherListener, retryTimes: 4
09-10 01:06:41.054  2458  2458 E A01c06/ICON: AppIconWeatherModel --> get weather info failed, code: 15700010, message: The DataShareHelper is not initialized successfully.
09-10 01:06:42.055  2458  2458 W A01c06/ICON: AppIconWeatherModel --> initWeatherListener, retryTimes: 4
09-10 01:06:42.057  2458  2458 E A01c06/ICON: AppIconWeatherModel --> get weather info failed, code: 15700010, message: The DataShareHelper is not initialized successfully.
09-10 01:06:43.063  2458  2458 W A01c06/ICON: AppIconWeatherModel --> initWeatherListener, retryTimes: 4
09-10 01:06:43.065  2458  2458 E A01c06/ICON: AppIconWeatherModel --> get weather info failed, code: 15700010, message: The DataShareHelper is not initialized successfully.
09-10 01:06:44.065  2458  2458 W A01c06/ICON: AppIconWeatherModel --> initWeatherListener, retryTimes: 4
09-10 01:06:44.067  2458  2458 E A01c06/ICON: AppIconWeatherModel --> get weather info failed, code: 15700010, message: The DataShareHelper is not initialized successfully.
09-10 01:06:45.072  2458  2458 W A01c06/ICON: AppIconWeatherModel --> initWeatherListener, retryTimes: 4
09-10 01:06:45.075  2458  2458 E A01c06/ICON: AppIconWeatherModel --> get weather info failed, code: 15700010, message: The DataShareHelper is not initialized successfully.
09-10 01:06:46.077  2458  2458 W A01c06/ICON: AppIconWeatherModel --> initWeatherListener, retryTimes: 4
09-10 01:06:46.079  2458  2458 E A01c06/ICON: AppIconWeatherModel --> get weather info failed, code: 15700010, message: The DataShareHelper is not initialized successfully.
09-10 01:06:47.083  2458  2458 W A01c06/ICON: AppIconWeatherModel --> initWeatherListener, retryTimes: 4
09-10 01:06:47.087  2458  2458 E A01c06/ICON: AppIconWeatherModel --> get weather info failed, code: 15700010, message: The DataShareHelper is not initialized successfully.
09-10 01:06:48.093  2458  2458 W A01c06/ICON: AppIconWeatherModel --> initWeatherListener, retryTimes: 4
09-10 01:06:48.094  2458  2458 E A01c06/ICON: AppIconWeatherModel --> get weather info failed, code: 15700010, message: The DataShareHelper is not initialized successfully.
09-10 01:06:49.099  2458  2458 W A01c06/ICON: AppIconWeatherModel --> initWeatherListener, retryTimes: 4
09-10 01:06:49.101  2458  2458 E A01c06/ICON: AppIconWeatherModel --> get weather info failed, code: 15700010, message: The DataShareHelper is not initialized successfully.
09-10 01:06:50.102  2458  2458 W A01c06/ICON: AppIconWeatherModel --> initWeatherListener, retryTimes: 4
09-10 01:06:50.106  2458  2458 E A01c06/ICON: AppIconWeatherModel --> get weather info failed, code: 15700010, message: The DataShareHelper is not initialized successfully.
09-10 01:06:51.110  2458  2458 W A01c06/ICON: AppIconWeatherModel --> initWeatherListener, retryTimes: 4
09-10 01:06:51.112  2458  2458 E A01c06/ICON: AppIconWeatherModel --> get weather info failed, code: 15700010, message: The DataShareHelper is not initialized successfully.
09-10 01:06:52.113  2458  2458 W A01c06/ICON: AppIconWeatherModel --> initWeatherListener, retryTimes: 4
09-10 01:06:52.115  2458  2458 E A01c06/ICON: AppIconWeatherModel --> get weather info failed, code: 15700010, message: The DataShareHelper is not initialized successfully.
09-10 01:06:53.116  2458  2458 W A01c06/ICON: AppIconWeatherModel --> initWeatherListener, retryTimes: 4
09-10 01:06:53.119  2458  2458 E A01c06/ICON: AppIconWeatherModel --> get weather info failed, code: 15700010, message: The DataShareHelper is not initialized successfully.
09-10 01:06:54.122  2458  2458 W A01c06/ICON: AppIconWeatherModel --> initWeatherListener, retryTimes: 4
09-10 01:06:54.123  2458  2458 E A01c06/ICON: AppIconWeatherModel --> get weather info failed, code: 15700010, message: The DataShareHelper is not initialized successfully.
09-10 01:06:55.125  2458  2458 W A01c06/ICON: AppIconWeatherModel --> initWeatherListener, retryTimes: 4
09-10 01:06:55.151  2458  2458 E A01c06/ICON: AppIconWeatherModel --> get weather info failed, code: 15700010, message: The DataShareHelper is not initialized successfully.
09-10 01:06:56.152  2458  2458 W A01c06/ICON: AppIconWeatherModel --> initWeatherListener, retryTimes: 4
09-10 01:06:56.154  2458  2458 E A01c06/ICON: AppIconWeatherModel --> get weather info failed, code: 15700010, message: The DataShareHelper is not initialized successfully.
09-10 01:06:57.156  2458  2458 W A01c06/ICON: AppIconWeatherModel --> initWeatherListener, retryTimes: 4
09-10 01:06:57.159  2458  2458 E A01c06/ICON: AppIconWeatherModel --> get weather info failed, code: 15700010, message: The DataShareHelper is not initialized successfully.
09-10 01:06:58.160  2458  2458 W A01c06/ICON: AppIconWeatherModel --> initWeatherListener, retryTimes: 4
09-10 01:06:58.162  2458  2458 E A01c06/ICON: AppIconWeatherModel --> get weather info failed, code: 15700010, message: The DataShareHelper is not initialized successfully.
09-10 01:06:59.164  2458  2458 W A01c06/ICON: AppIconWeatherModel --> initWeatherListener, retryTimes: 4
09-10 01:06:59.166  2458  2458 E A01c06/ICON: AppIconWeatherModel --> get weather info failed, code: 15700010, message: The DataShareHelper is not initialized successfully.
09-10 01:07:00.003  2458  2458 I A01a01/NC: StatusBarSysEventUtil: onTimeChangeEvent
09-10 01:07:00.003  2458  2458 W A01c06/ICON: AppIconCalendarCache --> receive date change event, nowData: 10, dateText: ,image is transparent: false, image is empty: true
09-10 01:07:00.003  2458  2458 W A01c06/ICON: AppIconCalendarCache --> com.huawei.hmos.calendar is not dynamic icon, bundleName is com.huawei.hmos.calendar
09-10 01:07:00.003  2458  2458 E A01c06/ICON: AppIconCalendarCache --> backgroundImage resource error
09-10 01:07:00.003  2458  2458 E A01c06/ICON: AppIconCalendarCache --> calendarForegroundBuilder is null
09-10 01:07:00.166  2458  2458 W A01c06/ICON: AppIconWeatherModel --> initWeatherListener, retryTimes: 4
09-10 01:07:00.171  2458  2458 E A01c06/ICON: AppIconWeatherModel --> get weather info failed, code: 15700010, message: The DataShareHelper is not initialized successfully.
09-10 01:07:01.172  2458  2458 W A01c06/ICON: AppIconWeatherModel --> initWeatherListener, retryTimes: 4
09-10 01:07:01.173  2458  2458 E A01c06/ICON: AppIconWeatherModel --> get weather info failed, code: 15700010, message: The DataShareHelper is not initialized successfully.
09-10 01:07:02.174  2458  2458 W A01c06/ICON: AppIconWeatherModel --> initWeatherListener, retryTimes: 4
09-10 01:07:02.176  2458  2458 E A01c06/ICON: AppIconWeatherModel --> get weather info failed, code: 15700010, message: The DataShareHelper is not initialized successfully.
09-10 01:07:03.179  2458  2458 W A01c06/ICON: AppIconWeatherModel --> initWeatherListener, retryTimes: 4
09-10 01:07:03.183  2458  2458 E A01c06/ICON: AppIconWeatherModel --> get weather info failed, code: 15700010, message: The DataShareHelper is not initialized successfully.
09-10 01:07:04.184  2458  2458 W A01c06/ICON: AppIconWeatherModel --> initWeatherListener, retryTimes: 4
09-10 01:07:04.187  2458  2458 E A01c06/ICON: AppIconWeatherModel --> get weather info failed, code: 15700010, message: The DataShareHelper is not initialized successfully.
09-10 01:07:05.190  2458  2458 W A01c06/ICON: AppIconWeatherModel --> initWeatherListener, retryTimes: 4
09-10 01:07:05.194  2458  2458 E A01c06/ICON: AppIconWeatherModel --> get weather info failed, code: 15700010, message: The DataShareHelper is not initialized successfully.
09-10 01:07:06.196  2458  2458 W A01c06/ICON: AppIconWeatherModel --> initWeatherListener, retryTimes: 4
09-10 01:07:06.198  2458  2458 E A01c06/ICON: AppIconWeatherModel --> get weather info failed, code: 15700010, message: The DataShareHelper is not initialized successfully.
09-10 01:07:07.202  2458  2458 W A01c06/ICON: AppIconWeatherModel --> initWeatherListener, retryTimes: 4
09-10 01:07:07.204  2458  2458 E A01c06/ICON: AppIconWeatherModel --> get weather info failed, code: 15700010, message: The DataShareHelper is not initialized successfully.
09-10 01:07:08.205  2458  2458 W A01c06/ICON: AppIconWeatherModel --> initWeatherListener, retryTimes: 4
09-10 01:07:08.211  2458  2458 E A01c06/ICON: AppIconWeatherModel --> get weather info failed, code: 15700010, message: The DataShareHelper is not initialized successfully.
09-10 01:07:09.212  2458  2458 W A01c06/ICON: AppIconWeatherModel --> initWeatherListener, retryTimes: 4
09-10 01:07:09.214  2458  2458 E A01c06/ICON: AppIconWeatherModel --> get weather info failed, code: 15700010, message: The DataShareHelper is not initialized successfully.
09-10 01:07:10.215  2458  2458 W A01c06/ICON: AppIconWeatherModel --> initWeatherListener, retryTimes: 4
09-10 01:07:10.219  2458  2458 E A01c06/ICON: AppIconWeatherModel --> get weather info failed, code: 15700010, message: The DataShareHelper is not initialized successfully.
09-10 01:07:11.221  2458  2458 W A01c06/ICON: AppIconWeatherModel --> initWeatherListener, retryTimes: 4
09-10 01:07:11.222  2458  2458 E A01c06/ICON: AppIconWeatherModel --> get weather info failed, code: 15700010, message: The DataShareHelper is not initialized successfully.
09-10 01:07:12.226  2458  2458 W A01c06/ICON: AppIconWeatherModel --> initWeatherListener, retryTimes: 4
09-10 01:07:12.228  2458  2458 E A01c06/ICON: AppIconWeatherModel --> get weather info failed, code: 15700010, message: The DataShareHelper is not initialized successfully.
09-10 01:07:13.231  2458  2458 W A01c06/ICON: AppIconWeatherModel --> initWeatherListener, retryTimes: 4
09-10 01:07:13.235  2458  2458 E A01c06/ICON: AppIconWeatherModel --> get weather info failed, code: 15700010, message: The DataShareHelper is not initialized successfully.
09-10 01:07:14.238  2458  2458 W A01c06/ICON: AppIconWeatherModel --> initWeatherListener, retryTimes: 4
09-10 01:07:14.242  2458  2458 E A01c06/ICON: AppIconWeatherModel --> get weather info failed, code: 15700010, message: The DataShareHelper is not initialized successfully.
09-10 01:07:15.243  2458  2458 W A01c06/ICON: AppIconWeatherModel --> initWeatherListener, retryTimes: 4
09-10 01:07:15.247  2458  2458 E A01c06/ICON: AppIconWeatherModel --> get weather info failed, code: 15700010, message: The DataShareHelper is not initialized successfully.
09-10 01:07:16.251  2458  2458 W A01c06/ICON: AppIconWeatherModel --> initWeatherListener, retryTimes: 4
09-10 01:07:16.253  2458  2458 E A01c06/ICON: AppIconWeatherModel --> get weather info failed, code: 15700010, message: The DataShareHelper is not initialized successfully.
09-10 01:07:17.255  2458  2458 W A01c06/ICON: AppIconWeatherModel --> initWeatherListener, retryTimes: 4
09-10 01:07:17.257  2458  2458 E A01c06/ICON: AppIconWeatherModel --> get weather info failed, code: 15700010, message: The DataShareHelper is not initialized successfully.
09-10 01:07:18.259  2458  2458 W A01c06/ICON: AppIconWeatherModel --> initWeatherListener, retryTimes: 4
09-10 01:07:18.261  2458  2458 E A01c06/ICON: AppIconWeatherModel --> get weather info failed, code: 15700010, message: The DataShareHelper is not initialized successfully.
09-10 01:07:19.263  2458  2458 W A01c06/ICON: AppIconWeatherModel --> initWeatherListener, retryTimes: 4
09-10 01:07:19.265  2458  2458 E A01c06/ICON: AppIconWeatherModel --> get weather info failed, code: 15700010, message: The DataShareHelper is not initialized successfully.
09-10 01:07:20.270  2458  2458 W A01c06/ICON: AppIconWeatherModel --> initWeatherListener, retryTimes: 4
09-10 01:07:20.274  2458  2458 E A01c06/ICON: AppIconWeatherModel --> get weather info failed, code: 15700010, message: The DataShareHelper is not initialized successfully.
09-10 01:07:21.280  2458  2458 W A01c06/ICON: AppIconWeatherModel --> initWeatherListener, retryTimes: 4
09-10 01:07:21.283  2458  2458 E A01c06/ICON: AppIconWeatherModel --> get weather info failed, code: 15700010, message: The DataShareHelper is not initialized successfully.
09-10 01:07:22.284  2458  2458 W A01c06/ICON: AppIconWeatherModel --> initWeatherListener, retryTimes: 4
09-10 01:07:22.286  2458  2458 E A01c06/ICON: AppIconWeatherModel --> get weather info failed, code: 15700010, message: The DataShareHelper is not initialized successfully.
09-10 01:07:23.290  2458  2458 W A01c06/ICON: AppIconWeatherModel --> initWeatherListener, retryTimes: 4
09-10 01:07:23.292  2458  2458 E A01c06/ICON: AppIconWeatherModel --> get weather info failed, code: 15700010, message: The DataShareHelper is not initialized successfully.
09-10 01:07:24.297  2458  2458 W A01c06/ICON: AppIconWeatherModel --> initWeatherListener, retryTimes: 4
09-10 01:07:24.298  2458  2458 E A01c06/ICON: AppIconWeatherModel --> get weather info failed, code: 15700010, message: The DataShareHelper is not initialized successfully.
09-10 01:07:25.302  2458  2458 W A01c06/ICON: AppIconWeatherModel --> initWeatherListener, retryTimes: 4
09-10 01:07:25.305  2458  2458 E A01c06/ICON: AppIconWeatherModel --> get weather info failed, code: 15700010, message: The DataShareHelper is not initialized successfully.
09-10 01:07:26.306  2458  2458 W A01c06/ICON: AppIconWeatherModel --> initWeatherListener, retryTimes: 4
09-10 01:07:26.307  2458  2458 E A01c06/ICON: AppIconWeatherModel --> get weather info failed, code: 15700010, message: The DataShareHelper is not initialized successfully.
09-10 01:07:27.309  2458  2458 W A01c06/ICON: AppIconWeatherModel --> initWeatherListener, retryTimes: 4
09-10 01:07:27.312  2458  2458 E A01c06/ICON: AppIconWeatherModel --> get weather info failed, code: 15700010, message: The DataShareHelper is not initialized successfully.
09-10 01:07:28.315  2458  2458 W A01c06/ICON: AppIconWeatherModel --> initWeatherListener, retryTimes: 4
09-10 01:07:28.320  2458  2458 E A01c06/ICON: AppIconWeatherModel --> get weather info failed, code: 15700010, message: The DataShareHelper is not initialized successfully.
09-10 01:07:29.324  2458  2458 W A01c06/ICON: AppIconWeatherModel --> initWeatherListener, retryTimes: 4
09-10 01:07:29.325  2458  2458 E A01c06/ICON: AppIconWeatherModel --> get weather info failed, code: 15700010, message: The DataShareHelper is not initialized successfully.
09-10 01:07:30.326  2458  2458 W A01c06/ICON: AppIconWeatherModel --> initWeatherListener, retryTimes: 4
09-10 01:07:30.329  2458  2458 E A01c06/ICON: AppIconWeatherModel --> get weather info failed, code: 15700010, message: The DataShareHelper is not initialized successfully.
09-10 01:07:31.334  2458  2458 W A01c06/ICON: AppIconWeatherModel --> initWeatherListener, retryTimes: 4
09-10 01:07:31.337  2458  2458 E A01c06/ICON: AppIconWeatherModel --> get weather info failed, code: 15700010, message: The DataShareHelper is not initialized successfully.
09-10 01:07:32.342  2458  2458 W A01c06/ICON: AppIconWeatherModel --> initWeatherListener, retryTimes: 4
09-10 01:07:32.345  2458  2458 E A01c06/ICON: AppIconWeatherModel --> get weather info failed, code: 15700010, message: The DataShareHelper is not initialized successfully.
09-10 01:07:33.347  2458  2458 W A01c06/ICON: AppIconWeatherModel --> initWeatherListener, retryTimes: 4
09-10 01:07:33.350  2458  2458 E A01c06/ICON: AppIconWeatherModel --> get weather info failed, code: 15700010, message: The DataShareHelper is not initialized successfully.
09-10 01:07:34.355  2458  2458 W A01c06/ICON: AppIconWeatherModel --> initWeatherListener, retryTimes: 4
09-10 01:07:34.359  2458  2458 E A01c06/ICON: AppIconWeatherModel --> get weather info failed, code: 15700010, message: The DataShareHelper is not initialized successfully.
09-10 01:07:35.361  2458  2458 W A01c06/ICON: AppIconWeatherModel --> initWeatherListener, retryTimes: 4
09-10 01:07:35.365  2458  2458 E A01c06/ICON: AppIconWeatherModel --> get weather info failed, code: 15700010, message: The DataShareHelper is not initialized successfully.
09-10 01:07:36.369  2458  2458 W A01c06/ICON: AppIconWeatherModel --> initWeatherListener, retryTimes: 4
09-10 01:07:36.371  2458  2458 E A01c06/ICON: AppIconWeatherModel --> get weather info failed, code: 15700010, message: The DataShareHelper is not initialized successfully.
09-10 01:07:37.375  2458  2458 W A01c06/ICON: AppIconWeatherModel --> initWeatherListener, retryTimes: 4
09-10 01:07:37.377  2458  2458 E A01c06/ICON: AppIconWeatherModel --> get weather info failed, code: 15700010, message: The DataShareHelper is not initialized successfully.
09-10 01:07:38.383  2458  2458 W A01c06/ICON: AppIconWeatherModel --> initWeatherListener, retryTimes: 4
09-10 01:07:38.385  2458  2458 E A01c06/ICON: AppIconWeatherModel --> get weather info failed, code: 15700010, message: The DataShareHelper is not initialized successfully.
09-10 01:07:39.386  2458  2458 W A01c06/ICON: AppIconWeatherModel --> initWeatherListener, retryTimes: 4
09-10 01:07:39.388  2458  2458 E A01c06/ICON: AppIconWeatherModel --> get weather info failed, code: 15700010, message: The DataShareHelper is not initialized successfully.
09-10 01:07:40.393  2458  2458 W A01c06/ICON: AppIconWeatherModel --> initWeatherListener, retryTimes: 4
09-10 01:07:40.398  2458  2458 E A01c06/ICON: AppIconWeatherModel --> get weather info failed, code: 15700010, message: The DataShareHelper is not initialized successfully.
09-10 01:07:41.402  2458  2458 W A01c06/ICON: AppIconWeatherModel --> initWeatherListener, retryTimes: 4
09-10 01:07:41.404  2458  2458 E A01c06/ICON: AppIconWeatherModel --> get weather info failed, code: 15700010, message: The DataShareHelper is not initialized successfully.
09-10 01:07:42.406  2458  2458 W A01c06/ICON: AppIconWeatherModel --> initWeatherListener, retryTimes: 4
09-10 01:07:42.408  2458  2458 E A01c06/ICON: AppIconWeatherModel --> get weather info failed, code: 15700010, message: The DataShareHelper is not initialized successfully.
09-10 01:07:43.409  2458  2458 W A01c06/ICON: AppIconWeatherModel --> initWeatherListener, retryTimes: 4
09-10 01:07:43.412  2458  2458 E A01c06/ICON: AppIconWeatherModel --> get weather info failed, code: 15700010, message: The DataShareHelper is not initialized successfully.
09-10 01:07:44.414  2458  2458 W A01c06/ICON: AppIconWeatherModel --> initWeatherListener, retryTimes: 4
09-10 01:07:44.415  2458  2458 E A01c06/ICON: AppIconWeatherModel --> get weather info failed, code: 15700010, message: The DataShareHelper is not initialized successfully.
09-10 01:07:45.419  2458  2458 W A01c06/ICON: AppIconWeatherModel --> initWeatherListener, retryTimes: 4
09-10 01:07:45.422  2458  2458 E A01c06/ICON: AppIconWeatherModel --> get weather info failed, code: 15700010, message: The DataShareHelper is not initialized successfully.
09-10 01:07:46.426  2458  2458 W A01c06/ICON: AppIconWeatherModel --> initWeatherListener, retryTimes: 4
09-10 01:07:46.428  2458  2458 E A01c06/ICON: AppIconWeatherModel --> get weather info failed, code: 15700010, message: The DataShareHelper is not initialized successfully.
09-10 01:07:47.430  2458  2458 W A01c06/ICON: AppIconWeatherModel --> initWeatherListener, retryTimes: 4
09-10 01:07:47.464  2458  2458 E A01c06/ICON: AppIconWeatherModel --> get weather info failed, code: 15700010, message: The DataShareHelper is not initialized successfully.
09-10 01:07:48.466  2458  2458 W A01c06/ICON: AppIconWeatherModel --> initWeatherListener, retryTimes: 4
09-10 01:07:48.469  2458  2458 E A01c06/ICON: AppIconWeatherModel --> get weather info failed, code: 15700010, message: The DataShareHelper is not initialized successfully.
09-10 01:07:49.471  2458  2458 W A01c06/ICON: AppIconWeatherModel --> initWeatherListener, retryTimes: 4
09-10 01:07:49.475  2458  2458 E A01c06/ICON: AppIconWeatherModel --> get weather info failed, code: 15700010, message: The DataShareHelper is not initialized successfully.
09-10 01:07:50.477  2458  2458 W A01c06/ICON: AppIconWeatherModel --> initWeatherListener, retryTimes: 4
09-10 01:07:50.506  2458  2458 E A01c06/ICON: AppIconWeatherModel --> get weather info failed, code: 15700010, message: The DataShareHelper is not initialized successfully.
09-10 01:07:51.508  2458  2458 W A01c06/ICON: AppIconWeatherModel --> initWeatherListener, retryTimes: 4
09-10 01:07:51.514  2458  2458 E A01c06/ICON: AppIconWeatherModel --> get weather info failed, code: 15700010, message: The DataShareHelper is not initialized successfully.
09-10 01:07:52.519  2458  2458 W A01c06/ICON: AppIconWeatherModel --> initWeatherListener, retryTimes: 4
09-10 01:07:52.547  2458  2458 E A01c06/ICON: AppIconWeatherModel --> get weather info failed, code: 15700010, message: The DataShareHelper is not initialized successfully.
09-10 01:07:53.549  2458  2458 W A01c06/ICON: AppIconWeatherModel --> initWeatherListener, retryTimes: 4
09-10 01:07:53.554  2458  2458 E A01c06/ICON: AppIconWeatherModel --> get weather info failed, code: 15700010, message: The DataShareHelper is not initialized successfully.
09-10 01:07:54.557  2458  2458 W A01c06/ICON: AppIconWeatherModel --> initWeatherListener, retryTimes: 4
09-10 01:07:54.583  2458  2458 E A01c06/ICON: AppIconWeatherModel --> get weather info failed, code: 15700010, message: The DataShareHelper is not initialized successfully.
09-10 01:07:55.584  2458  2458 W A01c06/ICON: AppIconWeatherModel --> initWeatherListener, retryTimes: 4
09-10 01:07:55.594  2458  2458 E A01c06/ICON: AppIconWeatherModel --> get weather info failed, code: 15700010, message: The DataShareHelper is not initialized successfully.
09-10 01:07:56.597  2458  2458 W A01c06/ICON: AppIconWeatherModel --> initWeatherListener, retryTimes: 4
09-10 01:07:56.601  2458  2458 E A01c06/ICON: AppIconWeatherModel --> get weather info failed, code: 15700010, message: The DataShareHelper is not initialized successfully.
09-10 01:07:57.606  2458  2458 W A01c06/ICON: AppIconWeatherModel --> initWeatherListener, retryTimes: 4
09-10 01:07:57.613  2458  2458 E A01c06/ICON: AppIconWeatherModel --> get weather info failed, code: 15700010, message: The DataShareHelper is not initialized successfully.
09-10 01:07:58.615  2458  2458 W A01c06/ICON: AppIconWeatherModel --> initWeatherListener, retryTimes: 4
09-10 01:07:58.642  2458  2458 E A01c06/ICON: AppIconWeatherModel --> get weather info failed, code: 15700010, message: The DataShareHelper is not initialized successfully.
09-10 01:07:59.643  2458  2458 W A01c06/ICON: AppIconWeatherModel --> initWeatherListener, retryTimes: 4
09-10 01:07:59.651  2458  2458 E A01c06/ICON: AppIconWeatherModel --> get weather info failed, code: 15700010, message: The DataShareHelper is not initialized successfully.
09-10 01:08:00.012  2458  2458 I A01a01/NC: StatusBarSysEventUtil: onTimeChangeEvent
09-10 01:08:00.013  2458  2458 W A01c06/ICON: AppIconCalendarCache --> receive date change event, nowData: 10, dateText: ,image is transparent: false, image is empty: true
09-10 01:08:00.014  2458  2458 W A01c06/ICON: AppIconCalendarCache --> com.huawei.hmos.calendar is not dynamic icon, bundleName is com.huawei.hmos.calendar
09-10 01:08:00.014  2458  2458 E A01c06/ICON: AppIconCalendarCache --> backgroundImage resource error
09-10 01:08:00.014  2458  2458 E A01c06/ICON: AppIconCalendarCache --> calendarForegroundBuilder is null
09-10 01:08:00.657  2458  2458 W A01c06/ICON: AppIconWeatherModel --> initWeatherListener, retryTimes: 4
09-10 01:08:00.673  2458  2458 E A01c06/ICON: AppIconWeatherModel --> get weather info failed, code: 15700010, message: The DataShareHelper is not initialized successfully.
09-10 01:08:01.676  2458  2458 W A01c06/ICON: AppIconWeatherModel --> initWeatherListener, retryTimes: 4
09-10 01:08:01.682  2458  2458 E A01c06/ICON: AppIconWeatherModel --> get weather info failed, code: 15700010, message: The DataShareHelper is not initialized successfully.
09-10 01:08:02.685  2458  2458 W A01c06/ICON: AppIconWeatherModel --> initWeatherListener, retryTimes: 4
09-10 01:08:02.695  2458  2458 E A01c06/ICON: AppIconWeatherModel --> get weather info failed, code: 15700010, message: The DataShareHelper is not initialized successfully.
09-10 01:08:03.700  2458  2458 W A01c06/ICON: AppIconWeatherModel --> initWeatherListener, retryTimes: 4
09-10 01:08:03.716  2458  2458 E A01c06/ICON: AppIconWeatherModel --> get weather info failed, code: 15700010, message: The DataShareHelper is not initialized successfully.
09-10 01:08:04.718  2458  2458 W A01c06/ICON: AppIconWeatherModel --> initWeatherListener, retryTimes: 4
09-10 01:08:04.730  2458  2458 E A01c06/ICON: AppIconWeatherModel --> get weather info failed, code: 15700010, message: The DataShareHelper is not initialized successfully.
09-10 01:08:05.733  2458  2458 W A01c06/ICON: AppIconWeatherModel --> initWeatherListener, retryTimes: 4
09-10 01:08:05.742  2458  2458 E A01c06/ICON: AppIconWeatherModel --> get weather info failed, code: 15700010, message: The DataShareHelper is not initialized successfully.
09-10 01:08:06.744  2458  2458 W A01c06/ICON: AppIconWeatherModel --> initWeatherListener, retryTimes: 4
09-10 01:08:06.748  2458  2458 E A01c06/ICON: AppIconWeatherModel --> get weather info failed, code: 15700010, message: The DataShareHelper is not initialized successfully.
09-10 01:08:07.749  2458  2458 W A01c06/ICON: AppIconWeatherModel --> initWeatherListener, retryTimes: 4
09-10 01:08:07.755  2458  2458 E A01c06/ICON: AppIconWeatherModel --> get weather info failed, code: 15700010, message: The DataShareHelper is not initialized successfully.
09-10 01:08:08.757  2458  2458 W A01c06/ICON: AppIconWeatherModel --> initWeatherListener, retryTimes: 4
09-10 01:08:08.767  2458  2458 E A01c06/ICON: AppIconWeatherModel --> get weather info failed, code: 15700010, message: The DataShareHelper is not initialized successfully.
09-10 01:08:09.770  2458  2458 W A01c06/ICON: AppIconWeatherModel --> initWeatherListener, retryTimes: 4
09-10 01:08:09.779  2458  2458 E A01c06/ICON: AppIconWeatherModel --> get weather info failed, code: 15700010, message: The DataShareHelper is not initialized successfully.
09-10 01:08:10.780  2458  2458 W A01c06/ICON: AppIconWeatherModel --> initWeatherListener, retryTimes: 4
09-10 01:08:10.784  2458  2458 E A01c06/ICON: AppIconWeatherModel --> get weather info failed, code: 15700010, message: The DataShareHelper is not initialized successfully.
09-10 01:08:11.787  2458  2458 W A01c06/ICON: AppIconWeatherModel --> initWeatherListener, retryTimes: 4
09-10 01:08:11.791  2458  2458 E A01c06/ICON: AppIconWeatherModel --> get weather info failed, code: 15700010, message: The DataShareHelper is not initialized successfully.
09-10 01:08:12.792  2458  2458 W A01c06/ICON: AppIconWeatherModel --> initWeatherListener, retryTimes: 4
09-10 01:08:12.798  2458  2458 E A01c06/ICON: AppIconWeatherModel --> get weather info failed, code: 15700010, message: The DataShareHelper is not initialized successfully.
09-10 01:08:13.801  2458  2458 W A01c06/ICON: AppIconWeatherModel --> initWeatherListener, retryTimes: 4
09-10 01:08:13.807  2458  2458 E A01c06/ICON: AppIconWeatherModel --> get weather info failed, code: 15700010, message: The DataShareHelper is not initialized successfully.
09-10 01:08:14.811  2458  2458 W A01c06/ICON: AppIconWeatherModel --> initWeatherListener, retryTimes: 4
09-10 01:08:14.816  2458  2458 E A01c06/ICON: AppIconWeatherModel --> get weather info failed, code: 15700010, message: The DataShareHelper is not initialized successfully.
09-10 01:08:15.818  2458  2458 W A01c06/ICON: AppIconWeatherModel --> initWeatherListener, retryTimes: 4
09-10 01:08:15.827  2458  2458 E A01c06/ICON: AppIconWeatherModel --> get weather info failed, code: 15700010, message: The DataShareHelper is not initialized successfully.
09-10 01:08:16.829  2458  2458 W A01c06/ICON: AppIconWeatherModel --> initWeatherListener, retryTimes: 4
09-10 01:08:16.835  2458  2458 E A01c06/ICON: AppIconWeatherModel --> get weather info failed, code: 15700010, message: The DataShareHelper is not initialized successfully.
09-10 01:08:17.836  2458  2458 W A01c06/ICON: AppIconWeatherModel --> initWeatherListener, retryTimes: 4
09-10 01:08:17.841  2458  2458 E A01c06/ICON: AppIconWeatherModel --> get weather info failed, code: 15700010, message: The DataShareHelper is not initialized successfully.
09-10 01:08:18.843  2458  2458 W A01c06/ICON: AppIconWeatherModel --> initWeatherListener, retryTimes: 4
09-10 01:08:18.845  2458  2458 E A01c06/ICON: AppIconWeatherModel --> get weather info failed, code: 15700010, message: The DataShareHelper is not initialized successfully.
09-10 01:08:19.845  2458  2458 W A01c06/ICON: AppIconWeatherModel --> initWeatherListener, retryTimes: 4
09-10 01:08:19.847  2458  2458 E A01c06/ICON: AppIconWeatherModel --> get weather info failed, code: 15700010, message: The DataShareHelper is not initialized successfully.
09-10 01:08:20.848  2458  2458 W A01c06/ICON: AppIconWeatherModel --> initWeatherListener, retryTimes: 4
09-10 01:08:20.853  2458  2458 E A01c06/ICON: AppIconWeatherModel --> get weather info failed, code: 15700010, message: The DataShareHelper is not initialized successfully.
09-10 01:08:21.856  2458  2458 W A01c06/ICON: AppIconWeatherModel --> initWeatherListener, retryTimes: 4
09-10 01:08:21.858  2458  2458 E A01c06/ICON: AppIconWeatherModel --> get weather info failed, code: 15700010, message: The DataShareHelper is not initialized successfully.
09-10 01:08:22.860  2458  2458 W A01c06/ICON: AppIconWeatherModel --> initWeatherListener, retryTimes: 4
09-10 01:08:22.862  2458  2458 E A01c06/ICON: AppIconWeatherModel --> get weather info failed, code: 15700010, message: The DataShareHelper is not initialized successfully.
09-10 01:08:23.865  2458  2458 W A01c06/ICON: AppIconWeatherModel --> initWeatherListener, retryTimes: 4
09-10 01:08:23.867  2458  2458 E A01c06/ICON: AppIconWeatherModel --> get weather info failed, code: 15700010, message: The DataShareHelper is not initialized successfully.
09-10 01:08:24.868  2458  2458 W A01c06/ICON: AppIconWeatherModel --> initWeatherListener, retryTimes: 4
09-10 01:08:24.870  2458  2458 E A01c06/ICON: AppIconWeatherModel --> get weather info failed, code: 15700010, message: The DataShareHelper is not initialized successfully.
09-10 01:08:25.872  2458  2458 W A01c06/ICON: AppIconWeatherModel --> initWeatherListener, retryTimes: 4
09-10 01:08:25.878  2458  2458 E A01c06/ICON: AppIconWeatherModel --> get weather info failed, code: 15700010, message: The DataShareHelper is not initialized successfully.
09-10 01:08:26.879  2458  2458 W A01c06/ICON: AppIconWeatherModel --> initWeatherListener, retryTimes: 4
09-10 01:08:26.882  2458  2458 E A01c06/ICON: AppIconWeatherModel --> get weather info failed, code: 15700010, message: The DataShareHelper is not initialized successfully.
09-10 01:08:27.884  2458  2458 W A01c06/ICON: AppIconWeatherModel --> initWeatherListener, retryTimes: 4
09-10 01:08:27.886  2458  2458 E A01c06/ICON: AppIconWeatherModel --> get weather info failed, code: 15700010, message: The DataShareHelper is not initialized successfully.
09-10 01:08:28.888  2458  2458 W A01c06/ICON: AppIconWeatherModel --> initWeatherListener, retryTimes: 4
09-10 01:08:28.889  2458  2458 E A01c06/ICON: AppIconWeatherModel --> get weather info failed, code: 15700010, message: The DataShareHelper is not initialized successfully.
09-10 01:08:29.891  2458  2458 W A01c06/ICON: AppIconWeatherModel --> initWeatherListener, retryTimes: 4
09-10 01:08:29.892  2458  2458 E A01c06/ICON: AppIconWeatherModel --> get weather info failed, code: 15700010, message: The DataShareHelper is not initialized successfully.
09-10 01:08:30.893  2458  2458 W A01c06/ICON: AppIconWeatherModel --> initWeatherListener, retryTimes: 4
09-10 01:08:30.896  2458  2458 E A01c06/ICON: AppIconWeatherModel --> get weather info failed, code: 15700010, message: The DataShareHelper is not initialized successfully.
09-10 01:08:31.898  2458  2458 W A01c06/ICON: AppIconWeatherModel --> initWeatherListener, retryTimes: 4
09-10 01:08:31.900  2458  2458 E A01c06/ICON: AppIconWeatherModel --> get weather info failed, code: 15700010, message: The DataShareHelper is not initialized successfully.
09-10 01:08:32.902  2458  2458 W A01c06/ICON: AppIconWeatherModel --> initWeatherListener, retryTimes: 4
09-10 01:08:32.904  2458  2458 E A01c06/ICON: AppIconWeatherModel --> get weather info failed, code: 15700010, message: The DataShareHelper is not initialized successfully.
09-10 01:08:33.906  2458  2458 W A01c06/ICON: AppIconWeatherModel --> initWeatherListener, retryTimes: 4
09-10 01:08:33.909  2458  2458 E A01c06/ICON: AppIconWeatherModel --> get weather info failed, code: 15700010, message: The DataShareHelper is not initialized successfully.
09-10 01:08:34.912  2458  2458 W A01c06/ICON: AppIconWeatherModel --> initWeatherListener, retryTimes: 4
09-10 01:08:34.914  2458  2458 E A01c06/ICON: AppIconWeatherModel --> get weather info failed, code: 15700010, message: The DataShareHelper is not initialized successfully.
09-10 01:08:35.915  2458  2458 W A01c06/ICON: AppIconWeatherModel --> initWeatherListener, retryTimes: 4
09-10 01:08:35.918  2458  2458 E A01c06/ICON: AppIconWeatherModel --> get weather info failed, code: 15700010, message: The DataShareHelper is not initialized successfully.
09-10 01:08:36.921  2458  2458 W A01c06/ICON: AppIconWeatherModel --> initWeatherListener, retryTimes: 4
09-10 01:08:36.923  2458  2458 E A01c06/ICON: AppIconWeatherModel --> get weather info failed, code: 15700010, message: The DataShareHelper is not initialized successfully.
09-10 01:08:37.925  2458  2458 W A01c06/ICON: AppIconWeatherModel --> initWeatherListener, retryTimes: 4
09-10 01:08:37.927  2458  2458 E A01c06/ICON: AppIconWeatherModel --> get weather info failed, code: 15700010, message: The DataShareHelper is not initialized successfully.
09-10 01:08:38.929  2458  2458 W A01c06/ICON: AppIconWeatherModel --> initWeatherListener, retryTimes: 4
09-10 01:08:38.932  2458  2458 E A01c06/ICON: AppIconWeatherModel --> get weather info failed, code: 15700010, message: The DataShareHelper is not initialized successfully.
09-10 01:08:39.933  2458  2458 W A01c06/ICON: AppIconWeatherModel --> initWeatherListener, retryTimes: 4
09-10 01:08:39.936  2458  2458 E A01c06/ICON: AppIconWeatherModel --> get weather info failed, code: 15700010, message: The DataShareHelper is not initialized successfully.
09-10 01:08:40.937  2458  2458 W A01c06/ICON: AppIconWeatherModel --> initWeatherListener, retryTimes: 4
09-10 01:08:40.941  2458  2458 E A01c06/ICON: AppIconWeatherModel --> get weather info failed, code: 15700010, message: The DataShareHelper is not initialized successfully.
09-10 01:08:41.943  2458  2458 W A01c06/ICON: AppIconWeatherModel --> initWeatherListener, retryTimes: 4
09-10 01:08:41.945  2458  2458 E A01c06/ICON: AppIconWeatherModel --> get weather info failed, code: 15700010, message: The DataShareHelper is not initialized successfully.
09-10 01:08:42.946  2458  2458 W A01c06/ICON: AppIconWeatherModel --> initWeatherListener, retryTimes: 4
09-10 01:08:42.948  2458  2458 E A01c06/ICON: AppIconWeatherModel --> get weather info failed, code: 15700010, message: The DataShareHelper is not initialized successfully.
09-10 01:08:43.950  2458  2458 W A01c06/ICON: AppIconWeatherModel --> initWeatherListener, retryTimes: 4
09-10 01:08:43.952  2458  2458 E A01c06/ICON: AppIconWeatherModel --> get weather info failed, code: 15700010, message: The DataShareHelper is not initialized successfully.
09-10 01:08:44.954  2458  2458 W A01c06/ICON: AppIconWeatherModel --> initWeatherListener, retryTimes: 4
09-10 01:08:44.955  2458  2458 E A01c06/ICON: AppIconWeatherModel --> get weather info failed, code: 15700010, message: The DataShareHelper is not initialized successfully.
09-10 01:08:45.958  2458  2458 W A01c06/ICON: AppIconWeatherModel --> initWeatherListener, retryTimes: 4
09-10 01:08:45.962  2458  2458 E A01c06/ICON: AppIconWeatherModel --> get weather info failed, code: 15700010, message: The DataShareHelper is not initialized successfully.
09-10 01:08:46.962  2458  2458 W A01c06/ICON: AppIconWeatherModel --> initWeatherListener, retryTimes: 4
09-10 01:08:46.964  2458  2458 E A01c06/ICON: AppIconWeatherModel --> get weather info failed, code: 15700010, message: The DataShareHelper is not initialized successfully.
09-10 01:08:47.968  2458  2458 W A01c06/ICON: AppIconWeatherModel --> initWeatherListener, retryTimes: 4
09-10 01:08:47.969  2458  2458 E A01c06/ICON: AppIconWeatherModel --> get weather info failed, code: 15700010, message: The DataShareHelper is not initialized successfully.
09-10 01:08:48.971  2458  2458 W A01c06/ICON: AppIconWeatherModel --> initWeatherListener, retryTimes: 4
09-10 01:08:48.972  2458  2458 E A01c06/ICON: AppIconWeatherModel --> get weather info failed, code: 15700010, message: The DataShareHelper is not initialized successfully.
09-10 01:08:49.973  2458  2458 W A01c06/ICON: AppIconWeatherModel --> initWeatherListener, retryTimes: 4
09-10 01:08:49.975  2458  2458 E A01c06/ICON: AppIconWeatherModel --> get weather info failed, code: 15700010, message: The DataShareHelper is not initialized successfully.
09-10 01:08:50.978  2458  2458 W A01c06/ICON: AppIconWeatherModel --> initWeatherListener, retryTimes: 4
09-10 01:08:50.982  2458  2458 E A01c06/ICON: AppIconWeatherModel --> get weather info failed, code: 15700010, message: The DataShareHelper is not initialized successfully.
09-10 01:08:51.983  2458  2458 W A01c06/ICON: AppIconWeatherModel --> initWeatherListener, retryTimes: 4
09-10 01:08:51.984  2458  2458 E A01c06/ICON: AppIconWeatherModel --> get weather info failed, code: 15700010, message: The DataShareHelper is not initialized successfully.
09-10 01:08:52.986  2458  2458 W A01c06/ICON: AppIconWeatherModel --> initWeatherListener, retryTimes: 4
09-10 01:08:52.990  2458  2458 E A01c06/ICON: AppIconWeatherModel --> get weather info failed, code: 15700010, message: The DataShareHelper is not initialized successfully.
09-10 01:08:53.991  2458  2458 W A01c06/ICON: AppIconWeatherModel --> initWeatherListener, retryTimes: 4
09-10 01:08:53.993  2458  2458 E A01c06/ICON: AppIconWeatherModel --> get weather info failed, code: 15700010, message: The DataShareHelper is not initialized successfully.
09-10 01:08:54.995  2458  2458 W A01c06/ICON: AppIconWeatherModel --> initWeatherListener, retryTimes: 4
09-10 01:08:54.996  2458  2458 E A01c06/ICON: AppIconWeatherModel --> get weather info failed, code: 15700010, message: The DataShareHelper is not initialized successfully.
09-10 01:08:55.997  2458  2458 W A01c06/ICON: AppIconWeatherModel --> initWeatherListener, retryTimes: 4
09-10 01:08:56.001  2458  2458 E A01c06/ICON: AppIconWeatherModel --> get weather info failed, code: 15700010, message: The DataShareHelper is not initialized successfully.
09-10 01:08:57.002  2458  2458 W A01c06/ICON: AppIconWeatherModel --> initWeatherListener, retryTimes: 4
09-10 01:08:57.004  2458  2458 E A01c06/ICON: AppIconWeatherModel --> get weather info failed, code: 15700010, message: The DataShareHelper is not initialized successfully.
09-10 01:08:58.006  2458  2458 W A01c06/ICON: AppIconWeatherModel --> initWeatherListener, retryTimes: 4
09-10 01:08:58.007  2458  2458 E A01c06/ICON: AppIconWeatherModel --> get weather info failed, code: 15700010, message: The DataShareHelper is not initialized successfully.
09-10 01:08:59.010  2458  2458 W A01c06/ICON: AppIconWeatherModel --> initWeatherListener, retryTimes: 4
09-10 01:08:59.012  2458  2458 E A01c06/ICON: AppIconWeatherModel --> get weather info failed, code: 15700010, message: The DataShareHelper is not initialized successfully.
09-10 01:09:00.003  2458  2458 I A01a01/NC: StatusBarSysEventUtil: onTimeChangeEvent
09-10 01:09:00.003  2458  2458 W A01c06/ICON: AppIconCalendarCache --> receive date change event, nowData: 10, dateText: ,image is transparent: false, image is empty: true
09-10 01:09:00.003  2458  2458 W A01c06/ICON: AppIconCalendarCache --> com.huawei.hmos.calendar is not dynamic icon, bundleName is com.huawei.hmos.calendar
09-10 01:09:00.003  2458  2458 E A01c06/ICON: AppIconCalendarCache --> backgroundImage resource error
09-10 01:09:00.003  2458  2458 E A01c06/ICON: AppIconCalendarCache --> calendarForegroundBuilder is null
09-10 01:09:00.013  2458  2458 W A01c06/ICON: AppIconWeatherModel --> initWeatherListener, retryTimes: 4
09-10 01:09:00.015  2458  2458 E A01c06/ICON: AppIconWeatherModel --> get weather info failed, code: 15700010, message: The DataShareHelper is not initialized successfully.
09-10 01:09:01.016  2458  2458 W A01c06/ICON: AppIconWeatherModel --> initWeatherListener, retryTimes: 4
09-10 01:09:01.019  2458  2458 E A01c06/ICON: AppIconWeatherModel --> get weather info failed, code: 15700010, message: The DataShareHelper is not initialized successfully.
09-10 01:09:02.025  2458  2458 W A01c06/ICON: AppIconWeatherModel --> initWeatherListener, retryTimes: 4
09-10 01:09:02.027  2458  2458 E A01c06/ICON: AppIconWeatherModel --> get weather info failed, code: 15700010, message: The DataShareHelper is not initialized successfully.
09-10 01:09:03.031  2458  2458 W A01c06/ICON: AppIconWeatherModel --> initWeatherListener, retryTimes: 4
09-10 01:09:03.034  2458  2458 E A01c06/ICON: AppIconWeatherModel --> get weather info failed, code: 15700010, message: The DataShareHelper is not initialized successfully.
09-10 01:09:04.039  2458  2458 W A01c06/ICON: AppIconWeatherModel --> initWeatherListener, retryTimes: 4
09-10 01:09:04.042  2458  2458 E A01c06/ICON: AppIconWeatherModel --> get weather info failed, code: 15700010, message: The DataShareHelper is not initialized successfully.
09-10 01:09:05.043  2458  2458 W A01c06/ICON: AppIconWeatherModel --> initWeatherListener, retryTimes: 4
09-10 01:09:05.045  2458  2458 E A01c06/ICON: AppIconWeatherModel --> get weather info failed, code: 15700010, message: The DataShareHelper is not initialized successfully.
09-10 01:09:06.050  2458  2458 W A01c06/ICON: AppIconWeatherModel --> initWeatherListener, retryTimes: 4
09-10 01:09:06.054  2458  2458 E A01c06/ICON: AppIconWeatherModel --> get weather info failed, code: 15700010, message: The DataShareHelper is not initialized successfully.
09-10 01:09:07.060  2458  2458 W A01c06/ICON: AppIconWeatherModel --> initWeatherListener, retryTimes: 4
09-10 01:09:07.063  2458  2458 E A01c06/ICON: AppIconWeatherModel --> get weather info failed, code: 15700010, message: The DataShareHelper is not initialized successfully.
09-10 01:09:08.065  2458  2458 W A01c06/ICON: AppIconWeatherModel --> initWeatherListener, retryTimes: 4
09-10 01:09:08.067  2458  2458 E A01c06/ICON: AppIconWeatherModel --> get weather info failed, code: 15700010, message: The DataShareHelper is not initialized successfully.
09-10 01:09:09.073  2458  2458 W A01c06/ICON: AppIconWeatherModel --> initWeatherListener, retryTimes: 4
09-10 01:09:09.075  2458  2458 E A01c06/ICON: AppIconWeatherModel --> get weather info failed, code: 15700010, message: The DataShareHelper is not initialized successfully.
09-10 01:09:10.077  2458  2458 W A01c06/ICON: AppIconWeatherModel --> initWeatherListener, retryTimes: 4
09-10 01:09:10.079  2458  2458 E A01c06/ICON: AppIconWeatherModel --> get weather info failed, code: 15700010, message: The DataShareHelper is not initialized successfully.
09-10 01:09:11.083  2458  2458 W A01c06/ICON: AppIconWeatherModel --> initWeatherListener, retryTimes: 4
09-10 01:09:11.088  2458  2458 E A01c06/ICON: AppIconWeatherModel --> get weather info failed, code: 15700010, message: The DataShareHelper is not initialized successfully.
09-10 01:09:12.089  2458  2458 W A01c06/ICON: AppIconWeatherModel --> initWeatherListener, retryTimes: 4
09-10 01:09:12.091  2458  2458 E A01c06/ICON: AppIconWeatherModel --> get weather info failed, code: 15700010, message: The DataShareHelper is not initialized successfully.
09-10 01:09:13.092  2458  2458 W A01c06/ICON: AppIconWeatherModel --> initWeatherListener, retryTimes: 4
09-10 01:09:13.094  2458  2458 E A01c06/ICON: AppIconWeatherModel --> get weather info failed, code: 15700010, message: The DataShareHelper is not initialized successfully.
09-10 01:09:14.095  2458  2458 W A01c06/ICON: AppIconWeatherModel --> initWeatherListener, retryTimes: 4
09-10 01:09:14.097  2458  2458 E A01c06/ICON: AppIconWeatherModel --> get weather info failed, code: 15700010, message: The DataShareHelper is not initialized successfully.
09-10 01:09:15.098  2458  2458 W A01c06/ICON: AppIconWeatherModel --> initWeatherListener, retryTimes: 4
09-10 01:09:15.101  2458  2458 E A01c06/ICON: AppIconWeatherModel --> get weather info failed, code: 15700010, message: The DataShareHelper is not initialized successfully.
09-10 01:09:16.106  2458  2458 W A01c06/ICON: AppIconWeatherModel --> initWeatherListener, retryTimes: 4
09-10 01:09:16.109  2458  2458 E A01c06/ICON: AppIconWeatherModel --> get weather info failed, code: 15700010, message: The DataShareHelper is not initialized successfully.
09-10 01:09:17.110  2458  2458 W A01c06/ICON: AppIconWeatherModel --> initWeatherListener, retryTimes: 4
09-10 01:09:17.112  2458  2458 E A01c06/ICON: AppIconWeatherModel --> get weather info failed, code: 15700010, message: The DataShareHelper is not initialized successfully.
09-10 01:09:18.114  2458  2458 W A01c06/ICON: AppIconWeatherModel --> initWeatherListener, retryTimes: 4
09-10 01:09:18.118  2458  2458 E A01c06/ICON: AppIconWeatherModel --> get weather info failed, code: 15700010, message: The DataShareHelper is not initialized successfully.
09-10 01:09:19.123  2458  2458 W A01c06/ICON: AppIconWeatherModel --> initWeatherListener, retryTimes: 4
09-10 01:09:19.130  2458  2458 E A01c06/ICON: AppIconWeatherModel --> get weather info failed, code: 15700010, message: The DataShareHelper is not initialized successfully.
09-10 01:09:20.133  2458  2458 W A01c06/ICON: AppIconWeatherModel --> initWeatherListener, retryTimes: 4
09-10 01:09:20.136  2458  2458 E A01c06/ICON: AppIconWeatherModel --> get weather info failed, code: 15700010, message: The DataShareHelper is not initialized successfully.
09-10 01:09:21.138  2458  2458 W A01c06/ICON: AppIconWeatherModel --> initWeatherListener, retryTimes: 4
09-10 01:09:21.144  2458  2458 E A01c06/ICON: AppIconWeatherModel --> get weather info failed, code: 15700010, message: The DataShareHelper is not initialized successfully.
09-10 01:09:22.146  2458  2458 W A01c06/ICON: AppIconWeatherModel --> initWeatherListener, retryTimes: 4
09-10 01:09:22.150  2458  2458 E A01c06/ICON: AppIconWeatherModel --> get weather info failed, code: 15700010, message: The DataShareHelper is not initialized successfully.
09-10 01:09:23.155  2458  2458 W A01c06/ICON: AppIconWeatherModel --> initWeatherListener, retryTimes: 4
09-10 01:09:23.158  2458  2458 E A01c06/ICON: AppIconWeatherModel --> get weather info failed, code: 15700010, message: The DataShareHelper is not initialized successfully.
09-10 01:09:24.161  2458  2458 W A01c06/ICON: AppIconWeatherModel --> initWeatherListener, retryTimes: 4
09-10 01:09:24.163  2458  2458 E A01c06/ICON: AppIconWeatherModel --> get weather info failed, code: 15700010, message: The DataShareHelper is not initialized successfully.
09-10 01:09:25.167  2458  2458 W A01c06/ICON: AppIconWeatherModel --> initWeatherListener, retryTimes: 4
09-10 01:09:25.169  2458  2458 E A01c06/ICON: AppIconWeatherModel --> get weather info failed, code: 15700010, message: The DataShareHelper is not initialized successfully.
09-10 01:09:26.173  2458  2458 W A01c06/ICON: AppIconWeatherModel --> initWeatherListener, retryTimes: 4
09-10 01:09:26.180  2458  2458 E A01c06/ICON: AppIconWeatherModel --> get weather info failed, code: 15700010, message: The DataShareHelper is not initialized successfully.
09-10 01:09:27.182  2458  2458 W A01c06/ICON: AppIconWeatherModel --> initWeatherListener, retryTimes: 4
09-10 01:09:27.184  2458  2458 E A01c06/ICON: AppIconWeatherModel --> get weather info failed, code: 15700010, message: The DataShareHelper is not initialized successfully.
09-10 01:09:28.189  2458  2458 W A01c06/ICON: AppIconWeatherModel --> initWeatherListener, retryTimes: 4
09-10 01:09:28.193  2458  2458 E A01c06/ICON: AppIconWeatherModel --> get weather info failed, code: 15700010, message: The DataShareHelper is not initialized successfully.
09-10 01:09:29.197  2458  2458 W A01c06/ICON: AppIconWeatherModel --> initWeatherListener, retryTimes: 4
09-10 01:09:29.202  2458  2458 E A01c06/ICON: AppIconWeatherModel --> get weather info failed, code: 15700010, message: The DataShareHelper is not initialized successfully.
09-10 01:09:30.205  2458  2458 W A01c06/ICON: AppIconWeatherModel --> initWeatherListener, retryTimes: 4
09-10 01:09:30.209  2458  2458 E A01c06/ICON: AppIconWeatherModel --> get weather info failed, code: 15700010, message: The DataShareHelper is not initialized successfully.
09-10 01:09:31.212  2458  2458 W A01c06/ICON: AppIconWeatherModel --> initWeatherListener, retryTimes: 4
09-10 01:09:31.217  2458  2458 E A01c06/ICON: AppIconWeatherModel --> get weather info failed, code: 15700010, message: The DataShareHelper is not initialized successfully.
09-10 01:09:32.218  2458  2458 W A01c06/ICON: AppIconWeatherModel --> initWeatherListener, retryTimes: 4
09-10 01:09:32.222  2458  2458 E A01c06/ICON: AppIconWeatherModel --> get weather info failed, code: 15700010, message: The DataShareHelper is not initialized successfully.
09-10 01:09:33.224  2458  2458 W A01c06/ICON: AppIconWeatherModel --> initWeatherListener, retryTimes: 4
09-10 01:09:33.227  2458  2458 E A01c06/ICON: AppIconWeatherModel --> get weather info failed, code: 15700010, message: The DataShareHelper is not initialized successfully.
09-10 01:09:34.233  2458  2458 W A01c06/ICON: AppIconWeatherModel --> initWeatherListener, retryTimes: 4
09-10 01:09:34.237  2458  2458 E A01c06/ICON: AppIconWeatherModel --> get weather info failed, code: 15700010, message: The DataShareHelper is not initialized successfully.
09-10 01:09:35.242  2458  2458 W A01c06/ICON: AppIconWeatherModel --> initWeatherListener, retryTimes: 4
09-10 01:09:35.246  2458  2458 E A01c06/ICON: AppIconWeatherModel --> get weather info failed, code: 15700010, message: The DataShareHelper is not initialized successfully.
09-10 01:09:36.248  2458  2458 W A01c06/ICON: AppIconWeatherModel --> initWeatherListener, retryTimes: 4
09-10 01:09:36.252  2458  2458 E A01c06/ICON: AppIconWeatherModel --> get weather info failed, code: 15700010, message: The DataShareHelper is not initialized successfully.
09-10 01:09:37.258  2458  2458 W A01c06/ICON: AppIconWeatherModel --> initWeatherListener, retryTimes: 4
09-10 01:09:37.260  2458  2458 E A01c06/ICON: AppIconWeatherModel --> get weather info failed, code: 15700010, message: The DataShareHelper is not initialized successfully.
09-10 01:09:38.262  2458  2458 W A01c06/ICON: AppIconWeatherModel --> initWeatherListener, retryTimes: 4
09-10 01:09:38.268  2458  2458 E A01c06/ICON: AppIconWeatherModel --> get weather info failed, code: 15700010, message: The DataShareHelper is not initialized successfully.
09-10 01:09:39.271  2458  2458 W A01c06/ICON: AppIconWeatherModel --> initWeatherListener, retryTimes: 4
09-10 01:09:39.276  2458  2458 E A01c06/ICON: AppIconWeatherModel --> get weather info failed, code: 15700010, message: The DataShareHelper is not initialized successfully.
09-10 01:09:40.279  2458  2458 W A01c06/ICON: AppIconWeatherModel --> initWeatherListener, retryTimes: 4
09-10 01:09:40.282  2458  2458 E A01c06/ICON: AppIconWeatherModel --> get weather info failed, code: 15700010, message: The DataShareHelper is not initialized successfully.
09-10 01:09:41.285  2458  2458 W A01c06/ICON: AppIconWeatherModel --> initWeatherListener, retryTimes: 4
09-10 01:09:41.299  2458  2458 E A01c06/ICON: AppIconWeatherModel --> get weather info failed, code: 15700010, message: The DataShareHelper is not initialized successfully.
09-10 01:09:42.302  2458  2458 W A01c06/ICON: AppIconWeatherModel --> initWeatherListener, retryTimes: 4
09-10 01:09:42.305  2458  2458 E A01c06/ICON: AppIconWeatherModel --> get weather info failed, code: 15700010, message: The DataShareHelper is not initialized successfully.
09-10 01:09:43.310  2458  2458 W A01c06/ICON: AppIconWeatherModel --> initWeatherListener, retryTimes: 4
09-10 01:09:43.314  2458  2458 E A01c06/ICON: AppIconWeatherModel --> get weather info failed, code: 15700010, message: The DataShareHelper is not initialized successfully.
09-10 01:09:44.316  2458  2458 W A01c06/ICON: AppIconWeatherModel --> initWeatherListener, retryTimes: 4
09-10 01:09:44.319  2458  2458 E A01c06/ICON: AppIconWeatherModel --> get weather info failed, code: 15700010, message: The DataShareHelper is not initialized successfully.
09-10 01:09:45.320  2458  2458 W A01c06/ICON: AppIconWeatherModel --> initWeatherListener, retryTimes: 4
09-10 01:09:45.322  2458  2458 E A01c06/ICON: AppIconWeatherModel --> get weather info failed, code: 15700010, message: The DataShareHelper is not initialized successfully.
09-10 01:09:46.328  2458  2458 W A01c06/ICON: AppIconWeatherModel --> initWeatherListener, retryTimes: 4
09-10 01:09:46.332  2458  2458 E A01c06/ICON: AppIconWeatherModel --> get weather info failed, code: 15700010, message: The DataShareHelper is not initialized successfully.
09-10 01:09:47.333  2458  2458 W A01c06/ICON: AppIconWeatherModel --> initWeatherListener, retryTimes: 4
09-10 01:09:47.335  2458  2458 E A01c06/ICON: AppIconWeatherModel --> get weather info failed, code: 15700010, message: The DataShareHelper is not initialized successfully.
09-10 01:09:48.339  2458  2458 W A01c06/ICON: AppIconWeatherModel --> initWeatherListener, retryTimes: 4
09-10 01:09:48.341  2458  2458 E A01c06/ICON: AppIconWeatherModel --> get weather info failed, code: 15700010, message: The DataShareHelper is not initialized successfully.
09-10 01:09:49.345  2458  2458 W A01c06/ICON: AppIconWeatherModel --> initWeatherListener, retryTimes: 4
09-10 01:09:49.347  2458  2458 E A01c06/ICON: AppIconWeatherModel --> get weather info failed, code: 15700010, message: The DataShareHelper is not initialized successfully.
09-10 01:09:50.349  2458  2458 W A01c06/ICON: AppIconWeatherModel --> initWeatherListener, retryTimes: 4
09-10 01:09:50.351  2458  2458 E A01c06/ICON: AppIconWeatherModel --> get weather info failed, code: 15700010, message: The DataShareHelper is not initialized successfully.
09-10 01:09:51.353  2458  2458 W A01c06/ICON: AppIconWeatherModel --> initWeatherListener, retryTimes: 4
09-10 01:09:51.356  2458  2458 E A01c06/ICON: AppIconWeatherModel --> get weather info failed, code: 15700010, message: The DataShareHelper is not initialized successfully.
09-10 01:09:52.358  2458  2458 W A01c06/ICON: AppIconWeatherModel --> initWeatherListener, retryTimes: 4
09-10 01:09:52.364  2458  2458 E A01c06/ICON: AppIconWeatherModel --> get weather info failed, code: 15700010, message: The DataShareHelper is not initialized successfully.
09-10 01:09:53.366  2458  2458 W A01c06/ICON: AppIconWeatherModel --> initWeatherListener, retryTimes: 4
09-10 01:09:53.370  2458  2458 E A01c06/ICON: AppIconWeatherModel --> get weather info failed, code: 15700010, message: The DataShareHelper is not initialized successfully.
09-10 01:09:54.374  2458  2458 W A01c06/ICON: AppIconWeatherModel --> initWeatherListener, retryTimes: 4
09-10 01:09:54.377  2458  2458 E A01c06/ICON: AppIconWeatherModel --> get weather info failed, code: 15700010, message: The DataShareHelper is not initialized successfully.
09-10 01:09:55.379  2458  2458 W A01c06/ICON: AppIconWeatherModel --> initWeatherListener, retryTimes: 4
09-10 01:09:55.381  2458  2458 E A01c06/ICON: AppIconWeatherModel --> get weather info failed, code: 15700010, message: The DataShareHelper is not initialized successfully.
09-10 01:09:56.386  2458  2458 W A01c06/ICON: AppIconWeatherModel --> initWeatherListener, retryTimes: 4
09-10 01:09:56.389  2458  2458 E A01c06/ICON: AppIconWeatherModel --> get weather info failed, code: 15700010, message: The DataShareHelper is not initialized successfully.
09-10 01:09:57.392  2458  2458 W A01c06/ICON: AppIconWeatherModel --> initWeatherListener, retryTimes: 4
09-10 01:09:57.394  2458  2458 E A01c06/ICON: AppIconWeatherModel --> get weather info failed, code: 15700010, message: The DataShareHelper is not initialized successfully.
09-10 01:09:58.396  2458  2458 W A01c06/ICON: AppIconWeatherModel --> initWeatherListener, retryTimes: 4
09-10 01:09:58.397  2458  2458 E A01c06/ICON: AppIconWeatherModel --> get weather info failed, code: 15700010, message: The DataShareHelper is not initialized successfully.
09-10 01:09:59.401  2458  2458 W A01c06/ICON: AppIconWeatherModel --> initWeatherListener, retryTimes: 4
09-10 01:09:59.404  2458  2458 E A01c06/ICON: AppIconWeatherModel --> get weather info failed, code: 15700010, message: The DataShareHelper is not initialized successfully.
09-10 01:10:00.002  2458  2458 W A01c06/ICON: AppIconCalendarCache --> receive date change event, nowData: 10, dateText: ,image is transparent: false, image is empty: true
09-10 01:10:00.002  2458  2458 W A01c06/ICON: AppIconCalendarCache --> com.huawei.hmos.calendar is not dynamic icon, bundleName is com.huawei.hmos.calendar
09-10 01:10:00.002  2458  2458 E A01c06/ICON: AppIconCalendarCache --> backgroundImage resource error
09-10 01:10:00.002  2458  2458 E A01c06/ICON: AppIconCalendarCache --> calendarForegroundBuilder is null
09-10 01:10:00.004  2458  2458 I A01a00/SYS_UI: StatisticsMaintenance: report statistics, do not limit
09-10 01:10:00.004  2458  2458 I A01a00/SYS_UI: MaintenanceRecord: Send maintenance event(1), extendType(6), ext: [{"ntfNum":{},"liveViewNum":{},"showPanelTime":[],"queueNum":0,"dropNum":[0,0],"volume":-2,"version":1,"taskException":"","swingStatus":""}]
09-10 01:10:00.004  2458  2458 I A01a01/NC: StatusBarSysEventUtil: onTimeChangeEvent
09-10 01:10:00.005  2458  2458 I A01a00/SYS_UI: MaintenanceRecord: Send maintenance event(1) to push success
09-10 01:10:00.405  2458  2458 W A01c06/ICON: AppIconWeatherModel --> initWeatherListener, retryTimes: 4
09-10 01:10:00.408  2458  2458 E A01c06/ICON: AppIconWeatherModel --> get weather info failed, code: 15700010, message: The DataShareHelper is not initialized successfully.
09-10 01:10:01.409  2458  2458 W A01c06/ICON: AppIconWeatherModel --> initWeatherListener, retryTimes: 4
09-10 01:10:01.411  2458  2458 E A01c06/ICON: AppIconWeatherModel --> get weather info failed, code: 15700010, message: The DataShareHelper is not initialized successfully.
09-10 01:10:02.413  2458  2458 W A01c06/ICON: AppIconWeatherModel --> initWeatherListener, retryTimes: 4
09-10 01:10:02.415  2458  2458 E A01c06/ICON: AppIconWeatherModel --> get weather info failed, code: 15700010, message: The DataShareHelper is not initialized successfully.
09-10 01:10:03.417  2458  2458 W A01c06/ICON: AppIconWeatherModel --> initWeatherListener, retryTimes: 4
09-10 01:10:03.419  2458  2458 E A01c06/ICON: AppIconWeatherModel --> get weather info failed, code: 15700010, message: The DataShareHelper is not initialized successfully.
09-10 01:10:04.421  2458  2458 W A01c06/ICON: AppIconWeatherModel --> initWeatherListener, retryTimes: 4
09-10 01:10:04.422  2458  2458 E A01c06/ICON: AppIconWeatherModel --> get weather info failed, code: 15700010, message: The DataShareHelper is not initialized successfully.
09-10 01:10:05.425  2458  2458 W A01c06/ICON: AppIconWeatherModel --> initWeatherListener, retryTimes: 4
09-10 01:10:05.427  2458  2458 E A01c06/ICON: AppIconWeatherModel --> get weather info failed, code: 15700010, message: The DataShareHelper is not initialized successfully.
09-10 01:10:06.429  2458  2458 W A01c06/ICON: AppIconWeatherModel --> initWeatherListener, retryTimes: 4
09-10 01:10:06.433  2458  2458 E A01c06/ICON: AppIconWeatherModel --> get weather info failed, code: 15700010, message: The DataShareHelper is not initialized successfully.
09-10 01:10:07.434  2458  2458 W A01c06/ICON: AppIconWeatherModel --> initWeatherListener, retryTimes: 4
09-10 01:10:07.436  2458  2458 E A01c06/ICON: AppIconWeatherModel --> get weather info failed, code: 15700010, message: The DataShareHelper is not initialized successfully.
09-10 01:10:08.437  2458  2458 W A01c06/ICON: AppIconWeatherModel --> initWeatherListener, retryTimes: 4
09-10 01:10:08.439  2458  2458 E A01c06/ICON: AppIconWeatherModel --> get weather info failed, code: 15700010, message: The DataShareHelper is not initialized successfully.
09-10 01:10:09.440  2458  2458 W A01c06/ICON: AppIconWeatherModel --> initWeatherListener, retryTimes: 4
09-10 01:10:09.442  2458  2458 E A01c06/ICON: AppIconWeatherModel --> get weather info failed, code: 15700010, message: The DataShareHelper is not initialized successfully.
09-10 01:10:10.444  2458  2458 W A01c06/ICON: AppIconWeatherModel --> initWeatherListener, retryTimes: 4
09-10 01:10:10.446  2458  2458 E A01c06/ICON: AppIconWeatherModel --> get weather info failed, code: 15700010, message: The DataShareHelper is not initialized successfully.
09-10 01:10:11.447  2458  2458 W A01c06/ICON: AppIconWeatherModel --> initWeatherListener, retryTimes: 4
09-10 01:10:11.452  2458  2458 E A01c06/ICON: AppIconWeatherModel --> get weather info failed, code: 15700010, message: The DataShareHelper is not initialized successfully.
09-10 01:10:12.454  2458  2458 W A01c06/ICON: AppIconWeatherModel --> initWeatherListener, retryTimes: 4
09-10 01:10:12.460  2458  2458 E A01c06/ICON: AppIconWeatherModel --> get weather info failed, code: 15700010, message: The DataShareHelper is not initialized successfully.
09-10 01:10:13.462  2458  2458 W A01c06/ICON: AppIconWeatherModel --> initWeatherListener, retryTimes: 4
09-10 01:10:13.466  2458  2458 E A01c06/ICON: AppIconWeatherModel --> get weather info failed, code: 15700010, message: The DataShareHelper is not initialized successfully.
09-10 01:10:14.468  2458  2458 W A01c06/ICON: AppIconWeatherModel --> initWeatherListener, retryTimes: 4
09-10 01:10:14.470  2458  2458 E A01c06/ICON: AppIconWeatherModel --> get weather info failed, code: 15700010, message: The DataShareHelper is not initialized successfully.
09-10 01:10:15.472  2458  2458 W A01c06/ICON: AppIconWeatherModel --> initWeatherListener, retryTimes: 4
09-10 01:10:15.473  2458  2458 E A01c06/ICON: AppIconWeatherModel --> get weather info failed, code: 15700010, message: The DataShareHelper is not initialized successfully.
09-10 01:10:16.475  2458  2458 W A01c06/ICON: AppIconWeatherModel --> initWeatherListener, retryTimes: 4
09-10 01:10:16.478  2458  2458 E A01c06/ICON: AppIconWeatherModel --> get weather info failed, code: 15700010, message: The DataShareHelper is not initialized successfully.
09-10 01:10:17.482  2458  2458 W A01c06/ICON: AppIconWeatherModel --> initWeatherListener, retryTimes: 4
09-10 01:10:17.484  2458  2458 E A01c06/ICON: AppIconWeatherModel --> get weather info failed, code: 15700010, message: The DataShareHelper is not initialized successfully.
09-10 01:10:18.488  2458  2458 W A01c06/ICON: AppIconWeatherModel --> initWeatherListener, retryTimes: 4
09-10 01:10:18.494  2458  2458 E A01c06/ICON: AppIconWeatherModel --> get weather info failed, code: 15700010, message: The DataShareHelper is not initialized successfully.
09-10 01:10:19.505  2458  2458 W A01c06/ICON: AppIconWeatherModel --> initWeatherListener, retryTimes: 4
09-10 01:10:19.516  2458  2458 E A01c06/ICON: AppIconWeatherModel --> get weather info failed, code: 15700010, message: The DataShareHelper is not initialized successfully.
09-10 01:10:20.532  2458  2458 W A01c06/ICON: AppIconWeatherModel --> initWeatherListener, retryTimes: 4
09-10 01:10:20.540  2458  2458 E A01c06/ICON: AppIconWeatherModel --> get weather info failed, code: 15700010, message: The DataShareHelper is not initialized successfully.
09-10 01:10:21.543  2458  2458 W A01c06/ICON: AppIconWeatherModel --> initWeatherListener, retryTimes: 4
09-10 01:10:21.561  2458  2458 E A01c06/ICON: AppIconWeatherModel --> get weather info failed, code: 15700010, message: The DataShareHelper is not initialized successfully.
09-10 01:10:22.562  2458  2458 W A01c06/ICON: AppIconWeatherModel --> initWeatherListener, retryTimes: 4
09-10 01:10:22.565  2458  2458 E A01c06/ICON: AppIconWeatherModel --> get weather info failed, code: 15700010, message: The DataShareHelper is not initialized successfully.
09-10 01:10:23.567  2458  2458 W A01c06/ICON: AppIconWeatherModel --> initWeatherListener, retryTimes: 4
09-10 01:10:23.569  2458  2458 E A01c06/ICON: AppIconWeatherModel --> get weather info failed, code: 15700010, message: The DataShareHelper is not initialized successfully.
09-10 01:10:24.570  2458  2458 W A01c06/ICON: AppIconWeatherModel --> initWeatherListener, retryTimes: 4
09-10 01:10:24.572  2458  2458 E A01c06/ICON: AppIconWeatherModel --> get weather info failed, code: 15700010, message: The DataShareHelper is not initialized successfully.
09-10 01:10:25.572  2458  2458 W A01c06/ICON: AppIconWeatherModel --> initWeatherListener, retryTimes: 4
09-10 01:10:25.574  2458  2458 E A01c06/ICON: AppIconWeatherModel --> get weather info failed, code: 15700010, message: The DataShareHelper is not initialized successfully.
09-10 01:10:26.575  2458  2458 W A01c06/ICON: AppIconWeatherModel --> initWeatherListener, retryTimes: 4
09-10 01:10:26.579  2458  2458 E A01c06/ICON: AppIconWeatherModel --> get weather info failed, code: 15700010, message: The DataShareHelper is not initialized successfully.
09-10 01:10:27.581  2458  2458 W A01c06/ICON: AppIconWeatherModel --> initWeatherListener, retryTimes: 4
09-10 01:10:27.582  2458  2458 E A01c06/ICON: AppIconWeatherModel --> get weather info failed, code: 15700010, message: The DataShareHelper is not initialized successfully.
09-10 01:10:28.584  2458  2458 W A01c06/ICON: AppIconWeatherModel --> initWeatherListener, retryTimes: 4
09-10 01:10:28.586  2458  2458 E A01c06/ICON: AppIconWeatherModel --> get weather info failed, code: 15700010, message: The DataShareHelper is not initialized successfully.
09-10 01:10:29.587  2458  2458 W A01c06/ICON: AppIconWeatherModel --> initWeatherListener, retryTimes: 4
09-10 01:10:29.589  2458  2458 E A01c06/ICON: AppIconWeatherModel --> get weather info failed, code: 15700010, message: The DataShareHelper is not initialized successfully.
09-10 01:10:30.591  2458  2458 W A01c06/ICON: AppIconWeatherModel --> initWeatherListener, retryTimes: 4
09-10 01:10:30.593  2458  2458 E A01c06/ICON: AppIconWeatherModel --> get weather info failed, code: 15700010, message: The DataShareHelper is not initialized successfully.
09-10 01:10:31.594  2458  2458 W A01c06/ICON: AppIconWeatherModel --> initWeatherListener, retryTimes: 4
09-10 01:10:31.599  2458  2458 E A01c06/ICON: AppIconWeatherModel --> get weather info failed, code: 15700010, message: The DataShareHelper is not initialized successfully.
09-10 01:10:32.604  2458  2458 W A01c06/ICON: AppIconWeatherModel --> initWeatherListener, retryTimes: 4
09-10 01:10:32.612  2458  2458 E A01c06/ICON: AppIconWeatherModel --> get weather info failed, code: 15700010, message: The DataShareHelper is not initialized successfully.
09-10 01:10:33.617  2458  2458 W A01c06/ICON: AppIconWeatherModel --> initWeatherListener, retryTimes: 4
09-10 01:10:33.631  2458  2458 E A01c06/ICON: AppIconWeatherModel --> get weather info failed, code: 15700010, message: The DataShareHelper is not initialized successfully.
09-10 01:10:34.632  2458  2458 W A01c06/ICON: AppIconWeatherModel --> initWeatherListener, retryTimes: 4
09-10 01:10:34.640  2458  2458 E A01c06/ICON: AppIconWeatherModel --> get weather info failed, code: 15700010, message: The DataShareHelper is not initialized successfully.
09-10 01:10:35.643  2458  2458 W A01c06/ICON: AppIconWeatherModel --> initWeatherListener, retryTimes: 4
09-10 01:10:35.649  2458  2458 E A01c06/ICON: AppIconWeatherModel --> get weather info failed, code: 15700010, message: The DataShareHelper is not initialized successfully.
09-10 01:10:36.651  2458  2458 W A01c06/ICON: AppIconWeatherModel --> initWeatherListener, retryTimes: 4
09-10 01:10:36.656  2458  2458 E A01c06/ICON: AppIconWeatherModel --> get weather info failed, code: 15700010, message: The DataShareHelper is not initialized successfully.
09-10 01:10:37.657  2458  2458 W A01c06/ICON: AppIconWeatherModel --> initWeatherListener, retryTimes: 4
09-10 01:10:37.660  2458  2458 E A01c06/ICON: AppIconWeatherModel --> get weather info failed, code: 15700010, message: The DataShareHelper is not initialized successfully.
09-10 01:10:38.661  2458  2458 W A01c06/ICON: AppIconWeatherModel --> initWeatherListener, retryTimes: 4
09-10 01:10:38.663  2458  2458 E A01c06/ICON: AppIconWeatherModel --> get weather info failed, code: 15700010, message: The DataShareHelper is not initialized successfully.
09-10 01:10:39.667  2458  2458 W A01c06/ICON: AppIconWeatherModel --> initWeatherListener, retryTimes: 4
09-10 01:10:39.670  2458  2458 E A01c06/ICON: AppIconWeatherModel --> get weather info failed, code: 15700010, message: The DataShareHelper is not initialized successfully.
09-10 01:10:40.672  2458  2458 W A01c06/ICON: AppIconWeatherModel --> initWeatherListener, retryTimes: 4
09-10 01:10:40.675  2458  2458 E A01c06/ICON: AppIconWeatherModel --> get weather info failed, code: 15700010, message: The DataShareHelper is not initialized successfully.
09-10 01:10:41.677  2458  2458 W A01c06/ICON: AppIconWeatherModel --> initWeatherListener, retryTimes: 4
09-10 01:10:41.679  2458  2458 E A01c06/ICON: AppIconWeatherModel --> get weather info failed, code: 15700010, message: The DataShareHelper is not initialized successfully.
09-10 01:10:42.682  2458  2458 W A01c06/ICON: AppIconWeatherModel --> initWeatherListener, retryTimes: 4
09-10 01:10:42.688  2458  2458 E A01c06/ICON: AppIconWeatherModel --> get weather info failed, code: 15700010, message: The DataShareHelper is not initialized successfully.
09-10 01:10:43.691  2458  2458 W A01c06/ICON: AppIconWeatherModel --> initWeatherListener, retryTimes: 4
09-10 01:10:43.700  2458  2458 E A01c06/ICON: AppIconWeatherModel --> get weather info failed, code: 15700010, message: The DataShareHelper is not initialized successfully.
09-10 01:10:44.701  2458  2458 W A01c06/ICON: AppIconWeatherModel --> initWeatherListener, retryTimes: 4
09-10 01:10:44.706  2458  2458 E A01c06/ICON: AppIconWeatherModel --> get weather info failed, code: 15700010, message: The DataShareHelper is not initialized successfully.
09-10 01:10:45.707  2458  2458 W A01c06/ICON: AppIconWeatherModel --> initWeatherListener, retryTimes: 4
09-10 01:10:45.710  2458  2458 E A01c06/ICON: AppIconWeatherModel --> get weather info failed, code: 15700010, message: The DataShareHelper is not initialized successfully.
09-10 01:10:46.712  2458  2458 W A01c06/ICON: AppIconWeatherModel --> initWeatherListener, retryTimes: 4
09-10 01:10:46.715  2458  2458 E A01c06/ICON: AppIconWeatherModel --> get weather info failed, code: 15700010, message: The DataShareHelper is not initialized successfully.
09-10 01:10:47.717  2458  2458 W A01c06/ICON: AppIconWeatherModel --> initWeatherListener, retryTimes: 4
09-10 01:10:47.724  2458  2458 E A01c06/ICON: AppIconWeatherModel --> get weather info failed, code: 15700010, message: The DataShareHelper is not initialized successfully.
09-10 01:10:48.727  2458  2458 W A01c06/ICON: AppIconWeatherModel --> initWeatherListener, retryTimes: 4
09-10 01:10:48.729  2458  2458 E A01c06/ICON: AppIconWeatherModel --> get weather info failed, code: 15700010, message: The DataShareHelper is not initialized successfully.
09-10 01:10:49.731  2458  2458 W A01c06/ICON: AppIconWeatherModel --> initWeatherListener, retryTimes: 4
09-10 01:10:49.736  2458  2458 E A01c06/ICON: AppIconWeatherModel --> get weather info failed, code: 15700010, message: The DataShareHelper is not initialized successfully.
09-10 01:10:50.737  2458  2458 W A01c06/ICON: AppIconWeatherModel --> initWeatherListener, retryTimes: 4
09-10 01:10:50.741  2458  2458 E A01c06/ICON: AppIconWeatherModel --> get weather info failed, code: 15700010, message: The DataShareHelper is not initialized successfully.
09-10 01:10:51.741  2458  2458 W A01c06/ICON: AppIconWeatherModel --> initWeatherListener, retryTimes: 4
09-10 01:10:51.747  2458  2458 E A01c06/ICON: AppIconWeatherModel --> get weather info failed, code: 15700010, message: The DataShareHelper is not initialized successfully.
09-10 01:10:52.748  2458  2458 W A01c06/ICON: AppIconWeatherModel --> initWeatherListener, retryTimes: 4
09-10 01:10:52.753  2458  2458 E A01c06/ICON: AppIconWeatherModel --> get weather info failed, code: 15700010, message: The DataShareHelper is not initialized successfully.
09-10 01:10:53.757  2458  2458 W A01c06/ICON: AppIconWeatherModel --> initWeatherListener, retryTimes: 4
09-10 01:10:53.768  2458  2458 E A01c06/ICON: AppIconWeatherModel --> get weather info failed, code: 15700010, message: The DataShareHelper is not initialized successfully.
09-10 01:10:54.770  2458  2458 W A01c06/ICON: AppIconWeatherModel --> initWeatherListener, retryTimes: 4
09-10 01:10:54.776  2458  2458 E A01c06/ICON: AppIconWeatherModel --> get weather info failed, code: 15700010, message: The DataShareHelper is not initialized successfully.
09-10 01:10:55.779  2458  2458 W A01c06/ICON: AppIconWeatherModel --> initWeatherListener, retryTimes: 4
09-10 01:10:55.782  2458  2458 E A01c06/ICON: AppIconWeatherModel --> get weather info failed, code: 15700010, message: The DataShareHelper is not initialized successfully.
09-10 01:10:56.783  2458  2458 W A01c06/ICON: AppIconWeatherModel --> initWeatherListener, retryTimes: 4
09-10 01:10:56.787  2458  2458 E A01c06/ICON: AppIconWeatherModel --> get weather info failed, code: 15700010, message: The DataShareHelper is not initialized successfully.
09-10 01:10:57.788  2458  2458 W A01c06/ICON: AppIconWeatherModel --> initWeatherListener, retryTimes: 4
09-10 01:10:57.790  2458  2458 E A01c06/ICON: AppIconWeatherModel --> get weather info failed, code: 15700010, message: The DataShareHelper is not initialized successfully.
09-10 01:10:58.792  2458  2458 W A01c06/ICON: AppIconWeatherModel --> initWeatherListener, retryTimes: 4
09-10 01:10:58.794  2458  2458 E A01c06/ICON: AppIconWeatherModel --> get weather info failed, code: 15700010, message: The DataShareHelper is not initialized successfully.
09-10 01:10:59.797  2458  2458 W A01c06/ICON: AppIconWeatherModel --> initWeatherListener, retryTimes: 4
09-10 01:10:59.799  2458  2458 E A01c06/ICON: AppIconWeatherModel --> get weather info failed, code: 15700010, message: The DataShareHelper is not initialized successfully.
09-10 01:11:00.004  2458  2458 I A01a01/NC: StatusBarSysEventUtil: onTimeChangeEvent
09-10 01:11:00.005  2458  2458 W A01c06/ICON: AppIconCalendarCache --> receive date change event, nowData: 10, dateText: ,image is transparent: false, image is empty: true
09-10 01:11:00.005  2458  2458 W A01c06/ICON: AppIconCalendarCache --> com.huawei.hmos.calendar is not dynamic icon, bundleName is com.huawei.hmos.calendar
09-10 01:11:00.005  2458  2458 E A01c06/ICON: AppIconCalendarCache --> backgroundImage resource error
09-10 01:11:00.005  2458  2458 E A01c06/ICON: AppIconCalendarCache --> calendarForegroundBuilder is null
09-10 01:11:00.804  2458  2458 W A01c06/ICON: AppIconWeatherModel --> initWeatherListener, retryTimes: 4
09-10 01:11:00.806  2458  2458 E A01c06/ICON: AppIconWeatherModel --> get weather info failed, code: 15700010, message: The DataShareHelper is not initialized successfully.
09-10 01:11:01.810  2458  2458 W A01c06/ICON: AppIconWeatherModel --> initWeatherListener, retryTimes: 4
09-10 01:11:01.812  2458  2458 E A01c06/ICON: AppIconWeatherModel --> get weather info failed, code: 15700010, message: The DataShareHelper is not initialized successfully.
09-10 01:11:02.813  2458  2458 W A01c06/ICON: AppIconWeatherModel --> initWeatherListener, retryTimes: 4
09-10 01:11:02.814  2458  2458 E A01c06/ICON: AppIconWeatherModel --> get weather info failed, code: 15700010, message: The DataShareHelper is not initialized successfully.
09-10 01:11:03.818  2458  2458 W A01c06/ICON: AppIconWeatherModel --> initWeatherListener, retryTimes: 4
09-10 01:11:03.820  2458  2458 E A01c06/ICON: AppIconWeatherModel --> get weather info failed, code: 15700010, message: The DataShareHelper is not initialized successfully.
09-10 01:11:04.821  2458  2458 W A01c06/ICON: AppIconWeatherModel --> initWeatherListener, retryTimes: 4
09-10 01:11:04.823  2458  2458 E A01c06/ICON: AppIconWeatherModel --> get weather info failed, code: 15700010, message: The DataShareHelper is not initialized successfully.
09-10 01:11:05.825  2458  2458 W A01c06/ICON: AppIconWeatherModel --> initWeatherListener, retryTimes: 4
09-10 01:11:05.826  2458  2458 E A01c06/ICON: AppIconWeatherModel --> get weather info failed, code: 15700010, message: The DataShareHelper is not initialized successfully.
09-10 01:11:06.829  2458  2458 W A01c06/ICON: AppIconWeatherModel --> initWeatherListener, retryTimes: 4
09-10 01:11:06.833  2458  2458 E A01c06/ICON: AppIconWeatherModel --> get weather info failed, code: 15700010, message: The DataShareHelper is not initialized successfully.
09-10 01:11:07.833  2458  2458 W A01c06/ICON: AppIconWeatherModel --> initWeatherListener, retryTimes: 4
09-10 01:11:07.834  2458  2458 E A01c06/ICON: AppIconWeatherModel --> get weather info failed, code: 15700010, message: The DataShareHelper is not initialized successfully.
09-10 01:11:08.835  2458  2458 W A01c06/ICON: AppIconWeatherModel --> initWeatherListener, retryTimes: 4
09-10 01:11:08.836  2458  2458 E A01c06/ICON: AppIconWeatherModel --> get weather info failed, code: 15700010, message: The DataShareHelper is not initialized successfully.
09-10 01:11:09.838  2458  2458 W A01c06/ICON: AppIconWeatherModel --> initWeatherListener, retryTimes: 4
09-10 01:11:09.839  2458  2458 E A01c06/ICON: AppIconWeatherModel --> get weather info failed, code: 15700010, message: The DataShareHelper is not initialized successfully.
09-10 01:11:10.842  2458  2458 W A01c06/ICON: AppIconWeatherModel --> initWeatherListener, retryTimes: 4
09-10 01:11:10.844  2458  2458 E A01c06/ICON: AppIconWeatherModel --> get weather info failed, code: 15700010, message: The DataShareHelper is not initialized successfully.
09-10 01:11:11.845  2458  2458 W A01c06/ICON: AppIconWeatherModel --> initWeatherListener, retryTimes: 4
09-10 01:11:11.849  2458  2458 E A01c06/ICON: AppIconWeatherModel --> get weather info failed, code: 15700010, message: The DataShareHelper is not initialized successfully.
09-10 01:11:12.850  2458  2458 W A01c06/ICON: AppIconWeatherModel --> initWeatherListener, retryTimes: 4
09-10 01:11:12.853  2458  2458 E A01c06/ICON: AppIconWeatherModel --> get weather info failed, code: 15700010, message: The DataShareHelper is not initialized successfully.
09-10 01:11:13.855  2458  2458 W A01c06/ICON: AppIconWeatherModel --> initWeatherListener, retryTimes: 4
09-10 01:11:13.858  2458  2458 E A01c06/ICON: AppIconWeatherModel --> get weather info failed, code: 15700010, message: The DataShareHelper is not initialized successfully.
09-10 01:11:14.860  2458  2458 W A01c06/ICON: AppIconWeatherModel --> initWeatherListener, retryTimes: 4
09-10 01:11:14.862  2458  2458 E A01c06/ICON: AppIconWeatherModel --> get weather info failed, code: 15700010, message: The DataShareHelper is not initialized successfully.
09-10 01:11:15.863  2458  2458 W A01c06/ICON: AppIconWeatherModel --> initWeatherListener, retryTimes: 4
09-10 01:11:15.865  2458  2458 E A01c06/ICON: AppIconWeatherModel --> get weather info failed, code: 15700010, message: The DataShareHelper is not initialized successfully.
09-10 01:11:16.866  2458  2458 W A01c06/ICON: AppIconWeatherModel --> initWeatherListener, retryTimes: 4
09-10 01:11:16.871  2458  2458 E A01c06/ICON: AppIconWeatherModel --> get weather info failed, code: 15700010, message: The DataShareHelper is not initialized successfully.
09-10 01:11:17.873  2458  2458 W A01c06/ICON: AppIconWeatherModel --> initWeatherListener, retryTimes: 4
09-10 01:11:17.874  2458  2458 E A01c06/ICON: AppIconWeatherModel --> get weather info failed, code: 15700010, message: The DataShareHelper is not initialized successfully.
09-10 01:11:18.875  2458  2458 W A01c06/ICON: AppIconWeatherModel --> initWeatherListener, retryTimes: 4
09-10 01:11:18.877  2458  2458 E A01c06/ICON: AppIconWeatherModel --> get weather info failed, code: 15700010, message: The DataShareHelper is not initialized successfully.
09-10 01:11:19.878  2458  2458 W A01c06/ICON: AppIconWeatherModel --> initWeatherListener, retryTimes: 4
09-10 01:11:19.880  2458  2458 E A01c06/ICON: AppIconWeatherModel --> get weather info failed, code: 15700010, message: The DataShareHelper is not initialized successfully.
09-10 01:11:20.881  2458  2458 W A01c06/ICON: AppIconWeatherModel --> initWeatherListener, retryTimes: 4
09-10 01:11:20.882  2458  2458 E A01c06/ICON: AppIconWeatherModel --> get weather info failed, code: 15700010, message: The DataShareHelper is not initialized successfully.
09-10 01:11:21.882  2458  2458 W A01c06/ICON: AppIconWeatherModel --> initWeatherListener, retryTimes: 4
09-10 01:11:21.887  2458  2458 E A01c06/ICON: AppIconWeatherModel --> get weather info failed, code: 15700010, message: The DataShareHelper is not initialized successfully.
09-10 01:11:22.888  2458  2458 W A01c06/ICON: AppIconWeatherModel --> initWeatherListener, retryTimes: 4
09-10 01:11:22.895  2458  2458 E A01c06/ICON: AppIconWeatherModel --> get weather info failed, code: 15700010, message: The DataShareHelper is not initialized successfully.
09-10 01:11:23.898  2458  2458 W A01c06/ICON: AppIconWeatherModel --> initWeatherListener, retryTimes: 4
09-10 01:11:23.901  2458  2458 E A01c06/ICON: AppIconWeatherModel --> get weather info failed, code: 15700010, message: The DataShareHelper is not initialized successfully.
09-10 01:11:24.905  2458  2458 W A01c06/ICON: AppIconWeatherModel --> initWeatherListener, retryTimes: 4
09-10 01:11:24.912  2458  2458 E A01c06/ICON: AppIconWeatherModel --> get weather info failed, code: 15700010, message: The DataShareHelper is not initialized successfully.
09-10 01:11:25.915  2458  2458 W A01c06/ICON: AppIconWeatherModel --> initWeatherListener, retryTimes: 4
09-10 01:11:25.922  2458  2458 E A01c06/ICON: AppIconWeatherModel --> get weather info failed, code: 15700010, message: The DataShareHelper is not initialized successfully.
09-10 01:11:26.924  2458  2458 W A01c06/ICON: AppIconWeatherModel --> initWeatherListener, retryTimes: 4
09-10 01:11:26.936  2458  2458 E A01c06/ICON: AppIconWeatherModel --> get weather info failed, code: 15700010, message: The DataShareHelper is not initialized successfully.
09-10 01:11:27.939  2458  2458 W A01c06/ICON: AppIconWeatherModel --> initWeatherListener, retryTimes: 4
09-10 01:11:27.945  2458  2458 E A01c06/ICON: AppIconWeatherModel --> get weather info failed, code: 15700010, message: The DataShareHelper is not initialized successfully.
09-10 01:11:28.947  2458  2458 W A01c06/ICON: AppIconWeatherModel --> initWeatherListener, retryTimes: 4
09-10 01:11:28.949  2458  2458 E A01c06/ICON: AppIconWeatherModel --> get weather info failed, code: 15700010, message: The DataShareHelper is not initialized successfully.
09-10 01:11:29.950  2458  2458 W A01c06/ICON: AppIconWeatherModel --> initWeatherListener, retryTimes: 4
09-10 01:11:29.953  2458  2458 E A01c06/ICON: AppIconWeatherModel --> get weather info failed, code: 15700010, message: The DataShareHelper is not initialized successfully.
09-10 01:11:30.954  2458  2458 W A01c06/ICON: AppIconWeatherModel --> initWeatherListener, retryTimes: 4
09-10 01:11:30.959  2458  2458 E A01c06/ICON: AppIconWeatherModel --> get weather info failed, code: 15700010, message: The DataShareHelper is not initialized successfully.
09-10 01:11:31.960  2458  2458 W A01c06/ICON: AppIconWeatherModel --> initWeatherListener, retryTimes: 4
09-10 01:11:31.975  2458  2458 E A01c06/ICON: AppIconWeatherModel --> get weather info failed, code: 15700010, message: The DataShareHelper is not initialized successfully.
09-10 01:11:32.977  2458  2458 W A01c06/ICON: AppIconWeatherModel --> initWeatherListener, retryTimes: 4
09-10 01:11:32.980  2458  2458 E A01c06/ICON: AppIconWeatherModel --> get weather info failed, code: 15700010, message: The DataShareHelper is not initialized successfully.
09-10 01:11:33.983  2458  2458 W A01c06/ICON: AppIconWeatherModel --> initWeatherListener, retryTimes: 4
09-10 01:11:33.985  2458  2458 E A01c06/ICON: AppIconWeatherModel --> get weather info failed, code: 15700010, message: The DataShareHelper is not initialized successfully.
09-10 01:11:34.987  2458  2458 W A01c06/ICON: AppIconWeatherModel --> initWeatherListener, retryTimes: 4
09-10 01:11:34.989  2458  2458 E A01c06/ICON: AppIconWeatherModel --> get weather info failed, code: 15700010, message: The DataShareHelper is not initialized successfully.
09-10 01:11:35.990  2458  2458 W A01c06/ICON: AppIconWeatherModel --> initWeatherListener, retryTimes: 4
09-10 01:11:35.992  2458  2458 E A01c06/ICON: AppIconWeatherModel --> get weather info failed, code: 15700010, message: The DataShareHelper is not initialized successfully.
09-10 01:11:36.993  2458  2458 W A01c06/ICON: AppIconWeatherModel --> initWeatherListener, retryTimes: 4
09-10 01:11:36.997  2458  2458 E A01c06/ICON: AppIconWeatherModel --> get weather info failed, code: 15700010, message: The DataShareHelper is not initialized successfully.
09-10 01:11:38.001  2458  2458 W A01c06/ICON: AppIconWeatherModel --> initWeatherListener, retryTimes: 4
09-10 01:11:38.005  2458  2458 E A01c06/ICON: AppIconWeatherModel --> get weather info failed, code: 15700010, message: The DataShareHelper is not initialized successfully.
09-10 01:11:39.006  2458  2458 W A01c06/ICON: AppIconWeatherModel --> initWeatherListener, retryTimes: 4
09-10 01:11:39.009  2458  2458 E A01c06/ICON: AppIconWeatherModel --> get weather info failed, code: 15700010, message: The DataShareHelper is not initialized successfully.
09-10 01:11:40.011  2458  2458 W A01c06/ICON: AppIconWeatherModel --> initWeatherListener, retryTimes: 4
09-10 01:11:40.013  2458  2458 E A01c06/ICON: AppIconWeatherModel --> get weather info failed, code: 15700010, message: The DataShareHelper is not initialized successfully.
09-10 01:11:41.016  2458  2458 W A01c06/ICON: AppIconWeatherModel --> initWeatherListener, retryTimes: 4
09-10 01:11:41.017  2458  2458 E A01c06/ICON: AppIconWeatherModel --> get weather info failed, code: 15700010, message: The DataShareHelper is not initialized successfully.
09-10 01:11:42.019  2458  2458 W A01c06/ICON: AppIconWeatherModel --> initWeatherListener, retryTimes: 4
09-10 01:11:42.023  2458  2458 E A01c06/ICON: AppIconWeatherModel --> get weather info failed, code: 15700010, message: The DataShareHelper is not initialized successfully.
09-10 01:11:43.026  2458  2458 W A01c06/ICON: AppIconWeatherModel --> initWeatherListener, retryTimes: 4
09-10 01:11:43.034  2458  2458 E A01c06/ICON: AppIconWeatherModel --> get weather info failed, code: 15700010, message: The DataShareHelper is not initialized successfully.
09-10 01:11:44.036  2458  2458 W A01c06/ICON: AppIconWeatherModel --> initWeatherListener, retryTimes: 4
09-10 01:11:44.039  2458  2458 E A01c06/ICON: AppIconWeatherModel --> get weather info failed, code: 15700010, message: The DataShareHelper is not initialized successfully.
09-10 01:11:45.042  2458  2458 W A01c06/ICON: AppIconWeatherModel --> initWeatherListener, retryTimes: 4
09-10 01:11:45.045  2458  2458 E A01c06/ICON: AppIconWeatherModel --> get weather info failed, code: 15700010, message: The DataShareHelper is not initialized successfully.
09-10 01:11:46.049  2458  2458 W A01c06/ICON: AppIconWeatherModel --> initWeatherListener, retryTimes: 4
09-10 01:11:46.051  2458  2458 E A01c06/ICON: AppIconWeatherModel --> get weather info failed, code: 15700010, message: The DataShareHelper is not initialized successfully.
09-10 01:11:47.055  2458  2458 W A01c06/ICON: AppIconWeatherModel --> initWeatherListener, retryTimes: 4
09-10 01:11:47.061  2458  2458 E A01c06/ICON: AppIconWeatherModel --> get weather info failed, code: 15700010, message: The DataShareHelper is not initialized successfully.
09-10 01:11:48.063  2458  2458 W A01c06/ICON: AppIconWeatherModel --> initWeatherListener, retryTimes: 4
09-10 01:11:48.065  2458  2458 E A01c06/ICON: AppIconWeatherModel --> get weather info failed, code: 15700010, message: The DataShareHelper is not initialized successfully.
09-10 01:11:49.066  2458  2458 W A01c06/ICON: AppIconWeatherModel --> initWeatherListener, retryTimes: 4
09-10 01:11:49.068  2458  2458 E A01c06/ICON: AppIconWeatherModel --> get weather info failed, code: 15700010, message: The DataShareHelper is not initialized successfully.
09-10 01:11:50.070  2458  2458 W A01c06/ICON: AppIconWeatherModel --> initWeatherListener, retryTimes: 4
09-10 01:11:50.072  2458  2458 E A01c06/ICON: AppIconWeatherModel --> get weather info failed, code: 15700010, message: The DataShareHelper is not initialized successfully.
09-10 01:11:51.073  2458  2458 W A01c06/ICON: AppIconWeatherModel --> initWeatherListener, retryTimes: 4
09-10 01:11:51.074  2458  2458 E A01c06/ICON: AppIconWeatherModel --> get weather info failed, code: 15700010, message: The DataShareHelper is not initialized successfully.
09-10 01:11:52.076  2458  2458 W A01c06/ICON: AppIconWeatherModel --> initWeatherListener, retryTimes: 4
09-10 01:11:52.092  2458  2458 E A01c06/ICON: AppIconWeatherModel --> get weather info failed, code: 15700010, message: The DataShareHelper is not initialized successfully.
09-10 01:11:53.093  2458  2458 W A01c06/ICON: AppIconWeatherModel --> initWeatherListener, retryTimes: 4
09-10 01:11:53.097  2458  2458 E A01c06/ICON: AppIconWeatherModel --> get weather info failed, code: 15700010, message: The DataShareHelper is not initialized successfully.
09-10 01:11:54.099  2458  2458 W A01c06/ICON: AppIconWeatherModel --> initWeatherListener, retryTimes: 4
09-10 01:11:54.101  2458  2458 E A01c06/ICON: AppIconWeatherModel --> get weather info failed, code: 15700010, message: The DataShareHelper is not initialized successfully.
09-10 01:11:55.104  2458  2458 W A01c06/ICON: AppIconWeatherModel --> initWeatherListener, retryTimes: 4
09-10 01:11:55.107  2458  2458 E A01c06/ICON: AppIconWeatherModel --> get weather info failed, code: 15700010, message: The DataShareHelper is not initialized successfully.
09-10 01:11:56.108  2458  2458 W A01c06/ICON: AppIconWeatherModel --> initWeatherListener, retryTimes: 4
09-10 01:11:56.110  2458  2458 E A01c06/ICON: AppIconWeatherModel --> get weather info failed, code: 15700010, message: The DataShareHelper is not initialized successfully.
09-10 01:11:57.111  2458  2458 W A01c06/ICON: AppIconWeatherModel --> initWeatherListener, retryTimes: 4
09-10 01:11:57.113  2458  2458 E A01c06/ICON: AppIconWeatherModel --> get weather info failed, code: 15700010, message: The DataShareHelper is not initialized successfully.
09-10 01:11:58.115  2458  2458 W A01c06/ICON: AppIconWeatherModel --> initWeatherListener, retryTimes: 4
09-10 01:11:58.117  2458  2458 E A01c06/ICON: AppIconWeatherModel --> get weather info failed, code: 15700010, message: The DataShareHelper is not initialized successfully.
09-10 01:11:59.119  2458  2458 W A01c06/ICON: AppIconWeatherModel --> initWeatherListener, retryTimes: 4
09-10 01:11:59.122  2458  2458 E A01c06/ICON: AppIconWeatherModel --> get weather info failed, code: 15700010, message: The DataShareHelper is not initialized successfully.
09-10 01:12:00.003  2458  2458 I A01a01/NC: StatusBarSysEventUtil: onTimeChangeEvent
09-10 01:12:00.003  2458  2458 W A01c06/ICON: AppIconCalendarCache --> receive date change event, nowData: 10, dateText: ,image is transparent: false, image is empty: true
09-10 01:12:00.004  2458  2458 W A01c06/ICON: AppIconCalendarCache --> com.huawei.hmos.calendar is not dynamic icon, bundleName is com.huawei.hmos.calendar
09-10 01:12:00.004  2458  2458 E A01c06/ICON: AppIconCalendarCache --> backgroundImage resource error
09-10 01:12:00.004  2458  2458 E A01c06/ICON: AppIconCalendarCache --> calendarForegroundBuilder is null
09-10 01:12:00.123  2458  2458 W A01c06/ICON: AppIconWeatherModel --> initWeatherListener, retryTimes: 4
09-10 01:12:00.126  2458  2458 E A01c06/ICON: AppIconWeatherModel --> get weather info failed, code: 15700010, message: The DataShareHelper is not initialized successfully.
09-10 01:12:01.129  2458  2458 W A01c06/ICON: AppIconWeatherModel --> initWeatherListener, retryTimes: 4
09-10 01:12:01.131  2458  2458 E A01c06/ICON: AppIconWeatherModel --> get weather info failed, code: 15700010, message: The DataShareHelper is not initialized successfully.
09-10 01:12:02.133  2458  2458 W A01c06/ICON: AppIconWeatherModel --> initWeatherListener, retryTimes: 4
09-10 01:12:02.134  2458  2458 E A01c06/ICON: AppIconWeatherModel --> get weather info failed, code: 15700010, message: The DataShareHelper is not initialized successfully.
09-10 01:12:03.135  2458  2458 W A01c06/ICON: AppIconWeatherModel --> initWeatherListener, retryTimes: 4
09-10 01:12:03.137  2458  2458 E A01c06/ICON: AppIconWeatherModel --> get weather info failed, code: 15700010, message: The DataShareHelper is not initialized successfully.
09-10 01:12:04.139  2458  2458 W A01c06/ICON: AppIconWeatherModel --> initWeatherListener, retryTimes: 4
09-10 01:12:04.142  2458  2458 E A01c06/ICON: AppIconWeatherModel --> get weather info failed, code: 15700010, message: The DataShareHelper is not initialized successfully.
09-10 01:12:05.142  2458  2458 W A01c06/ICON: AppIconWeatherModel --> initWeatherListener, retryTimes: 4
09-10 01:12:05.144  2458  2458 E A01c06/ICON: AppIconWeatherModel --> get weather info failed, code: 15700010, message: The DataShareHelper is not initialized successfully.
09-10 01:12:06.146  2458  2458 W A01c06/ICON: AppIconWeatherModel --> initWeatherListener, retryTimes: 4
09-10 01:12:06.147  2458  2458 E A01c06/ICON: AppIconWeatherModel --> get weather info failed, code: 15700010, message: The DataShareHelper is not initialized successfully.
09-10 01:12:07.149  2458  2458 W A01c06/ICON: AppIconWeatherModel --> initWeatherListener, retryTimes: 4
09-10 01:12:07.151  2458  2458 E A01c06/ICON: AppIconWeatherModel --> get weather info failed, code: 15700010, message: The DataShareHelper is not initialized successfully.
09-10 01:12:08.153  2458  2458 W A01c06/ICON: AppIconWeatherModel --> initWeatherListener, retryTimes: 4
09-10 01:12:08.155  2458  2458 E A01c06/ICON: AppIconWeatherModel --> get weather info failed, code: 15700010, message: The DataShareHelper is not initialized successfully.
09-10 01:12:09.158  2458  2458 W A01c06/ICON: AppIconWeatherModel --> initWeatherListener, retryTimes: 4
09-10 01:12:09.161  2458  2458 E A01c06/ICON: AppIconWeatherModel --> get weather info failed, code: 15700010, message: The DataShareHelper is not initialized successfully.
09-10 01:12:10.164  2458  2458 W A01c06/ICON: AppIconWeatherModel --> initWeatherListener, retryTimes: 4
09-10 01:12:10.166  2458  2458 E A01c06/ICON: AppIconWeatherModel --> get weather info failed, code: 15700010, message: The DataShareHelper is not initialized successfully.
09-10 01:12:11.168  2458  2458 W A01c06/ICON: AppIconWeatherModel --> initWeatherListener, retryTimes: 4
09-10 01:12:11.170  2458  2458 E A01c06/ICON: AppIconWeatherModel --> get weather info failed, code: 15700010, message: The DataShareHelper is not initialized successfully.
09-10 01:12:12.172  2458  2458 W A01c06/ICON: AppIconWeatherModel --> initWeatherListener, retryTimes: 4
09-10 01:12:12.174  2458  2458 E A01c06/ICON: AppIconWeatherModel --> get weather info failed, code: 15700010, message: The DataShareHelper is not initialized successfully.
09-10 01:12:13.176  2458  2458 W A01c06/ICON: AppIconWeatherModel --> initWeatherListener, retryTimes: 4
09-10 01:12:13.178  2458  2458 E A01c06/ICON: AppIconWeatherModel --> get weather info failed, code: 15700010, message: The DataShareHelper is not initialized successfully.
09-10 01:12:14.182  2458  2458 W A01c06/ICON: AppIconWeatherModel --> initWeatherListener, retryTimes: 4
09-10 01:12:14.184  2458  2458 E A01c06/ICON: AppIconWeatherModel --> get weather info failed, code: 15700010, message: The DataShareHelper is not initialized successfully.
09-10 01:12:15.187  2458  2458 W A01c06/ICON: AppIconWeatherModel --> initWeatherListener, retryTimes: 4
09-10 01:12:15.190  2458  2458 E A01c06/ICON: AppIconWeatherModel --> get weather info failed, code: 15700010, message: The DataShareHelper is not initialized successfully.
09-10 01:12:16.191  2458  2458 W A01c06/ICON: AppIconWeatherModel --> initWeatherListener, retryTimes: 4
09-10 01:12:16.193  2458  2458 E A01c06/ICON: AppIconWeatherModel --> get weather info failed, code: 15700010, message: The DataShareHelper is not initialized successfully.
09-10 01:12:17.195  2458  2458 W A01c06/ICON: AppIconWeatherModel --> initWeatherListener, retryTimes: 4
09-10 01:12:17.196  2458  2458 E A01c06/ICON: AppIconWeatherModel --> get weather info failed, code: 15700010, message: The DataShareHelper is not initialized successfully.
09-10 01:12:18.198  2458  2458 W A01c06/ICON: AppIconWeatherModel --> initWeatherListener, retryTimes: 4
09-10 01:12:18.201  2458  2458 E A01c06/ICON: AppIconWeatherModel --> get weather info failed, code: 15700010, message: The DataShareHelper is not initialized successfully.
09-10 01:12:19.203  2458  2458 W A01c06/ICON: AppIconWeatherModel --> initWeatherListener, retryTimes: 4
09-10 01:12:19.206  2458  2458 E A01c06/ICON: AppIconWeatherModel --> get weather info failed, code: 15700010, message: The DataShareHelper is not initialized successfully.
09-10 01:12:20.207  2458  2458 W A01c06/ICON: AppIconWeatherModel --> initWeatherListener, retryTimes: 4
09-10 01:12:20.211  2458  2458 E A01c06/ICON: AppIconWeatherModel --> get weather info failed, code: 15700010, message: The DataShareHelper is not initialized successfully.
09-10 01:12:21.212  2458  2458 W A01c06/ICON: AppIconWeatherModel --> initWeatherListener, retryTimes: 4
09-10 01:12:21.214  2458  2458 E A01c06/ICON: AppIconWeatherModel --> get weather info failed, code: 15700010, message: The DataShareHelper is not initialized successfully.
09-10 01:12:22.216  2458  2458 W A01c06/ICON: AppIconWeatherModel --> initWeatherListener, retryTimes: 4
09-10 01:12:22.217  2458  2458 E A01c06/ICON: AppIconWeatherModel --> get weather info failed, code: 15700010, message: The DataShareHelper is not initialized successfully.
09-10 01:12:23.219  2458  2458 W A01c06/ICON: AppIconWeatherModel --> initWeatherListener, retryTimes: 4
09-10 01:12:23.221  2458  2458 E A01c06/ICON: AppIconWeatherModel --> get weather info failed, code: 15700010, message: The DataShareHelper is not initialized successfully.
09-10 01:12:24.222  2458  2458 W A01c06/ICON: AppIconWeatherModel --> initWeatherListener, retryTimes: 4
09-10 01:12:24.225  2458  2458 E A01c06/ICON: AppIconWeatherModel --> get weather info failed, code: 15700010, message: The DataShareHelper is not initialized successfully.
09-10 01:12:25.229  2458  2458 W A01c06/ICON: AppIconWeatherModel --> initWeatherListener, retryTimes: 4
09-10 01:12:25.234  2458  2458 E A01c06/ICON: AppIconWeatherModel --> get weather info failed, code: 15700010, message: The DataShareHelper is not initialized successfully.
09-10 01:12:26.237  2458  2458 W A01c06/ICON: AppIconWeatherModel --> initWeatherListener, retryTimes: 4
09-10 01:12:26.239  2458  2458 E A01c06/ICON: AppIconWeatherModel --> get weather info failed, code: 15700010, message: The DataShareHelper is not initialized successfully.
09-10 01:12:27.242  2458  2458 W A01c06/ICON: AppIconWeatherModel --> initWeatherListener, retryTimes: 4
09-10 01:12:27.245  2458  2458 E A01c06/ICON: AppIconWeatherModel --> get weather info failed, code: 15700010, message: The DataShareHelper is not initialized successfully.
09-10 01:12:28.246  2458  2458 W A01c06/ICON: AppIconWeatherModel --> initWeatherListener, retryTimes: 4
09-10 01:12:28.248  2458  2458 E A01c06/ICON: AppIconWeatherModel --> get weather info failed, code: 15700010, message: The DataShareHelper is not initialized successfully.
09-10 01:12:29.250  2458  2458 W A01c06/ICON: AppIconWeatherModel --> initWeatherListener, retryTimes: 4
09-10 01:12:29.252  2458  2458 E A01c06/ICON: AppIconWeatherModel --> get weather info failed, code: 15700010, message: The DataShareHelper is not initialized successfully.
09-10 01:12:30.253  2458  2458 W A01c06/ICON: AppIconWeatherModel --> initWeatherListener, retryTimes: 4
09-10 01:12:30.255  2458  2458 E A01c06/ICON: AppIconWeatherModel --> get weather info failed, code: 15700010, message: The DataShareHelper is not initialized successfully.
09-10 01:12:31.257  2458  2458 W A01c06/ICON: AppIconWeatherModel --> initWeatherListener, retryTimes: 4
09-10 01:12:31.260  2458  2458 E A01c06/ICON: AppIconWeatherModel --> get weather info failed, code: 15700010, message: The DataShareHelper is not initialized successfully.
09-10 01:12:32.261  2458  2458 W A01c06/ICON: AppIconWeatherModel --> initWeatherListener, retryTimes: 4
09-10 01:12:32.263  2458  2458 E A01c06/ICON: AppIconWeatherModel --> get weather info failed, code: 15700010, message: The DataShareHelper is not initialized successfully.
09-10 01:12:33.265  2458  2458 W A01c06/ICON: AppIconWeatherModel --> initWeatherListener, retryTimes: 4
09-10 01:12:33.269  2458  2458 E A01c06/ICON: AppIconWeatherModel --> get weather info failed, code: 15700010, message: The DataShareHelper is not initialized successfully.
09-10 01:12:34.270  2458  2458 W A01c06/ICON: AppIconWeatherModel --> initWeatherListener, retryTimes: 4
09-10 01:12:34.273  2458  2458 E A01c06/ICON: AppIconWeatherModel --> get weather info failed, code: 15700010, message: The DataShareHelper is not initialized successfully.
09-10 01:12:35.274  2458  2458 W A01c06/ICON: AppIconWeatherModel --> initWeatherListener, retryTimes: 4
09-10 01:12:35.276  2458  2458 E A01c06/ICON: AppIconWeatherModel --> get weather info failed, code: 15700010, message: The DataShareHelper is not initialized successfully.
09-10 01:12:36.278  2458  2458 W A01c06/ICON: AppIconWeatherModel --> initWeatherListener, retryTimes: 4
09-10 01:12:36.280  2458  2458 E A01c06/ICON: AppIconWeatherModel --> get weather info failed, code: 15700010, message: The DataShareHelper is not initialized successfully.
09-10 01:12:37.282  2458  2458 W A01c06/ICON: AppIconWeatherModel --> initWeatherListener, retryTimes: 4
09-10 01:12:37.285  2458  2458 E A01c06/ICON: AppIconWeatherModel --> get weather info failed, code: 15700010, message: The DataShareHelper is not initialized successfully.
09-10 01:12:38.287  2458  2458 W A01c06/ICON: AppIconWeatherModel --> initWeatherListener, retryTimes: 4
09-10 01:12:38.289  2458  2458 E A01c06/ICON: AppIconWeatherModel --> get weather info failed, code: 15700010, message: The DataShareHelper is not initialized successfully.
09-10 01:12:39.291  2458  2458 W A01c06/ICON: AppIconWeatherModel --> initWeatherListener, retryTimes: 4
09-10 01:12:39.293  2458  2458 E A01c06/ICON: AppIconWeatherModel --> get weather info failed, code: 15700010, message: The DataShareHelper is not initialized successfully.
09-10 01:12:40.295  2458  2458 W A01c06/ICON: AppIconWeatherModel --> initWeatherListener, retryTimes: 4
09-10 01:12:40.298  2458  2458 E A01c06/ICON: AppIconWeatherModel --> get weather info failed, code: 15700010, message: The DataShareHelper is not initialized successfully.
09-10 01:12:41.301  2458  2458 W A01c06/ICON: AppIconWeatherModel --> initWeatherListener, retryTimes: 4
09-10 01:12:41.303  2458  2458 E A01c06/ICON: AppIconWeatherModel --> get weather info failed, code: 15700010, message: The DataShareHelper is not initialized successfully.
09-10 01:12:42.305  2458  2458 W A01c06/ICON: AppIconWeatherModel --> initWeatherListener, retryTimes: 4
09-10 01:12:42.306  2458  2458 E A01c06/ICON: AppIconWeatherModel --> get weather info failed, code: 15700010, message: The DataShareHelper is not initialized successfully.
09-10 01:12:43.309  2458  2458 W A01c06/ICON: AppIconWeatherModel --> initWeatherListener, retryTimes: 4
09-10 01:12:43.312  2458  2458 E A01c06/ICON: AppIconWeatherModel --> get weather info failed, code: 15700010, message: The DataShareHelper is not initialized successfully.
09-10 01:12:44.314  2458  2458 W A01c06/ICON: AppIconWeatherModel --> initWeatherListener, retryTimes: 4
09-10 01:12:44.317  2458  2458 E A01c06/ICON: AppIconWeatherModel --> get weather info failed, code: 15700010, message: The DataShareHelper is not initialized successfully.
09-10 01:12:45.319  2458  2458 W A01c06/ICON: AppIconWeatherModel --> initWeatherListener, retryTimes: 4
09-10 01:12:45.322  2458  2458 E A01c06/ICON: AppIconWeatherModel --> get weather info failed, code: 15700010, message: The DataShareHelper is not initialized successfully.
09-10 01:12:46.323  2458  2458 W A01c06/ICON: AppIconWeatherModel --> initWeatherListener, retryTimes: 4
09-10 01:12:46.326  2458  2458 E A01c06/ICON: AppIconWeatherModel --> get weather info failed, code: 15700010, message: The DataShareHelper is not initialized successfully.
09-10 01:12:47.329  2458  2458 W A01c06/ICON: AppIconWeatherModel --> initWeatherListener, retryTimes: 4
09-10 01:12:47.332  2458  2458 E A01c06/ICON: AppIconWeatherModel --> get weather info failed, code: 15700010, message: The DataShareHelper is not initialized successfully.
09-10 01:12:48.333  2458  2458 W A01c06/ICON: AppIconWeatherModel --> initWeatherListener, retryTimes: 4
09-10 01:12:48.335  2458  2458 E A01c06/ICON: AppIconWeatherModel --> get weather info failed, code: 15700010, message: The DataShareHelper is not initialized successfully.
09-10 01:12:49.338  2458  2458 W A01c06/ICON: AppIconWeatherModel --> initWeatherListener, retryTimes: 4
09-10 01:12:49.340  2458  2458 E A01c06/ICON: AppIconWeatherModel --> get weather info failed, code: 15700010, message: The DataShareHelper is not initialized successfully.
09-10 01:12:50.341  2458  2458 W A01c06/ICON: AppIconWeatherModel --> initWeatherListener, retryTimes: 4
09-10 01:12:50.343  2458  2458 E A01c06/ICON: AppIconWeatherModel --> get weather info failed, code: 15700010, message: The DataShareHelper is not initialized successfully.
09-10 01:12:51.345  2458  2458 W A01c06/ICON: AppIconWeatherModel --> initWeatherListener, retryTimes: 4
09-10 01:12:51.347  2458  2458 E A01c06/ICON: AppIconWeatherModel --> get weather info failed, code: 15700010, message: The DataShareHelper is not initialized successfully.
09-10 01:12:52.349  2458  2458 W A01c06/ICON: AppIconWeatherModel --> initWeatherListener, retryTimes: 4
09-10 01:12:52.351  2458  2458 E A01c06/ICON: AppIconWeatherModel --> get weather info failed, code: 15700010, message: The DataShareHelper is not initialized successfully.
09-10 01:12:53.353  2458  2458 W A01c06/ICON: AppIconWeatherModel --> initWeatherListener, retryTimes: 4
09-10 01:12:53.355  2458  2458 E A01c06/ICON: AppIconWeatherModel --> get weather info failed, code: 15700010, message: The DataShareHelper is not initialized successfully.
09-10 01:12:54.356  2458  2458 W A01c06/ICON: AppIconWeatherModel --> initWeatherListener, retryTimes: 4
09-10 01:12:54.358  2458  2458 E A01c06/ICON: AppIconWeatherModel --> get weather info failed, code: 15700010, message: The DataShareHelper is not initialized successfully.
09-10 01:12:55.364  2458  2458 W A01c06/ICON: AppIconWeatherModel --> initWeatherListener, retryTimes: 4
09-10 01:12:55.365  2458  2458 E A01c06/ICON: AppIconWeatherModel --> get weather info failed, code: 15700010, message: The DataShareHelper is not initialized successfully.
09-10 01:12:56.368  2458  2458 W A01c06/ICON: AppIconWeatherModel --> initWeatherListener, retryTimes: 4
09-10 01:12:56.369  2458  2458 E A01c06/ICON: AppIconWeatherModel --> get weather info failed, code: 15700010, message: The DataShareHelper is not initialized successfully.
09-10 01:12:57.371  2458  2458 W A01c06/ICON: AppIconWeatherModel --> initWeatherListener, retryTimes: 4
09-10 01:12:57.374  2458  2458 E A01c06/ICON: AppIconWeatherModel --> get weather info failed, code: 15700010, message: The DataShareHelper is not initialized successfully.
09-10 01:12:58.378  2458  2458 W A01c06/ICON: AppIconWeatherModel --> initWeatherListener, retryTimes: 4
09-10 01:12:58.382  2458  2458 E A01c06/ICON: AppIconWeatherModel --> get weather info failed, code: 15700010, message: The DataShareHelper is not initialized successfully.
09-10 01:12:59.383  2458  2458 W A01c06/ICON: AppIconWeatherModel --> initWeatherListener, retryTimes: 4
09-10 01:12:59.386  2458  2458 E A01c06/ICON: AppIconWeatherModel --> get weather info failed, code: 15700010, message: The DataShareHelper is not initialized successfully.
09-10 01:13:00.002  2458  2458 I A01a01/NC: StatusBarSysEventUtil: onTimeChangeEvent
09-10 01:13:00.003  2458  2458 W A01c06/ICON: AppIconCalendarCache --> receive date change event, nowData: 10, dateText: ,image is transparent: false, image is empty: true
09-10 01:13:00.003  2458  2458 W A01c06/ICON: AppIconCalendarCache --> com.huawei.hmos.calendar is not dynamic icon, bundleName is com.huawei.hmos.calendar
09-10 01:13:00.003  2458  2458 E A01c06/ICON: AppIconCalendarCache --> backgroundImage resource error
09-10 01:13:00.003  2458  2458 E A01c06/ICON: AppIconCalendarCache --> calendarForegroundBuilder is null
09-10 01:13:00.387  2458  2458 W A01c06/ICON: AppIconWeatherModel --> initWeatherListener, retryTimes: 4
09-10 01:13:00.390  2458  2458 E A01c06/ICON: AppIconWeatherModel --> get weather info failed, code: 15700010, message: The DataShareHelper is not initialized successfully.
09-10 01:13:01.391  2458  2458 W A01c06/ICON: AppIconWeatherModel --> initWeatherListener, retryTimes: 4
09-10 01:13:01.393  2458  2458 E A01c06/ICON: AppIconWeatherModel --> get weather info failed, code: 15700010, message: The DataShareHelper is not initialized successfully.
09-10 01:13:02.394  2458  2458 W A01c06/ICON: AppIconWeatherModel --> initWeatherListener, retryTimes: 4
09-10 01:13:02.396  2458  2458 E A01c06/ICON: AppIconWeatherModel --> get weather info failed, code: 15700010, message: The DataShareHelper is not initialized successfully.
09-10 01:13:03.398  2458  2458 W A01c06/ICON: AppIconWeatherModel --> initWeatherListener, retryTimes: 4
09-10 01:13:03.403  2458  2458 E A01c06/ICON: AppIconWeatherModel --> get weather info failed, code: 15700010, message: The DataShareHelper is not initialized successfully.
09-10 01:13:04.405  2458  2458 W A01c06/ICON: AppIconWeatherModel --> initWeatherListener, retryTimes: 4
09-10 01:13:04.408  2458  2458 E A01c06/ICON: AppIconWeatherModel --> get weather info failed, code: 15700010, message: The DataShareHelper is not initialized successfully.
09-10 01:13:05.410  2458  2458 W A01c06/ICON: AppIconWeatherModel --> initWeatherListener, retryTimes: 4
09-10 01:13:05.412  2458  2458 E A01c06/ICON: AppIconWeatherModel --> get weather info failed, code: 15700010, message: The DataShareHelper is not initialized successfully.
09-10 01:13:06.414  2458  2458 W A01c06/ICON: AppIconWeatherModel --> initWeatherListener, retryTimes: 4
09-10 01:13:06.415  2458  2458 E A01c06/ICON: AppIconWeatherModel --> get weather info failed, code: 15700010, message: The DataShareHelper is not initialized successfully.
09-10 01:13:07.418  2458  2458 W A01c06/ICON: AppIconWeatherModel --> initWeatherListener, retryTimes: 4
09-10 01:13:07.420  2458  2458 E A01c06/ICON: AppIconWeatherModel --> get weather info failed, code: 15700010, message: The DataShareHelper is not initialized successfully.
09-10 01:13:08.421  2458  2458 W A01c06/ICON: AppIconWeatherModel --> initWeatherListener, retryTimes: 4
09-10 01:13:08.423  2458  2458 E A01c06/ICON: AppIconWeatherModel --> get weather info failed, code: 15700010, message: The DataShareHelper is not initialized successfully.
09-10 01:13:09.424  2458  2458 W A01c06/ICON: AppIconWeatherModel --> initWeatherListener, retryTimes: 4
09-10 01:13:09.426  2458  2458 E A01c06/ICON: AppIconWeatherModel --> get weather info failed, code: 15700010, message: The DataShareHelper is not initialized successfully.
09-10 01:13:10.428  2458  2458 W A01c06/ICON: AppIconWeatherModel --> initWeatherListener, retryTimes: 4
09-10 01:13:10.430  2458  2458 E A01c06/ICON: AppIconWeatherModel --> get weather info failed, code: 15700010, message: The DataShareHelper is not initialized successfully.
09-10 01:13:11.431  2458  2458 W A01c06/ICON: AppIconWeatherModel --> initWeatherListener, retryTimes: 4
09-10 01:13:11.433  2458  2458 E A01c06/ICON: AppIconWeatherModel --> get weather info failed, code: 15700010, message: The DataShareHelper is not initialized successfully.
09-10 01:13:12.434  2458  2458 W A01c06/ICON: AppIconWeatherModel --> initWeatherListener, retryTimes: 4
09-10 01:13:12.436  2458  2458 E A01c06/ICON: AppIconWeatherModel --> get weather info failed, code: 15700010, message: The DataShareHelper is not initialized successfully.
09-10 01:13:13.439  2458  2458 W A01c06/ICON: AppIconWeatherModel --> initWeatherListener, retryTimes: 4
09-10 01:13:13.442  2458  2458 E A01c06/ICON: AppIconWeatherModel --> get weather info failed, code: 15700010, message: The DataShareHelper is not initialized successfully.
09-10 01:13:14.445  2458  2458 W A01c06/ICON: AppIconWeatherModel --> initWeatherListener, retryTimes: 4
09-10 01:13:14.448  2458  2458 E A01c06/ICON: AppIconWeatherModel --> get weather info failed, code: 15700010, message: The DataShareHelper is not initialized successfully.
09-10 01:13:15.449  2458  2458 W A01c06/ICON: AppIconWeatherModel --> initWeatherListener, retryTimes: 4
09-10 01:13:15.452  2458  2458 E A01c06/ICON: AppIconWeatherModel --> get weather info failed, code: 15700010, message: The DataShareHelper is not initialized successfully.
09-10 01:13:16.454  2458  2458 W A01c06/ICON: AppIconWeatherModel --> initWeatherListener, retryTimes: 4
09-10 01:13:16.456  2458  2458 E A01c06/ICON: AppIconWeatherModel --> get weather info failed, code: 15700010, message: The DataShareHelper is not initialized successfully.
09-10 01:13:17.457  2458  2458 W A01c06/ICON: AppIconWeatherModel --> initWeatherListener, retryTimes: 4
09-10 01:13:17.459  2458  2458 E A01c06/ICON: AppIconWeatherModel --> get weather info failed, code: 15700010, message: The DataShareHelper is not initialized successfully.
09-10 01:13:18.462  2458  2458 W A01c06/ICON: AppIconWeatherModel --> initWeatherListener, retryTimes: 4
09-10 01:13:18.464  2458  2458 E A01c06/ICON: AppIconWeatherModel --> get weather info failed, code: 15700010, message: The DataShareHelper is not initialized successfully.
09-10 01:13:19.468  2458  2458 W A01c06/ICON: AppIconWeatherModel --> initWeatherListener, retryTimes: 4
09-10 01:13:19.469  2458  2458 E A01c06/ICON: AppIconWeatherModel --> get weather info failed, code: 15700010, message: The DataShareHelper is not initialized successfully.
09-10 01:13:20.473  2458  2458 W A01c06/ICON: AppIconWeatherModel --> initWeatherListener, retryTimes: 4
09-10 01:13:20.475  2458  2458 E A01c06/ICON: AppIconWeatherModel --> get weather info failed, code: 15700010, message: The DataShareHelper is not initialized successfully.
09-10 01:13:21.479  2458  2458 W A01c06/ICON: AppIconWeatherModel --> initWeatherListener, retryTimes: 4
09-10 01:13:21.481  2458  2458 E A01c06/ICON: AppIconWeatherModel --> get weather info failed, code: 15700010, message: The DataShareHelper is not initialized successfully.
09-10 01:13:22.482  2458  2458 W A01c06/ICON: AppIconWeatherModel --> initWeatherListener, retryTimes: 4
09-10 01:13:22.484  2458  2458 E A01c06/ICON: AppIconWeatherModel --> get weather info failed, code: 15700010, message: The DataShareHelper is not initialized successfully.
09-10 01:13:23.486  2458  2458 W A01c06/ICON: AppIconWeatherModel --> initWeatherListener, retryTimes: 4
09-10 01:13:23.489  2458  2458 E A01c06/ICON: AppIconWeatherModel --> get weather info failed, code: 15700010, message: The DataShareHelper is not initialized successfully.
09-10 01:13:24.493  2458  2458 W A01c06/ICON: AppIconWeatherModel --> initWeatherListener, retryTimes: 4
09-10 01:13:24.495  2458  2458 E A01c06/ICON: AppIconWeatherModel --> get weather info failed, code: 15700010, message: The DataShareHelper is not initialized successfully.
09-10 01:13:25.496  2458  2458 W A01c06/ICON: AppIconWeatherModel --> initWeatherListener, retryTimes: 4
09-10 01:13:25.498  2458  2458 E A01c06/ICON: AppIconWeatherModel --> get weather info failed, code: 15700010, message: The DataShareHelper is not initialized successfully.
09-10 01:13:26.499  2458  2458 W A01c06/ICON: AppIconWeatherModel --> initWeatherListener, retryTimes: 4
09-10 01:13:26.502  2458  2458 E A01c06/ICON: AppIconWeatherModel --> get weather info failed, code: 15700010, message: The DataShareHelper is not initialized successfully.
09-10 01:13:27.504  2458  2458 W A01c06/ICON: AppIconWeatherModel --> initWeatherListener, retryTimes: 4
09-10 01:13:27.505  2458  2458 E A01c06/ICON: AppIconWeatherModel --> get weather info failed, code: 15700010, message: The DataShareHelper is not initialized successfully.
09-10 01:13:28.506  2458  2458 W A01c06/ICON: AppIconWeatherModel --> initWeatherListener, retryTimes: 4
09-10 01:13:28.508  2458  2458 E A01c06/ICON: AppIconWeatherModel --> get weather info failed, code: 15700010, message: The DataShareHelper is not initialized successfully.
09-10 01:13:29.512  2458  2458 W A01c06/ICON: AppIconWeatherModel --> initWeatherListener, retryTimes: 4
09-10 01:13:29.514  2458  2458 E A01c06/ICON: AppIconWeatherModel --> get weather info failed, code: 15700010, message: The DataShareHelper is not initialized successfully.
09-10 01:13:30.515  2458  2458 W A01c06/ICON: AppIconWeatherModel --> initWeatherListener, retryTimes: 4
09-10 01:13:30.516  2458  2458 E A01c06/ICON: AppIconWeatherModel --> get weather info failed, code: 15700010, message: The DataShareHelper is not initialized successfully.
09-10 01:13:31.517  2458  2458 W A01c06/ICON: AppIconWeatherModel --> initWeatherListener, retryTimes: 4
09-10 01:13:31.519  2458  2458 E A01c06/ICON: AppIconWeatherModel --> get weather info failed, code: 15700010, message: The DataShareHelper is not initialized successfully.
09-10 01:13:32.520  2458  2458 W A01c06/ICON: AppIconWeatherModel --> initWeatherListener, retryTimes: 4
09-10 01:13:32.522  2458  2458 E A01c06/ICON: AppIconWeatherModel --> get weather info failed, code: 15700010, message: The DataShareHelper is not initialized successfully.
09-10 01:13:33.524  2458  2458 W A01c06/ICON: AppIconWeatherModel --> initWeatherListener, retryTimes: 4
09-10 01:13:33.526  2458  2458 E A01c06/ICON: AppIconWeatherModel --> get weather info failed, code: 15700010, message: The DataShareHelper is not initialized successfully.
09-10 01:13:34.528  2458  2458 W A01c06/ICON: AppIconWeatherModel --> initWeatherListener, retryTimes: 4
09-10 01:13:34.530  2458  2458 E A01c06/ICON: AppIconWeatherModel --> get weather info failed, code: 15700010, message: The DataShareHelper is not initialized successfully.
09-10 01:13:35.532  2458  2458 W A01c06/ICON: AppIconWeatherModel --> initWeatherListener, retryTimes: 4
09-10 01:13:35.534  2458  2458 E A01c06/ICON: AppIconWeatherModel --> get weather info failed, code: 15700010, message: The DataShareHelper is not initialized successfully.
09-10 01:13:36.536  2458  2458 W A01c06/ICON: AppIconWeatherModel --> initWeatherListener, retryTimes: 4
09-10 01:13:36.538  2458  2458 E A01c06/ICON: AppIconWeatherModel --> get weather info failed, code: 15700010, message: The DataShareHelper is not initialized successfully.
09-10 01:13:37.540  2458  2458 W A01c06/ICON: AppIconWeatherModel --> initWeatherListener, retryTimes: 4
09-10 01:13:37.542  2458  2458 E A01c06/ICON: AppIconWeatherModel --> get weather info failed, code: 15700010, message: The DataShareHelper is not initialized successfully.
09-10 01:13:38.546  2458  2458 W A01c06/ICON: AppIconWeatherModel --> initWeatherListener, retryTimes: 4
09-10 01:13:38.548  2458  2458 E A01c06/ICON: AppIconWeatherModel --> get weather info failed, code: 15700010, message: The DataShareHelper is not initialized successfully.
09-10 01:13:39.550  2458  2458 W A01c06/ICON: AppIconWeatherModel --> initWeatherListener, retryTimes: 4
09-10 01:13:39.555  2458  2458 E A01c06/ICON: AppIconWeatherModel --> get weather info failed, code: 15700010, message: The DataShareHelper is not initialized successfully.
09-10 01:13:40.556  2458  2458 W A01c06/ICON: AppIconWeatherModel --> initWeatherListener, retryTimes: 4
09-10 01:13:40.559  2458  2458 E A01c06/ICON: AppIconWeatherModel --> get weather info failed, code: 15700010, message: The DataShareHelper is not initialized successfully.
09-10 01:13:41.561  2458  2458 W A01c06/ICON: AppIconWeatherModel --> initWeatherListener, retryTimes: 4
09-10 01:13:41.562  2458  2458 E A01c06/ICON: AppIconWeatherModel --> get weather info failed, code: 15700010, message: The DataShareHelper is not initialized successfully.
09-10 01:13:42.564  2458  2458 W A01c06/ICON: AppIconWeatherModel --> initWeatherListener, retryTimes: 4
09-10 01:13:42.565  2458  2458 E A01c06/ICON: AppIconWeatherModel --> get weather info failed, code: 15700010, message: The DataShareHelper is not initialized successfully.
09-10 01:13:43.567  2458  2458 W A01c06/ICON: AppIconWeatherModel --> initWeatherListener, retryTimes: 4
09-10 01:13:43.570  2458  2458 E A01c06/ICON: AppIconWeatherModel --> get weather info failed, code: 15700010, message: The DataShareHelper is not initialized successfully.
09-10 01:13:44.574  2458  2458 W A01c06/ICON: AppIconWeatherModel --> initWeatherListener, retryTimes: 4
09-10 01:13:44.576  2458  2458 E A01c06/ICON: AppIconWeatherModel --> get weather info failed, code: 15700010, message: The DataShareHelper is not initialized successfully.
09-10 01:13:45.579  2458  2458 W A01c06/ICON: AppIconWeatherModel --> initWeatherListener, retryTimes: 4
09-10 01:13:45.584  2458  2458 E A01c06/ICON: AppIconWeatherModel --> get weather info failed, code: 15700010, message: The DataShareHelper is not initialized successfully.
09-10 01:13:46.661  2458  2458 W A01c06/ICON: AppIconWeatherModel --> initWeatherListener, retryTimes: 4
09-10 01:13:46.690  2458  2458 E A01c06/ICON: AppIconWeatherModel --> get weather info failed, code: 15700010, message: The DataShareHelper is not initialized successfully.
09-10 01:13:47.691  2458  2458 W A01c06/ICON: AppIconWeatherModel --> initWeatherListener, retryTimes: 4
09-10 01:13:47.693  2458  2458 E A01c06/ICON: AppIconWeatherModel --> get weather info failed, code: 15700010, message: The DataShareHelper is not initialized successfully.
09-10 01:13:48.695  2458  2458 W A01c06/ICON: AppIconWeatherModel --> initWeatherListener, retryTimes: 4
09-10 01:13:48.697  2458  2458 E A01c06/ICON: AppIconWeatherModel --> get weather info failed, code: 15700010, message: The DataShareHelper is not initialized successfully.
09-10 01:13:49.699  2458  2458 W A01c06/ICON: AppIconWeatherModel --> initWeatherListener, retryTimes: 4
09-10 01:13:49.702  2458  2458 E A01c06/ICON: AppIconWeatherModel --> get weather info failed, code: 15700010, message: The DataShareHelper is not initialized successfully.
09-10 01:13:50.703  2458  2458 W A01c06/ICON: AppIconWeatherModel --> initWeatherListener, retryTimes: 4
09-10 01:13:50.705  2458  2458 E A01c06/ICON: AppIconWeatherModel --> get weather info failed, code: 15700010, message: The DataShareHelper is not initialized successfully.
09-10 01:13:51.706  2458  2458 W A01c06/ICON: AppIconWeatherModel --> initWeatherListener, retryTimes: 4
09-10 01:13:51.709  2458  2458 E A01c06/ICON: AppIconWeatherModel --> get weather info failed, code: 15700010, message: The DataShareHelper is not initialized successfully.
09-10 01:13:52.710  2458  2458 W A01c06/ICON: AppIconWeatherModel --> initWeatherListener, retryTimes: 4
09-10 01:13:52.713  2458  2458 E A01c06/ICON: AppIconWeatherModel --> get weather info failed, code: 15700010, message: The DataShareHelper is not initialized successfully.
09-10 01:13:53.714  2458  2458 W A01c06/ICON: AppIconWeatherModel --> initWeatherListener, retryTimes: 4
09-10 01:13:53.716  2458  2458 E A01c06/ICON: AppIconWeatherModel --> get weather info failed, code: 15700010, message: The DataShareHelper is not initialized successfully.
09-10 01:13:54.719  2458  2458 W A01c06/ICON: AppIconWeatherModel --> initWeatherListener, retryTimes: 4
09-10 01:13:54.725  2458  2458 E A01c06/ICON: AppIconWeatherModel --> get weather info failed, code: 15700010, message: The DataShareHelper is not initialized successfully.
09-10 01:13:55.726  2458  2458 W A01c06/ICON: AppIconWeatherModel --> initWeatherListener, retryTimes: 4
09-10 01:13:55.736  2458  2458 E A01c06/ICON: AppIconWeatherModel --> get weather info failed, code: 15700010, message: The DataShareHelper is not initialized successfully.
09-10 01:13:56.739  2458  2458 W A01c06/ICON: AppIconWeatherModel --> initWeatherListener, retryTimes: 4
09-10 01:13:56.747  2458  2458 E A01c06/ICON: AppIconWeatherModel --> get weather info failed, code: 15700010, message: The DataShareHelper is not initialized successfully.
09-10 01:13:57.751  2458  2458 W A01c06/ICON: AppIconWeatherModel --> initWeatherListener, retryTimes: 4
09-10 01:13:57.755  2458  2458 E A01c06/ICON: AppIconWeatherModel --> get weather info failed, code: 15700010, message: The DataShareHelper is not initialized successfully.
09-10 01:13:58.756  2458  2458 W A01c06/ICON: AppIconWeatherModel --> initWeatherListener, retryTimes: 4
09-10 01:13:58.760  2458  2458 E A01c06/ICON: AppIconWeatherModel --> get weather info failed, code: 15700010, message: The DataShareHelper is not initialized successfully.
09-10 01:13:59.773  2458  2458 W A01c06/ICON: AppIconWeatherModel --> initWeatherListener, retryTimes: 4
09-10 01:13:59.859  2458  2458 E A01c06/ICON: AppIconWeatherModel --> get weather info failed, code: 15700010, message: The DataShareHelper is not initialized successfully.
09-10 01:14:00.004  2458  2458 I A01a01/NC: StatusBarSysEventUtil: onTimeChangeEvent
09-10 01:14:00.006  2458  2458 W A01c06/ICON: AppIconCalendarCache --> receive date change event, nowData: 10, dateText: ,image is transparent: false, image is empty: true
09-10 01:14:00.006  2458  2458 W A01c06/ICON: AppIconCalendarCache --> com.huawei.hmos.calendar is not dynamic icon, bundleName is com.huawei.hmos.calendar
09-10 01:14:00.007  2458  2458 E A01c06/ICON: AppIconCalendarCache --> backgroundImage resource error
09-10 01:14:00.007  2458  2458 E A01c06/ICON: AppIconCalendarCache --> calendarForegroundBuilder is null
09-10 01:14:00.861  2458  2458 W A01c06/ICON: AppIconWeatherModel --> initWeatherListener, retryTimes: 4
09-10 01:14:00.864  2458  2458 E A01c06/ICON: AppIconWeatherModel --> get weather info failed, code: 15700010, message: The DataShareHelper is not initialized successfully.
09-10 01:14:01.866  2458  2458 W A01c06/ICON: AppIconWeatherModel --> initWeatherListener, retryTimes: 4
09-10 01:14:01.870  2458  2458 E A01c06/ICON: AppIconWeatherModel --> get weather info failed, code: 15700010, message: The DataShareHelper is not initialized successfully.
09-10 01:14:02.873  2458  2458 W A01c06/ICON: AppIconWeatherModel --> initWeatherListener, retryTimes: 4
09-10 01:14:02.880  2458  2458 E A01c06/ICON: AppIconWeatherModel --> get weather info failed, code: 15700010, message: The DataShareHelper is not initialized successfully.
09-10 01:14:03.882  2458  2458 W A01c06/ICON: AppIconWeatherModel --> initWeatherListener, retryTimes: 4
09-10 01:14:03.887  2458  2458 E A01c06/ICON: AppIconWeatherModel --> get weather info failed, code: 15700010, message: The DataShareHelper is not initialized successfully.
09-10 01:14:04.889  2458  2458 W A01c06/ICON: AppIconWeatherModel --> initWeatherListener, retryTimes: 4
09-10 01:14:04.894  2458  2458 E A01c06/ICON: AppIconWeatherModel --> get weather info failed, code: 15700010, message: The DataShareHelper is not initialized successfully.
09-10 01:14:05.899  2458  2458 W A01c06/ICON: AppIconWeatherModel --> initWeatherListener, retryTimes: 4
09-10 01:14:05.904  2458  2458 E A01c06/ICON: AppIconWeatherModel --> get weather info failed, code: 15700010, message: The DataShareHelper is not initialized successfully.
09-10 01:14:06.912  2458  2458 W A01c06/ICON: AppIconWeatherModel --> initWeatherListener, retryTimes: 4
09-10 01:14:06.918  2458  2458 E A01c06/ICON: AppIconWeatherModel --> get weather info failed, code: 15700010, message: The DataShareHelper is not initialized successfully.
09-10 01:14:07.920  2458  2458 W A01c06/ICON: AppIconWeatherModel --> initWeatherListener, retryTimes: 4
09-10 01:14:07.933  2458  2458 E A01c06/ICON: AppIconWeatherModel --> get weather info failed, code: 15700010, message: The DataShareHelper is not initialized successfully.
09-10 01:14:08.935  2458  2458 W A01c06/ICON: AppIconWeatherModel --> initWeatherListener, retryTimes: 4
09-10 01:14:08.942  2458  2458 E A01c06/ICON: AppIconWeatherModel --> get weather info failed, code: 15700010, message: The DataShareHelper is not initialized successfully.
09-10 01:14:09.944  2458  2458 W A01c06/ICON: AppIconWeatherModel --> initWeatherListener, retryTimes: 4
09-10 01:14:09.949  2458  2458 E A01c06/ICON: AppIconWeatherModel --> get weather info failed, code: 15700010, message: The DataShareHelper is not initialized successfully.
09-10 01:14:10.951  2458  2458 W A01c06/ICON: AppIconWeatherModel --> initWeatherListener, retryTimes: 4
09-10 01:14:10.955  2458  2458 E A01c06/ICON: AppIconWeatherModel --> get weather info failed, code: 15700010, message: The DataShareHelper is not initialized successfully.
09-10 01:14:11.955  2458  2458 W A01c06/ICON: AppIconWeatherModel --> initWeatherListener, retryTimes: 4
09-10 01:14:11.968  2458  2458 E A01c06/ICON: AppIconWeatherModel --> get weather info failed, code: 15700010, message: The DataShareHelper is not initialized successfully.
09-10 01:14:12.973  2458  2458 W A01c06/ICON: AppIconWeatherModel --> initWeatherListener, retryTimes: 4
09-10 01:14:12.985  2458  2458 E A01c06/ICON: AppIconWeatherModel --> get weather info failed, code: 15700010, message: The DataShareHelper is not initialized successfully.
09-10 01:14:13.990  2458  2458 W A01c06/ICON: AppIconWeatherModel --> initWeatherListener, retryTimes: 4
09-10 01:14:13.995  2458  2458 E A01c06/ICON: AppIconWeatherModel --> get weather info failed, code: 15700010, message: The DataShareHelper is not initialized successfully.
09-10 01:14:14.999  2458  2458 W A01c06/ICON: AppIconWeatherModel --> initWeatherListener, retryTimes: 4
09-10 01:14:15.002  2458  2458 E A01c06/ICON: AppIconWeatherModel --> get weather info failed, code: 15700010, message: The DataShareHelper is not initialized successfully.
09-10 01:14:16.004  2458  2458 W A01c06/ICON: AppIconWeatherModel --> initWeatherListener, retryTimes: 4
09-10 01:14:16.006  2458  2458 E A01c06/ICON: AppIconWeatherModel --> get weather info failed, code: 15700010, message: The DataShareHelper is not initialized successfully.
09-10 01:14:17.007  2458  2458 W A01c06/ICON: AppIconWeatherModel --> initWeatherListener, retryTimes: 4
09-10 01:14:17.013  2458  2458 E A01c06/ICON: AppIconWeatherModel --> get weather info failed, code: 15700010, message: The DataShareHelper is not initialized successfully.
09-10 01:14:18.014  2458  2458 W A01c06/ICON: AppIconWeatherModel --> initWeatherListener, retryTimes: 4
09-10 01:14:18.018  2458  2458 E A01c06/ICON: AppIconWeatherModel --> get weather info failed, code: 15700010, message: The DataShareHelper is not initialized successfully.
09-10 01:14:19.020  2458  2458 W A01c06/ICON: AppIconWeatherModel --> initWeatherListener, retryTimes: 4
09-10 01:14:19.023  2458  2458 E A01c06/ICON: AppIconWeatherModel --> get weather info failed, code: 15700010, message: The DataShareHelper is not initialized successfully.
09-10 01:14:20.026  2458  2458 W A01c06/ICON: AppIconWeatherModel --> initWeatherListener, retryTimes: 4
09-10 01:14:20.028  2458  2458 E A01c06/ICON: AppIconWeatherModel --> get weather info failed, code: 15700010, message: The DataShareHelper is not initialized successfully.
09-10 01:14:21.030  2458  2458 W A01c06/ICON: AppIconWeatherModel --> initWeatherListener, retryTimes: 4
09-10 01:14:21.032  2458  2458 E A01c06/ICON: AppIconWeatherModel --> get weather info failed, code: 15700010, message: The DataShareHelper is not initialized successfully.
09-10 01:14:22.032  2458  2458 W A01c06/ICON: AppIconWeatherModel --> initWeatherListener, retryTimes: 4
09-10 01:14:22.034  2458  2458 E A01c06/ICON: AppIconWeatherModel --> get weather info failed, code: 15700010, message: The DataShareHelper is not initialized successfully.
09-10 01:14:23.037  2458  2458 W A01c06/ICON: AppIconWeatherModel --> initWeatherListener, retryTimes: 4
09-10 01:14:23.038  2458  2458 E A01c06/ICON: AppIconWeatherModel --> get weather info failed, code: 15700010, message: The DataShareHelper is not initialized successfully.
09-10 01:14:24.039  2458  2458 W A01c06/ICON: AppIconWeatherModel --> initWeatherListener, retryTimes: 4
09-10 01:14:24.042  2458  2458 E A01c06/ICON: AppIconWeatherModel --> get weather info failed, code: 15700010, message: The DataShareHelper is not initialized successfully.
09-10 01:14:25.044  2458  2458 W A01c06/ICON: AppIconWeatherModel --> initWeatherListener, retryTimes: 4
09-10 01:14:25.046  2458  2458 E A01c06/ICON: AppIconWeatherModel --> get weather info failed, code: 15700010, message: The DataShareHelper is not initialized successfully.
09-10 01:14:26.048  2458  2458 W A01c06/ICON: AppIconWeatherModel --> initWeatherListener, retryTimes: 4
09-10 01:14:26.049  2458  2458 E A01c06/ICON: AppIconWeatherModel --> get weather info failed, code: 15700010, message: The DataShareHelper is not initialized successfully.
09-10 01:14:27.050  2458  2458 W A01c06/ICON: AppIconWeatherModel --> initWeatherListener, retryTimes: 4
09-10 01:14:27.052  2458  2458 E A01c06/ICON: AppIconWeatherModel --> get weather info failed, code: 15700010, message: The DataShareHelper is not initialized successfully.
09-10 01:14:28.054  2458  2458 W A01c06/ICON: AppIconWeatherModel --> initWeatherListener, retryTimes: 4
09-10 01:14:28.056  2458  2458 E A01c06/ICON: AppIconWeatherModel --> get weather info failed, code: 15700010, message: The DataShareHelper is not initialized successfully.
09-10 01:14:29.057  2458  2458 W A01c06/ICON: AppIconWeatherModel --> initWeatherListener, retryTimes: 4
09-10 01:14:29.059  2458  2458 E A01c06/ICON: AppIconWeatherModel --> get weather info failed, code: 15700010, message: The DataShareHelper is not initialized successfully.
09-10 01:14:30.063  2458  2458 W A01c06/ICON: AppIconWeatherModel --> initWeatherListener, retryTimes: 4
09-10 01:14:30.065  2458  2458 E A01c06/ICON: AppIconWeatherModel --> get weather info failed, code: 15700010, message: The DataShareHelper is not initialized successfully.
09-10 01:14:31.066  2458  2458 W A01c06/ICON: AppIconWeatherModel --> initWeatherListener, retryTimes: 4
09-10 01:14:31.068  2458  2458 E A01c06/ICON: AppIconWeatherModel --> get weather info failed, code: 15700010, message: The DataShareHelper is not initialized successfully.
09-10 01:14:32.071  2458  2458 W A01c06/ICON: AppIconWeatherModel --> initWeatherListener, retryTimes: 4
09-10 01:14:32.073  2458  2458 E A01c06/ICON: AppIconWeatherModel --> get weather info failed, code: 15700010, message: The DataShareHelper is not initialized successfully.
09-10 01:14:33.074  2458  2458 W A01c06/ICON: AppIconWeatherModel --> initWeatherListener, retryTimes: 4
09-10 01:14:33.076  2458  2458 E A01c06/ICON: AppIconWeatherModel --> get weather info failed, code: 15700010, message: The DataShareHelper is not initialized successfully.
09-10 01:14:34.078  2458  2458 W A01c06/ICON: AppIconWeatherModel --> initWeatherListener, retryTimes: 4
09-10 01:14:34.080  2458  2458 E A01c06/ICON: AppIconWeatherModel --> get weather info failed, code: 15700010, message: The DataShareHelper is not initialized successfully.
09-10 01:14:35.081  2458  2458 W A01c06/ICON: AppIconWeatherModel --> initWeatherListener, retryTimes: 4
09-10 01:14:35.083  2458  2458 E A01c06/ICON: AppIconWeatherModel --> get weather info failed, code: 15700010, message: The DataShareHelper is not initialized successfully.
09-10 01:14:36.084  2458  2458 W A01c06/ICON: AppIconWeatherModel --> initWeatherListener, retryTimes: 4
09-10 01:14:36.085  2458  2458 E A01c06/ICON: AppIconWeatherModel --> get weather info failed, code: 15700010, message: The DataShareHelper is not initialized successfully.
09-10 01:14:37.088  2458  2458 W A01c06/ICON: AppIconWeatherModel --> initWeatherListener, retryTimes: 4
09-10 01:14:37.089  2458  2458 E A01c06/ICON: AppIconWeatherModel --> get weather info failed, code: 15700010, message: The DataShareHelper is not initialized successfully.
09-10 01:14:38.092  2458  2458 W A01c06/ICON: AppIconWeatherModel --> initWeatherListener, retryTimes: 4
09-10 01:14:38.094  2458  2458 E A01c06/ICON: AppIconWeatherModel --> get weather info failed, code: 15700010, message: The DataShareHelper is not initialized successfully.
09-10 01:14:39.096  2458  2458 W A01c06/ICON: AppIconWeatherModel --> initWeatherListener, retryTimes: 4
09-10 01:14:39.097  2458  2458 E A01c06/ICON: AppIconWeatherModel --> get weather info failed, code: 15700010, message: The DataShareHelper is not initialized successfully.
09-10 01:14:40.100  2458  2458 W A01c06/ICON: AppIconWeatherModel --> initWeatherListener, retryTimes: 4
09-10 01:14:40.102  2458  2458 E A01c06/ICON: AppIconWeatherModel --> get weather info failed, code: 15700010, message: The DataShareHelper is not initialized successfully.
09-10 01:14:41.105  2458  2458 W A01c06/ICON: AppIconWeatherModel --> initWeatherListener, retryTimes: 4
09-10 01:14:41.107  2458  2458 E A01c06/ICON: AppIconWeatherModel --> get weather info failed, code: 15700010, message: The DataShareHelper is not initialized successfully.
09-10 01:14:42.108  2458  2458 W A01c06/ICON: AppIconWeatherModel --> initWeatherListener, retryTimes: 4
09-10 01:14:42.110  2458  2458 E A01c06/ICON: AppIconWeatherModel --> get weather info failed, code: 15700010, message: The DataShareHelper is not initialized successfully.
09-10 01:14:43.113  2458  2458 W A01c06/ICON: AppIconWeatherModel --> initWeatherListener, retryTimes: 4
09-10 01:14:43.115  2458  2458 E A01c06/ICON: AppIconWeatherModel --> get weather info failed, code: 15700010, message: The DataShareHelper is not initialized successfully.
09-10 01:14:44.119  2458  2458 W A01c06/ICON: AppIconWeatherModel --> initWeatherListener, retryTimes: 4
09-10 01:14:44.121  2458  2458 E A01c06/ICON: AppIconWeatherModel --> get weather info failed, code: 15700010, message: The DataShareHelper is not initialized successfully.
09-10 01:14:45.122  2458  2458 W A01c06/ICON: AppIconWeatherModel --> initWeatherListener, retryTimes: 4
09-10 01:14:45.123  2458  2458 E A01c06/ICON: AppIconWeatherModel --> get weather info failed, code: 15700010, message: The DataShareHelper is not initialized successfully.
09-10 01:14:46.125  2458  2458 W A01c06/ICON: AppIconWeatherModel --> initWeatherListener, retryTimes: 4
09-10 01:14:46.126  2458  2458 E A01c06/ICON: AppIconWeatherModel --> get weather info failed, code: 15700010, message: The DataShareHelper is not initialized successfully.
09-10 01:14:47.129  2458  2458 W A01c06/ICON: AppIconWeatherModel --> initWeatherListener, retryTimes: 4
09-10 01:14:47.131  2458  2458 E A01c06/ICON: AppIconWeatherModel --> get weather info failed, code: 15700010, message: The DataShareHelper is not initialized successfully.
09-10 01:14:48.137  2458  2458 W A01c06/ICON: AppIconWeatherModel --> initWeatherListener, retryTimes: 4
09-10 01:14:48.141  2458  2458 E A01c06/ICON: AppIconWeatherModel --> get weather info failed, code: 15700010, message: The DataShareHelper is not initialized successfully.
09-10 01:14:49.143  2458  2458 W A01c06/ICON: AppIconWeatherModel --> initWeatherListener, retryTimes: 4
09-10 01:14:49.147  2458  2458 E A01c06/ICON: AppIconWeatherModel --> get weather info failed, code: 15700010, message: The DataShareHelper is not initialized successfully.
09-10 01:14:50.148  2458  2458 W A01c06/ICON: AppIconWeatherModel --> initWeatherListener, retryTimes: 4
09-10 01:14:50.151  2458  2458 E A01c06/ICON: AppIconWeatherModel --> get weather info failed, code: 15700010, message: The DataShareHelper is not initialized successfully.
09-10 01:14:51.157  2458  2458 W A01c06/ICON: AppIconWeatherModel --> initWeatherListener, retryTimes: 4
09-10 01:14:51.162  2458  2458 E A01c06/ICON: AppIconWeatherModel --> get weather info failed, code: 15700010, message: The DataShareHelper is not initialized successfully.
09-10 01:14:52.164  2458  2458 W A01c06/ICON: AppIconWeatherModel --> initWeatherListener, retryTimes: 4
09-10 01:14:52.167  2458  2458 E A01c06/ICON: AppIconWeatherModel --> get weather info failed, code: 15700010, message: The DataShareHelper is not initialized successfully.
09-10 01:14:53.171  2458  2458 W A01c06/ICON: AppIconWeatherModel --> initWeatherListener, retryTimes: 4
09-10 01:14:53.172  2458  2458 E A01c06/ICON: AppIconWeatherModel --> get weather info failed, code: 15700010, message: The DataShareHelper is not initialized successfully.
09-10 01:14:54.175  2458  2458 W A01c06/ICON: AppIconWeatherModel --> initWeatherListener, retryTimes: 4
09-10 01:14:54.177  2458  2458 E A01c06/ICON: AppIconWeatherModel --> get weather info failed, code: 15700010, message: The DataShareHelper is not initialized successfully.
09-10 01:14:55.178  2458  2458 W A01c06/ICON: AppIconWeatherModel --> initWeatherListener, retryTimes: 4
09-10 01:14:55.180  2458  2458 E A01c06/ICON: AppIconWeatherModel --> get weather info failed, code: 15700010, message: The DataShareHelper is not initialized successfully.
09-10 01:14:56.184  2458  2458 W A01c06/ICON: AppIconWeatherModel --> initWeatherListener, retryTimes: 4
09-10 01:14:56.186  2458  2458 E A01c06/ICON: AppIconWeatherModel --> get weather info failed, code: 15700010, message: The DataShareHelper is not initialized successfully.
09-10 01:14:57.190  2458  2458 W A01c06/ICON: AppIconWeatherModel --> initWeatherListener, retryTimes: 4
09-10 01:14:57.192  2458  2458 E A01c06/ICON: AppIconWeatherModel --> get weather info failed, code: 15700010, message: The DataShareHelper is not initialized successfully.
09-10 01:14:58.194  2458  2458 W A01c06/ICON: AppIconWeatherModel --> initWeatherListener, retryTimes: 4
09-10 01:14:58.196  2458  2458 E A01c06/ICON: AppIconWeatherModel --> get weather info failed, code: 15700010, message: The DataShareHelper is not initialized successfully.
09-10 01:14:59.197  2458  2458 W A01c06/ICON: AppIconWeatherModel --> initWeatherListener, retryTimes: 4
09-10 01:14:59.199  2458  2458 E A01c06/ICON: AppIconWeatherModel --> get weather info failed, code: 15700010, message: The DataShareHelper is not initialized successfully.
09-10 01:15:00.003  2458  2458 I A01a01/NC: StatusBarSysEventUtil: onTimeChangeEvent
09-10 01:15:00.003  2458  2458 W A01c06/ICON: AppIconCalendarCache --> receive date change event, nowData: 10, dateText: ,image is transparent: false, image is empty: true
09-10 01:15:00.004  2458  2458 W A01c06/ICON: AppIconCalendarCache --> com.huawei.hmos.calendar is not dynamic icon, bundleName is com.huawei.hmos.calendar
09-10 01:15:00.004  2458  2458 E A01c06/ICON: AppIconCalendarCache --> backgroundImage resource error
09-10 01:15:00.004  2458  2458 E A01c06/ICON: AppIconCalendarCache --> calendarForegroundBuilder is null
09-10 01:15:00.200  2458  2458 W A01c06/ICON: AppIconWeatherModel --> initWeatherListener, retryTimes: 4
09-10 01:15:00.203  2458  2458 E A01c06/ICON: AppIconWeatherModel --> get weather info failed, code: 15700010, message: The DataShareHelper is not initialized successfully.
09-10 01:15:01.204  2458  2458 W A01c06/ICON: AppIconWeatherModel --> initWeatherListener, retryTimes: 4
09-10 01:15:01.206  2458  2458 E A01c06/ICON: AppIconWeatherModel --> get weather info failed, code: 15700010, message: The DataShareHelper is not initialized successfully.
09-10 01:15:02.209  2458  2458 W A01c06/ICON: AppIconWeatherModel --> initWeatherListener, retryTimes: 4
09-10 01:15:02.212  2458  2458 E A01c06/ICON: AppIconWeatherModel --> get weather info failed, code: 15700010, message: The DataShareHelper is not initialized successfully.
09-10 01:15:03.213  2458  2458 W A01c06/ICON: AppIconWeatherModel --> initWeatherListener, retryTimes: 4
09-10 01:15:03.220  2458  2458 E A01c06/ICON: AppIconWeatherModel --> get weather info failed, code: 15700010, message: The DataShareHelper is not initialized successfully.
09-10 01:15:04.224  2458  2458 W A01c06/ICON: AppIconWeatherModel --> initWeatherListener, retryTimes: 4
09-10 01:15:04.227  2458  2458 E A01c06/ICON: AppIconWeatherModel --> get weather info failed, code: 15700010, message: The DataShareHelper is not initialized successfully.
09-10 01:15:05.231  2458  2458 W A01c06/ICON: AppIconWeatherModel --> initWeatherListener, retryTimes: 4
09-10 01:15:05.233  2458  2458 E A01c06/ICON: AppIconWeatherModel --> get weather info failed, code: 15700010, message: The DataShareHelper is not initialized successfully.
09-10 01:15:06.235  2458  2458 W A01c06/ICON: AppIconWeatherModel --> initWeatherListener, retryTimes: 4
09-10 01:15:06.237  2458  2458 E A01c06/ICON: AppIconWeatherModel --> get weather info failed, code: 15700010, message: The DataShareHelper is not initialized successfully.
09-10 01:15:07.242  2458  2458 W A01c06/ICON: AppIconWeatherModel --> initWeatherListener, retryTimes: 4
09-10 01:15:07.244  2458  2458 E A01c06/ICON: AppIconWeatherModel --> get weather info failed, code: 15700010, message: The DataShareHelper is not initialized successfully.
09-10 01:15:08.246  2458  2458 W A01c06/ICON: AppIconWeatherModel --> initWeatherListener, retryTimes: 4
09-10 01:15:08.247  2458  2458 E A01c06/ICON: AppIconWeatherModel --> get weather info failed, code: 15700010, message: The DataShareHelper is not initialized successfully.
09-10 01:15:09.248  2458  2458 W A01c06/ICON: AppIconWeatherModel --> initWeatherListener, retryTimes: 4
09-10 01:15:09.250  2458  2458 E A01c06/ICON: AppIconWeatherModel --> get weather info failed, code: 15700010, message: The DataShareHelper is not initialized successfully.
09-10 01:15:10.252  2458  2458 W A01c06/ICON: AppIconWeatherModel --> initWeatherListener, retryTimes: 4
09-10 01:15:10.254  2458  2458 E A01c06/ICON: AppIconWeatherModel --> get weather info failed, code: 15700010, message: The DataShareHelper is not initialized successfully.
09-10 01:15:11.256  2458  2458 W A01c06/ICON: AppIconWeatherModel --> initWeatherListener, retryTimes: 4
09-10 01:15:11.261  2458  2458 E A01c06/ICON: AppIconWeatherModel --> get weather info failed, code: 15700010, message: The DataShareHelper is not initialized successfully.
09-10 01:15:12.263  2458  2458 W A01c06/ICON: AppIconWeatherModel --> initWeatherListener, retryTimes: 4
09-10 01:15:12.265  2458  2458 E A01c06/ICON: AppIconWeatherModel --> get weather info failed, code: 15700010, message: The DataShareHelper is not initialized successfully.
09-10 01:15:13.267  2458  2458 W A01c06/ICON: AppIconWeatherModel --> initWeatherListener, retryTimes: 4
09-10 01:15:13.269  2458  2458 E A01c06/ICON: AppIconWeatherModel --> get weather info failed, code: 15700010, message: The DataShareHelper is not initialized successfully.
09-10 01:15:14.271  2458  2458 W A01c06/ICON: AppIconWeatherModel --> initWeatherListener, retryTimes: 4
09-10 01:15:14.273  2458  2458 E A01c06/ICON: AppIconWeatherModel --> get weather info failed, code: 15700010, message: The DataShareHelper is not initialized successfully.
09-10 01:15:15.279  2458  2458 W A01c06/ICON: AppIconWeatherModel --> initWeatherListener, retryTimes: 4
09-10 01:15:15.286  2458  2458 E A01c06/ICON: AppIconWeatherModel --> get weather info failed, code: 15700010, message: The DataShareHelper is not initialized successfully.
09-10 01:15:16.290  2458  2458 W A01c06/ICON: AppIconWeatherModel --> initWeatherListener, retryTimes: 4
09-10 01:15:16.296  2458  2458 E A01c06/ICON: AppIconWeatherModel --> get weather info failed, code: 15700010, message: The DataShareHelper is not initialized successfully.
09-10 01:15:17.298  2458  2458 W A01c06/ICON: AppIconWeatherModel --> initWeatherListener, retryTimes: 4
09-10 01:15:17.303  2458  2458 E A01c06/ICON: AppIconWeatherModel --> get weather info failed, code: 15700010, message: The DataShareHelper is not initialized successfully.
09-10 01:15:18.305  2458  2458 W A01c06/ICON: AppIconWeatherModel --> initWeatherListener, retryTimes: 4
09-10 01:15:18.310  2458  2458 E A01c06/ICON: AppIconWeatherModel --> get weather info failed, code: 15700010, message: The DataShareHelper is not initialized successfully.
09-10 01:15:19.312  2458  2458 W A01c06/ICON: AppIconWeatherModel --> initWeatherListener, retryTimes: 4
09-10 01:15:19.317  2458  2458 E A01c06/ICON: AppIconWeatherModel --> get weather info failed, code: 15700010, message: The DataShareHelper is not initialized successfully.
09-10 01:15:20.319  2458  2458 W A01c06/ICON: AppIconWeatherModel --> initWeatherListener, retryTimes: 4
09-10 01:15:20.325  2458  2458 E A01c06/ICON: AppIconWeatherModel --> get weather info failed, code: 15700010, message: The DataShareHelper is not initialized successfully.
09-10 01:15:21.327  2458  2458 W A01c06/ICON: AppIconWeatherModel --> initWeatherListener, retryTimes: 4
09-10 01:15:21.333  2458  2458 E A01c06/ICON: AppIconWeatherModel --> get weather info failed, code: 15700010, message: The DataShareHelper is not initialized successfully.
09-10 01:15:22.337  2458  2458 W A01c06/ICON: AppIconWeatherModel --> initWeatherListener, retryTimes: 4
09-10 01:15:22.343  2458  2458 E A01c06/ICON: AppIconWeatherModel --> get weather info failed, code: 15700010, message: The DataShareHelper is not initialized successfully.
09-10 01:15:23.345  2458  2458 W A01c06/ICON: AppIconWeatherModel --> initWeatherListener, retryTimes: 4
09-10 01:15:23.351  2458  2458 E A01c06/ICON: AppIconWeatherModel --> get weather info failed, code: 15700010, message: The DataShareHelper is not initialized successfully.
09-10 01:15:24.353  2458  2458 W A01c06/ICON: AppIconWeatherModel --> initWeatherListener, retryTimes: 4
09-10 01:15:24.358  2458  2458 E A01c06/ICON: AppIconWeatherModel --> get weather info failed, code: 15700010, message: The DataShareHelper is not initialized successfully.
09-10 01:15:25.361  2458  2458 W A01c06/ICON: AppIconWeatherModel --> initWeatherListener, retryTimes: 4
09-10 01:15:25.366  2458  2458 E A01c06/ICON: AppIconWeatherModel --> get weather info failed, code: 15700010, message: The DataShareHelper is not initialized successfully.
09-10 01:15:26.368  2458  2458 W A01c06/ICON: AppIconWeatherModel --> initWeatherListener, retryTimes: 4
09-10 01:15:26.376  2458  2458 E A01c06/ICON: AppIconWeatherModel --> get weather info failed, code: 15700010, message: The DataShareHelper is not initialized successfully.
09-10 01:15:27.378  2458  2458 W A01c06/ICON: AppIconWeatherModel --> initWeatherListener, retryTimes: 4
09-10 01:15:27.383  2458  2458 E A01c06/ICON: AppIconWeatherModel --> get weather info failed, code: 15700010, message: The DataShareHelper is not initialized successfully.
09-10 01:15:28.386  2458  2458 W A01c06/ICON: AppIconWeatherModel --> initWeatherListener, retryTimes: 4
09-10 01:15:28.393  2458  2458 E A01c06/ICON: AppIconWeatherModel --> get weather info failed, code: 15700010, message: The DataShareHelper is not initialized successfully.
09-10 01:15:29.395  2458  2458 W A01c06/ICON: AppIconWeatherModel --> initWeatherListener, retryTimes: 4
09-10 01:15:29.400  2458  2458 E A01c06/ICON: AppIconWeatherModel --> get weather info failed, code: 15700010, message: The DataShareHelper is not initialized successfully.
09-10 01:15:30.402  2458  2458 W A01c06/ICON: AppIconWeatherModel --> initWeatherListener, retryTimes: 4
09-10 01:15:30.408  2458  2458 E A01c06/ICON: AppIconWeatherModel --> get weather info failed, code: 15700010, message: The DataShareHelper is not initialized successfully.
09-10 01:15:31.412  2458  2458 W A01c06/ICON: AppIconWeatherModel --> initWeatherListener, retryTimes: 4
09-10 01:15:31.436  2458  2458 E A01c06/ICON: AppIconWeatherModel --> get weather info failed, code: 15700010, message: The DataShareHelper is not initialized successfully.
09-10 01:15:32.438  2458  2458 W A01c06/ICON: AppIconWeatherModel --> initWeatherListener, retryTimes: 4
09-10 01:15:32.447  2458  2458 E A01c06/ICON: AppIconWeatherModel --> get weather info failed, code: 15700010, message: The DataShareHelper is not initialized successfully.
09-10 01:15:33.452  2458  2458 W A01c06/ICON: AppIconWeatherModel --> initWeatherListener, retryTimes: 4
09-10 01:15:33.462  2458  2458 E A01c06/ICON: AppIconWeatherModel --> get weather info failed, code: 15700010, message: The DataShareHelper is not initialized successfully.
09-10 01:15:34.465  2458  2458 W A01c06/ICON: AppIconWeatherModel --> initWeatherListener, retryTimes: 4
09-10 01:15:34.471  2458  2458 E A01c06/ICON: AppIconWeatherModel --> get weather info failed, code: 15700010, message: The DataShareHelper is not initialized successfully.
09-10 01:15:35.474  2458  2458 W A01c06/ICON: AppIconWeatherModel --> initWeatherListener, retryTimes: 4
09-10 01:15:35.485  2458  2458 E A01c06/ICON: AppIconWeatherModel --> get weather info failed, code: 15700010, message: The DataShareHelper is not initialized successfully.
09-10 01:15:36.486  2458  2458 W A01c06/ICON: AppIconWeatherModel --> initWeatherListener, retryTimes: 4
09-10 01:15:36.491  2458  2458 E A01c06/ICON: AppIconWeatherModel --> get weather info failed, code: 15700010, message: The DataShareHelper is not initialized successfully.
09-10 01:15:37.494  2458  2458 W A01c06/ICON: AppIconWeatherModel --> initWeatherListener, retryTimes: 4
09-10 01:15:37.500  2458  2458 E A01c06/ICON: AppIconWeatherModel --> get weather info failed, code: 15700010, message: The DataShareHelper is not initialized successfully.
09-10 01:15:38.502  2458  2458 W A01c06/ICON: AppIconWeatherModel --> initWeatherListener, retryTimes: 4
09-10 01:15:38.515  2458  2458 E A01c06/ICON: AppIconWeatherModel --> get weather info failed, code: 15700010, message: The DataShareHelper is not initialized successfully.
09-10 01:15:39.533  2458  2458 W A01c06/ICON: AppIconWeatherModel --> initWeatherListener, retryTimes: 4
09-10 01:15:39.685  2458  2458 E A01c06/ICON: AppIconWeatherModel --> get weather info failed, code: 15700010, message: The DataShareHelper is not initialized successfully.
09-10 01:15:40.710  2458  2458 W A01c06/ICON: AppIconWeatherModel --> initWeatherListener, retryTimes: 4
09-10 01:15:40.776  2458  2458 E A01c06/ICON: AppIconWeatherModel --> get weather info failed, code: 15700010, message: The DataShareHelper is not initialized successfully.
09-10 01:15:41.778  2458  2458 W A01c06/ICON: AppIconWeatherModel --> initWeatherListener, retryTimes: 4
09-10 01:15:41.816  2458  2458 E A01c06/ICON: AppIconWeatherModel --> get weather info failed, code: 15700010, message: The DataShareHelper is not initialized successfully.
09-10 01:15:42.818  2458  2458 W A01c06/ICON: AppIconWeatherModel --> initWeatherListener, retryTimes: 4
09-10 01:15:42.828  2458  2458 E A01c06/ICON: AppIconWeatherModel --> get weather info failed, code: 15700010, message: The DataShareHelper is not initialized successfully.
09-10 01:15:43.832  2458  2458 W A01c06/ICON: AppIconWeatherModel --> initWeatherListener, retryTimes: 4
09-10 01:15:43.847  2458  2458 E A01c06/ICON: AppIconWeatherModel --> get weather info failed, code: 15700010, message: The DataShareHelper is not initialized successfully.
09-10 01:15:44.946  2458  2458 W A01c06/ICON: AppIconWeatherModel --> initWeatherListener, retryTimes: 4
09-10 01:15:45.057  2458  2458 E A01c06/ICON: AppIconWeatherModel --> get weather info failed, code: 15700010, message: The DataShareHelper is not initialized successfully.
09-10 01:15:46.062  2458  2458 W A01c06/ICON: AppIconWeatherModel --> initWeatherListener, retryTimes: 4
09-10 01:15:46.072  2458  2458 E A01c06/ICON: AppIconWeatherModel --> get weather info failed, code: 15700010, message: The DataShareHelper is not initialized successfully.
09-10 01:15:47.076  2458  2458 W A01c06/ICON: AppIconWeatherModel --> initWeatherListener, retryTimes: 4
09-10 01:15:47.087  2458  2458 E A01c06/ICON: AppIconWeatherModel --> get weather info failed, code: 15700010, message: The DataShareHelper is not initialized successfully.
09-10 01:15:48.089  2458  2458 W A01c06/ICON: AppIconWeatherModel --> initWeatherListener, retryTimes: 4
09-10 01:15:48.096  2458  2458 E A01c06/ICON: AppIconWeatherModel --> get weather info failed, code: 15700010, message: The DataShareHelper is not initialized successfully.
09-10 01:15:49.103  2458  2458 W A01c06/ICON: AppIconWeatherModel --> initWeatherListener, retryTimes: 4
09-10 01:15:49.112  2458  2458 E A01c06/ICON: AppIconWeatherModel --> get weather info failed, code: 15700010, message: The DataShareHelper is not initialized successfully.
09-10 01:15:50.117  2458  2458 W A01c06/ICON: AppIconWeatherModel --> initWeatherListener, retryTimes: 4
09-10 01:15:50.160  2458  2458 E A01c06/ICON: AppIconWeatherModel --> get weather info failed, code: 15700010, message: The DataShareHelper is not initialized successfully.
09-10 01:15:51.165  2458  2458 W A01c06/ICON: AppIconWeatherModel --> initWeatherListener, retryTimes: 4
09-10 01:15:51.212  2458  2458 E A01c06/ICON: AppIconWeatherModel --> get weather info failed, code: 15700010, message: The DataShareHelper is not initialized successfully.
09-10 01:15:52.215  2458  2458 W A01c06/ICON: AppIconWeatherModel --> initWeatherListener, retryTimes: 4
09-10 01:15:52.250  2458  2458 E A01c06/ICON: AppIconWeatherModel --> get weather info failed, code: 15700010, message: The DataShareHelper is not initialized successfully.
09-10 01:15:53.252  2458  2458 W A01c06/ICON: AppIconWeatherModel --> initWeatherListener, retryTimes: 4
09-10 01:15:53.262  2458  2458 E A01c06/ICON: AppIconWeatherModel --> get weather info failed, code: 15700010, message: The DataShareHelper is not initialized successfully.
09-10 01:15:54.270  2458  2458 W A01c06/ICON: AppIconWeatherModel --> initWeatherListener, retryTimes: 4
09-10 01:15:54.302  2458  2458 E A01c06/ICON: AppIconWeatherModel --> get weather info failed, code: 15700010, message: The DataShareHelper is not initialized successfully.
09-10 01:15:55.318  2458  2458 W A01c06/ICON: AppIconWeatherModel --> initWeatherListener, retryTimes: 4
09-10 01:15:55.362  2458  2458 E A01c06/ICON: AppIconWeatherModel --> get weather info failed, code: 15700010, message: The DataShareHelper is not initialized successfully.
09-10 01:15:56.370  2458  2458 W A01c06/ICON: AppIconWeatherModel --> initWeatherListener, retryTimes: 4
09-10 01:15:56.427  2458  2458 E A01c06/ICON: AppIconWeatherModel --> get weather info failed, code: 15700010, message: The DataShareHelper is not initialized successfully.
09-10 01:15:57.436  2458  2458 W A01c06/ICON: AppIconWeatherModel --> initWeatherListener, retryTimes: 4
09-10 01:15:57.499  2458  2458 E A01c06/ICON: AppIconWeatherModel --> get weather info failed, code: 15700010, message: The DataShareHelper is not initialized successfully.
09-10 01:15:58.501  2458  2458 W A01c06/ICON: AppIconWeatherModel --> initWeatherListener, retryTimes: 4
09-10 01:15:58.509  2458  2458 E A01c06/ICON: AppIconWeatherModel --> get weather info failed, code: 15700010, message: The DataShareHelper is not initialized successfully.
09-10 01:15:59.511  2458  2458 W A01c06/ICON: AppIconWeatherModel --> initWeatherListener, retryTimes: 4
09-10 01:15:59.528  2458  2458 E A01c06/ICON: AppIconWeatherModel --> get weather info failed, code: 15700010, message: The DataShareHelper is not initialized successfully.
09-10 01:16:00.060  2458  2458 I A01a01/NC: StatusBarSysEventUtil: onTimeChangeEvent
09-10 01:16:00.064  2458  2458 W A01c06/ICON: AppIconCalendarCache --> receive date change event, nowData: 10, dateText: ,image is transparent: false, image is empty: true
09-10 01:16:00.064  2458  2458 W A01c06/ICON: AppIconCalendarCache --> com.huawei.hmos.calendar is not dynamic icon, bundleName is com.huawei.hmos.calendar
09-10 01:16:00.065  2458  2458 E A01c06/ICON: AppIconCalendarCache --> backgroundImage resource error
09-10 01:16:00.066  2458  2458 E A01c06/ICON: AppIconCalendarCache --> calendarForegroundBuilder is null
09-10 01:16:00.543  2458  2458 W A01c06/ICON: AppIconWeatherModel --> initWeatherListener, retryTimes: 4
09-10 01:16:00.567  2458  2458 E A01c06/ICON: AppIconWeatherModel --> get weather info failed, code: 15700010, message: The DataShareHelper is not initialized successfully.
09-10 01:16:01.569  2458  2458 W A01c06/ICON: AppIconWeatherModel --> initWeatherListener, retryTimes: 4
09-10 01:16:01.578  2458  2458 E A01c06/ICON: AppIconWeatherModel --> get weather info failed, code: 15700010, message: The DataShareHelper is not initialized successfully.
09-10 01:16:02.582  2458  2458 W A01c06/ICON: AppIconWeatherModel --> initWeatherListener, retryTimes: 4
09-10 01:16:02.593  2458  2458 E A01c06/ICON: AppIconWeatherModel --> get weather info failed, code: 15700010, message: The DataShareHelper is not initialized successfully.
09-10 01:16:03.820  2458  2458 W A01c06/ICON: AppIconWeatherModel --> initWeatherListener, retryTimes: 4
09-10 01:16:03.967  2458  2458 E A01c06/ICON: AppIconWeatherModel --> get weather info failed, code: 15700010, message: The DataShareHelper is not initialized successfully.
09-10 01:16:04.968  2458  2458 W A01c06/ICON: AppIconWeatherModel --> initWeatherListener, retryTimes: 4
09-10 01:16:05.376  2458  2458 E A01c06/ICON: AppIconWeatherModel --> get weather info failed, code: 15700010, message: The DataShareHelper is not initialized successfully.
09-10 01:16:06.387  2458  2458 W A01c06/ICON: AppIconWeatherModel --> initWeatherListener, retryTimes: 4
09-10 01:16:06.461  2458  2458 E A01c06/ICON: AppIconWeatherModel --> get weather info failed, code: 15700010, message: The DataShareHelper is not initialized successfully.
09-10 01:16:07.462  2458  2458 W A01c06/ICON: AppIconWeatherModel --> initWeatherListener, retryTimes: 4
09-10 01:16:07.480  2458  2458 E A01c06/ICON: AppIconWeatherModel --> get weather info failed, code: 15700010, message: The DataShareHelper is not initialized successfully.
09-10 01:16:08.484  2458  2458 W A01c06/ICON: AppIconWeatherModel --> initWeatherListener, retryTimes: 4
09-10 01:16:08.499  2458  2458 E A01c06/ICON: AppIconWeatherModel --> get weather info failed, code: 15700010, message: The DataShareHelper is not initialized successfully.
09-10 01:16:09.500  2458  2458 W A01c06/ICON: AppIconWeatherModel --> initWeatherListener, retryTimes: 4
09-10 01:16:09.513  2458  2458 E A01c06/ICON: AppIconWeatherModel --> get weather info failed, code: 15700010, message: The DataShareHelper is not initialized successfully.
09-10 01:16:10.528  2458  2458 W A01c06/ICON: AppIconWeatherModel --> initWeatherListener, retryTimes: 4
09-10 01:16:10.577  2458  2458 E A01c06/ICON: AppIconWeatherModel --> get weather info failed, code: 15700010, message: The DataShareHelper is not initialized successfully.
09-10 01:16:11.582  2458  2458 W A01c06/ICON: AppIconWeatherModel --> initWeatherListener, retryTimes: 4
09-10 01:16:11.595  2458  2458 E A01c06/ICON: AppIconWeatherModel --> get weather info failed, code: 15700010, message: The DataShareHelper is not initialized successfully.
09-10 01:16:12.599  2458  2458 W A01c06/ICON: AppIconWeatherModel --> initWeatherListener, retryTimes: 4
09-10 01:16:12.609  2458  2458 E A01c06/ICON: AppIconWeatherModel --> get weather info failed, code: 15700010, message: The DataShareHelper is not initialized successfully.
09-10 01:16:13.628  2458  2458 W A01c06/ICON: AppIconWeatherModel --> initWeatherListener, retryTimes: 4
09-10 01:16:13.685  2458  2458 E A01c06/ICON: AppIconWeatherModel --> get weather info failed, code: 15700010, message: The DataShareHelper is not initialized successfully.
09-10 01:16:14.688  2458  2458 W A01c06/ICON: AppIconWeatherModel --> initWeatherListener, retryTimes: 4
09-10 01:16:14.703  2458  2458 E A01c06/ICON: AppIconWeatherModel --> get weather info failed, code: 15700010, message: The DataShareHelper is not initialized successfully.
09-10 01:16:15.705  2458  2458 W A01c06/ICON: AppIconWeatherModel --> initWeatherListener, retryTimes: 4
09-10 01:16:15.711  2458  2458 E A01c06/ICON: AppIconWeatherModel --> get weather info failed, code: 15700010, message: The DataShareHelper is not initialized successfully.
09-10 01:16:16.722  2458  2458 W A01c06/ICON: AppIconWeatherModel --> initWeatherListener, retryTimes: 4
09-10 01:16:17.091  2458  2458 E A01c06/ICON: AppIconWeatherModel --> get weather info failed, code: 15700010, message: The DataShareHelper is not initialized successfully.
09-10 01:16:18.094  2458  2458 W A01c06/ICON: AppIconWeatherModel --> initWeatherListener, retryTimes: 4
09-10 01:16:18.102  2458  2458 E A01c06/ICON: AppIconWeatherModel --> get weather info failed, code: 15700010, message: The DataShareHelper is not initialized successfully.
09-10 01:16:19.109  2458  2458 W A01c06/ICON: AppIconWeatherModel --> initWeatherListener, retryTimes: 4
09-10 01:16:19.178  2458  2458 E A01c06/ICON: AppIconWeatherModel --> get weather info failed, code: 15700010, message: The DataShareHelper is not initialized successfully.
09-10 01:16:20.182  2458  2458 W A01c06/ICON: AppIconWeatherModel --> initWeatherListener, retryTimes: 4
09-10 01:16:20.208  2458  2458 E A01c06/ICON: AppIconWeatherModel --> get weather info failed, code: 15700010, message: The DataShareHelper is not initialized successfully.
09-10 01:16:21.211  2458  2458 W A01c06/ICON: AppIconWeatherModel --> initWeatherListener, retryTimes: 4
09-10 01:16:21.224  2458  2458 E A01c06/ICON: AppIconWeatherModel --> get weather info failed, code: 15700010, message: The DataShareHelper is not initialized successfully.
09-10 01:16:22.226  2458  2458 W A01c06/ICON: AppIconWeatherModel --> initWeatherListener, retryTimes: 4
09-10 01:16:22.234  2458  2458 E A01c06/ICON: AppIconWeatherModel --> get weather info failed, code: 15700010, message: The DataShareHelper is not initialized successfully.
09-10 01:16:23.239  2458  2458 W A01c06/ICON: AppIconWeatherModel --> initWeatherListener, retryTimes: 4
09-10 01:16:23.287  2458  2458 E A01c06/ICON: AppIconWeatherModel --> get weather info failed, code: 15700010, message: The DataShareHelper is not initialized successfully.
09-10 01:16:24.291  2458  2458 W A01c06/ICON: AppIconWeatherModel --> initWeatherListener, retryTimes: 4
09-10 01:16:24.297  2458  2458 E A01c06/ICON: AppIconWeatherModel --> get weather info failed, code: 15700010, message: The DataShareHelper is not initialized successfully.
09-10 01:16:25.298  2458  2458 W A01c06/ICON: AppIconWeatherModel --> initWeatherListener, retryTimes: 4
09-10 01:16:25.327  2458  2458 E A01c06/ICON: AppIconWeatherModel --> get weather info failed, code: 15700010, message: The DataShareHelper is not initialized successfully.
09-10 01:16:26.331  2458  2458 W A01c06/ICON: AppIconWeatherModel --> initWeatherListener, retryTimes: 4
09-10 01:16:26.356  2458  2458 E A01c06/ICON: AppIconWeatherModel --> get weather info failed, code: 15700010, message: The DataShareHelper is not initialized successfully.
09-10 01:16:27.369  2458  2458 W A01c06/ICON: AppIconWeatherModel --> initWeatherListener, retryTimes: 4
09-10 01:16:27.796  2458  2458 E A01c06/ICON: AppIconWeatherModel --> get weather info failed, code: 15700010, message: The DataShareHelper is not initialized successfully.
09-10 01:16:28.818  2458  2458 W A01c06/ICON: AppIconWeatherModel --> initWeatherListener, retryTimes: 4
09-10 01:16:28.840  2458  2458 E A01c06/ICON: AppIconWeatherModel --> get weather info failed, code: 15700010, message: The DataShareHelper is not initialized successfully.
09-10 01:16:29.842  2458  2458 W A01c06/ICON: AppIconWeatherModel --> initWeatherListener, retryTimes: 4
09-10 01:16:29.863  2458  2458 E A01c06/ICON: AppIconWeatherModel --> get weather info failed, code: 15700010, message: The DataShareHelper is not initialized successfully.
09-10 01:16:30.865  2458  2458 W A01c06/ICON: AppIconWeatherModel --> initWeatherListener, retryTimes: 4
09-10 01:16:30.871  2458  2458 E A01c06/ICON: AppIconWeatherModel --> get weather info failed, code: 15700010, message: The DataShareHelper is not initialized successfully.
09-10 01:16:32.278  2458  2458 W A01c06/ICON: AppIconWeatherModel --> initWeatherListener, retryTimes: 4
09-10 01:16:32.535  2458  2458 E A01c06/ICON: AppIconWeatherModel --> get weather info failed, code: 15700010, message: The DataShareHelper is not initialized successfully.
09-10 01:16:33.537  2458  2458 W A01c06/ICON: AppIconWeatherModel --> initWeatherListener, retryTimes: 4
09-10 01:16:33.562  2458  2458 E A01c06/ICON: AppIconWeatherModel --> get weather info failed, code: 15700010, message: The DataShareHelper is not initialized successfully.
09-10 01:16:34.961  2458  2458 W A01c06/ICON: AppIconWeatherModel --> initWeatherListener, retryTimes: 4
09-10 01:16:35.696  2458  2458 E A01c06/ICON: AppIconWeatherModel --> get weather info failed, code: 15700010, message: The DataShareHelper is not initialized successfully.
09-10 01:16:36.707  2458  2458 W A01c06/ICON: AppIconWeatherModel --> initWeatherListener, retryTimes: 4
09-10 01:16:37.037  2458  2458 E A01c06/ICON: AppIconWeatherModel --> get weather info failed, code: 15700010, message: The DataShareHelper is not initialized successfully.
09-10 01:16:38.075  2458  2458 W A01c06/ICON: AppIconWeatherModel --> initWeatherListener, retryTimes: 4
09-10 01:16:38.203  2458  2458 E A01c06/ICON: AppIconWeatherModel --> get weather info failed, code: 15700010, message: The DataShareHelper is not initialized successfully.
09-10 01:16:39.256  2458  2458 W A01c06/ICON: AppIconWeatherModel --> initWeatherListener, retryTimes: 4
09-10 01:16:39.303  2458  2458 E A01c06/ICON: AppIconWeatherModel --> get weather info failed, code: 15700010, message: The DataShareHelper is not initialized successfully.
09-10 01:16:40.878  2458  2458 W A01c06/ICON: AppIconWeatherModel --> initWeatherListener, retryTimes: 4
09-10 01:16:41.258  2458  2458 E A01c06/ICON: AppIconWeatherModel --> get weather info failed, code: 15700010, message: The DataShareHelper is not initialized successfully.
09-10 01:16:42.285  2458  2458 W A01c06/ICON: AppIconWeatherModel --> initWeatherListener, retryTimes: 4
09-10 01:16:42.320  2458  2458 E A01c06/ICON: AppIconWeatherModel --> get weather info failed, code: 15700010, message: The DataShareHelper is not initialized successfully.
09-10 01:16:43.324  2458  2458 W A01c06/ICON: AppIconWeatherModel --> initWeatherListener, retryTimes: 4
09-10 01:16:43.491  2458  2458 E A01c06/ICON: AppIconWeatherModel --> get weather info failed, code: 15700010, message: The DataShareHelper is not initialized successfully.
09-10 01:16:44.506  2458  2458 W A01c06/ICON: AppIconWeatherModel --> initWeatherListener, retryTimes: 4
09-10 01:16:44.580  2458  2458 E A01c06/ICON: AppIconWeatherModel --> get weather info failed, code: 15700010, message: The DataShareHelper is not initialized successfully.
09-10 01:16:45.648  2458  2458 W A01c06/ICON: AppIconWeatherModel --> initWeatherListener, retryTimes: 4
09-10 01:16:45.672  2458  2458 E A01c06/ICON: AppIconWeatherModel --> get weather info failed, code: 15700010, message: The DataShareHelper is not initialized successfully.
09-10 01:16:46.673  2458  2458 W A01c06/ICON: AppIconWeatherModel --> initWeatherListener, retryTimes: 4
09-10 01:16:46.687  2458  2458 E A01c06/ICON: AppIconWeatherModel --> get weather info failed, code: 15700010, message: The DataShareHelper is not initialized successfully.
09-10 01:16:47.689  2458  2458 W A01c06/ICON: AppIconWeatherModel --> initWeatherListener, retryTimes: 4
09-10 01:16:47.709  2458  2458 E A01c06/ICON: AppIconWeatherModel --> get weather info failed, code: 15700010, message: The DataShareHelper is not initialized successfully.
09-10 01:16:48.972  2458  2458 W A01c06/ICON: AppIconWeatherModel --> initWeatherListener, retryTimes: 4
09-10 01:16:49.228  2458  2458 E A01c06/ICON: AppIconWeatherModel --> get weather info failed, code: 15700010, message: The DataShareHelper is not initialized successfully.
09-10 01:16:50.243  2458  2458 W A01c06/ICON: AppIconWeatherModel --> initWeatherListener, retryTimes: 4
09-10 01:16:50.284  2458  2458 E A01c06/ICON: AppIconWeatherModel --> get weather info failed, code: 15700010, message: The DataShareHelper is not initialized successfully.
09-10 01:16:51.386  2458  2458 W A01c06/ICON: AppIconWeatherModel --> initWeatherListener, retryTimes: 4
09-10 01:16:51.555  2458  2458 E A01c06/ICON: AppIconWeatherModel --> get weather info failed, code: 15700010, message: The DataShareHelper is not initialized successfully.
09-10 01:16:52.561  2458  2458 W A01c06/ICON: AppIconWeatherModel --> initWeatherListener, retryTimes: 4
09-10 01:16:52.592  2458  2458 E A01c06/ICON: AppIconWeatherModel --> get weather info failed, code: 15700010, message: The DataShareHelper is not initialized successfully.
09-10 01:16:53.594  2458  2458 W A01c06/ICON: AppIconWeatherModel --> initWeatherListener, retryTimes: 4
09-10 01:16:53.624  2458  2458 E A01c06/ICON: AppIconWeatherModel --> get weather info failed, code: 15700010, message: The DataShareHelper is not initialized successfully.
09-10 01:16:54.625  2458  2458 W A01c06/ICON: AppIconWeatherModel --> initWeatherListener, retryTimes: 4
09-10 01:16:54.635  2458  2458 E A01c06/ICON: AppIconWeatherModel --> get weather info failed, code: 15700010, message: The DataShareHelper is not initialized successfully.
09-10 01:16:55.642  2458  2458 W A01c06/ICON: AppIconWeatherModel --> initWeatherListener, retryTimes: 4
09-10 01:16:55.677  2458  2458 E A01c06/ICON: AppIconWeatherModel --> get weather info failed, code: 15700010, message: The DataShareHelper is not initialized successfully.
09-10 01:16:56.683  2458  2458 W A01c06/ICON: AppIconWeatherModel --> initWeatherListener, retryTimes: 4
09-10 01:16:56.694  2458  2458 E A01c06/ICON: AppIconWeatherModel --> get weather info failed, code: 15700010, message: The DataShareHelper is not initialized successfully.
09-10 01:16:57.929  2458  2458 W A01c06/ICON: AppIconWeatherModel --> initWeatherListener, retryTimes: 4
09-10 01:16:58.218  2458  2458 E A01c06/ICON: AppIconWeatherModel --> get weather info failed, code: 15700010, message: The DataShareHelper is not initialized successfully.
09-10 01:16:59.244  2458  2458 W A01c06/ICON: AppIconWeatherModel --> initWeatherListener, retryTimes: 4
09-10 01:16:59.325  2458  2458 E A01c06/ICON: AppIconWeatherModel --> get weather info failed, code: 15700010, message: The DataShareHelper is not initialized successfully.
09-10 01:17:00.230  2458  2458 I A01a01/NC: StatusBarSysEventUtil: onTimeChangeEvent
09-10 01:17:00.236  2458  2458 W A01c06/ICON: AppIconCalendarCache --> receive date change event, nowData: 10, dateText: ,image is transparent: false, image is empty: true
09-10 01:17:00.237  2458  2458 W A01c06/ICON: AppIconCalendarCache --> com.huawei.hmos.calendar is not dynamic icon, bundleName is com.huawei.hmos.calendar
09-10 01:17:00.237  2458  2458 E A01c06/ICON: AppIconCalendarCache --> backgroundImage resource error
09-10 01:17:00.237  2458  2458 E A01c06/ICON: AppIconCalendarCache --> calendarForegroundBuilder is null
09-10 01:17:00.329  2458  2458 W A01c06/ICON: AppIconWeatherModel --> initWeatherListener, retryTimes: 4
09-10 01:17:00.606  2458  2458 E A01c06/ICON: AppIconWeatherModel --> get weather info failed, code: 15700010, message: The DataShareHelper is not initialized successfully.
09-10 01:17:01.716  2458  2458 W A01c06/ICON: AppIconWeatherModel --> initWeatherListener, retryTimes: 4
09-10 01:17:01.976  2458  2458 E A01c06/ICON: AppIconWeatherModel --> get weather info failed, code: 15700010, message: The DataShareHelper is not initialized successfully.
09-10 01:17:02.992  2458  2458 W A01c06/ICON: AppIconWeatherModel --> initWeatherListener, retryTimes: 4
09-10 01:17:03.093  2458  2458 E A01c06/ICON: AppIconWeatherModel --> get weather info failed, code: 15700010, message: The DataShareHelper is not initialized successfully.
09-10 01:17:04.145  2458  2458 W A01c06/ICON: AppIconWeatherModel --> initWeatherListener, retryTimes: 4
09-10 01:17:04.241  2458  2458 E A01c06/ICON: AppIconWeatherModel --> get weather info failed, code: 15700010, message: The DataShareHelper is not initialized successfully.
09-10 01:17:05.243  2458  2458 W A01c06/ICON: AppIconWeatherModel --> initWeatherListener, retryTimes: 4
09-10 01:17:05.259  2458  2458 E A01c06/ICON: AppIconWeatherModel --> get weather info failed, code: 15700010, message: The DataShareHelper is not initialized successfully.
09-10 01:17:06.268  2458  2458 W A01c06/ICON: AppIconWeatherModel --> initWeatherListener, retryTimes: 4
09-10 01:17:06.300  2458  2458 E A01c06/ICON: AppIconWeatherModel --> get weather info failed, code: 15700010, message: The DataShareHelper is not initialized successfully.
09-10 01:17:07.707  2458  2458 W A01c06/ICON: AppIconWeatherModel --> initWeatherListener, retryTimes: 4
09-10 01:17:07.859  2458  2458 E A01c06/ICON: AppIconWeatherModel --> get weather info failed, code: 15700010, message: The DataShareHelper is not initialized successfully.
09-10 01:17:08.871  2458  2458 W A01c06/ICON: AppIconWeatherModel --> initWeatherListener, retryTimes: 4
09-10 01:17:09.130  2458  2458 E A01c06/ICON: AppIconWeatherModel --> get weather info failed, code: 15700010, message: The DataShareHelper is not initialized successfully.
09-10 01:17:10.132  2458  2458 W A01c06/ICON: AppIconWeatherModel --> initWeatherListener, retryTimes: 4
09-10 01:17:10.149  2458  2458 E A01c06/ICON: AppIconWeatherModel --> get weather info failed, code: 15700010, message: The DataShareHelper is not initialized successfully.
09-10 01:17:11.153  2458  2458 W A01c06/ICON: AppIconWeatherModel --> initWeatherListener, retryTimes: 4
09-10 01:17:11.165  2458  2458 E A01c06/ICON: AppIconWeatherModel --> get weather info failed, code: 15700010, message: The DataShareHelper is not initialized successfully.
09-10 01:17:12.168  2458  2458 W A01c06/ICON: AppIconWeatherModel --> initWeatherListener, retryTimes: 4
09-10 01:17:12.187  2458  2458 E A01c06/ICON: AppIconWeatherModel --> get weather info failed, code: 15700010, message: The DataShareHelper is not initialized successfully.
09-10 01:17:13.206  2458  2458 W A01c06/ICON: AppIconWeatherModel --> initWeatherListener, retryTimes: 4
09-10 01:17:13.236  2458  2458 E A01c06/ICON: AppIconWeatherModel --> get weather info failed, code: 15700010, message: The DataShareHelper is not initialized successfully.
09-10 01:17:14.308  2458  2458 W A01c06/ICON: AppIconWeatherModel --> initWeatherListener, retryTimes: 4
09-10 01:17:14.563  2458  2458 E A01c06/ICON: AppIconWeatherModel --> get weather info failed, code: 15700010, message: The DataShareHelper is not initialized successfully.
09-10 01:17:15.573  2458  2458 W A01c06/ICON: AppIconWeatherModel --> initWeatherListener, retryTimes: 4
09-10 01:17:15.751  2458  2458 E A01c06/ICON: AppIconWeatherModel --> get weather info failed, code: 15700010, message: The DataShareHelper is not initialized successfully.
09-10 01:17:16.761  2458  2458 W A01c06/ICON: AppIconWeatherModel --> initWeatherListener, retryTimes: 4
09-10 01:17:16.908  2458  2458 E A01c06/ICON: AppIconWeatherModel --> get weather info failed, code: 15700010, message: The DataShareHelper is not initialized successfully.
09-10 01:17:17.913  2458  2458 W A01c06/ICON: AppIconWeatherModel --> initWeatherListener, retryTimes: 4
09-10 01:17:17.947  2458  2458 E A01c06/ICON: AppIconWeatherModel --> get weather info failed, code: 15700010, message: The DataShareHelper is not initialized successfully.
09-10 01:17:18.950  2458  2458 W A01c06/ICON: AppIconWeatherModel --> initWeatherListener, retryTimes: 4
09-10 01:17:18.970  2458  2458 E A01c06/ICON: AppIconWeatherModel --> get weather info failed, code: 15700010, message: The DataShareHelper is not initialized successfully.
09-10 01:17:19.975  2458  2458 W A01c06/ICON: AppIconWeatherModel --> initWeatherListener, retryTimes: 4
09-10 01:17:19.986  2458  2458 E A01c06/ICON: AppIconWeatherModel --> get weather info failed, code: 15700010, message: The DataShareHelper is not initialized successfully.
09-10 01:17:20.988  2458  2458 W A01c06/ICON: AppIconWeatherModel --> initWeatherListener, retryTimes: 4
09-10 01:17:21.007  2458  2458 E A01c06/ICON: AppIconWeatherModel --> get weather info failed, code: 15700010, message: The DataShareHelper is not initialized successfully.
09-10 01:17:22.009  2458  2458 W A01c06/ICON: AppIconWeatherModel --> initWeatherListener, retryTimes: 4
09-10 01:17:22.016  2458  2458 E A01c06/ICON: AppIconWeatherModel --> get weather info failed, code: 15700010, message: The DataShareHelper is not initialized successfully.
09-10 01:17:23.017  2458  2458 W A01c06/ICON: AppIconWeatherModel --> initWeatherListener, retryTimes: 4
09-10 01:17:23.021  2458  2458 E A01c06/ICON: AppIconWeatherModel --> get weather info failed, code: 15700010, message: The DataShareHelper is not initialized successfully.
09-10 01:17:24.034  2458  2458 W A01c06/ICON: AppIconWeatherModel --> initWeatherListener, retryTimes: 4
09-10 01:17:24.053  2458  2458 E A01c06/ICON: AppIconWeatherModel --> get weather info failed, code: 15700010, message: The DataShareHelper is not initialized successfully.
09-10 01:17:25.057  2458  2458 W A01c06/ICON: AppIconWeatherModel --> initWeatherListener, retryTimes: 4
09-10 01:17:25.068  2458  2458 E A01c06/ICON: AppIconWeatherModel --> get weather info failed, code: 15700010, message: The DataShareHelper is not initialized successfully.
09-10 01:17:26.069  2458  2458 W A01c06/ICON: AppIconWeatherModel --> initWeatherListener, retryTimes: 4
09-10 01:17:26.076  2458  2458 E A01c06/ICON: AppIconWeatherModel --> get weather info failed, code: 15700010, message: The DataShareHelper is not initialized successfully.
09-10 01:17:27.077  2458  2458 W A01c06/ICON: AppIconWeatherModel --> initWeatherListener, retryTimes: 4
09-10 01:17:27.087  2458  2458 E A01c06/ICON: AppIconWeatherModel --> get weather info failed, code: 15700010, message: The DataShareHelper is not initialized successfully.
09-10 01:17:28.090  2458  2458 W A01c06/ICON: AppIconWeatherModel --> initWeatherListener, retryTimes: 4
09-10 01:17:28.096  2458  2458 E A01c06/ICON: AppIconWeatherModel --> get weather info failed, code: 15700010, message: The DataShareHelper is not initialized successfully.
09-10 01:17:29.098  2458  2458 W A01c06/ICON: AppIconWeatherModel --> initWeatherListener, retryTimes: 4
09-10 01:17:29.107  2458  2458 E A01c06/ICON: AppIconWeatherModel --> get weather info failed, code: 15700010, message: The DataShareHelper is not initialized successfully.
09-10 01:17:30.108  2458  2458 W A01c06/ICON: AppIconWeatherModel --> initWeatherListener, retryTimes: 4
09-10 01:17:30.114  2458  2458 E A01c06/ICON: AppIconWeatherModel --> get weather info failed, code: 15700010, message: The DataShareHelper is not initialized successfully.
09-10 01:17:31.117  2458  2458 W A01c06/ICON: AppIconWeatherModel --> initWeatherListener, retryTimes: 4
09-10 01:17:31.126  2458  2458 E A01c06/ICON: AppIconWeatherModel --> get weather info failed, code: 15700010, message: The DataShareHelper is not initialized successfully.
09-10 01:17:32.221  2458  2458 W A01c06/ICON: AppIconWeatherModel --> initWeatherListener, retryTimes: 4
09-10 01:17:32.695  2458  2458 E A01c06/ICON: AppIconWeatherModel --> get weather info failed, code: 15700010, message: The DataShareHelper is not initialized successfully.
09-10 01:17:33.699  2458  2458 W A01c06/ICON: AppIconWeatherModel --> initWeatherListener, retryTimes: 4
09-10 01:17:33.712  2458  2458 E A01c06/ICON: AppIconWeatherModel --> get weather info failed, code: 15700010, message: The DataShareHelper is not initialized successfully.
09-10 01:17:34.713  2458  2458 W A01c06/ICON: AppIconWeatherModel --> initWeatherListener, retryTimes: 4
09-10 01:17:34.720  2458  2458 E A01c06/ICON: AppIconWeatherModel --> get weather info failed, code: 15700010, message: The DataShareHelper is not initialized successfully.
09-10 01:17:35.722  2458  2458 W A01c06/ICON: AppIconWeatherModel --> initWeatherListener, retryTimes: 4
09-10 01:17:35.724  2458  2458 E A01c06/ICON: AppIconWeatherModel --> get weather info failed, code: 15700010, message: The DataShareHelper is not initialized successfully.
09-10 01:17:36.725  2458  2458 W A01c06/ICON: AppIconWeatherModel --> initWeatherListener, retryTimes: 4
09-10 01:17:36.728  2458  2458 E A01c06/ICON: AppIconWeatherModel --> get weather info failed, code: 15700010, message: The DataShareHelper is not initialized successfully.
09-10 01:17:37.729  2458  2458 W A01c06/ICON: AppIconWeatherModel --> initWeatherListener, retryTimes: 4
09-10 01:17:37.733  2458  2458 E A01c06/ICON: AppIconWeatherModel --> get weather info failed, code: 15700010, message: The DataShareHelper is not initialized successfully.
09-10 01:17:38.734  2458  2458 W A01c06/ICON: AppIconWeatherModel --> initWeatherListener, retryTimes: 4
09-10 01:17:38.740  2458  2458 E A01c06/ICON: AppIconWeatherModel --> get weather info failed, code: 15700010, message: The DataShareHelper is not initialized successfully.
09-10 01:17:39.742  2458  2458 W A01c06/ICON: AppIconWeatherModel --> initWeatherListener, retryTimes: 4
09-10 01:17:39.744  2458  2458 E A01c06/ICON: AppIconWeatherModel --> get weather info failed, code: 15700010, message: The DataShareHelper is not initialized successfully.
09-10 01:17:40.744  2458  2458 W A01c06/ICON: AppIconWeatherModel --> initWeatherListener, retryTimes: 4
09-10 01:17:40.751  2458  2458 E A01c06/ICON: AppIconWeatherModel --> get weather info failed, code: 15700010, message: The DataShareHelper is not initialized successfully.
09-10 01:17:41.752  2458  2458 W A01c06/ICON: AppIconWeatherModel --> initWeatherListener, retryTimes: 4
09-10 01:17:41.759  2458  2458 E A01c06/ICON: AppIconWeatherModel --> get weather info failed, code: 15700010, message: The DataShareHelper is not initialized successfully.
09-10 01:17:42.760  2458  2458 W A01c06/ICON: AppIconWeatherModel --> initWeatherListener, retryTimes: 4
09-10 01:17:42.764  2458  2458 E A01c06/ICON: AppIconWeatherModel --> get weather info failed, code: 15700010, message: The DataShareHelper is not initialized successfully.
09-10 01:17:43.766  2458  2458 W A01c06/ICON: AppIconWeatherModel --> initWeatherListener, retryTimes: 4
09-10 01:17:43.770  2458  2458 E A01c06/ICON: AppIconWeatherModel --> get weather info failed, code: 15700010, message: The DataShareHelper is not initialized successfully.
09-10 01:17:44.771  2458  2458 W A01c06/ICON: AppIconWeatherModel --> initWeatherListener, retryTimes: 4
09-10 01:17:44.774  2458  2458 E A01c06/ICON: AppIconWeatherModel --> get weather info failed, code: 15700010, message: The DataShareHelper is not initialized successfully.
09-10 01:17:45.779  2458  2458 W A01c06/ICON: AppIconWeatherModel --> initWeatherListener, retryTimes: 4
09-10 01:17:45.785  2458  2458 E A01c06/ICON: AppIconWeatherModel --> get weather info failed, code: 15700010, message: The DataShareHelper is not initialized successfully.
09-10 01:17:46.786  2458  2458 W A01c06/ICON: AppIconWeatherModel --> initWeatherListener, retryTimes: 4
09-10 01:17:46.791  2458  2458 E A01c06/ICON: AppIconWeatherModel --> get weather info failed, code: 15700010, message: The DataShareHelper is not initialized successfully.
09-10 01:17:47.791  2458  2458 W A01c06/ICON: AppIconWeatherModel --> initWeatherListener, retryTimes: 4
09-10 01:17:47.795  2458  2458 E A01c06/ICON: AppIconWeatherModel --> get weather info failed, code: 15700010, message: The DataShareHelper is not initialized successfully.
09-10 01:17:48.798  2458  2458 W A01c06/ICON: AppIconWeatherModel --> initWeatherListener, retryTimes: 4
09-10 01:17:48.803  2458  2458 E A01c06/ICON: AppIconWeatherModel --> get weather info failed, code: 15700010, message: The DataShareHelper is not initialized successfully.
09-10 01:17:49.804  2458  2458 W A01c06/ICON: AppIconWeatherModel --> initWeatherListener, retryTimes: 4
09-10 01:17:49.808  2458  2458 E A01c06/ICON: AppIconWeatherModel --> get weather info failed, code: 15700010, message: The DataShareHelper is not initialized successfully.
09-10 01:17:50.810  2458  2458 W A01c06/ICON: AppIconWeatherModel --> initWeatherListener, retryTimes: 4
09-10 01:17:50.815  2458  2458 E A01c06/ICON: AppIconWeatherModel --> get weather info failed, code: 15700010, message: The DataShareHelper is not initialized successfully.
09-10 01:17:51.825  2458  2458 W A01c06/ICON: AppIconWeatherModel --> initWeatherListener, retryTimes: 4
09-10 01:17:51.831  2458  2458 E A01c06/ICON: AppIconWeatherModel --> get weather info failed, code: 15700010, message: The DataShareHelper is not initialized successfully.
09-10 01:17:52.833  2458  2458 W A01c06/ICON: AppIconWeatherModel --> initWeatherListener, retryTimes: 4
09-10 01:17:52.838  2458  2458 E A01c06/ICON: AppIconWeatherModel --> get weather info failed, code: 15700010, message: The DataShareHelper is not initialized successfully.
09-10 01:17:53.841  2458  2458 W A01c06/ICON: AppIconWeatherModel --> initWeatherListener, retryTimes: 4
09-10 01:17:53.845  2458  2458 E A01c06/ICON: AppIconWeatherModel --> get weather info failed, code: 15700010, message: The DataShareHelper is not initialized successfully.
09-10 01:17:54.846  2458  2458 W A01c06/ICON: AppIconWeatherModel --> initWeatherListener, retryTimes: 4
09-10 01:17:54.852  2458  2458 E A01c06/ICON: AppIconWeatherModel --> get weather info failed, code: 15700010, message: The DataShareHelper is not initialized successfully.
09-10 01:17:55.853  2458  2458 W A01c06/ICON: AppIconWeatherModel --> initWeatherListener, retryTimes: 4
09-10 01:17:55.857  2458  2458 E A01c06/ICON: AppIconWeatherModel --> get weather info failed, code: 15700010, message: The DataShareHelper is not initialized successfully.
09-10 01:17:56.862  2458  2458 W A01c06/ICON: AppIconWeatherModel --> initWeatherListener, retryTimes: 4
09-10 01:17:56.868  2458  2458 E A01c06/ICON: AppIconWeatherModel --> get weather info failed, code: 15700010, message: The DataShareHelper is not initialized successfully.
09-10 01:17:57.875  2458  2458 W A01c06/ICON: AppIconWeatherModel --> initWeatherListener, retryTimes: 4
09-10 01:17:57.880  2458  2458 E A01c06/ICON: AppIconWeatherModel --> get weather info failed, code: 15700010, message: The DataShareHelper is not initialized successfully.
09-10 01:17:58.885  2458  2458 W A01c06/ICON: AppIconWeatherModel --> initWeatherListener, retryTimes: 4
09-10 01:17:58.889  2458  2458 E A01c06/ICON: AppIconWeatherModel --> get weather info failed, code: 15700010, message: The DataShareHelper is not initialized successfully.
09-10 01:17:59.891  2458  2458 W A01c06/ICON: AppIconWeatherModel --> initWeatherListener, retryTimes: 4
09-10 01:17:59.895  2458  2458 E A01c06/ICON: AppIconWeatherModel --> get weather info failed, code: 15700010, message: The DataShareHelper is not initialized successfully.
09-10 01:18:00.005  2458  2458 I A01a01/NC: StatusBarSysEventUtil: onTimeChangeEvent
09-10 01:18:00.006  2458  2458 W A01c06/ICON: AppIconCalendarCache --> receive date change event, nowData: 10, dateText: ,image is transparent: false, image is empty: true
09-10 01:18:00.006  2458  2458 W A01c06/ICON: AppIconCalendarCache --> com.huawei.hmos.calendar is not dynamic icon, bundleName is com.huawei.hmos.calendar
09-10 01:18:00.006  2458  2458 E A01c06/ICON: AppIconCalendarCache --> backgroundImage resource error
09-10 01:18:00.006  2458  2458 E A01c06/ICON: AppIconCalendarCache --> calendarForegroundBuilder is null
09-10 01:18:00.898  2458  2458 W A01c06/ICON: AppIconWeatherModel --> initWeatherListener, retryTimes: 4
09-10 01:18:00.903  2458  2458 E A01c06/ICON: AppIconWeatherModel --> get weather info failed, code: 15700010, message: The DataShareHelper is not initialized successfully.
09-10 01:18:01.906  2458  2458 W A01c06/ICON: AppIconWeatherModel --> initWeatherListener, retryTimes: 4
09-10 01:18:01.912  2458  2458 E A01c06/ICON: AppIconWeatherModel --> get weather info failed, code: 15700010, message: The DataShareHelper is not initialized successfully.
09-10 01:18:02.915  2458  2458 W A01c06/ICON: AppIconWeatherModel --> initWeatherListener, retryTimes: 4
09-10 01:18:02.920  2458  2458 E A01c06/ICON: AppIconWeatherModel --> get weather info failed, code: 15700010, message: The DataShareHelper is not initialized successfully.
09-10 01:18:03.924  2458  2458 W A01c06/ICON: AppIconWeatherModel --> initWeatherListener, retryTimes: 4
09-10 01:18:03.931  2458  2458 E A01c06/ICON: AppIconWeatherModel --> get weather info failed, code: 15700010, message: The DataShareHelper is not initialized successfully.
09-10 01:18:04.933  2458  2458 W A01c06/ICON: AppIconWeatherModel --> initWeatherListener, retryTimes: 4
09-10 01:18:04.939  2458  2458 E A01c06/ICON: AppIconWeatherModel --> get weather info failed, code: 15700010, message: The DataShareHelper is not initialized successfully.
09-10 01:18:05.942  2458  2458 W A01c06/ICON: AppIconWeatherModel --> initWeatherListener, retryTimes: 4
09-10 01:18:05.945  2458  2458 E A01c06/ICON: AppIconWeatherModel --> get weather info failed, code: 15700010, message: The DataShareHelper is not initialized successfully.
09-10 01:18:06.948  2458  2458 W A01c06/ICON: AppIconWeatherModel --> initWeatherListener, retryTimes: 4
09-10 01:18:06.952  2458  2458 E A01c06/ICON: AppIconWeatherModel --> get weather info failed, code: 15700010, message: The DataShareHelper is not initialized successfully.
09-10 01:18:07.952  2458  2458 W A01c06/ICON: AppIconWeatherModel --> initWeatherListener, retryTimes: 4
09-10 01:18:07.956  2458  2458 E A01c06/ICON: AppIconWeatherModel --> get weather info failed, code: 15700010, message: The DataShareHelper is not initialized successfully.
09-10 01:18:08.958  2458  2458 W A01c06/ICON: AppIconWeatherModel --> initWeatherListener, retryTimes: 4
09-10 01:18:08.960  2458  2458 E A01c06/ICON: AppIconWeatherModel --> get weather info failed, code: 15700010, message: The DataShareHelper is not initialized successfully.
09-10 01:18:09.961  2458  2458 W A01c06/ICON: AppIconWeatherModel --> initWeatherListener, retryTimes: 4
09-10 01:18:09.963  2458  2458 E A01c06/ICON: AppIconWeatherModel --> get weather info failed, code: 15700010, message: The DataShareHelper is not initialized successfully.
09-10 01:18:10.965  2458  2458 W A01c06/ICON: AppIconWeatherModel --> initWeatherListener, retryTimes: 4
09-10 01:18:10.966  2458  2458 E A01c06/ICON: AppIconWeatherModel --> get weather info failed, code: 15700010, message: The DataShareHelper is not initialized successfully.
09-10 01:18:11.968  2458  2458 W A01c06/ICON: AppIconWeatherModel --> initWeatherListener, retryTimes: 4
09-10 01:18:11.974  2458  2458 E A01c06/ICON: AppIconWeatherModel --> get weather info failed, code: 15700010, message: The DataShareHelper is not initialized successfully.
09-10 01:18:12.976  2458  2458 W A01c06/ICON: AppIconWeatherModel --> initWeatherListener, retryTimes: 4
09-10 01:18:12.978  2458  2458 E A01c06/ICON: AppIconWeatherModel --> get weather info failed, code: 15700010, message: The DataShareHelper is not initialized successfully.
09-10 01:18:13.980  2458  2458 W A01c06/ICON: AppIconWeatherModel --> initWeatherListener, retryTimes: 4
09-10 01:18:13.987  2458  2458 E A01c06/ICON: AppIconWeatherModel --> get weather info failed, code: 15700010, message: The DataShareHelper is not initialized successfully.
09-10 01:18:14.989  2458  2458 W A01c06/ICON: AppIconWeatherModel --> initWeatherListener, retryTimes: 4
09-10 01:18:14.993  2458  2458 E A01c06/ICON: AppIconWeatherModel --> get weather info failed, code: 15700010, message: The DataShareHelper is not initialized successfully.
09-10 01:18:15.995  2458  2458 W A01c06/ICON: AppIconWeatherModel --> initWeatherListener, retryTimes: 4
09-10 01:18:15.997  2458  2458 E A01c06/ICON: AppIconWeatherModel --> get weather info failed, code: 15700010, message: The DataShareHelper is not initialized successfully.
09-10 01:18:16.998  2458  2458 W A01c06/ICON: AppIconWeatherModel --> initWeatherListener, retryTimes: 4
09-10 01:18:17.001  2458  2458 E A01c06/ICON: AppIconWeatherModel --> get weather info failed, code: 15700010, message: The DataShareHelper is not initialized successfully.
09-10 01:18:18.005  2458  2458 W A01c06/ICON: AppIconWeatherModel --> initWeatherListener, retryTimes: 4
09-10 01:18:18.007  2458  2458 E A01c06/ICON: AppIconWeatherModel --> get weather info failed, code: 15700010, message: The DataShareHelper is not initialized successfully.
09-10 01:18:19.009  2458  2458 W A01c06/ICON: AppIconWeatherModel --> initWeatherListener, retryTimes: 4
09-10 01:18:19.012  2458  2458 E A01c06/ICON: AppIconWeatherModel --> get weather info failed, code: 15700010, message: The DataShareHelper is not initialized successfully.
09-10 01:18:20.012  2458  2458 W A01c06/ICON: AppIconWeatherModel --> initWeatherListener, retryTimes: 4
09-10 01:18:20.014  2458  2458 E A01c06/ICON: AppIconWeatherModel --> get weather info failed, code: 15700010, message: The DataShareHelper is not initialized successfully.
09-10 01:18:21.015  2458  2458 W A01c06/ICON: AppIconWeatherModel --> initWeatherListener, retryTimes: 4
09-10 01:18:21.017  2458  2458 E A01c06/ICON: AppIconWeatherModel --> get weather info failed, code: 15700010, message: The DataShareHelper is not initialized successfully.
09-10 01:18:22.018  2458  2458 W A01c06/ICON: AppIconWeatherModel --> initWeatherListener, retryTimes: 4
09-10 01:18:22.021  2458  2458 E A01c06/ICON: AppIconWeatherModel --> get weather info failed, code: 15700010, message: The DataShareHelper is not initialized successfully.
09-10 01:18:23.022  2458  2458 W A01c06/ICON: AppIconWeatherModel --> initWeatherListener, retryTimes: 4
09-10 01:18:23.024  2458  2458 E A01c06/ICON: AppIconWeatherModel --> get weather info failed, code: 15700010, message: The DataShareHelper is not initialized successfully.
09-10 01:18:24.028  2458  2458 W A01c06/ICON: AppIconWeatherModel --> initWeatherListener, retryTimes: 4
09-10 01:18:24.033  2458  2458 E A01c06/ICON: AppIconWeatherModel --> get weather info failed, code: 15700010, message: The DataShareHelper is not initialized successfully.
09-10 01:18:25.035  2458  2458 W A01c06/ICON: AppIconWeatherModel --> initWeatherListener, retryTimes: 4
09-10 01:18:25.036  2458  2458 E A01c06/ICON: AppIconWeatherModel --> get weather info failed, code: 15700010, message: The DataShareHelper is not initialized successfully.
09-10 01:18:26.038  2458  2458 W A01c06/ICON: AppIconWeatherModel --> initWeatherListener, retryTimes: 4
09-10 01:18:26.040  2458  2458 E A01c06/ICON: AppIconWeatherModel --> get weather info failed, code: 15700010, message: The DataShareHelper is not initialized successfully.
09-10 01:18:27.042  2458  2458 W A01c06/ICON: AppIconWeatherModel --> initWeatherListener, retryTimes: 4
09-10 01:18:27.044  2458  2458 E A01c06/ICON: AppIconWeatherModel --> get weather info failed, code: 15700010, message: The DataShareHelper is not initialized successfully.
09-10 01:18:28.047  2458  2458 W A01c06/ICON: AppIconWeatherModel --> initWeatherListener, retryTimes: 4
09-10 01:18:28.049  2458  2458 E A01c06/ICON: AppIconWeatherModel --> get weather info failed, code: 15700010, message: The DataShareHelper is not initialized successfully.
09-10 01:18:29.052  2458  2458 W A01c06/ICON: AppIconWeatherModel --> initWeatherListener, retryTimes: 4
09-10 01:18:29.056  2458  2458 E A01c06/ICON: AppIconWeatherModel --> get weather info failed, code: 15700010, message: The DataShareHelper is not initialized successfully.
09-10 01:18:30.061  2458  2458 W A01c06/ICON: AppIconWeatherModel --> initWeatherListener, retryTimes: 4
09-10 01:18:30.063  2458  2458 E A01c06/ICON: AppIconWeatherModel --> get weather info failed, code: 15700010, message: The DataShareHelper is not initialized successfully.
09-10 01:18:31.064  2458  2458 W A01c06/ICON: AppIconWeatherModel --> initWeatherListener, retryTimes: 4
09-10 01:18:31.066  2458  2458 E A01c06/ICON: AppIconWeatherModel --> get weather info failed, code: 15700010, message: The DataShareHelper is not initialized successfully.
09-10 01:18:32.066  2458  2458 W A01c06/ICON: AppIconWeatherModel --> initWeatherListener, retryTimes: 4
09-10 01:18:32.068  2458  2458 E A01c06/ICON: AppIconWeatherModel --> get weather info failed, code: 15700010, message: The DataShareHelper is not initialized successfully.
09-10 01:18:33.069  2458  2458 W A01c06/ICON: AppIconWeatherModel --> initWeatherListener, retryTimes: 4
09-10 01:18:33.071  2458  2458 E A01c06/ICON: AppIconWeatherModel --> get weather info failed, code: 15700010, message: The DataShareHelper is not initialized successfully.
09-10 01:18:34.073  2458  2458 W A01c06/ICON: AppIconWeatherModel --> initWeatherListener, retryTimes: 4
09-10 01:18:34.076  2458  2458 E A01c06/ICON: AppIconWeatherModel --> get weather info failed, code: 15700010, message: The DataShareHelper is not initialized successfully.
09-10 01:18:35.078  2458  2458 W A01c06/ICON: AppIconWeatherModel --> initWeatherListener, retryTimes: 4
09-10 01:18:35.081  2458  2458 E A01c06/ICON: AppIconWeatherModel --> get weather info failed, code: 15700010, message: The DataShareHelper is not initialized successfully.
09-10 01:18:36.083  2458  2458 W A01c06/ICON: AppIconWeatherModel --> initWeatherListener, retryTimes: 4
09-10 01:18:36.085  2458  2458 E A01c06/ICON: AppIconWeatherModel --> get weather info failed, code: 15700010, message: The DataShareHelper is not initialized successfully.
09-10 01:18:37.091  2458  2458 W A01c06/ICON: AppIconWeatherModel --> initWeatherListener, retryTimes: 4
09-10 01:18:37.093  2458  2458 E A01c06/ICON: AppIconWeatherModel --> get weather info failed, code: 15700010, message: The DataShareHelper is not initialized successfully.
09-10 01:18:38.098  2458  2458 W A01c06/ICON: AppIconWeatherModel --> initWeatherListener, retryTimes: 4
09-10 01:18:38.100  2458  2458 E A01c06/ICON: AppIconWeatherModel --> get weather info failed, code: 15700010, message: The DataShareHelper is not initialized successfully.
09-10 01:18:39.101  2458  2458 W A01c06/ICON: AppIconWeatherModel --> initWeatherListener, retryTimes: 4
09-10 01:18:39.106  2458  2458 E A01c06/ICON: AppIconWeatherModel --> get weather info failed, code: 15700010, message: The DataShareHelper is not initialized successfully.
09-10 01:18:40.108  2458  2458 W A01c06/ICON: AppIconWeatherModel --> initWeatherListener, retryTimes: 4
09-10 01:18:40.110  2458  2458 E A01c06/ICON: AppIconWeatherModel --> get weather info failed, code: 15700010, message: The DataShareHelper is not initialized successfully.
09-10 01:18:41.112  2458  2458 W A01c06/ICON: AppIconWeatherModel --> initWeatherListener, retryTimes: 4
09-10 01:18:41.115  2458  2458 E A01c06/ICON: AppIconWeatherModel --> get weather info failed, code: 15700010, message: The DataShareHelper is not initialized successfully.
09-10 01:18:42.116  2458  2458 W A01c06/ICON: AppIconWeatherModel --> initWeatherListener, retryTimes: 4
09-10 01:18:42.118  2458  2458 E A01c06/ICON: AppIconWeatherModel --> get weather info failed, code: 15700010, message: The DataShareHelper is not initialized successfully.
09-10 01:18:43.121  2458  2458 W A01c06/ICON: AppIconWeatherModel --> initWeatherListener, retryTimes: 4
09-10 01:18:43.123  2458  2458 E A01c06/ICON: AppIconWeatherModel --> get weather info failed, code: 15700010, message: The DataShareHelper is not initialized successfully.
09-10 01:18:44.125  2458  2458 W A01c06/ICON: AppIconWeatherModel --> initWeatherListener, retryTimes: 4
09-10 01:18:44.129  2458  2458 E A01c06/ICON: AppIconWeatherModel --> get weather info failed, code: 15700010, message: The DataShareHelper is not initialized successfully.
09-10 01:18:45.131  2458  2458 W A01c06/ICON: AppIconWeatherModel --> initWeatherListener, retryTimes: 4
09-10 01:18:45.133  2458  2458 E A01c06/ICON: AppIconWeatherModel --> get weather info failed, code: 15700010, message: The DataShareHelper is not initialized successfully.
09-10 01:18:46.136  2458  2458 W A01c06/ICON: AppIconWeatherModel --> initWeatherListener, retryTimes: 4
09-10 01:18:46.138  2458  2458 E A01c06/ICON: AppIconWeatherModel --> get weather info failed, code: 15700010, message: The DataShareHelper is not initialized successfully.
09-10 01:18:47.140  2458  2458 W A01c06/ICON: AppIconWeatherModel --> initWeatherListener, retryTimes: 4
09-10 01:18:47.142  2458  2458 E A01c06/ICON: AppIconWeatherModel --> get weather info failed, code: 15700010, message: The DataShareHelper is not initialized successfully.
09-10 01:18:48.143  2458  2458 W A01c06/ICON: AppIconWeatherModel --> initWeatherListener, retryTimes: 4
09-10 01:18:48.145  2458  2458 E A01c06/ICON: AppIconWeatherModel --> get weather info failed, code: 15700010, message: The DataShareHelper is not initialized successfully.
09-10 01:18:49.147  2458  2458 W A01c06/ICON: AppIconWeatherModel --> initWeatherListener, retryTimes: 4
09-10 01:18:49.151  2458  2458 E A01c06/ICON: AppIconWeatherModel --> get weather info failed, code: 15700010, message: The DataShareHelper is not initialized successfully.
09-10 01:18:49.581   592   812 W C02943/ThermalHdi: Read node failed, title = cur_IPApower
09-10 01:18:49.581   592   812 W C02943/ThermalHdi: get node failed
09-10 01:18:49.581   592   812 W C02943/ThermalHdi: get node failed
09-10 01:18:49.581   592   812 W C02943/ThermalHdi: get node failed
09-10 01:18:49.586   474  6595 I C02d10/CpuCollector: CalculateProcessCpuStatInfos: startTime=1788974319578, endTime=1788974329586, startBootTime=264724757, endBootTime=264734765, period=10008, isNeedUpdate=1
09-10 01:18:49.810   125   125 I C01800/SAMGR: NF SA:65962,832_12010
09-10 01:18:49.915 24042 24042 W C02c02/PARAM: Selinux check name persist.init.debug.loglevel in u:object_r:startup_init_param:s0 [24042 2000 2000] failed
09-10 01:18:49.915 24042 24042 W C02c02/PARAM: Selinux check name persist.init.debug.loglevel in u:object_r:startup_init_param:s0 [24042 2000 2000] failed
09-10 01:18:49.915 24042 24042 W C02c02/PARAM: SystemReadParam failed!name is:persist.init.debug.loglevel,err:1002
09-10 01:18:49.918 24042 24042 W C02c02/PARAM: Selinux check name persist.init.debug.loglevel in u:object_r:startup_init_param:s0 [24042 2000 2000] failed
09-10 01:18:49.919 24042 24042 W C02c02/PARAM: Selinux check name persist.init.debug.loglevel in u:object_r:startup_init_param:s0 [24042 2000 2000] failed
09-10 01:18:49.919 24042 24042 W C02c02/PARAM: SystemReadParam failed!name is:persist.init.debug.loglevel,err:1002
09-10 01:18:50.011   125   125 I C01800/SAMGR: NF SA:65962,832_12011
09-10 01:18:50.153  2458  2458 W A01c06/ICON: AppIconWeatherModel --> initWeatherListener, retryTimes: 4
09-10 01:18:50.155   490  1518 E C01707/CONCUR: [Interface] task 1518 apply qos failed, errno = 4
09-10 01:18:50.155   490  1518 E C01611/QosManager: QosManager: Failed to set thread QoS to QOS_USER_INTERACTIVE, ret: -1
09-10 01:18:50.155   782  1040 W C01123/BMSCommon: bundle not exist -n com.huawei.hmsapp.totemweather -u 100 -i 0 -f 32
09-10 01:18:50.155   782  1040 W C01121/BMSQuery: GetBundleInfo failed -n com.huawei.hmsapp.totemweather -u 100
09-10 01:18:50.155   490  1518 E C01651/BundleMgrProxy: GetBundleInfoFromBMS: GetBundleInfo failed!bundleName is com.huawei.hmsapp.totemweather, userId is 100
09-10 01:18:50.156   490  1518 E C01651/DataProviderConfig: GetFromProxyData: Get bundleInfo failed! bundleName:com.huawei.hmsapp.totemweather, userId:100, visitedId:100, uri:******icIconInfo
09-10 01:18:50.156   490  1518 E C01651/DataShareServiceImpl: GetBMSAndMetaDataStatus: CalledInfo failed! token:0x2002a7c3,ret:1001,uri:******icIconInfo
09-10 01:18:50.156   490  1518 E C01651/DataShareServiceImpl: GetSilentProxyStatus: BMS or metaData not ready to complete, token:0x2002a7c3, uri:******icIconInfo
09-10 01:18:50.156  2458  2458 E A01c06/ICON: AppIconWeatherModel --> get weather info failed, code: 15700010, message: The DataShareHelper is not initialized successfully.
09-10 01:18:50.170 24045 24045 W C02c02/PARAM: Selinux check name persist.init.debug.loglevel in u:object_r:startup_init_param:s0 [24045 2000 2000] failed
09-10 01:18:50.170 24045 24045 W C02c02/PARAM: Selinux check name persist.init.debug.loglevel in u:object_r:startup_init_param:s0 [24045 2000 2000] failed
09-10 01:18:50.170 24045 24045 W C02c02/PARAM: SystemReadParam failed!name is:persist.init.debug.loglevel,err:1002
09-10 01:18:50.174 24048 24048 W C02c02/PARAM: Selinux check name persist.init.debug.loglevel in u:object_r:startup_init_param:s0 [24048 2000 2000] failed
09-10 01:18:50.174 24049 24049 W C02c02/PARAM: Selinux check name persist.init.debug.loglevel in u:object_r:startup_init_param:s0 [24049 2000 2000] failed
09-10 01:18:50.174 24049 24049 W C02c02/PARAM: Selinux check name persist.init.debug.loglevel in u:object_r:startup_init_param:s0 [24049 2000 2000] failed
09-10 01:18:50.174 24048 24048 W C02c02/PARAM: Selinux check name persist.init.debug.loglevel in u:object_r:startup_init_param:s0 [24048 2000 2000] failed
09-10 01:18:50.174 24049 24049 W C02c02/PARAM: SystemReadParam failed!name is:persist.init.debug.loglevel,err:1002
09-10 01:18:50.174 24048 24048 W C02c02/PARAM: SystemReadParam failed!name is:persist.init.debug.loglevel,err:1002
09-10 01:18:50.174 24047 24047 W C02c02/PARAM: Selinux check name persist.init.debug.loglevel in u:object_r:startup_init_param:s0 [24047 2000 2000] failed
09-10 01:18:50.174 24047 24047 W C02c02/PARAM: Selinux check name persist.init.debug.loglevel in u:object_r:startup_init_param:s0 [24047 2000 2000] failed
09-10 01:18:50.174 24047 24047 W C02c02/PARAM: SystemReadParam failed!name is:persist.init.debug.loglevel,err:1002
09-10 01:18:50.179 24050 24050 W C02c02/PARAM: Selinux check name persist.init.debug.loglevel in u:object_r:startup_init_param:s0 [24050 2000 2000] failed
09-10 01:18:50.179 24050 24050 W C02c02/PARAM: Selinux check name persist.init.debug.loglevel in u:object_r:startup_init_param:s0 [24050 2000 2000] failed
09-10 01:18:50.179 24050 24050 W C02c02/PARAM: SystemReadParam failed!name is:persist.init.debug.loglevel,err:1002
09-10 01:18:50.179 24051 24051 W C02c02/PARAM: Selinux check name persist.init.debug.loglevel in u:object_r:startup_init_param:s0 [24051 2000 2000] failed
09-10 01:18:50.180 24051 24051 W C02c02/PARAM: Selinux check name persist.init.debug.loglevel in u:object_r:startup_init_param:s0 [24051 2000 2000] failed
09-10 01:18:50.180 24051 24051 W C02c02/PARAM: SystemReadParam failed!name is:persist.init.debug.loglevel,err:1002
09-10 01:18:50.212   125   125 I C01800/SAMGR: NF SA:65962,832_12012
09-10 01:18:50.372 24053 24053 W C02c02/PARAM: Selinux check name persist.init.debug.loglevel in u:object_r:startup_init_param:s0 [24053 2000 2000] failed
09-10 01:18:50.372 24053 24053 W C02c02/PARAM: Selinux check name persist.init.debug.loglevel in u:object_r:startup_init_param:s0 [24053 2000 2000] failed
09-10 01:18:50.372 24053 24053 W C02c02/PARAM: SystemReadParam failed!name is:persist.init.debug.loglevel,err:1002
09-10 01:18:50.375 24055 24055 W C02c02/PARAM: Selinux check name persist.init.debug.loglevel in u:object_r:startup_init_param:s0 [24055 2000 2000] failed
09-10 01:18:50.375 24055 24055 W C02c02/PARAM: Selinux check name persist.init.debug.loglevel in u:object_r:startup_init_param:s0 [24055 2000 2000] failed
09-10 01:18:50.375 24055 24055 W C02c02/PARAM: SystemReadParam failed!name is:persist.init.debug.loglevel,err:1002
09-10 01:18:50.378 24056 24056 W C02c02/PARAM: Selinux check name persist.init.debug.loglevel in u:object_r:startup_init_param:s0 [24056 2000 2000] failed
09-10 01:18:50.378 24056 24056 W C02c02/PARAM: Selinux check name persist.init.debug.loglevel in u:object_r:startup_init_param:s0 [24056 2000 2000] failed
09-10 01:18:50.378 24056 24056 W C02c02/PARAM: SystemReadParam failed!name is:persist.init.debug.loglevel,err:1002
09-10 01:18:50.412   125   125 I C01800/SAMGR: NF SA:65962,832_12013
09-10 01:18:50.612   125   125 I C01800/SAMGR: NF SA:65962,832_12014
09-10 01:18:50.808  3290  3290 I C02500/Qemud: Guest heartbeat success.
09-10 01:18:50.812   125   125 I C01800/SAMGR: NF SA:65962,832_12015
09-10 01:18:50.898 24058 24058 W C02c02/PARAM: Selinux check name persist.init.debug.loglevel in u:object_r:startup_init_param:s0 [24058 2000 2000] failed
09-10 01:18:50.898 24058 24058 W C02c02/PARAM: Selinux check name persist.init.debug.loglevel in u:object_r:startup_init_param:s0 [24058 2000 2000] failed
09-10 01:18:50.898 24058 24058 W C02c02/PARAM: SystemReadParam failed!name is:persist.init.debug.loglevel,err:1002
09-10 01:18:50.902 24058 24058 W C02c02/PARAM: Selinux check name persist.init.debug.loglevel in u:object_r:startup_init_param:s0 [24058 2000 2000] failed
09-10 01:18:50.902 24058 24058 W C02c02/PARAM: Selinux check name persist.init.debug.loglevel in u:object_r:startup_init_param:s0 [24058 2000 2000] failed
09-10 01:18:50.902 24058 24058 W C02c02/PARAM: SystemReadParam failed!name is:persist.init.debug.loglevel,err:1002
09-10 01:18:51.013   125   125 I C01800/SAMGR: NF SA:65962,832_12016
09-10 01:18:51.013   832   925 E C01810/SA_CLIENT: GetSaWrap SA:65962 not start
09-10 01:18:51.013   832   925 I C01409/APS_MANAGER: request system service object is not ready yet!
09-10 01:18:51.055 24061 24061 W C02c02/PARAM: Selinux check name persist.init.debug.loglevel in u:object_r:startup_init_param:s0 [24061 2000 2000] failed
09-10 01:18:51.055 24061 24061 W C02c02/PARAM: Selinux check name persist.init.debug.loglevel in u:object_r:startup_init_param:s0 [24061 2000 2000] failed
09-10 01:18:51.055 24061 24061 W C02c02/PARAM: SystemReadParam failed!name is:persist.init.debug.loglevel,err:1002
09-10 01:18:51.059 24063 24063 I C02d20/DumperService: SetCmdArgs# hidumper cmd:hidumper -s 1201 -a -p Faultlogger -LogSuffixWithMs , calllingUid=2000, calllingPid=24063, ppid:24061.
09-10 01:18:51.059 24063 24064 W C057c1/IPCWorkThread: ThreadHandler: proto:0 policy:1 name:OS_IPC_0_24064 invoker:2864734848
09-10 01:18:51.059 24063 24065 W C057c1/IPCWorkThread: ThreadHandler: proto:0 policy:0 name:OS_IPC_1_24065 invoker:2892309760
09-10 01:18:51.060  3904  3905 I C02d20/DumperService: DelayUnloadTask# recieve new request, delay unload task begin, calllingPid=24063
09-10 01:18:51.060   474  2593 I C02d11/Faultlogger: DumpByCommands: DumpRequest: detail:0, list:0, file:, name:, time:-1
09-10 01:18:51.060  3904  3905 I C02d20/DumperService: GetData# SA name:1201 dump success, cmd:-p Faultlogger -LogSuffixWithMs , calllingPid=24063!
09-10 01:18:51.157  2458  2458 W A01c06/ICON: AppIconWeatherModel --> initWeatherListener, retryTimes: 4
09-10 01:18:51.159   490  1518 E C01707/CONCUR: [Interface] task 1518 apply qos failed, errno = 4
09-10 01:18:51.159   490  1518 E C01611/QosManager: QosManager: Failed to set thread QoS to QOS_USER_INTERACTIVE, ret: -1
09-10 01:18:51.159   782  1040 W C01123/BMSCommon: bundle not exist -n com.huawei.hmsapp.totemweather -u 100 -i 0 -f 32
09-10 01:18:51.159   782  1040 W C01121/BMSQuery: GetBundleInfo failed -n com.huawei.hmsapp.totemweather -u 100
09-10 01:18:51.159   490  1518 E C01651/BundleMgrProxy: GetBundleInfoFromBMS: GetBundleInfo failed!bundleName is com.huawei.hmsapp.totemweather, userId is 100
09-10 01:18:51.159   490  1518 E C01651/DataProviderConfig: GetFromProxyData: Get bundleInfo failed! bundleName:com.huawei.hmsapp.totemweather, userId:100, visitedId:100, uri:******icIconInfo
09-10 01:18:51.159   490  1518 E C01651/DataShareServiceImpl: GetBMSAndMetaDataStatus: CalledInfo failed! token:0x2002a7c3,ret:1001,uri:******icIconInfo
09-10 01:18:51.159   490  1518 E C01651/DataShareServiceImpl: GetSilentProxyStatus: BMS or metaData not ready to complete, token:0x2002a7c3, uri:******icIconInfo
09-10 01:18:51.159  2458  2458 E A01c06/ICON: AppIconWeatherModel --> get weather info failed, code: 15700010, message: The DataShareHelper is not initialized successfully.
09-10 01:18:51.169 24067 24067 W C02c02/PARAM: Selinux check name persist.init.debug.loglevel in u:object_r:startup_init_param:s0 [24067 2000 2000] failed
09-10 01:18:51.169 24067 24067 W C02c02/PARAM: Selinux check name persist.init.debug.loglevel in u:object_r:startup_init_param:s0 [24067 2000 2000] failed
09-10 01:18:51.169 24067 24067 W C02c02/PARAM: SystemReadParam failed!name is:persist.init.debug.loglevel,err:1002
09-10 01:18:51.172 24071 24071 W C02c02/PARAM: Selinux check name persist.init.debug.loglevel in u:object_r:startup_init_param:s0 [24071 2000 2000] failed
09-10 01:18:51.172 24071 24071 W C02c02/PARAM: Selinux check name persist.init.debug.loglevel in u:object_r:startup_init_param:s0 [24071 2000 2000] failed
09-10 01:18:51.172 24070 24070 W C02c02/PARAM: Selinux check name persist.init.debug.loglevel in u:object_r:startup_init_param:s0 [24070 2000 2000] failed
09-10 01:18:51.172 24071 24071 W C02c02/PARAM: SystemReadParam failed!name is:persist.init.debug.loglevel,err:1002
09-10 01:18:51.172 24069 24069 W C02c02/PARAM: Selinux check name persist.init.debug.loglevel in u:object_r:startup_init_param:s0 [24069 2000 2000] failed
09-10 01:18:51.172 24070 24070 W C02c02/PARAM: Selinux check name persist.init.debug.loglevel in u:object_r:startup_init_param:s0 [24070 2000 2000] failed
09-10 01:18:51.172 24069 24069 W C02c02/PARAM: Selinux check name persist.init.debug.loglevel in u:object_r:startup_init_param:s0 [24069 2000 2000] failed
09-10 01:18:51.172 24070 24070 W C02c02/PARAM: SystemReadParam failed!name is:persist.init.debug.loglevel,err:1002
09-10 01:18:51.172 24069 24069 W C02c02/PARAM: SystemReadParam failed!name is:persist.init.debug.loglevel,err:1002
09-10 01:18:51.177 24072 24072 W C02c02/PARAM: Selinux check name persist.init.debug.loglevel in u:object_r:startup_init_param:s0 [24072 2000 2000] failed
09-10 01:18:51.177 24072 24072 W C02c02/PARAM: Selinux check name persist.init.debug.loglevel in u:object_r:startup_init_param:s0 [24072 2000 2000] failed
09-10 01:18:51.177 24072 24072 W C02c02/PARAM: SystemReadParam failed!name is:persist.init.debug.loglevel,err:1002
09-10 01:18:51.177 24073 24073 W C02c02/PARAM: Selinux check name persist.init.debug.loglevel in u:object_r:startup_init_param:s0 [24073 2000 2000] failed
09-10 01:18:51.177 24073 24073 W C02c02/PARAM: Selinux check name persist.init.debug.loglevel in u:object_r:startup_init_param:s0 [24073 2000 2000] failed
09-10 01:18:51.177 24073 24073 W C02c02/PARAM: SystemReadParam failed!name is:persist.init.debug.loglevel,err:1002
09-10 01:18:51.372 24075 24075 W C02c02/PARAM: Selinux check name persist.init.debug.loglevel in u:object_r:startup_init_param:s0 [24075 2000 2000] failed
09-10 01:18:51.372 24075 24075 W C02c02/PARAM: Selinux check name persist.init.debug.loglevel in u:object_r:startup_init_param:s0 [24075 2000 2000] failed
09-10 01:18:51.372 24075 24075 W C02c02/PARAM: SystemReadParam failed!name is:persist.init.debug.loglevel,err:1002
09-10 01:18:51.376 24077 24077 W C02c02/PARAM: Selinux check name persist.init.debug.loglevel in u:object_r:startup_init_param:s0 [24077 2000 2000] failed
09-10 01:18:51.376 24077 24077 W C02c02/PARAM: Selinux check name persist.init.debug.loglevel in u:object_r:startup_init_param:s0 [24077 2000 2000] failed
09-10 01:18:51.376 24077 24077 W C02c02/PARAM: SystemReadParam failed!name is:persist.init.debug.loglevel,err:1002
09-10 01:18:51.380 24078 24078 W C02c02/PARAM: Selinux check name persist.init.debug.loglevel in u:object_r:startup_init_param:s0 [24078 2000 2000] failed
09-10 01:18:51.380 24078 24078 W C02c02/PARAM: Selinux check name persist.init.debug.loglevel in u:object_r:startup_init_param:s0 [24078 2000 2000] failed
09-10 01:18:51.380 24078 24078 W C02c02/PARAM: SystemReadParam failed!name is:persist.init.debug.loglevel,err:1002
09-10 01:18:51.897 24080 24080 W C02c02/PARAM: Selinux check name persist.init.debug.loglevel in u:object_r:startup_init_param:s0 [24080 2000 2000] failed
09-10 01:18:51.897 24080 24080 W C02c02/PARAM: Selinux check name persist.init.debug.loglevel in u:object_r:startup_init_param:s0 [24080 2000 2000] failed
09-10 01:18:51.897 24080 24080 W C02c02/PARAM: SystemReadParam failed!name is:persist.init.debug.loglevel,err:1002
09-10 01:18:51.900 24080 24080 W C02c02/PARAM: Selinux check name persist.init.debug.loglevel in u:object_r:startup_init_param:s0 [24080 2000 2000] failed
09-10 01:18:51.900 24080 24080 W C02c02/PARAM: Selinux check name persist.init.debug.loglevel in u:object_r:startup_init_param:s0 [24080 2000 2000] failed
09-10 01:18:51.900 24080 24080 W C02c02/PARAM: SystemReadParam failed!name is:persist.init.debug.loglevel,err:1002
09-10 01:18:52.165  2458  2458 W A01c06/ICON: AppIconWeatherModel --> initWeatherListener, retryTimes: 4
09-10 01:18:52.166   490  1518 E C01707/CONCUR: [Interface] task 1518 apply qos failed, errno = 4
09-10 01:18:52.166   490  1518 E C01611/QosManager: QosManager: Failed to set thread QoS to QOS_USER_INTERACTIVE, ret: -1
09-10 01:18:52.166   782  1040 W C01123/BMSCommon: bundle not exist -n com.huawei.hmsapp.totemweather -u 100 -i 0 -f 32
09-10 01:18:52.166   782  1040 W C01121/BMSQuery: GetBundleInfo failed -n com.huawei.hmsapp.totemweather -u 100
09-10 01:18:52.166   490  1518 E C01651/BundleMgrProxy: GetBundleInfoFromBMS: GetBundleInfo failed!bundleName is com.huawei.hmsapp.totemweather, userId is 100
09-10 01:18:52.166   490  1518 E C01651/DataProviderConfig: GetFromProxyData: Get bundleInfo failed! bundleName:com.huawei.hmsapp.totemweather, userId:100, visitedId:100, uri:******icIconInfo
09-10 01:18:52.166   490  1518 E C01651/DataShareServiceImpl: GetBMSAndMetaDataStatus: CalledInfo failed! token:0x2002a7c3,ret:1001,uri:******icIconInfo
09-10 01:18:52.166   490  1518 E C01651/DataShareServiceImpl: GetSilentProxyStatus: BMS or metaData not ready to complete, token:0x2002a7c3, uri:******icIconInfo
09-10 01:18:52.166  2458  2458 E A01c06/ICON: AppIconWeatherModel --> get weather info failed, code: 15700010, message: The DataShareHelper is not initialized successfully.
09-10 01:18:52.169 24083 24083 W C02c02/PARAM: Selinux check name persist.init.debug.loglevel in u:object_r:startup_init_param:s0 [24083 2000 2000] failed
09-10 01:18:52.169 24083 24083 W C02c02/PARAM: Selinux check name persist.init.debug.loglevel in u:object_r:startup_init_param:s0 [24083 2000 2000] failed
09-10 01:18:52.169 24083 24083 W C02c02/PARAM: SystemReadParam failed!name is:persist.init.debug.loglevel,err:1002
09-10 01:18:52.173 24086 24086 W C02c02/PARAM: Selinux check name persist.init.debug.loglevel in u:object_r:startup_init_param:s0 [24086 2000 2000] failed
09-10 01:18:52.173 24086 24086 W C02c02/PARAM: Selinux check name persist.init.debug.loglevel in u:object_r:startup_init_param:s0 [24086 2000 2000] failed
09-10 01:18:52.173 24086 24086 W C02c02/PARAM: SystemReadParam failed!name is:persist.init.debug.loglevel,err:1002
09-10 01:18:52.173 24087 24087 W C02c02/PARAM: Selinux check name persist.init.debug.loglevel in u:object_r:startup_init_param:s0 [24087 2000 2000] failed
09-10 01:18:52.173 24087 24087 W C02c02/PARAM: Selinux check name persist.init.debug.loglevel in u:object_r:startup_init_param:s0 [24087 2000 2000] failed
09-10 01:18:52.173 24085 24085 W C02c02/PARAM: Selinux check name persist.init.debug.loglevel in u:object_r:startup_init_param:s0 [24085 2000 2000] failed
09-10 01:18:52.173 24087 24087 W C02c02/PARAM: SystemReadParam failed!name is:persist.init.debug.loglevel,err:1002
09-10 01:18:52.173 24085 24085 W C02c02/PARAM: Selinux check name persist.init.debug.loglevel in u:object_r:startup_init_param:s0 [24085 2000 2000] failed
09-10 01:18:52.173 24085 24085 W C02c02/PARAM: SystemReadParam failed!name is:persist.init.debug.loglevel,err:1002
09-10 01:18:52.177 24088 24088 W C02c02/PARAM: Selinux check name persist.init.debug.loglevel in u:object_r:startup_init_param:s0 [24088 2000 2000] failed
09-10 01:18:52.177 24088 24088 W C02c02/PARAM: Selinux check name persist.init.debug.loglevel in u:object_r:startup_init_param:s0 [24088 2000 2000] failed
09-10 01:18:52.177 24088 24088 W C02c02/PARAM: SystemReadParam failed!name is:persist.init.debug.loglevel,err:1002
09-10 01:18:52.178 24089 24089 W C02c02/PARAM: Selinux check name persist.init.debug.loglevel in u:object_r:startup_init_param:s0 [24089 2000 2000] failed
09-10 01:18:52.178 24089 24089 W C02c02/PARAM: Selinux check name persist.init.debug.loglevel in u:object_r:startup_init_param:s0 [24089 2000 2000] failed
09-10 01:18:52.178 24089 24089 W C02c02/PARAM: SystemReadParam failed!name is:persist.init.debug.loglevel,err:1002
09-10 01:18:52.368 24091 24091 W C02c02/PARAM: Selinux check name persist.init.debug.loglevel in u:object_r:startup_init_param:s0 [24091 2000 2000] failed
09-10 01:18:52.368 24091 24091 W C02c02/PARAM: Selinux check name persist.init.debug.loglevel in u:object_r:startup_init_param:s0 [24091 2000 2000] failed
09-10 01:18:52.368 24091 24091 W C02c02/PARAM: SystemReadParam failed!name is:persist.init.debug.loglevel,err:1002
09-10 01:18:52.371 24093 24093 W C02c02/PARAM: Selinux check name persist.init.debug.loglevel in u:object_r:startup_init_param:s0 [24093 2000 2000] failed
09-10 01:18:52.371 24093 24093 W C02c02/PARAM: Selinux check name persist.init.debug.loglevel in u:object_r:startup_init_param:s0 [24093 2000 2000] failed
09-10 01:18:52.371 24093 24093 W C02c02/PARAM: SystemReadParam failed!name is:persist.init.debug.loglevel,err:1002
09-10 01:18:52.374 24094 24094 W C02c02/PARAM: Selinux check name persist.init.debug.loglevel in u:object_r:startup_init_param:s0 [24094 2000 2000] failed
09-10 01:18:52.374 24094 24094 W C02c02/PARAM: Selinux check name persist.init.debug.loglevel in u:object_r:startup_init_param:s0 [24094 2000 2000] failed
09-10 01:18:52.374 24094 24094 W C02c02/PARAM: SystemReadParam failed!name is:persist.init.debug.loglevel,err:1002
09-10 01:18:52.791  1292 23561 I C02300/FenceExtension: start connectAbility,userId:-1
09-10 01:18:52.791  1292 23561 I C02300/FenceExtension: ConnectAbility
09-10 01:18:52.792  1292 23561 I C01342/ServiceExt: [AMC590]name:com.huawei.hmos.location SAFeatureServiceExtensionAbility, userId:-1
09-10 01:18:52.792   782  1040 I C01342/ServiceExt: [a92ab994fcc15c4, 3406c78, 0] [ABMS5452]element: com.huawei.hmos.location/SAFeatureServiceExtensionAbility
09-10 01:18:52.792   782  1040 W C01123/BMSCommon: [a92ab994fcc15c4, 3406c78, 0] uid(1021) invalid
09-10 01:18:52.792   782  1040 I C01336/AMS: [a92ab994fcc15c4, 3406c78, 0] [start_ability_utils.cpp54]appIndex:-1
09-10 01:18:52.792   782  1040 I C01121/BMSQuery: [a92ab994fcc15c4, 3406c78, 0] ExplicitQueryAbility no match -n com.huawei.hmos.location -a SAFeatureServiceExtensionAbility -u 100 -i 0
09-10 01:18:52.792   782  1040 W C01121/BMSQuery: [a92ab994fcc15c4, 3406c78, 0] bundle_data_mgr.cpp:ExplicitQueryExtensionInfo:7082 extensionAbility not found or disabled
09-10 01:18:52.792   782  1040 I C01121/BMSQuery: [a92ab994fcc15c4, 3406c78, 0] ExplicitQueryExtension size:0 -n com.huawei.hmos.location -e SAFeatureServiceExtensionAbility -u 100 -i 0
09-10 01:18:52.792   782  1040 W C01121/BMSQuery: [a92ab994fcc15c4, 3406c78, 0] bundle_mgr_host_impl.cpp:QueryExtensionAbilityInfos:3360 no valid extension info can be inquired
09-10 01:18:52.792   782  1040 E C01336/AMS: [a92ab994fcc15c4, 3406c78, 0] [start_ability_utils.cpp290]extensionInfo empty
09-10 01:18:52.792   782  1040 E C01342/ServiceExt: [a92ab994fcc15c4, 3406c78, 0] [ABMS5755]generate request error
09-10 01:18:52.793  1292 23561 E C02300/FenceExtension: [(DoConnect:153)]CONNECT_ABILITY_FAILED,ret:2097152
09-10 01:18:52.793  1292 23561 I C02300/FenceExtension: start connectAbility,userId:-1
09-10 01:18:52.793  1292 23561 I C02300/FenceExtension: ConnectAbility
09-10 01:18:52.793  1292 23561 I C01342/ServiceExt: [AMC590]name:com.huawei.hmos.location SAFeatureServiceExtensionAbility, userId:-1
09-10 01:18:52.793   782  1040 I C01342/ServiceExt: [a92aba94fcc19ef, 36b003, 0] [ABMS5452]element: com.huawei.hmos.location/SAFeatureServiceExtensionAbility
09-10 01:18:52.793   782  1040 W C01123/BMSCommon: [a92aba94fcc19ef, 36b003, 0] uid(1021) invalid
09-10 01:18:52.793   782  1040 I C01336/AMS: [a92aba94fcc19ef, 36b003, 0] [start_ability_utils.cpp54]appIndex:-1
09-10 01:18:52.793   782  1040 I C01121/BMSQuery: [a92aba94fcc19ef, 36b003, 0] ExplicitQueryAbility no match -n com.huawei.hmos.location -a SAFeatureServiceExtensionAbility -u 100 -i 0
09-10 01:18:52.793   782  1040 W C01121/BMSQuery: [a92aba94fcc19ef, 36b003, 0] bundle_data_mgr.cpp:ExplicitQueryExtensionInfo:7082 extensionAbility not found or disabled
09-10 01:18:52.793   782  1040 I C01121/BMSQuery: [a92aba94fcc19ef, 36b003, 0] ExplicitQueryExtension size:0 -n com.huawei.hmos.location -e SAFeatureServiceExtensionAbility -u 100 -i 0
09-10 01:18:52.793   782  1040 W C01121/BMSQuery: [a92aba94fcc19ef, 36b003, 0] bundle_mgr_host_impl.cpp:QueryExtensionAbilityInfos:3360 no valid extension info can be inquired
09-10 01:18:52.793   782  1040 E C01336/AMS: [a92aba94fcc19ef, 36b003, 0] [start_ability_utils.cpp290]extensionInfo empty
09-10 01:18:52.793   782  1040 E C01342/ServiceExt: [a92aba94fcc19ef, 36b003, 0] [ABMS5755]generate request error
09-10 01:18:52.793  1292 23561 E C02300/FenceExtension: [(DoConnect:153)]CONNECT_ABILITY_FAILED,ret:2097152
09-10 01:18:52.793  1292 23561 W C02300/FenceExtension: connect failed,retry again
09-10 01:18:52.894 24097 24097 W C02c02/PARAM: Selinux check name persist.init.debug.loglevel in u:object_r:startup_init_param:s0 [24097 2000 2000] failed
09-10 01:18:52.894 24097 24097 W C02c02/PARAM: Selinux check name persist.init.debug.loglevel in u:object_r:startup_init_param:s0 [24097 2000 2000] failed
09-10 01:18:52.894 24097 24097 W C02c02/PARAM: SystemReadParam failed!name is:persist.init.debug.loglevel,err:1002
09-10 01:18:52.897 24097 24097 W C02c02/PARAM: Selinux check name persist.init.debug.loglevel in u:object_r:startup_init_param:s0 [24097 2000 2000] failed
09-10 01:18:52.897 24097 24097 W C02c02/PARAM: Selinux check name persist.init.debug.loglevel in u:object_r:startup_init_param:s0 [24097 2000 2000] failed
09-10 01:18:52.897 24097 24097 W C02c02/PARAM: SystemReadParam failed!name is:persist.init.debug.loglevel,err:1002
09-10 01:18:53.013   125   125 I C01800/SAMGR: NF SA:65962,832_12017
09-10 01:18:53.166 24100 24100 W C02c02/PARAM: Selinux check name persist.init.debug.loglevel in u:object_r:startup_init_param:s0 [24100 2000 2000] failed
09-10 01:18:53.166 24100 24100 W C02c02/PARAM: Selinux check name persist.init.debug.loglevel in u:object_r:startup_init_param:s0 [24100 2000 2000] failed
09-10 01:18:53.166 24100 24100 W C02c02/PARAM: SystemReadParam failed!name is:persist.init.debug.loglevel,err:1002
09-10 01:18:53.168  2458  2458 W A01c06/ICON: AppIconWeatherModel --> initWeatherListener, retryTimes: 4
09-10 01:18:53.169   490  1518 E C01707/CONCUR: [Interface] task 1518 apply qos failed, errno = 4
09-10 01:18:53.169   490  1518 E C01611/QosManager: QosManager: Failed to set thread QoS to QOS_USER_INTERACTIVE, ret: -1
09-10 01:18:53.170   782  1040 W C01123/BMSCommon: bundle not exist -n com.huawei.hmsapp.totemweather -u 100 -i 0 -f 32
09-10 01:18:53.170   782  1040 W C01121/BMSQuery: GetBundleInfo failed -n com.huawei.hmsapp.totemweather -u 100
09-10 01:18:53.170   490  1518 E C01651/BundleMgrProxy: GetBundleInfoFromBMS: GetBundleInfo failed!bundleName is com.huawei.hmsapp.totemweather, userId is 100
09-10 01:18:53.170   490  1518 E C01651/DataProviderConfig: GetFromProxyData: Get bundleInfo failed! bundleName:com.huawei.hmsapp.totemweather, userId:100, visitedId:100, uri:******icIconInfo
09-10 01:18:53.170   490  1518 E C01651/DataShareServiceImpl: GetBMSAndMetaDataStatus: CalledInfo failed! token:0x2002a7c3,ret:1001,uri:******icIconInfo
09-10 01:18:53.170   490  1518 E C01651/DataShareServiceImpl: GetSilentProxyStatus: BMS or metaData not ready to complete, token:0x2002a7c3, uri:******icIconInfo
09-10 01:18:53.170 24102 24102 W C02c02/PARAM: Selinux check name persist.init.debug.loglevel in u:object_r:startup_init_param:s0 [24102 2000 2000] failed
09-10 01:18:53.170  2458  2458 E A01c06/ICON: AppIconWeatherModel --> get weather info failed, code: 15700010, message: The DataShareHelper is not initialized successfully.
09-10 01:18:53.170 24102 24102 W C02c02/PARAM: Selinux check name persist.init.debug.loglevel in u:object_r:startup_init_param:s0 [24102 2000 2000] failed
09-10 01:18:53.170 24102 24102 W C02c02/PARAM: SystemReadParam failed!name is:persist.init.debug.loglevel,err:1002
09-10 01:18:53.170 24104 24104 W C02c02/PARAM: Selinux check name persist.init.debug.loglevel in u:object_r:startup_init_param:s0 [24104 2000 2000] failed
09-10 01:18:53.170 24104 24104 W C02c02/PARAM: Selinux check name persist.init.debug.loglevel in u:object_r:startup_init_param:s0 [24104 2000 2000] failed
09-10 01:18:53.170 24104 24104 W C02c02/PARAM: SystemReadParam failed!name is:persist.init.debug.loglevel,err:1002
09-10 01:18:53.171 24103 24103 W C02c02/PARAM: Selinux check name persist.init.debug.loglevel in u:object_r:startup_init_param:s0 [24103 2000 2000] failed
09-10 01:18:53.171 24103 24103 W C02c02/PARAM: Selinux check name persist.init.debug.loglevel in u:object_r:startup_init_param:s0 [24103 2000 2000] failed
09-10 01:18:53.171 24103 24103 W C02c02/PARAM: SystemReadParam failed!name is:persist.init.debug.loglevel,err:1002
09-10 01:18:53.175 24105 24105 W C02c02/PARAM: Selinux check name persist.init.debug.loglevel in u:object_r:startup_init_param:s0 [24105 2000 2000] failed
09-10 01:18:53.175 24105 24105 W C02c02/PARAM: Selinux check name persist.init.debug.loglevel in u:object_r:startup_init_param:s0 [24105 2000 2000] failed
09-10 01:18:53.175 24105 24105 W C02c02/PARAM: SystemReadParam failed!name is:persist.init.debug.loglevel,err:1002
09-10 01:18:53.175 24106 24106 W C02c02/PARAM: Selinux check name persist.init.debug.loglevel in u:object_r:startup_init_param:s0 [24106 2000 2000] failed
09-10 01:18:53.175 24106 24106 W C02c02/PARAM: Selinux check name persist.init.debug.loglevel in u:object_r:startup_init_param:s0 [24106 2000 2000] failed
09-10 01:18:53.175 24106 24106 W C02c02/PARAM: SystemReadParam failed!name is:persist.init.debug.loglevel,err:1002
09-10 01:18:53.214   125   125 I C01800/SAMGR: NF SA:65962,832_12018
09-10 01:18:53.339   474  1280 E C02d66/XPerf: [InquiryOhImpl::ExtractStringValue] Canonical FilePath: /sys/class/ithermal/lpm/lpm_freq failed.
09-10 01:18:53.339   474  1280 E C02d66/XPerf: [InquiryOhImpl::ExtractStringValue] Canonical FilePath: /sys/class/power_supply/Battery/status failed.
09-10 01:18:53.376 24109 24109 W C02c02/PARAM: Selinux check name persist.init.debug.loglevel in u:object_r:startup_init_param:s0 [24109 2000 2000] failed
09-10 01:18:53.376 24109 24109 W C02c02/PARAM: Selinux check name persist.init.debug.loglevel in u:object_r:startup_init_param:s0 [24109 2000 2000] failed
09-10 01:18:53.376 24109 24109 W C02c02/PARAM: SystemReadParam failed!name is:persist.init.debug.loglevel,err:1002
09-10 01:18:53.378 24111 24111 W C02c02/PARAM: Selinux check name persist.init.debug.loglevel in u:object_r:startup_init_param:s0 [24111 2000 2000] failed
09-10 01:18:53.378 24111 24111 W C02c02/PARAM: Selinux check name persist.init.debug.loglevel in u:object_r:startup_init_param:s0 [24111 2000 2000] failed
09-10 01:18:53.378 24111 24111 W C02c02/PARAM: SystemReadParam failed!name is:persist.init.debug.loglevel,err:1002
09-10 01:18:53.381 24112 24112 W C02c02/PARAM: Selinux check name persist.init.debug.loglevel in u:object_r:startup_init_param:s0 [24112 2000 2000] failed
09-10 01:18:53.381 24112 24112 W C02c02/PARAM: Selinux check name persist.init.debug.loglevel in u:object_r:startup_init_param:s0 [24112 2000 2000] failed
09-10 01:18:53.381 24112 24112 W C02c02/PARAM: SystemReadParam failed!name is:persist.init.debug.loglevel,err:1002
09-10 01:18:53.414   125   125 I C01800/SAMGR: NF SA:65962,832_12019
09-10 01:18:53.617   125   125 I C01800/SAMGR: NF SA:65962,832_12020
09-10 01:18:53.808  3290  3290 I C02500/Qemud: Guest heartbeat success.
09-10 01:18:53.819   125   125 I C01800/SAMGR: NF SA:65962,832_12021
09-10 01:18:53.904 24114 24114 W C02c02/PARAM: Selinux check name persist.init.debug.loglevel in u:object_r:startup_init_param:s0 [24114 2000 2000] failed
09-10 01:18:53.904 24114 24114 W C02c02/PARAM: Selinux check name persist.init.debug.loglevel in u:object_r:startup_init_param:s0 [24114 2000 2000] failed
09-10 01:18:53.904 24114 24114 W C02c02/PARAM: SystemReadParam failed!name is:persist.init.debug.loglevel,err:1002
09-10 01:18:53.907 24114 24114 W C02c02/PARAM: Selinux check name persist.init.debug.loglevel in u:object_r:startup_init_param:s0 [24114 2000 2000] failed
09-10 01:18:53.907 24114 24114 W C02c02/PARAM: Selinux check name persist.init.debug.loglevel in u:object_r:startup_init_param:s0 [24114 2000 2000] failed
09-10 01:18:53.907 24114 24114 W C02c02/PARAM: SystemReadParam failed!name is:persist.init.debug.loglevel,err:1002
09-10 01:18:54.019   125   125 I C01800/SAMGR: NF SA:65962,832_12022
09-10 01:18:54.172  2458  2458 W A01c06/ICON: AppIconWeatherModel --> initWeatherListener, retryTimes: 4
09-10 01:18:54.179   490  1518 E C01707/CONCUR: [Interface] task 1518 apply qos failed, errno = 4
09-10 01:18:54.179   490  1518 E C01611/QosManager: QosManager: Failed to set thread QoS to QOS_USER_INTERACTIVE, ret: -1
09-10 01:18:54.179   782  1040 W C01123/BMSCommon: bundle not exist -n com.huawei.hmsapp.totemweather -u 100 -i 0 -f 32
09-10 01:18:54.179   782  1040 W C01121/BMSQuery: GetBundleInfo failed -n com.huawei.hmsapp.totemweather -u 100
09-10 01:18:54.179   490  1518 E C01651/BundleMgrProxy: GetBundleInfoFromBMS: GetBundleInfo failed!bundleName is com.huawei.hmsapp.totemweather, userId is 100
09-10 01:18:54.179   490  1518 E C01651/DataProviderConfig: GetFromProxyData: Get bundleInfo failed! bundleName:com.huawei.hmsapp.totemweather, userId:100, visitedId:100, uri:******icIconInfo
09-10 01:18:54.179   490  1518 E C01651/DataShareServiceImpl: GetBMSAndMetaDataStatus: CalledInfo failed! token:0x2002a7c3,ret:1001,uri:******icIconInfo
09-10 01:18:54.179   490  1518 E C01651/DataShareServiceImpl: GetSilentProxyStatus: BMS or metaData not ready to complete, token:0x2002a7c3, uri:******icIconInfo
09-10 01:18:54.180  2458  2458 E A01c06/ICON: AppIconWeatherModel --> get weather info failed, code: 15700010, message: The DataShareHelper is not initialized successfully.
09-10 01:18:54.201 24117 24117 W C02c02/PARAM: Selinux check name persist.init.debug.loglevel in u:object_r:startup_init_param:s0 [24117 2000 2000] failed
09-10 01:18:54.201 24117 24117 W C02c02/PARAM: Selinux check name persist.init.debug.loglevel in u:object_r:startup_init_param:s0 [24117 2000 2000] failed
09-10 01:18:54.201 24117 24117 W C02c02/PARAM: SystemReadParam failed!name is:persist.init.debug.loglevel,err:1002
09-10 01:18:54.219 24121 24121 W C02c02/PARAM: Selinux check name persist.init.debug.loglevel in u:object_r:startup_init_param:s0 [24121 2000 2000] failed
09-10 01:18:54.219 24121 24121 W C02c02/PARAM: Selinux check name persist.init.debug.loglevel in u:object_r:startup_init_param:s0 [24121 2000 2000] failed
09-10 01:18:54.219 24121 24121 W C02c02/PARAM: SystemReadParam failed!name is:persist.init.debug.loglevel,err:1002
09-10 01:18:54.220   125   125 I C01800/SAMGR: NF SA:65962,832_12023
09-10 01:18:54.221   832   925 E C01810/SA_CLIENT: GetSaWrap SA:65962 not start
09-10 01:18:54.221   832   925 I C01409/APS_MANAGER: request system service object is not ready yet!
09-10 01:18:54.221 24119 24119 W C02c02/PARAM: Selinux check name persist.init.debug.loglevel in u:object_r:startup_init_param:s0 [24119 2000 2000] failed
09-10 01:18:54.221 24119 24119 W C02c02/PARAM: Selinux check name persist.init.debug.loglevel in u:object_r:startup_init_param:s0 [24119 2000 2000] failed
09-10 01:18:54.222 24119 24119 W C02c02/PARAM: SystemReadParam failed!name is:persist.init.debug.loglevel,err:1002
09-10 01:18:54.231 24120 24120 W C02c02/PARAM: Selinux check name persist.init.debug.loglevel in u:object_r:startup_init_param:s0 [24120 2000 2000] failed
09-10 01:18:54.231 24120 24120 W C02c02/PARAM: Selinux check name persist.init.debug.loglevel in u:object_r:startup_init_param:s0 [24120 2000 2000] failed
09-10 01:18:54.231 24120 24120 W C02c02/PARAM: SystemReadParam failed!name is:persist.init.debug.loglevel,err:1002
09-10 01:18:54.245 24123 24123 W C02c02/PARAM: Selinux check name persist.init.debug.loglevel in u:object_r:startup_init_param:s0 [24123 2000 2000] failed
09-10 01:18:54.245 24123 24123 W C02c02/PARAM: Selinux check name persist.init.debug.loglevel in u:object_r:startup_init_param:s0 [24123 2000 2000] failed
09-10 01:18:54.245 24123 24123 W C02c02/PARAM: SystemReadParam failed!name is:persist.init.debug.loglevel,err:1002
09-10 01:18:54.245 24122 24122 W C02c02/PARAM: Selinux check name persist.init.debug.loglevel in u:object_r:startup_init_param:s0 [24122 2000 2000] failed
09-10 01:18:54.245 24122 24122 W C02c02/PARAM: Selinux check name persist.init.debug.loglevel in u:object_r:startup_init_param:s0 [24122 2000 2000] failed
09-10 01:18:54.245 24122 24122 W C02c02/PARAM: SystemReadParam failed!name is:persist.init.debug.loglevel,err:1002
09-10 01:18:54.491 24125 24125 W C02c02/PARAM: Selinux check name persist.init.debug.loglevel in u:object_r:startup_init_param:s0 [24125 2000 2000] failed
09-10 01:18:54.491 24125 24125 W C02c02/PARAM: Selinux check name persist.init.debug.loglevel in u:object_r:startup_init_param:s0 [24125 2000 2000] failed
09-10 01:18:54.491 24125 24125 W C02c02/PARAM: SystemReadParam failed!name is:persist.init.debug.loglevel,err:1002
09-10 01:18:54.500 24127 24127 W C02c02/PARAM: Selinux check name persist.init.debug.loglevel in u:object_r:startup_init_param:s0 [24127 2000 2000] failed
09-10 01:18:54.500 24127 24127 W C02c02/PARAM: Selinux check name persist.init.debug.loglevel in u:object_r:startup_init_param:s0 [24127 2000 2000] failed
09-10 01:18:54.501 24127 24127 W C02c02/PARAM: SystemReadParam failed!name is:persist.init.debug.loglevel,err:1002
09-10 01:18:54.519 24128 24128 W C02c02/PARAM: Selinux check name persist.init.debug.loglevel in u:object_r:startup_init_param:s0 [24128 2000 2000] failed
09-10 01:18:54.519 24128 24128 W C02c02/PARAM: Selinux check name persist.init.debug.loglevel in u:object_r:startup_init_param:s0 [24128 2000 2000] failed
09-10 01:18:54.519 24128 24128 W C02c02/PARAM: SystemReadParam failed!name is:persist.init.debug.loglevel,err:1002
09-10 01:18:54.585   592   812 W C02943/ThermalHdi: Read node failed, title = brightness
09-10 01:18:54.586   592   812 W C02943/ThermalHdi: Read node failed, title = 
09-10 01:18:54.586   592   812 W C02943/ThermalHdi: Read node failed, title = 
09-10 01:18:54.586   592   812 W C02943/ThermalHdi: Read node failed, title = 
09-10 01:18:54.586   592   812 W C02943/ThermalHdi: Read node failed, title = 
09-10 01:18:54.586   592   812 W C02943/ThermalHdi: Read node failed, title = 
09-10 01:18:54.586   592   812 W C02943/ThermalHdi: Read node failed, title = 
09-10 01:18:54.586   592   812 W C02943/ThermalHdi: Read node failed, title = 
09-10 01:18:54.586   592   812 W C02943/ThermalHdi: Read node failed, title = 
09-10 01:18:54.586   592   812 W C02943/ThermalHdi: Read node failed, title = 
09-10 01:18:54.586   592   812 W C02943/ThermalHdi: Read node failed, title = 
09-10 01:18:54.586   592   812 W C02943/ThermalHdi: Read node failed, title = 
09-10 01:18:54.586   592   812 W C02943/ThermalHdi: Read node failed, title = 
09-10 01:18:54.586   592   812 W C02943/ThermalHdi: Read node failed, title = 
09-10 01:18:54.586   592   812 W C02943/ThermalHdi: Read node failed, title = 
09-10 01:18:54.586   592   812 W C02943/ThermalHdi: Read node failed, title = 
09-10 01:18:54.586   592   812 W C02943/ThermalHdi: Read node failed, title = 
09-10 01:18:54.586   592   812 W C02943/ThermalHdi: Read node failed, title = 
09-10 01:18:54.586   592   812 W C02943/ThermalHdi: Read node failed, title = 
09-10 01:18:54.586   592   812 W C02943/ThermalHdi: Read node failed, title = 
09-10 01:18:54.586   592   812 W C02943/ThermalHdi: Read node failed, title = 
09-10 01:18:54.586   592   812 W C02943/ThermalHdi: Read node failed, title = 
09-10 01:18:54.586   592   812 W C02943/ThermalHdi: Read node failed, title = 
09-10 01:18:54.587   592   812 W C02943/ThermalHdi: Read node failed, title = 
09-10 01:18:54.587   592   812 W C02943/ThermalHdi: Read node failed, title = 
09-10 01:18:54.587   592   812 W C02943/ThermalHdi: Read node failed, title = ambient
09-10 01:18:54.588   592   812 W C02943/ThermalHdi: Read node failed, title = ibat
09-10 01:18:54.588   592   812 W C02943/ThermalHdi: Read node failed, title = vbat
09-10 01:18:54.591   592   812 W C02943/ThermalHdi: Read node failed, title = cpu0_min_freq
09-10 01:18:54.591   592   812 W C02943/ThermalHdi: Read node failed, title = cpu0_cur_freq
09-10 01:18:54.591   592   812 W C02943/ThermalHdi: Read node failed, title = cpu0_max_freq
09-10 01:18:54.591   592   812 W C02943/ThermalHdi: Read node failed, title = cpu4_min_freq
09-10 01:18:54.591   592   812 W C02943/ThermalHdi: Read node failed, title = cpu4_cur_freq
09-10 01:18:54.591   592   812 W C02943/ThermalHdi: Read node failed, title = cpu4_max_freq
09-10 01:18:54.592   592   812 W C02943/ThermalHdi: Read node failed, title = cpu7_min_freq
09-10 01:18:54.592   592   812 W C02943/ThermalHdi: Read node failed, title = cpu7_cur_freq
09-10 01:18:54.592   592   812 W C02943/ThermalHdi: Read node failed, title = cpu7_max_freq
09-10 01:18:54.592   592   812 W C02943/ThermalHdi: Read node failed, title = gpu_min_freq
09-10 01:18:54.592   592   812 W C02943/ThermalHdi: Read node failed, title = gpu_cur_freq
09-10 01:18:54.592   592   812 W C02943/ThermalHdi: Read node failed, title = gpu_max_freq
09-10 01:18:54.592   592   812 W C02943/ThermalHdi: Read node failed, title = ddr_cur_freq
09-10 01:18:54.592   592   812 W C02943/ThermalHdi: Read node failed, title = set_IPApower
09-10 01:18:54.592   592   812 W C02943/ThermalHdi: Read node failed, title = cur_IPApower
09-10 01:18:54.593   592   812 W C02943/ThermalHdi: get node failed
09-10 01:18:54.593   592   812 W C02943/ThermalHdi: get node failed
09-10 01:18:54.593   592   812 W C02943/ThermalHdi: get node failed
09-10 01:18:55.200  2458  2458 W A01c06/ICON: AppIconWeatherModel --> initWeatherListener, retryTimes: 4
09-10 01:18:55.221   490  1518 E C01707/CONCUR: [Interface] task 1518 apply qos failed, errno = 4
09-10 01:18:55.221   490  1518 E C01611/QosManager: QosManager: Failed to set thread QoS to QOS_USER_INTERACTIVE, ret: -1
09-10 01:18:55.225   782  1040 W C01123/BMSCommon: bundle not exist -n com.huawei.hmsapp.totemweather -u 100 -i 0 -f 32
09-10 01:18:55.225   782  1040 W C01121/BMSQuery: GetBundleInfo failed -n com.huawei.hmsapp.totemweather -u 100
09-10 01:18:55.226   490  1518 E C01651/BundleMgrProxy: GetBundleInfoFromBMS: GetBundleInfo failed!bundleName is com.huawei.hmsapp.totemweather, userId is 100
09-10 01:18:55.226   490  1518 E C01651/DataProviderConfig: GetFromProxyData: Get bundleInfo failed! bundleName:com.huawei.hmsapp.totemweather, userId:100, visitedId:100, uri:******icIconInfo
09-10 01:18:55.226   490  1518 E C01651/DataShareServiceImpl: GetBMSAndMetaDataStatus: CalledInfo failed! token:0x2002a7c3,ret:1001,uri:******icIconInfo
09-10 01:18:55.226   490  1518 E C01651/DataShareServiceImpl: GetSilentProxyStatus: BMS or metaData not ready to complete, token:0x2002a7c3, uri:******icIconInfo
09-10 01:18:55.227  2458  2458 E A01c06/ICON: AppIconWeatherModel --> get weather info failed, code: 15700010, message: The DataShareHelper is not initialized successfully.
09-10 01:18:55.357 24130 24130 W C02c02/PARAM: Selinux check name persist.init.debug.loglevel in u:object_r:startup_init_param:s0 [24130 2000 2000] failed
09-10 01:18:55.358 24130 24130 W C02c02/PARAM: Selinux check name persist.init.debug.loglevel in u:object_r:startup_init_param:s0 [24130 2000 2000] failed
09-10 01:18:55.358 24130 24130 W C02c02/PARAM: SystemReadParam failed!name is:persist.init.debug.loglevel,err:1002
09-10 01:18:55.364  1266 24132 I C01562/ScanStateMachine: CommonScan::ExecuteStateMsg.
09-10 01:18:55.365  1266 24132 I C01562/ScanStateMachine: HardwareReady::ExecuteStateMsg.
09-10 01:18:55.365  1266 24132 I C01562/ScanStateMachine: Enter ReportScanInnerEvent, event is 200.
09-10 01:18:55.366  1266 24132 I C01562/ScanService: Enter HandleScanStatusReport, status:6
09-10 01:18:55.366  1266 24132 I C01562/ScanService: Enter HandleInnerEventReport.
09-10 01:18:55.366  1266 24132 I C01562/ScanService: Enter StartSystemTimerScan, scanAtOnce: 1.
09-10 01:18:55.367  1266 24132 I C01562/ScanService: Enter AllowSystemTimerScan.
09-10 01:18:55.368  1266 24132 I C01562/ScanService: Enter AllowScanDuringStaScene, staScene:3, scanMode:6
09-10 01:18:55.369  1266 24132 I C01562/ScanService: Enter SystemScanByInterval.
09-10 01:18:55.369  1266 24132 I C01562/ScanService: Enter SystemScanDisconnectedPolicy
09-10 01:18:55.369  1266 24132 I C01562/ScanService: allow system timer scan
09-10 01:18:55.369  1266 24132 I C01562/ScanService: AllowScanByType, scanType:3, scanStyle:0, allScanResult:0
09-10 01:18:55.369  1266 24132 I C01562/ScanService: Enter Scan, scanType:3, scanStyle:0.
09-10 01:18:55.370  1266 24132 I C01562/ScanService: Enter GetHiddenNetworkSsidList.
09-10 01:18:55.370  1266 24132 I C01562/ScanService: Find 0 hidden NetworkSsid.
09-10 01:18:55.371  1266 24132 I C01562/ScanService: Enter SingleScan.
09-10 01:18:55.371  1266 24132 I C01562/ScanService: Enter GetAllowBandFreqsControlInfo.
09-10 01:18:55.371  1266 24132 I C01562/ScanService: Enter AllowScanDuringStaScene, staScene:3, scanMode:8
09-10 01:18:55.371  1266 24132 I C01562/ScanService: Enter AllowScanDuringStaScene, staScene:3, scanMode:9
09-10 01:18:55.371  1266 24132 I C01562/ScanService: Enter StoreRequestScanConfig.
09-10 01:18:55.372  1266 24132 I C01562/ScanService: StoreRequestScanConfig, add success, scanConfigStoreIndex: 4417
09-10 01:18:55.372  1266 24132 I C01562/ScanService: Enter AddScanMessageBody.
09-10 01:18:55.373  1266 24132 I C01562/ScanService: StartSystemTimerScan, scanTime: 60,  interval:60,  count:4417
09-10 01:18:55.373  1266 24132 I C01562/ScanStateMachine: CommonScanRequestProcess.
09-10 01:18:55.373  1266 24132 I C01562/ScanStateMachine: Enter GetRequestMsgInfo.
09-10 01:18:55.373  1266 24132 I C01562/ScanStateMachine: Enter GetCommonScanConfig.
09-10 01:18:55.373  1266 24132 I C01562/ScanStateMachine: Enter StartNewCommonScan.
09-10 01:18:55.373  1266 24132 E C01562/ScanStateMachine: invalid scan style.
09-10 01:18:55.373  1266 24132 I C01562/ScanStateMachine: Enter StartSingleCommonScan.
09-10 01:18:55.377 24130 24130 W C02c02/PARAM: Selinux check name persist.init.debug.loglevel in u:object_r:startup_init_param:s0 [24130 2000 2000] failed
09-10 01:18:55.377 24130 24130 W C02c02/PARAM: Selinux check name persist.init.debug.loglevel in u:object_r:startup_init_param:s0 [24130 2000 2000] failed
09-10 01:18:55.377 24130 24130 W C02c02/PARAM: SystemReadParam failed!name is:persist.init.debug.loglevel,err:1002
09-10 01:18:55.378  1266 24132 I C01562/ScanStateMachine: Begin call Scan.
09-10 01:18:55.385  1266 24132 I C01560/WifiStaHalInterface: call WifiStaHalInterface::0!
09-10 01:18:55.390   590   599 I C01566/HDF_LOG_TAG: start scan
09-10 01:18:55.392  1266 24132 I C01560/HalDeviceManager: Scan success
09-10 01:18:55.392  1266 24132 I C01562/ScanStateMachine: End call Scan.
09-10 01:18:55.393  1266 24132 E C01560/OHWIFI_STATE_MACHINE: SwitchState, Switch to targetState: CommonScanning.
09-10 01:18:55.393  1266 24132 I C01562/ScanStateMachine: StartNewCommonScan success.
09-10 01:18:55.393  1266 24132 I C01562/ScanStateMachine: Enter CommonScanUnworked::GoOutState.
09-10 01:18:55.393  1266 24132 I C01562/ScanStateMachine: Enter CommonScanning::GoInState.
09-10 01:18:55.393  1389  1403 I C05200/wpa_supplicant: nl80211: Drv Event 33 (NL80211_CMD_TRIGGER_SCAN) received for wlan0
09-10 01:18:55.393  1389  1403 I C05200/wpa_supplicant: wlan0: Event SCAN_STARTED (47) received
09-10 01:18:55.395   782 24134 I C01202/Unordered: Pid 1266 publish usual.event.wifi.SCAN_START to -1 end(1,1,0,0)
09-10 01:18:55.398   316 22433 I C01f0b/Common: WifiScan start type=0
09-10 01:18:55.515  1796  1796 E C02c11/APPSPAWN: [appspawn_kickdog.c:29]open /sys/kernel/hungtask/userlist fail,errno:2
09-10 01:18:55.528 24137 24137 W C02c02/PARAM: Selinux check name persist.init.debug.loglevel in u:object_r:startup_init_param:s0 [24137 2000 2000] failed
09-10 01:18:55.528 24137 24137 W C02c02/PARAM: Selinux check name persist.init.debug.loglevel in u:object_r:startup_init_param:s0 [24137 2000 2000] failed
09-10 01:18:55.528 24137 24137 W C02c02/PARAM: SystemReadParam failed!name is:persist.init.debug.loglevel,err:1002
09-10 01:18:55.539 24139 24139 W C02c02/PARAM: Selinux check name persist.init.debug.loglevel in u:object_r:startup_init_param:s0 [24139 2000 2000] failed
09-10 01:18:55.539 24139 24139 W C02c02/PARAM: Selinux check name persist.init.debug.loglevel in u:object_r:startup_init_param:s0 [24139 2000 2000] failed
09-10 01:18:55.539 24139 24139 W C02c02/PARAM: SystemReadParam failed!name is:persist.init.debug.loglevel,err:1002
09-10 01:18:55.541 24141 24141 W C02c02/PARAM: Selinux check name persist.init.debug.loglevel in u:object_r:startup_init_param:s0 [24141 2000 2000] failed
09-10 01:18:55.541 24141 24141 W C02c02/PARAM: Selinux check name persist.init.debug.loglevel in u:object_r:startup_init_param:s0 [24141 2000 2000] failed
09-10 01:18:55.541 24141 24141 W C02c02/PARAM: SystemReadParam failed!name is:persist.init.debug.loglevel,err:1002
09-10 01:18:55.542 24140 24140 W C02c02/PARAM: Selinux check name persist.init.debug.loglevel in u:object_r:startup_init_param:s0 [24140 2000 2000] failed
09-10 01:18:55.543 24140 24140 W C02c02/PARAM: Selinux check name persist.init.debug.loglevel in u:object_r:startup_init_param:s0 [24140 2000 2000] failed
09-10 01:18:55.543 24140 24140 W C02c02/PARAM: SystemReadParam failed!name is:persist.init.debug.loglevel,err:1002
09-10 01:18:55.554 24142 24142 W C02c02/PARAM: Selinux check name persist.init.debug.loglevel in u:object_r:startup_init_param:s0 [24142 2000 2000] failed
09-10 01:18:55.554 24142 24142 W C02c02/PARAM: Selinux check name persist.init.debug.loglevel in u:object_r:startup_init_param:s0 [24142 2000 2000] failed
09-10 01:18:55.554 24142 24142 W C02c02/PARAM: SystemReadParam failed!name is:persist.init.debug.loglevel,err:1002
09-10 01:18:55.555 24143 24143 W C02c02/PARAM: Selinux check name persist.init.debug.loglevel in u:object_r:startup_init_param:s0 [24143 2000 2000] failed
09-10 01:18:55.555 24143 24143 W C02c02/PARAM: Selinux check name persist.init.debug.loglevel in u:object_r:startup_init_param:s0 [24143 2000 2000] failed
09-10 01:18:55.555 24143 24143 W C02c02/PARAM: SystemReadParam failed!name is:persist.init.debug.loglevel,err:1002
09-10 01:18:55.778 24145 24145 W C02c02/PARAM: Selinux check name persist.init.debug.loglevel in u:object_r:startup_init_param:s0 [24145 2000 2000] failed
09-10 01:18:55.778 24145 24145 W C02c02/PARAM: Selinux check name persist.init.debug.loglevel in u:object_r:startup_init_param:s0 [24145 2000 2000] failed
09-10 01:18:55.778 24145 24145 W C02c02/PARAM: SystemReadParam failed!name is:persist.init.debug.loglevel,err:1002
09-10 01:18:55.785 24147 24147 W C02c02/PARAM: Selinux check name persist.init.debug.loglevel in u:object_r:startup_init_param:s0 [24147 2000 2000] failed
09-10 01:18:55.785 24147 24147 W C02c02/PARAM: Selinux check name persist.init.debug.loglevel in u:object_r:startup_init_param:s0 [24147 2000 2000] failed
09-10 01:18:55.785 24147 24147 W C02c02/PARAM: SystemReadParam failed!name is:persist.init.debug.loglevel,err:1002
09-10 01:18:55.791 24148 24148 W C02c02/PARAM: Selinux check name persist.init.debug.loglevel in u:object_r:startup_init_param:s0 [24148 2000 2000] failed
09-10 01:18:55.791 24148 24148 W C02c02/PARAM: Selinux check name persist.init.debug.loglevel in u:object_r:startup_init_param:s0 [24148 2000 2000] failed
09-10 01:18:55.791 24148 24148 W C02c02/PARAM: SystemReadParam failed!name is:persist.init.debug.loglevel,err:1002
09-10 01:18:56.071 24150 24150 W C02c02/PARAM: Selinux check name persist.init.debug.loglevel in u:object_r:startup_init_param:s0 [24150 2000 2000] failed
09-10 01:18:56.071 24150 24150 W C02c02/PARAM: Selinux check name persist.init.debug.loglevel in u:object_r:startup_init_param:s0 [24150 2000 2000] failed
09-10 01:18:56.071 24150 24150 W C02c02/PARAM: SystemReadParam failed!name is:persist.init.debug.loglevel,err:1002
09-10 01:18:56.078 24152 24152 I C02d20/DumperService: SetCmdArgs# hidumper cmd:hidumper -s 1201 -a -p Faultlogger -LogSuffixWithMs , calllingUid=2000, calllingPid=24152, ppid:24150.
09-10 01:18:56.078 24152 24153 W C057c1/IPCWorkThread: ThreadHandler: proto:0 policy:1 name:OS_IPC_0_24153 invoker:3080759424
09-10 01:18:56.078 24152 24154 W C057c1/IPCWorkThread: ThreadHandler: proto:0 policy:0 name:OS_IPC_1_24154 invoker:3108315776
09-10 01:18:56.080  3904  3905 I C02d20/DumperService: DelayUnloadTask# recieve new request, delay unload task begin, calllingPid=24152
09-10 01:18:56.081   474  2593 I C02d11/Faultlogger: DumpByCommands: DumpRequest: detail:0, list:0, file:, name:, time:-1
09-10 01:18:56.082  3904  3905 I C02d20/DumperService: GetData# SA name:1201 dump success, cmd:-p Faultlogger -LogSuffixWithMs , calllingPid=24152!
09-10 01:18:56.225   125   125 I C01800/SAMGR: NF SA:65962,832_12024
09-10 01:18:56.229  2458  2458 W A01c06/ICON: AppIconWeatherModel --> initWeatherListener, retryTimes: 4
09-10 01:18:56.233   490  1518 E C01707/CONCUR: [Interface] task 1518 apply qos failed, errno = 4
09-10 01:18:56.233   490  1518 E C01611/QosManager: QosManager: Failed to set thread QoS to QOS_USER_INTERACTIVE, ret: -1
09-10 01:18:56.234   782  1040 W C01123/BMSCommon: bundle not exist -n com.huawei.hmsapp.totemweather -u 100 -i 0 -f 32
09-10 01:18:56.234   782  1040 W C01121/BMSQuery: GetBundleInfo failed -n com.huawei.hmsapp.totemweather -u 100
09-10 01:18:56.234   490  1518 E C01651/BundleMgrProxy: GetBundleInfoFromBMS: GetBundleInfo failed!bundleName is com.huawei.hmsapp.totemweather, userId is 100
09-10 01:18:56.234   490  1518 E C01651/DataProviderConfig: GetFromProxyData: Get bundleInfo failed! bundleName:com.huawei.hmsapp.totemweather, userId:100, visitedId:100, uri:******icIconInfo
09-10 01:18:56.235   490  1518 E C01651/DataShareServiceImpl: GetBMSAndMetaDataStatus: CalledInfo failed! token:0x2002a7c3,ret:1001,uri:******icIconInfo
09-10 01:18:56.235   490  1518 E C01651/DataShareServiceImpl: GetSilentProxyStatus: BMS or metaData not ready to complete, token:0x2002a7c3, uri:******icIconInfo
09-10 01:18:56.235  2458  2458 E A01c06/ICON: AppIconWeatherModel --> get weather info failed, code: 15700010, message: The DataShareHelper is not initialized successfully.
09-10 01:18:56.306 24156 24156 W C02c02/PARAM: Selinux check name persist.init.debug.loglevel in u:object_r:startup_init_param:s0 [24156 2000 2000] failed
09-10 01:18:56.306 24156 24156 W C02c02/PARAM: Selinux check name persist.init.debug.loglevel in u:object_r:startup_init_param:s0 [24156 2000 2000] failed
09-10 01:18:56.306 24156 24156 W C02c02/PARAM: SystemReadParam failed!name is:persist.init.debug.loglevel,err:1002
09-10 01:18:56.310 24156 24156 W C02c02/PARAM: Selinux check name persist.init.debug.loglevel in u:object_r:startup_init_param:s0 [24156 2000 2000] failed
09-10 01:18:56.310 24156 24156 W C02c02/PARAM: Selinux check name persist.init.debug.loglevel in u:object_r:startup_init_param:s0 [24156 2000 2000] failed
09-10 01:18:56.310 24156 24156 W C02c02/PARAM: SystemReadParam failed!name is:persist.init.debug.loglevel,err:1002
09-10 01:18:56.427   125   125 I C01800/SAMGR: NF SA:65962,832_12025
09-10 01:18:56.485 24159 24159 W C02c02/PARAM: Selinux check name persist.init.debug.loglevel in u:object_r:startup_init_param:s0 [24159 2000 2000] failed
09-10 01:18:56.485 24159 24159 W C02c02/PARAM: Selinux check name persist.init.debug.loglevel in u:object_r:startup_init_param:s0 [24159 2000 2000] failed
09-10 01:18:56.485 24159 24159 W C02c02/PARAM: SystemReadParam failed!name is:persist.init.debug.loglevel,err:1002
09-10 01:18:56.488 24161 24161 W C02c02/PARAM: Selinux check name persist.init.debug.loglevel in u:object_r:startup_init_param:s0 [24161 2000 2000] failed
09-10 01:18:56.488 24161 24161 W C02c02/PARAM: Selinux check name persist.init.debug.loglevel in u:object_r:startup_init_param:s0 [24161 2000 2000] failed
09-10 01:18:56.488 24161 24161 W C02c02/PARAM: SystemReadParam failed!name is:persist.init.debug.loglevel,err:1002
09-10 01:18:56.488 24162 24162 W C02c02/PARAM: Selinux check name persist.init.debug.loglevel in u:object_r:startup_init_param:s0 [24162 2000 2000] failed
09-10 01:18:56.488 24162 24162 W C02c02/PARAM: Selinux check name persist.init.debug.loglevel in u:object_r:startup_init_param:s0 [24162 2000 2000] failed
09-10 01:18:56.488 24162 24162 W C02c02/PARAM: SystemReadParam failed!name is:persist.init.debug.loglevel,err:1002
09-10 01:18:56.489 24163 24163 W C02c02/PARAM: Selinux check name persist.init.debug.loglevel in u:object_r:startup_init_param:s0 [24163 2000 2000] failed
09-10 01:18:56.489 24163 24163 W C02c02/PARAM: Selinux check name persist.init.debug.loglevel in u:object_r:startup_init_param:s0 [24163 2000 2000] failed
09-10 01:18:56.489 24163 24163 W C02c02/PARAM: SystemReadParam failed!name is:persist.init.debug.loglevel,err:1002
09-10 01:18:56.493 24164 24164 W C02c02/PARAM: Selinux check name persist.init.debug.loglevel in u:object_r:startup_init_param:s0 [24164 2000 2000] failed
09-10 01:18:56.493 24164 24164 W C02c02/PARAM: Selinux check name persist.init.debug.loglevel in u:object_r:startup_init_param:s0 [24164 2000 2000] failed
09-10 01:18:56.493 24164 24164 W C02c02/PARAM: SystemReadParam failed!name is:persist.init.debug.loglevel,err:1002
09-10 01:18:56.493 24165 24165 W C02c02/PARAM: Selinux check name persist.init.debug.loglevel in u:object_r:startup_init_param:s0 [24165 2000 2000] failed
09-10 01:18:56.493 24165 24165 W C02c02/PARAM: Selinux check name persist.init.debug.loglevel in u:object_r:startup_init_param:s0 [24165 2000 2000] failed
09-10 01:18:56.493 24165 24165 W C02c02/PARAM: SystemReadParam failed!name is:persist.init.debug.loglevel,err:1002
09-10 01:18:56.628   125   125 I C01800/SAMGR: NF SA:65962,832_12026
09-10 01:18:56.687 24167 24167 W C02c02/PARAM: Selinux check name persist.init.debug.loglevel in u:object_r:startup_init_param:s0 [24167 2000 2000] failed
09-10 01:18:56.687 24167 24167 W C02c02/PARAM: Selinux check name persist.init.debug.loglevel in u:object_r:startup_init_param:s0 [24167 2000 2000] failed
09-10 01:18:56.687 24167 24167 W C02c02/PARAM: SystemReadParam failed!name is:persist.init.debug.loglevel,err:1002
09-10 01:18:56.690 24169 24169 W C02c02/PARAM: Selinux check name persist.init.debug.loglevel in u:object_r:startup_init_param:s0 [24169 2000 2000] failed
09-10 01:18:56.690 24169 24169 W C02c02/PARAM: Selinux check name persist.init.debug.loglevel in u:object_r:startup_init_param:s0 [24169 2000 2000] failed
09-10 01:18:56.690 24169 24169 W C02c02/PARAM: SystemReadParam failed!name is:persist.init.debug.loglevel,err:1002
09-10 01:18:56.693 24170 24170 W C02c02/PARAM: Selinux check name persist.init.debug.loglevel in u:object_r:startup_init_param:s0 [24170 2000 2000] failed
09-10 01:18:56.693 24170 24170 W C02c02/PARAM: Selinux check name persist.init.debug.loglevel in u:object_r:startup_init_param:s0 [24170 2000 2000] failed
09-10 01:18:56.693 24170 24170 W C02c02/PARAM: SystemReadParam failed!name is:persist.init.debug.loglevel,err:1002
09-10 01:18:56.808  3290  3290 I C02500/Qemud: Guest heartbeat success.
09-10 01:18:56.829   125   125 I C01800/SAMGR: NF SA:65962,832_12027
09-10 01:18:57.037   125   125 I C01800/SAMGR: NF SA:65962,832_12028
09-10 01:18:57.237  2458  2458 W A01c06/ICON: AppIconWeatherModel --> initWeatherListener, retryTimes: 4
09-10 01:18:57.238   490  1518 E C01707/CONCUR: [Interface] task 1518 apply qos failed, errno = 4
09-10 01:18:57.238   490  1518 E C01611/QosManager: QosManager: Failed to set thread QoS to QOS_USER_INTERACTIVE, ret: -1
09-10 01:18:57.238   782  1040 W C01123/BMSCommon: bundle not exist -n com.huawei.hmsapp.totemweather -u 100 -i 0 -f 32
09-10 01:18:57.238   782  1040 W C01121/BMSQuery: GetBundleInfo failed -n com.huawei.hmsapp.totemweather -u 100
09-10 01:18:57.238   490  1518 E C01651/BundleMgrProxy: GetBundleInfoFromBMS: GetBundleInfo failed!bundleName is com.huawei.hmsapp.totemweather, userId is 100
09-10 01:18:57.238   490  1518 E C01651/DataProviderConfig: GetFromProxyData: Get bundleInfo failed! bundleName:com.huawei.hmsapp.totemweather, userId:100, visitedId:100, uri:******icIconInfo
09-10 01:18:57.238   490  1518 E C01651/DataShareServiceImpl: GetBMSAndMetaDataStatus: CalledInfo failed! token:0x2002a7c3,ret:1001,uri:******icIconInfo
09-10 01:18:57.238   490  1518 E C01651/DataShareServiceImpl: GetSilentProxyStatus: BMS or metaData not ready to complete, token:0x2002a7c3, uri:******icIconInfo
09-10 01:18:57.239   125   125 I C01800/SAMGR: NF SA:65962,832_12029
09-10 01:18:57.239  2458  2458 E A01c06/ICON: AppIconWeatherModel --> get weather info failed, code: 15700010, message: The DataShareHelper is not initialized successfully.
09-10 01:18:57.253 24172 24172 W C02c02/PARAM: Selinux check name persist.init.debug.loglevel in u:object_r:startup_init_param:s0 [24172 2000 2000] failed
09-10 01:18:57.253 24172 24172 W C02c02/PARAM: Selinux check name persist.init.debug.loglevel in u:object_r:startup_init_param:s0 [24172 2000 2000] failed
09-10 01:18:57.253 24172 24172 W C02c02/PARAM: SystemReadParam failed!name is:persist.init.debug.loglevel,err:1002
09-10 01:18:57.256 24172 24172 W C02c02/PARAM: Selinux check name persist.init.debug.loglevel in u:object_r:startup_init_param:s0 [24172 2000 2000] failed
09-10 01:18:57.256 24172 24172 W C02c02/PARAM: Selinux check name persist.init.debug.loglevel in u:object_r:startup_init_param:s0 [24172 2000 2000] failed
09-10 01:18:57.256 24172 24172 W C02c02/PARAM: SystemReadParam failed!name is:persist.init.debug.loglevel,err:1002
09-10 01:18:57.436 24175 24175 W C02c02/PARAM: Selinux check name persist.init.debug.loglevel in u:object_r:startup_init_param:s0 [24175 2000 2000] failed
09-10 01:18:57.436 24175 24175 W C02c02/PARAM: Selinux check name persist.init.debug.loglevel in u:object_r:startup_init_param:s0 [24175 2000 2000] failed
09-10 01:18:57.436 24175 24175 W C02c02/PARAM: SystemReadParam failed!name is:persist.init.debug.loglevel,err:1002
09-10 01:18:57.439   125   125 I C01800/SAMGR: NF SA:65962,832_12030
09-10 01:18:57.439   832   925 E C01810/SA_CLIENT: GetSaWrap SA:65962 not start
09-10 01:18:57.439   832   925 I C01409/APS_MANAGER: request system service object is not ready yet!
09-10 01:18:57.439 24178 24178 W C02c02/PARAM: Selinux check name persist.init.debug.loglevel in u:object_r:startup_init_param:s0 [24178 2000 2000] failed
09-10 01:18:57.439 24179 24179 W C02c02/PARAM: Selinux check name persist.init.debug.loglevel in u:object_r:startup_init_param:s0 [24179 2000 2000] failed
09-10 01:18:57.439 24179 24179 W C02c02/PARAM: Selinux check name persist.init.debug.loglevel in u:object_r:startup_init_param:s0 [24179 2000 2000] failed
09-10 01:18:57.439 24178 24178 W C02c02/PARAM: Selinux check name persist.init.debug.loglevel in u:object_r:startup_init_param:s0 [24178 2000 2000] failed
09-10 01:18:57.439 24179 24179 W C02c02/PARAM: SystemReadParam failed!name is:persist.init.debug.loglevel,err:1002
09-10 01:18:57.439 24177 24177 W C02c02/PARAM: Selinux check name persist.init.debug.loglevel in u:object_r:startup_init_param:s0 [24177 2000 2000] failed
09-10 01:18:57.439 24177 24177 W C02c02/PARAM: Selinux check name persist.init.debug.loglevel in u:object_r:startup_init_param:s0 [24177 2000 2000] failed
09-10 01:18:57.439 24178 24178 W C02c02/PARAM: SystemReadParam failed!name is:persist.init.debug.loglevel,err:1002
09-10 01:18:57.439 24177 24177 W C02c02/PARAM: SystemReadParam failed!name is:persist.init.debug.loglevel,err:1002
09-10 01:18:57.443 24180 24180 W C02c02/PARAM: Selinux check name persist.init.debug.loglevel in u:object_r:startup_init_param:s0 [24180 2000 2000] failed
09-10 01:18:57.443 24180 24180 W C02c02/PARAM: Selinux check name persist.init.debug.loglevel in u:object_r:startup_init_param:s0 [24180 2000 2000] failed
09-10 01:18:57.443 24180 24180 W C02c02/PARAM: SystemReadParam failed!name is:persist.init.debug.loglevel,err:1002
09-10 01:18:57.444 24181 24181 W C02c02/PARAM: Selinux check name persist.init.debug.loglevel in u:object_r:startup_init_param:s0 [24181 2000 2000] failed
09-10 01:18:57.444 24181 24181 W C02c02/PARAM: Selinux check name persist.init.debug.loglevel in u:object_r:startup_init_param:s0 [24181 2000 2000] failed
09-10 01:18:57.444 24181 24181 W C02c02/PARAM: SystemReadParam failed!name is:persist.init.debug.loglevel,err:1002
09-10 01:18:57.461  1389  1403 I C05200/wpa_supplicant: nl80211: Drv Event 34 (NL80211_CMD_NEW_SCAN_RESULTS) received for wlan0
09-10 01:18:57.461  1389  1403 I C05200/wpa_supplicant: nl80211: Scan probed for SSID ''
09-10 01:18:57.461  1389  1403 I C05200/wpa_supplicant: nl80211: Scan included frequencies: 2432 5240
09-10 01:18:57.461  1389  1403 I C05200/wpa_supplicant: wlan0: Event SCAN_RESULTS (3) received
09-10 01:18:57.462  1389  1403 I C05200/wpa_supplicant: nl80211: Received scan results (1 BSSes)
09-10 01:18:57.462  1266  3416 I C01562/ScanMonitor: Enter ScanMonitor::ReceiveScanEventFromIdl, result is 2.
09-10 01:18:57.462  1266  3416 I C01562/ScanMonitor: Enter ScanMonitor::ProcessReceiveScanEvent, result is 2.
09-10 01:18:57.462  1389  1403 I C05200/wpa_supplicant: The radio work list is empty
09-10 01:18:57.462  1266 24133 I C01562/ScanStateMachine: Enter CommonScanning::ExecuteStateMsg.
09-10 01:18:57.462  1266 24133 I C01562/ScanStateMachine: Enter CommonScanInfoProcess.
09-10 01:18:57.462  1266 24133 I C01562/ScanStateMachine: Enter GetScanInfos.
09-10 01:18:57.462  1266 24133 I C01562/ScanStateMachine: Begin: QueryScanInfos.
09-10 01:18:57.462   590   599 E C01566/HDF_LOG_TAG: command.RequestResponse() return 0
09-10 01:18:57.462  1266 24133 I C01560/HalDeviceManager: GetScanInfos success, scan info size:1
09-10 01:18:57.462  1266 24133 E C01560/WifiHdiUtil: GetChanWidthCenterFreq fail.
09-10 01:18:57.462  1266 24133 I C01562/ScanStateMachine: End: QueryScanInfos.
09-10 01:18:57.462  1266 24133 I C01562/ScanStateMachine: Enter GetSecurityTypeAndBand.
09-10 01:18:57.462  1266 24133 I C01562/ScanStateMachine: scanInfoValidSinceTime: 264739572086, total number of valid scan results: 1, filtered invalid scan results total num: 0, filtered savedNetworks: []
09-10 01:18:57.462  1266 24133 I C01562/ScanService: Enter HandleScanStatusReport, status:2
09-10 01:18:57.462  1266 24133 I C01562/ScanService: HandleCommonScanInfo, requestIndexList size: 1.
09-10 01:18:57.462  1266 24133 I C01562/ScanService: Enter InitChipsetInfo
09-10 01:18:57.462   590   599 E C01566/HDF_LOG_TAG: ioctl CMD_WIFI_CATEGORY fail, errno = 95: Not supported
09-10 01:18:57.462   590   599 I C01566/HDF_LOG_TAG: <private> : ret: <private>
09-10 01:18:57.462   590   599 I C01566/HDF_LOG_TAG: GetChipCaps failed
09-10 01:18:57.462  1266 24133 E C02510/concrete_chip_proxy: GetChipCaps_ failed, error code is -1
09-10 01:18:57.462  1266 24133 E C01560/HalDeviceManager: GetChipsetCategory, call GetChipCaps failed! ret:-1
09-10 01:18:57.462  1266 24133 E C01562/ScanService: GetChipsetCategory or GetChipsetWifiFeatrureCapability failed.
09-10 01:18:57.462  1266 24133 I C01562/ScanService: Enter StoreFullScanInfo.
09-10 01:18:57.462  1266 24133 I C01562/ScanService: scanConfig.scanTime is <private>.
09-10 01:18:57.462  1266 24133 I C01562/ScanService: Receive 1 scan results.
09-10 01:18:57.462  1266 24133 I C01560/WifiFrameWork: WifiSettings::GetScanInfoList size = 1
09-10 01:18:57.462  1266 24133 I C01562/ScanService: Save 1 scan results.
09-10 01:18:57.463   782  1040 W C01123/BMSCommon: uid(1010) invalid
09-10 01:18:57.463  1292  1310 I C01810/SAFWK: CancelIdle-SA:4353
09-10 01:18:57.464   125   125 I C01800/SAMGR: Scheduler SA:4353 cancel unload start
09-10 01:18:57.464   125   125 I C01800/SAMGR: ActiveSA:4353
09-10 01:18:57.464  1292  1310 I C01810/SAFWK: Active-SA:4353
09-10 01:18:57.464  1292  1310 I C01810/SAFWK: OnActive-SA:4353 end,spend:0ms
09-10 01:18:57.464  1292  1310 I C01810/SAFWK: ActiveSaInner suc to Active SA:4353,spend:0ms
09-10 01:18:57.464   125   125 I C01800/SAMGR: Scheduler SA:4353 loaded
09-10 01:18:57.466   490  1518 E C01707/CONCUR: [Interface] task 1518 apply qos failed, errno = 4
09-10 01:18:57.466   490  1518 E C01611/QosManager: QosManager: Failed to set thread QoS to QOS_USER_INTERACTIVE, ret: -1
09-10 01:18:57.467   490  1518 E C01707/CONCUR: [Interface] task 1518 apply qos failed, errno = 4
09-10 01:18:57.467   490  1518 E C01611/QosManager: QosManager: Failed to set thread QoS to QOS_USER_INTERACTIVE, ret: -1
09-10 01:18:57.468   490  1518 I C01650/SqliteConnection: CreateSlaveConnection:slave cfg:[0,1,0,0,5,0,0]set***.db:<DB,0xc8249,65536,100660><DWR,0xc824a,12288,100670><SHM,0xc824c,32768,100670><WAL,0xc824b,0,100670> master:<DB,0xc8253,65536,100660><DWR,0xc8254,12288,100670><SHM,0xc825d,32768,100670><WAL,0xc8255,0,100670>,[1,0,0,0,1]
09-10 01:18:57.469   490  1518 I C01650/SqliteConnection: SetBinlog:binlog: open /***/el1/***/set***.db
09-10 01:18:57.470   490  1518 I C01631/GaussPD:  [0] [ADAPTER] [548108151128] Not support binlog_default.readIndex file enable del monitor sysno = 25
09-10 01:18:57.470   490  1518 I C01631/GaussPD:  [0] [ADAPTER] [548108151128] Not support binlog_default.writeIndex file enable del monitor sysno = 25
09-10 01:18:57.470   490  1518 I C01650/ConnectionPool: Create:code:0 app[com.ohos.settingsdata:] area[el1] cfg[0,1,0,0,5,0,0]set***.db:<DB,0xc8253,65536,100660><DWR,0xc8254,12288,100670><SHM,0xc825d,32768,100670><WAL,0xc8255,0,100670>, pathSize:72
09-10 01:18:57.470   490  1518 W C01610/DataBaseUtilsAcl: AclFromFile: The getxattr failed. error Permission denied path /da***se/
09-10 01:18:57.470   490  1518 E C01610/DataBaseUtilsAcl: SetAcl: Failed to write into file's xattr: Operation not permitted
09-10 01:18:57.470   490  1518 E C01610/DataBaseUtilsAcl: SetAcl: Failed to write into file's xattr: Operation not permitted
09-10 01:18:57.470   490  1518 E C01610/DataBaseUtilsAcl: SetAcl: Failed to write into file's xattr: Operation not permitted
09-10 01:18:57.470   490  1518 E C01610/DataBaseUtilsAcl: SetAcl: Failed to write into file's xattr: Operation not permitted
09-10 01:18:57.470   490  1518 E C01610/DataBaseUtilsAcl: SetAcl: Failed to write into file's xattr: Operation not permitted
09-10 01:18:57.470   490  1518 E C01610/DataBaseUtilsAcl: SetAcl: Failed to write into file's xattr: Operation not permitted
09-10 01:18:57.470   490  1518 E C01610/DataBaseUtilsAcl: SetAcl: Failed to write into file's xattr: Operation not permitted
09-10 01:18:57.470   490  1518 E C01610/DataBaseUtilsAcl: SetAcl: Failed to write into file's xattr: Operation not permitted
09-10 01:18:57.470   490  1518 E C01610/DataBaseUtilsAcl: SetAcl: Failed to write into file's xattr: Operation not permitted
09-10 01:18:57.470   490  1518 E C01610/DataBaseUtilsAcl: SetAcl: Failed to write into file's xattr: Operation not permitted
09-10 01:18:57.470   490  1518 E C01610/DataBaseUtilsAcl: SetAcl: Failed to write into file's xattr: Operation not permitted
09-10 01:18:57.470   490  1518 E C01610/DataBaseUtilsAcl: SetAcl: Failed to write into file's xattr: Operation not permitted
09-10 01:18:57.470   490  1518 E C01610/DataBaseUtilsAcl: SetAcl: Failed to write into file's xattr: Operation not permitted
09-10 01:18:57.470   490  1518 W C01650/RdbStoreImpl: ExchangeSlaverToMaster:exchange st:3, set***.db,
09-10 01:18:57.471   490 24010 I C01650/SqliteConnection: CreateSlaveConnection:slave cfg:[0,1,0,0,5,0,0]set***.db:<DB,0xc8249,65536,100660><DWR,0xc824a,12288,100670><SHM,0xc824c,32768,100670><WAL,0xc824b,0,100670> master:<DB,0xc8253,65536,100660><DWR,0xc8254,12288,100670><SHM,0xc825d,32768,100670><WAL,0xc8255,0,100670>,[1,0,0,0,1]
09-10 01:18:57.471   490 24010 I C01650/SqliteConnection: SetBinlog:binlog: open /***/el1/***/set***.db
09-10 01:18:57.471   490 24010 I C01631/GaussPD:  [0] [ADAPTER] [548117674328] Not support binlog_default.readLock file enable del monitor sysno = 25
09-10 01:18:57.471   490 24010 I C01631/GaussPD:  [0] [ADAPTER] [548117674328] Not support binlog_default.readIndex file enable del monitor sysno = 25
09-10 01:18:57.471   490 24010 I C01631/GaussPD:  [0] [ADAPTER] [548117674328] Not support binlog_default.readIndex file enable del monitor sysno = 25
09-10 01:18:57.471   490 24010 I C01631/GaussPD:  [0] [ADAPTER] [548117674328] Not support binlog_default.writeIndex file enable del monitor sysno = 25
09-10 01:18:57.471   490 24010 I C01631/GaussPD:  [0] [ADAPTER] [548117674328] Not support binlog_default.00000 file enable del monitor sysno = 25
09-10 01:18:57.471   490 24010 I C01631/GaussPD:  [0] [ADAPTER] [548117674328] Not support binlog_default.writeIndex file enable del monitor sysno = 25
09-10 01:18:57.471   490 24010 I C01631/GaussPD:  [0] [STORAGE] [548117674328] |BinlogRead||VerifyReadInfo| read binlog files finish.
09-10 01:18:57.471   490 24010 I C01631/GaussPD:  [0] [STORAGE] [548117674328] |BinlogRead||ProcReadBeginStage| Verify read info and read finish
09-10 01:18:57.471   490 24010 I C01631/GaussPD:  [0] [STORAGE] [548117674328] |Binlog||BinlogRead| reading all binlog files is complete
09-10 01:18:57.471   490 24010 I C01650/SqliteConnection: CompareWithSlave:equal, main:4,slave:4
09-10 01:18:57.471   490 24010 I C01650/RdbStoreImpl: operator():async exchange st:0,
09-10 01:18:57.472  1292  1310 E C01651/shared_block: GetCellUnit: Failed to read row 1, column 2 from a SharedBlock which has 0 rows, 0 columns.
09-10 01:18:57.472  1292  1310 E C02300/Locator_standard: [(GetStringValue:148)]GetStringValue can not get value
09-10 01:18:57.473   490  1518 E C01707/CONCUR: [Interface] task 1518 apply qos failed, errno = 4
09-10 01:18:57.473   490  1518 E C01611/QosManager: QosManager: Failed to set thread QoS to QOS_USER_INTERACTIVE, ret: -1
09-10 01:18:57.474   490  2348 E C01707/CONCUR: [Interface] task 2348 apply qos failed, errno = 4
09-10 01:18:57.474   490  2348 E C01611/QosManager: QosManager: Failed to set thread QoS to QOS_USER_INTERACTIVE, ret: -1
09-10 01:18:57.474  1292  1310 E C01651/shared_block: GetCellUnit: Failed to read row 1, column 2 from a SharedBlock which has 0 rows, 0 columns.
09-10 01:18:57.474  1292  1310 E C02300/Locator_standard: [(GetStringValue:148)]GetStringValue can not get value
09-10 01:18:57.474  1292  1310 E C02300/LocationDbManager: [(GetScanWhiteListStr:481)]GetScanWhiteListStr: query scan white list failed, errcode = 3301000
09-10 01:18:57.475  1266 24133 I C01562/ScanService: No need to report scan finish event.
09-10 01:18:57.475  1266 24133 I C01560/WifiFrameWork: WifiSettings::GetScanInfoList size = 1
09-10 01:18:57.475  1266 24133 I C01562/ScanService: Enter GetSavedNetworkSsidList.
09-10 01:18:57.475  1266 24133 I C01562/ScanService: Saved network list size:0
09-10 01:18:57.475  1266 24133 I C01562/ScanService: Enter ScanService::ReportScanInfos.
09-10 01:18:57.475  1266 24133 E C01566/HmlInterface: HmlInterface GetChbaGroupInfo
09-10 01:18:57.475  1266 24133 E C01566/WifiHmlService: GetChbaGroupInfo
09-10 01:18:57.475  1266 24133 E C01566/WifiHmlGroupManager: GetCurrentGroup.
09-10 01:18:57.475  1266 24133 E C01566/WifiHmlService: GetChbaGroupInfo end, freq=0, bw=0, clientNum=0
09-10 01:18:57.475  1266 24133 I C01560/networkSelectionManager: NetworkSelector: { "name": "autoConnectIntegrator" ,"filter": "(notHidden&&notSignalWooWeak)","subNetworkSelectors": [{ "name": "savedNetworkTracker" ,"filter": "(savedWifiFilter&&notPassPoint&&notEphemeral&&enableWifi&&matchUserSelect&&blackListNetworkSelector&&hasInternetNetworkSelector&&recoveryNetworkSelector&&(portalWifiFilter||maybePortal||huaweiGuest)&&noInternetNetworkSelector)","subNetworkSelectors": [{ "name": "hasInternetNetworkSelector" ,"filter": "(notHuaweiGuest&&hasInternet)"},{ "name": "recoveryNetworkSelector" ,"filter": "(notHuaweiGuest&&recovery)"},{ "name": "portalNetworkSelector" ,"filter": "(portalWifiFilter||maybePortal||huaweiGuest)&&notPoorPortal"},{ "name": "noInternetNetworkSelector" ,"filter": "noInternet"},{ "name": "blackListNetworkSelector" ,"filter": "isBlackList"}]},{ "name": "suggestionNetworkTracker" ,"filter": "(suggestionNetworkWifiFilter&&enableWifi&&notEphemeral)"}]}
09-10 01:18:57.475  1266 24133 I C01560/WifiFilter: filteredNetworkCandidates in suggestionNetworkWifiFilter: []
09-10 01:18:57.475  1266 24133 I C01560/WifiFilter: savedWifiFilter: []
09-10 01:18:57.475  1266 24133 I C01560/StaAutoConnectService: AutoSelectDevice return fail.
09-10 01:18:57.475  1266 24133 I C01562/ScanInterface: Enter ScanInterface::OnAutoConnectStateChanged, success:0
09-10 01:18:57.475  1266 24133 I C01562/ScanService: Enter HandleAutoConnectStateChanged
09-10 01:18:57.475  1266 24133 E C01560/OHWIFI_STATE_MACHINE: SwitchState, Switch to targetState: CommonScanUnworked.
09-10 01:18:57.475  1266 24133 I C01562/ScanStateMachine: Enter CommonScanning::GoOutState.
09-10 01:18:57.475  1266 24133 I C01562/ScanStateMachine: Enter ReportCommonScanFailedAndClear.
09-10 01:18:57.475  1266 24133 I C01562/ScanStateMachine: Enter CommonScanUnworked::GoInState.
09-10 01:18:57.475  1266 24133 I C01562/ScanStateMachine: Enter StartNewCommonScan.
09-10 01:18:57.475  1266 24133 I C01562/ScanStateMachine: ScanStateMachine::ContinuePnoScanProcess.
09-10 01:18:57.476   782 24183 I C01202/Unordered: Pid 1266 publish usual.event.wifi.SCAN_FINISHED to -1 end(2,2,0,0)
09-10 01:18:57.476  1266 24132 I C01566/WifiHmlChannelOptimization: received wifi scan changed event: 1
09-10 01:18:57.476  1266 24132 E C01560/MultiLinkUtils: IsDeviceSupportMultiLink chipname is empty or doesn't exist, return unknown
09-10 01:18:57.476  1266 24132 E C01560/MultiLinkUtils: Chip type not suppoort MultiLink
09-10 01:18:57.643 24185 24185 W C02c02/PARAM: Selinux check name persist.init.debug.loglevel in u:object_r:startup_init_param:s0 [24185 2000 2000] failed
09-10 01:18:57.643 24185 24185 W C02c02/PARAM: Selinux check name persist.init.debug.loglevel in u:object_r:startup_init_param:s0 [24185 2000 2000] failed
09-10 01:18:57.643 24185 24185 W C02c02/PARAM: SystemReadParam failed!name is:persist.init.debug.loglevel,err:1002
09-10 01:18:57.646 24187 24187 W C02c02/PARAM: Selinux check name persist.init.debug.loglevel in u:object_r:startup_init_param:s0 [24187 2000 2000] failed
09-10 01:18:57.646 24187 24187 W C02c02/PARAM: Selinux check name persist.init.debug.loglevel in u:object_r:startup_init_param:s0 [24187 2000 2000] failed
09-10 01:18:57.646 24187 24187 W C02c02/PARAM: SystemReadParam failed!name is:persist.init.debug.loglevel,err:1002
09-10 01:18:57.649 24188 24188 W C02c02/PARAM: Selinux check name persist.init.debug.loglevel in u:object_r:startup_init_param:s0 [24188 2000 2000] failed
09-10 01:18:57.649 24188 24188 W C02c02/PARAM: Selinux check name persist.init.debug.loglevel in u:object_r:startup_init_param:s0 [24188 2000 2000] failed
09-10 01:18:57.649 24188 24188 W C02c02/PARAM: SystemReadParam failed!name is:persist.init.debug.loglevel,err:1002
09-10 01:18:58.172 24191 24191 W C02c02/PARAM: Selinux check name persist.init.debug.loglevel in u:object_r:startup_init_param:s0 [24191 2000 2000] failed
09-10 01:18:58.173 24191 24191 W C02c02/PARAM: Selinux check name persist.init.debug.loglevel in u:object_r:startup_init_param:s0 [24191 2000 2000] failed
09-10 01:18:58.173 24191 24191 W C02c02/PARAM: SystemReadParam failed!name is:persist.init.debug.loglevel,err:1002
09-10 01:18:58.175 24191 24191 W C02c02/PARAM: Selinux check name persist.init.debug.loglevel in u:object_r:startup_init_param:s0 [24191 2000 2000] failed
09-10 01:18:58.175 24191 24191 W C02c02/PARAM: Selinux check name persist.init.debug.loglevel in u:object_r:startup_init_param:s0 [24191 2000 2000] failed
09-10 01:18:58.175 24191 24191 W C02c02/PARAM: SystemReadParam failed!name is:persist.init.debug.loglevel,err:1002
09-10 01:18:58.241  2458  2458 W A01c06/ICON: AppIconWeatherModel --> initWeatherListener, retryTimes: 4
09-10 01:18:58.242   490  2348 E C01707/CONCUR: [Interface] task 2348 apply qos failed, errno = 4
09-10 01:18:58.242   490  2348 E C01611/QosManager: QosManager: Failed to set thread QoS to QOS_USER_INTERACTIVE, ret: -1
09-10 01:18:58.242   782  1040 W C01123/BMSCommon: bundle not exist -n com.huawei.hmsapp.totemweather -u 100 -i 0 -f 32
09-10 01:18:58.242   782  1040 W C01121/BMSQuery: GetBundleInfo failed -n com.huawei.hmsapp.totemweather -u 100
09-10 01:18:58.242   490  2348 E C01651/BundleMgrProxy: GetBundleInfoFromBMS: GetBundleInfo failed!bundleName is com.huawei.hmsapp.totemweather, userId is 100
09-10 01:18:58.242   490  2348 E C01651/DataProviderConfig: GetFromProxyData: Get bundleInfo failed! bundleName:com.huawei.hmsapp.totemweather, userId:100, visitedId:100, uri:******icIconInfo
09-10 01:18:58.242   490  2348 E C01651/DataShareServiceImpl: GetBMSAndMetaDataStatus: CalledInfo failed! token:0x2002a7c3,ret:1001,uri:******icIconInfo
09-10 01:18:58.242   490  2348 E C01651/DataShareServiceImpl: GetSilentProxyStatus: BMS or metaData not ready to complete, token:0x2002a7c3, uri:******icIconInfo
09-10 01:18:58.242  2458  2458 E A01c06/ICON: AppIconWeatherModel --> get weather info failed, code: 15700010, message: The DataShareHelper is not initialized successfully.
09-10 01:18:58.316   132   132 E C02c11/APPSPAWN: [appspawn_kickdog.c:29]open /sys/kernel/hungtask/userlist fail,errno:2
09-10 01:18:58.354 24194 24194 W C02c02/PARAM: Selinux check name persist.init.debug.loglevel in u:object_r:startup_init_param:s0 [24194 2000 2000] failed
09-10 01:18:58.354 24194 24194 W C02c02/PARAM: Selinux check name persist.init.debug.loglevel in u:object_r:startup_init_param:s0 [24194 2000 2000] failed
09-10 01:18:58.354 24194 24194 W C02c02/PARAM: SystemReadParam failed!name is:persist.init.debug.loglevel,err:1002
09-10 01:18:58.357 24197 24197 W C02c02/PARAM: Selinux check name persist.init.debug.loglevel in u:object_r:startup_init_param:s0 [24197 2000 2000] failed
09-10 01:18:58.357 24197 24197 W C02c02/PARAM: Selinux check name persist.init.debug.loglevel in u:object_r:startup_init_param:s0 [24197 2000 2000] failed
09-10 01:18:58.357 24197 24197 W C02c02/PARAM: SystemReadParam failed!name is:persist.init.debug.loglevel,err:1002
09-10 01:18:58.357 24196 24196 W C02c02/PARAM: Selinux check name persist.init.debug.loglevel in u:object_r:startup_init_param:s0 [24196 2000 2000] failed
09-10 01:18:58.357 24196 24196 W C02c02/PARAM: Selinux check name persist.init.debug.loglevel in u:object_r:startup_init_param:s0 [24196 2000 2000] failed
09-10 01:18:58.357 24196 24196 W C02c02/PARAM: SystemReadParam failed!name is:persist.init.debug.loglevel,err:1002
09-10 01:18:58.357 24198 24198 W C02c02/PARAM: Selinux check name persist.init.debug.loglevel in u:object_r:startup_init_param:s0 [24198 2000 2000] failed
09-10 01:18:58.358 24198 24198 W C02c02/PARAM: Selinux check name persist.init.debug.loglevel in u:object_r:startup_init_param:s0 [24198 2000 2000] failed
09-10 01:18:58.358 24198 24198 W C02c02/PARAM: SystemReadParam failed!name is:persist.init.debug.loglevel,err:1002
09-10 01:18:58.362 24199 24199 W C02c02/PARAM: Selinux check name persist.init.debug.loglevel in u:object_r:startup_init_param:s0 [24199 2000 2000] failed
09-10 01:18:58.362 24199 24199 W C02c02/PARAM: Selinux check name persist.init.debug.loglevel in u:object_r:startup_init_param:s0 [24199 2000 2000] failed
09-10 01:18:58.362 24199 24199 W C02c02/PARAM: SystemReadParam failed!name is:persist.init.debug.loglevel,err:1002
09-10 01:18:58.362 24200 24200 W C02c02/PARAM: Selinux check name persist.init.debug.loglevel in u:object_r:startup_init_param:s0 [24200 2000 2000] failed
09-10 01:18:58.362 24200 24200 W C02c02/PARAM: Selinux check name persist.init.debug.loglevel in u:object_r:startup_init_param:s0 [24200 2000 2000] failed
09-10 01:18:58.362 24200 24200 W C02c02/PARAM: SystemReadParam failed!name is:persist.init.debug.loglevel,err:1002
09-10 01:18:58.364   474  1280 E C02d66/XPerf: [InquiryOhImpl::ExtractStringValue] Canonical FilePath: /sys/class/ithermal/lpm/lpm_freq failed.
09-10 01:18:58.365   474  1280 E C02d66/XPerf: [InquiryOhImpl::ExtractStringValue] Canonical FilePath: /sys/class/power_supply/Battery/status failed.
09-10 01:18:58.556 24203 24203 W C02c02/PARAM: Selinux check name persist.init.debug.loglevel in u:object_r:startup_init_param:s0 [24203 2000 2000] failed
09-10 01:18:58.556 24203 24203 W C02c02/PARAM: Selinux check name persist.init.debug.loglevel in u:object_r:startup_init_param:s0 [24203 2000 2000] failed
09-10 01:18:58.556 24203 24203 W C02c02/PARAM: SystemReadParam failed!name is:persist.init.debug.loglevel,err:1002
09-10 01:18:58.559 24205 24205 W C02c02/PARAM: Selinux check name persist.init.debug.loglevel in u:object_r:startup_init_param:s0 [24205 2000 2000] failed
09-10 01:18:58.559 24205 24205 W C02c02/PARAM: Selinux check name persist.init.debug.loglevel in u:object_r:startup_init_param:s0 [24205 2000 2000] failed
09-10 01:18:58.559 24205 24205 W C02c02/PARAM: SystemReadParam failed!name is:persist.init.debug.loglevel,err:1002
09-10 01:18:58.563 24206 24206 W C02c02/PARAM: Selinux check name persist.init.debug.loglevel in u:object_r:startup_init_param:s0 [24206 2000 2000] failed
09-10 01:18:58.563 24206 24206 W C02c02/PARAM: Selinux check name persist.init.debug.loglevel in u:object_r:startup_init_param:s0 [24206 2000 2000] failed
09-10 01:18:58.563 24206 24206 W C02c02/PARAM: SystemReadParam failed!name is:persist.init.debug.loglevel,err:1002
09-10 01:18:58.992 24208 24208 W C02c02/PARAM: Selinux check name persist.init.debug.loglevel in u:object_r:startup_init_param:s0 [24208 2000 2000] failed
09-10 01:18:58.992 24208 24208 W C02c02/PARAM: Selinux check name persist.init.debug.loglevel in u:object_r:startup_init_param:s0 [24208 2000 2000] failed
09-10 01:18:58.992 24208 24208 W C02c02/PARAM: SystemReadParam failed!name is:persist.init.debug.loglevel,err:1002
09-10 01:18:58.994 24208 24208 W C02c02/PARAM: Selinux check name persist.init.debug.loglevel in u:object_r:startup_init_param:s0 [24208 2000 2000] failed
09-10 01:18:58.994 24208 24208 W C02c02/PARAM: Selinux check name persist.init.debug.loglevel in u:object_r:startup_init_param:s0 [24208 2000 2000] failed
09-10 01:18:58.994 24208 24208 W C02c02/PARAM: SystemReadParam failed!name is:persist.init.debug.loglevel,err:1002
09-10 01:18:59.017 24211 24211 W C02c02/PARAM: Selinux check name persist.init.debug.loglevel in u:object_r:startup_init_param:s0 [24211 2000 2000] failed
09-10 01:18:59.017 24211 24211 W C02c02/PARAM: Selinux check name persist.init.debug.loglevel in u:object_r:startup_init_param:s0 [24211 2000 2000] failed
09-10 01:18:59.017 24211 24211 W C02c02/PARAM: SystemReadParam failed!name is:persist.init.debug.loglevel,err:1002
09-10 01:18:59.020 24211 24211 W C02c02/PARAM: Selinux check name persist.init.debug.loglevel in u:object_r:startup_init_param:s0 [24211 2000 2000] failed
09-10 01:18:59.020 24211 24211 W C02c02/PARAM: Selinux check name persist.init.debug.loglevel in u:object_r:startup_init_param:s0 [24211 2000 2000] failed
09-10 01:18:59.020 24211 24211 W C02c02/PARAM: SystemReadParam failed!name is:persist.init.debug.loglevel,err:1002
09-10 01:18:59.083 24214 24214 W C02c02/PARAM: Selinux check name persist.init.debug.loglevel in u:object_r:startup_init_param:s0 [24214 2000 2000] failed
09-10 01:18:59.083 24214 24214 W C02c02/PARAM: Selinux check name persist.init.debug.loglevel in u:object_r:startup_init_param:s0 [24214 2000 2000] failed
09-10 01:18:59.083 24214 24214 W C02c02/PARAM: SystemReadParam failed!name is:persist.init.debug.loglevel,err:1002
09-10 01:18:59.085 24214 24214 W C02c02/PARAM: Selinux check name persist.init.debug.loglevel in u:object_r:startup_init_param:s0 [24214 2000 2000] failed
09-10 01:18:59.085 24214 24214 W C02c02/PARAM: Selinux check name persist.init.debug.loglevel in u:object_r:startup_init_param:s0 [24214 2000 2000] failed
09-10 01:18:59.085 24214 24214 W C02c02/PARAM: SystemReadParam failed!name is:persist.init.debug.loglevel,err:1002
09-10 01:18:59.246  2458  2458 W A01c06/ICON: AppIconWeatherModel --> initWeatherListener, retryTimes: 4
09-10 01:18:59.249   490  2348 E C01707/CONCUR: [Interface] task 2348 apply qos failed, errno = 4
09-10 01:18:59.250   490  2348 E C01611/QosManager: QosManager: Failed to set thread QoS to QOS_USER_INTERACTIVE, ret: -1
09-10 01:18:59.250   782  1040 W C01123/BMSCommon: bundle not exist -n com.huawei.hmsapp.totemweather -u 100 -i 0 -f 32
09-10 01:18:59.250   782  1040 W C01121/BMSQuery: GetBundleInfo failed -n com.huawei.hmsapp.totemweather -u 100
09-10 01:18:59.250   490  2348 E C01651/BundleMgrProxy: GetBundleInfoFromBMS: GetBundleInfo failed!bundleName is com.huawei.hmsapp.totemweather, userId is 100
09-10 01:18:59.250   490  2348 E C01651/DataProviderConfig: GetFromProxyData: Get bundleInfo failed! bundleName:com.huawei.hmsapp.totemweather, userId:100, visitedId:100, uri:******icIconInfo
09-10 01:18:59.250   490  2348 E C01651/DataShareServiceImpl: GetBMSAndMetaDataStatus: CalledInfo failed! token:0x2002a7c3,ret:1001,uri:******icIconInfo
09-10 01:18:59.250   490  2348 E C01651/DataShareServiceImpl: GetSilentProxyStatus: BMS or metaData not ready to complete, token:0x2002a7c3, uri:******icIconInfo
09-10 01:18:59.250  2458  2458 E A01c06/ICON: AppIconWeatherModel --> get weather info failed, code: 15700010, message: The DataShareHelper is not initialized successfully.
09-10 01:18:59.267   316 22433 W C01f04/MultiSimontroller: [GetSimAccountInfo-(multi_sim_controller.cpp:1141)] slotId 0 is invalid
09-10 01:18:59.267   316 22433 E C01f04/TelephonySubsystem: GetSimAccountInfo fail!
09-10 01:18:59.272 24218 24218 W C02c02/PARAM: Selinux check name persist.init.debug.loglevel in u:object_r:startup_init_param:s0 [24218 2000 2000] failed
09-10 01:18:59.272 24218 24218 W C02c02/PARAM: Selinux check name persist.init.debug.loglevel in u:object_r:startup_init_param:s0 [24218 2000 2000] failed
09-10 01:18:59.272 24218 24218 W C02c02/PARAM: SystemReadParam failed!name is:persist.init.debug.loglevel,err:1002
09-10 01:18:59.275 24220 24220 W C02c02/PARAM: Selinux check name persist.init.debug.loglevel in u:object_r:startup_init_param:s0 [24220 2000 2000] failed
09-10 01:18:59.275 24220 24220 W C02c02/PARAM: Selinux check name persist.init.debug.loglevel in u:object_r:startup_init_param:s0 [24220 2000 2000] failed
09-10 01:18:59.275 24220 24220 W C02c02/PARAM: SystemReadParam failed!name is:persist.init.debug.loglevel,err:1002
09-10 01:18:59.275 24221 24221 W C02c02/PARAM: Selinux check name persist.init.debug.loglevel in u:object_r:startup_init_param:s0 [24221 2000 2000] failed
09-10 01:18:59.275 24222 24222 W C02c02/PARAM: Selinux check name persist.init.debug.loglevel in u:object_r:startup_init_param:s0 [24222 2000 2000] failed
09-10 01:18:59.275 24221 24221 W C02c02/PARAM: Selinux check name persist.init.debug.loglevel in u:object_r:startup_init_param:s0 [24221 2000 2000] failed
09-10 01:18:59.275 24221 24221 W C02c02/PARAM: SystemReadParam failed!name is:persist.init.debug.loglevel,err:1002
09-10 01:18:59.275 24222 24222 W C02c02/PARAM: Selinux check name persist.init.debug.loglevel in u:object_r:startup_init_param:s0 [24222 2000 2000] failed
09-10 01:18:59.275 24222 24222 W C02c02/PARAM: SystemReadParam failed!name is:persist.init.debug.loglevel,err:1002
09-10 01:18:59.280 24223 24223 W C02c02/PARAM: Selinux check name persist.init.debug.loglevel in u:object_r:startup_init_param:s0 [24223 2000 2000] failed
09-10 01:18:59.280 24223 24223 W C02c02/PARAM: Selinux check name persist.init.debug.loglevel in u:object_r:startup_init_param:s0 [24223 2000 2000] failed
09-10 01:18:59.280 24223 24223 W C02c02/PARAM: SystemReadParam failed!name is:persist.init.debug.loglevel,err:1002
09-10 01:18:59.281 24224 24224 W C02c02/PARAM: Selinux check name persist.init.debug.loglevel in u:object_r:startup_init_param:s0 [24224 2000 2000] failed
09-10 01:18:59.281 24224 24224 W C02c02/PARAM: Selinux check name persist.init.debug.loglevel in u:object_r:startup_init_param:s0 [24224 2000 2000] failed
09-10 01:18:59.281 24224 24224 W C02c02/PARAM: SystemReadParam failed!name is:persist.init.debug.loglevel,err:1002
09-10 01:18:59.440   125   125 I C01800/SAMGR: NF SA:65962,832_12031
09-10 01:18:59.476 24226 24226 W C02c02/PARAM: Selinux check name persist.init.debug.loglevel in u:object_r:startup_init_param:s0 [24226 2000 2000] failed
09-10 01:18:59.476 24226 24226 W C02c02/PARAM: Selinux check name persist.init.debug.loglevel in u:object_r:startup_init_param:s0 [24226 2000 2000] failed
09-10 01:18:59.476 24226 24226 W C02c02/PARAM: SystemReadParam failed!name is:persist.init.debug.loglevel,err:1002
09-10 01:18:59.479 24228 24228 W C02c02/PARAM: Selinux check name persist.init.debug.loglevel in u:object_r:startup_init_param:s0 [24228 2000 2000] failed
09-10 01:18:59.479 24228 24228 W C02c02/PARAM: Selinux check name persist.init.debug.loglevel in u:object_r:startup_init_param:s0 [24228 2000 2000] failed
09-10 01:18:59.479 24228 24228 W C02c02/PARAM: SystemReadParam failed!name is:persist.init.debug.loglevel,err:1002
09-10 01:18:59.482 24229 24229 W C02c02/PARAM: Selinux check name persist.init.debug.loglevel in u:object_r:startup_init_param:s0 [24229 2000 2000] failed
09-10 01:18:59.482 24229 24229 W C02c02/PARAM: Selinux check name persist.init.debug.loglevel in u:object_r:startup_init_param:s0 [24229 2000 2000] failed
09-10 01:18:59.482 24229 24229 W C02c02/PARAM: SystemReadParam failed!name is:persist.init.debug.loglevel,err:1002
09-10 01:18:59.593   474  1280 I C02d10/CpuCollector: CalculateProcessCpuStatInfos: startTime=1788974329586, endTime=1788974339593, startBootTime=264734765, endBootTime=264744772, period=10007, isNeedUpdate=1
09-10 01:18:59.598   592   812 W C02943/ThermalHdi: Read node failed, title = brightness
09-10 01:18:59.598   592   812 W C02943/ThermalHdi: Read node failed, title = 
09-10 01:18:59.598   592   812 W C02943/ThermalHdi: Read node failed, title = 
09-10 01:18:59.598   592   812 W C02943/ThermalHdi: Read node failed, title = 
09-10 01:18:59.598   592   812 W C02943/ThermalHdi: Read node failed, title = 
09-10 01:18:59.598   592   812 W C02943/ThermalHdi: Read node failed, title = 
09-10 01:18:59.598   592   812 W C02943/ThermalHdi: Read node failed, title = 
09-10 01:18:59.598   592   812 W C02943/ThermalHdi: Read node failed, title = 
09-10 01:18:59.598   592   812 W C02943/ThermalHdi: Read node failed, title = 
09-10 01:18:59.598   592   812 W C02943/ThermalHdi: Read node failed, title = 
09-10 01:18:59.598   592   812 W C02943/ThermalHdi: Read node failed, title = 
09-10 01:18:59.598   592   812 W C02943/ThermalHdi: Read node failed, title = 
09-10 01:18:59.598   592   812 W C02943/ThermalHdi: Read node failed, title = 
09-10 01:18:59.598   592   812 W C02943/ThermalHdi: Read node failed, title = 
09-10 01:18:59.598   592   812 W C02943/ThermalHdi: Read node failed, title = 
09-10 01:18:59.599   592   812 W C02943/ThermalHdi: Read node failed, title = 
09-10 01:18:59.599   592   812 W C02943/ThermalHdi: Read node failed, title = 
09-10 01:18:59.599   592   812 W C02943/ThermalHdi: Read node failed, title = 
09-10 01:18:59.599   592   812 W C02943/ThermalHdi: Read node failed, title = 
09-10 01:18:59.599   592   812 W C02943/ThermalHdi: Read node failed, title = 
09-10 01:18:59.599   592   812 W C02943/ThermalHdi: Read node failed, title = 
09-10 01:18:59.599   592   812 W C02943/ThermalHdi: Read node failed, title = 
09-10 01:18:59.599   592   812 W C02943/ThermalHdi: Read node failed, title = 
09-10 01:18:59.599   592   812 W C02943/ThermalHdi: Read node failed, title = 
09-10 01:18:59.599   592   812 W C02943/ThermalHdi: Read node failed, title = 
09-10 01:18:59.599   592   812 W C02943/ThermalHdi: Read node failed, title = ambient
09-10 01:18:59.599   592   812 W C02943/ThermalHdi: Read node failed, title = ibat
09-10 01:18:59.599   592   812 W C02943/ThermalHdi: Read node failed, title = vbat
09-10 01:18:59.599   592   812 W C02943/ThermalHdi: Read node failed, title = cpu0_min_freq
09-10 01:18:59.599   592   812 W C02943/ThermalHdi: Read node failed, title = cpu0_cur_freq
09-10 01:18:59.599   592   812 W C02943/ThermalHdi: Read node failed, title = cpu0_max_freq
09-10 01:18:59.599   592   812 W C02943/ThermalHdi: Read node failed, title = cpu4_min_freq
09-10 01:18:59.599   592   812 W C02943/ThermalHdi: Read node failed, title = cpu4_cur_freq
09-10 01:18:59.599   592   812 W C02943/ThermalHdi: Read node failed, title = cpu4_max_freq
09-10 01:18:59.599   592   812 W C02943/ThermalHdi: Read node failed, title = cpu7_min_freq
09-10 01:18:59.599   592   812 W C02943/ThermalHdi: Read node failed, title = cpu7_cur_freq
09-10 01:18:59.599   592   812 W C02943/ThermalHdi: Read node failed, title = cpu7_max_freq
09-10 01:18:59.599   592   812 W C02943/ThermalHdi: Read node failed, title = gpu_min_freq
09-10 01:18:59.599   592   812 W C02943/ThermalHdi: Read node failed, title = gpu_cur_freq
09-10 01:18:59.599   592   812 W C02943/ThermalHdi: Read node failed, title = gpu_max_freq
09-10 01:18:59.599   592   812 W C02943/ThermalHdi: Read node failed, title = ddr_cur_freq
09-10 01:18:59.599   592   812 W C02943/ThermalHdi: Read node failed, title = set_IPApower
09-10 01:18:59.599   592   812 W C02943/ThermalHdi: Read node failed, title = cur_IPApower
09-10 01:18:59.599   592   812 W C02943/ThermalHdi: get node failed
09-10 01:18:59.599   592   812 W C02943/ThermalHdi: get node failed
09-10 01:18:59.599   592   812 W C02943/ThermalHdi: get node failed
09-10 01:18:59.642   125   125 I C01800/SAMGR: NF SA:65962,832_12032
09-10 01:18:59.811  3290  3290 I C02500/Qemud: Guest heartbeat success.
09-10 01:18:59.844   125   125 I C01800/SAMGR: NF SA:65962,832_12033
09-10 01:19:00.000   458   470 I C01c42/TimeService: TK
09-10 01:19:00.000   458   470 W C01c42/TimeService: id:994184523 we:264805179
09-10 01:19:00.000   458   470 W C01c42/TimeService: t3 264805179
09-10 01:19:00.001   458   470 I C01c42/TimeService: tick id:994184523 time:1788974400
09-10 01:19:00.002   782 24183 I C01202/Unordered: Pid 458 publish usual.event.TIME_TICK to -1 end(6,6,0,0)
09-10 01:19:00.002 24231 24231 W C02c02/PARAM: Selinux check name persist.init.debug.loglevel in u:object_r:startup_init_param:s0 [24231 2000 2000] failed
09-10 01:19:00.002 24231 24231 W C02c02/PARAM: Selinux check name persist.init.debug.loglevel in u:object_r:startup_init_param:s0 [24231 2000 2000] failed
09-10 01:19:00.002 24231 24231 W C02c02/PARAM: SystemReadParam failed!name is:persist.init.debug.loglevel,err:1002
09-10 01:19:00.003  2458  2458 I A01a01/NC: StatusBarSysEventUtil: onTimeChangeEvent
09-10 01:19:00.005  2458  2458 W A01c06/ICON: AppIconCalendarCache --> receive date change event, nowData: 10, dateText: ,image is transparent: false, image is empty: true
09-10 01:19:00.005  2458  2458 W A01c06/ICON: AppIconCalendarCache --> com.huawei.hmos.calendar is not dynamic icon, bundleName is com.huawei.hmos.calendar
09-10 01:19:00.005  2458  2458 E A01c06/ICON: AppIconCalendarCache --> backgroundImage resource error
09-10 01:19:00.005  2458  2458 E A01c06/ICON: AppIconCalendarCache --> calendarForegroundBuilder is null
09-10 01:19:00.006  2599 24233 I C02b70/MediaLibrary: BackgroundCloudBatchSelectedFileProcessor:{TriggerAutoResumeBatchDownloadResourceCheck:1206} BatchSelectFileDownload Timely Check AutoResume Processor with task running ext
09-10 01:19:00.006 24231 24231 W C02c02/PARAM: Selinux check name persist.init.debug.loglevel in u:object_r:startup_init_param:s0 [24231 2000 2000] failed
09-10 01:19:00.006 24231 24231 W C02c02/PARAM: Selinux check name persist.init.debug.loglevel in u:object_r:startup_init_param:s0 [24231 2000 2000] failed
09-10 01:19:00.006 24231 24231 W C02c02/PARAM: SystemReadParam failed!name is:persist.init.debug.loglevel,err:1002
09-10 01:19:00.045   125   125 I C01800/SAMGR: NF SA:65962,832_12034
09-10 01:19:00.074 26604 26604 I C0392c/AceForEach: [(100000:100000:scope)] ForEachNode skip mark dirty. Id[4236], Ids.size[16]
09-10 01:19:00.089   764   764 E C01406/RSScreenManager: IsAllScreensPowerOff: screenPowerStatus_ is empty.
09-10 01:19:00.094   764   855 I C01406/skia: RSSurfaceRenderNodeDrawable::OnDraw name:com.ohos.sceneboardEngineServiceAbility, the number of total processedNodes: 9
09-10 01:19:00.123   764   855 E C02515/DGLES: [d_eglSwapBuffers_special@egl_gpu.cpp:729] thread output size 1022787 speed 16k/s API_num 914
09-10 01:19:00.125   626   630 W C02515/DISP: [SetLayerMaskInfo:495] <private> is not supported
09-10 01:19:00.125   626  3268 I C02515/DISP: [CommitComposeLayer:67] CommitComposeLayer! 10
09-10 01:19:00.186 24239 24239 W C02c02/PARAM: Selinux check name persist.init.debug.loglevel in u:object_r:startup_init_param:s0 [24239 2000 2000] failed
09-10 01:19:00.186 24239 24239 W C02c02/PARAM: Selinux check name persist.init.debug.loglevel in u:object_r:startup_init_param:s0 [24239 2000 2000] failed
09-10 01:19:00.186 24239 24239 W C02c02/PARAM: SystemReadParam failed!name is:persist.init.debug.loglevel,err:1002
09-10 01:19:00.190 24242 24242 W C02c02/PARAM: Selinux check name persist.init.debug.loglevel in u:object_r:startup_init_param:s0 [24242 2000 2000] failed
09-10 01:19:00.190 24242 24242 W C02c02/PARAM: Selinux check name persist.init.debug.loglevel in u:object_r:startup_init_param:s0 [24242 2000 2000] failed
09-10 01:19:00.190 24241 24241 W C02c02/PARAM: Selinux check name persist.init.debug.loglevel in u:object_r:startup_init_param:s0 [24241 2000 2000] failed
09-10 01:19:00.190 24242 24242 W C02c02/PARAM: SystemReadParam failed!name is:persist.init.debug.loglevel,err:1002
09-10 01:19:00.190 24241 24241 W C02c02/PARAM: Selinux check name persist.init.debug.loglevel in u:object_r:startup_init_param:s0 [24241 2000 2000] failed
09-10 01:19:00.190 24241 24241 W C02c02/PARAM: SystemReadParam failed!name is:persist.init.debug.loglevel,err:1002
09-10 01:19:00.190 24243 24243 W C02c02/PARAM: Selinux check name persist.init.debug.loglevel in u:object_r:startup_init_param:s0 [24243 2000 2000] failed
09-10 01:19:00.190 24243 24243 W C02c02/PARAM: Selinux check name persist.init.debug.loglevel in u:object_r:startup_init_param:s0 [24243 2000 2000] failed
09-10 01:19:00.190 24243 24243 W C02c02/PARAM: SystemReadParam failed!name is:persist.init.debug.loglevel,err:1002
09-10 01:19:00.194 24244 24244 W C02c02/PARAM: Selinux check name persist.init.debug.loglevel in u:object_r:startup_init_param:s0 [24244 2000 2000] failed
09-10 01:19:00.194 24244 24244 W C02c02/PARAM: Selinux check name persist.init.debug.loglevel in u:object_r:startup_init_param:s0 [24244 2000 2000] failed
09-10 01:19:00.194 24244 24244 W C02c02/PARAM: SystemReadParam failed!name is:persist.init.debug.loglevel,err:1002
09-10 01:19:00.195 24245 24245 W C02c02/PARAM: Selinux check name persist.init.debug.loglevel in u:object_r:startup_init_param:s0 [24245 2000 2000] failed
09-10 01:19:00.195 24245 24245 W C02c02/PARAM: Selinux check name persist.init.debug.loglevel in u:object_r:startup_init_param:s0 [24245 2000 2000] failed
09-10 01:19:00.195 24245 24245 W C02c02/PARAM: SystemReadParam failed!name is:persist.init.debug.loglevel,err:1002
09-10 01:19:00.245   125   125 I C01800/SAMGR: NF SA:65962,832_12035
09-10 01:19:00.252  2458  2458 W A01c06/ICON: AppIconWeatherModel --> initWeatherListener, retryTimes: 4
09-10 01:19:00.253   490  2348 E C01707/CONCUR: [Interface] task 2348 apply qos failed, errno = 4
09-10 01:19:00.253   490  2348 E C01611/QosManager: QosManager: Failed to set thread QoS to QOS_USER_INTERACTIVE, ret: -1
09-10 01:19:00.253   782  1040 W C01123/BMSCommon: bundle not exist -n com.huawei.hmsapp.totemweather -u 100 -i 0 -f 32
09-10 01:19:00.253   782  1040 W C01121/BMSQuery: GetBundleInfo failed -n com.huawei.hmsapp.totemweather -u 100
09-10 01:19:00.253   490  2348 E C01651/BundleMgrProxy: GetBundleInfoFromBMS: GetBundleInfo failed!bundleName is com.huawei.hmsapp.totemweather, userId is 100
09-10 01:19:00.253   490  2348 E C01651/DataProviderConfig: GetFromProxyData: Get bundleInfo failed! bundleName:com.huawei.hmsapp.totemweather, userId:100, visitedId:100, uri:******icIconInfo
09-10 01:19:00.253   490  2348 E C01651/DataShareServiceImpl: GetBMSAndMetaDataStatus: CalledInfo failed! token:0x2002a7c3,ret:1001,uri:******icIconInfo
09-10 01:19:00.253   490  2348 E C01651/DataShareServiceImpl: GetSilentProxyStatus: BMS or metaData not ready to complete, token:0x2002a7c3, uri:******icIconInfo
09-10 01:19:00.253  2458  2458 E A01c06/ICON: AppIconWeatherModel --> get weather info failed, code: 15700010, message: The DataShareHelper is not initialized successfully.
09-10 01:19:00.391 24247 24247 W C02c02/PARAM: Selinux check name persist.init.debug.loglevel in u:object_r:startup_init_param:s0 [24247 2000 2000] failed
09-10 01:19:00.391 24247 24247 W C02c02/PARAM: Selinux check name persist.init.debug.loglevel in u:object_r:startup_init_param:s0 [24247 2000 2000] failed
09-10 01:19:00.391 24247 24247 W C02c02/PARAM: SystemReadParam failed!name is:persist.init.debug.loglevel,err:1002
09-10 01:19:00.394 24249 24249 W C02c02/PARAM: Selinux check name persist.init.debug.loglevel in u:object_r:startup_init_param:s0 [24249 2000 2000] failed
09-10 01:19:00.394 24249 24249 W C02c02/PARAM: Selinux check name persist.init.debug.loglevel in u:object_r:startup_init_param:s0 [24249 2000 2000] failed
09-10 01:19:00.394 24249 24249 W C02c02/PARAM: SystemReadParam failed!name is:persist.init.debug.loglevel,err:1002
09-10 01:19:00.396 24250 24250 W C02c02/PARAM: Selinux check name persist.init.debug.loglevel in u:object_r:startup_init_param:s0 [24250 2000 2000] failed
09-10 01:19:00.396 24250 24250 W C02c02/PARAM: Selinux check name persist.init.debug.loglevel in u:object_r:startup_init_param:s0 [24250 2000 2000] failed
09-10 01:19:00.396 24250 24250 W C02c02/PARAM: SystemReadParam failed!name is:persist.init.debug.loglevel,err:1002
09-10 01:19:00.446   125   125 I C01800/SAMGR: NF SA:65962,832_12036
09-10 01:19:00.647   125   125 I C01800/SAMGR: NF SA:65962,832_12037
09-10 01:19:00.647   832   925 E C01810/SA_CLIENT: GetSaWrap SA:65962 not start
09-10 01:19:00.647   832   925 I C01409/APS_MANAGER: request system service object is not ready yet!
09-10 01:19:00.921 24252 24252 W C02c02/PARAM: Selinux check name persist.init.debug.loglevel in u:object_r:startup_init_param:s0 [24252 2000 2000] failed
09-10 01:19:00.921 24252 24252 W C02c02/PARAM: Selinux check name persist.init.debug.loglevel in u:object_r:startup_init_param:s0 [24252 2000 2000] failed
09-10 01:19:00.921 24252 24252 W C02c02/PARAM: SystemReadParam failed!name is:persist.init.debug.loglevel,err:1002
09-10 01:19:00.923 24252 24252 W C02c02/PARAM: Selinux check name persist.init.debug.loglevel in u:object_r:startup_init_param:s0 [24252 2000 2000] failed
09-10 01:19:00.923 24252 24252 W C02c02/PARAM: Selinux check name persist.init.debug.loglevel in u:object_r:startup_init_param:s0 [24252 2000 2000] failed
09-10 01:19:00.923 24252 24252 W C02c02/PARAM: SystemReadParam failed!name is:persist.init.debug.loglevel,err:1002
09-10 01:19:01.092 24255 24255 W C02c02/PARAM: Selinux check name persist.init.debug.loglevel in u:object_r:startup_init_param:s0 [24255 2000 2000] failed
09-10 01:19:01.092 24255 24255 W C02c02/PARAM: Selinux check name persist.init.debug.loglevel in u:object_r:startup_init_param:s0 [24255 2000 2000] failed
09-10 01:19:01.092 24255 24255 W C02c02/PARAM: SystemReadParam failed!name is:persist.init.debug.loglevel,err:1002
09-10 01:19:01.096 24257 24257 I C02d20/DumperService: SetCmdArgs# hidumper cmd:hidumper -s 1201 -a -p Faultlogger -LogSuffixWithMs , calllingUid=2000, calllingPid=24257, ppid:24255.
09-10 01:19:01.096 24257 24258 W C057c1/IPCWorkThread: ThreadHandler: proto:0 policy:1 name:OS_IPC_0_24258 invoker:2214620288
09-10 01:19:01.096 24257 24259 W C057c1/IPCWorkThread: ThreadHandler: proto:0 policy:0 name:OS_IPC_1_24259 invoker:2242192000
09-10 01:19:01.096  3904  3905 I C02d20/DumperService: DelayUnloadTask# recieve new request, delay unload task begin, calllingPid=24257
09-10 01:19:01.097   474  2593 I C02d11/Faultlogger: DumpByCommands: DumpRequest: detail:0, list:0, file:, name:, time:-1
09-10 01:19:01.097  3904  3905 I C02d20/DumperService: GetData# SA name:1201 dump success, cmd:-p Faultlogger -LogSuffixWithMs , calllingPid=24257!
09-10 01:19:01.167 24261 24261 W C02c02/PARAM: Selinux check name persist.init.debug.loglevel in u:object_r:startup_init_param:s0 [24261 2000 2000] failed
09-10 01:19:01.167 24261 24261 W C02c02/PARAM: Selinux check name persist.init.debug.loglevel in u:object_r:startup_init_param:s0 [24261 2000 2000] failed
09-10 01:19:01.167 24261 24261 W C02c02/PARAM: SystemReadParam failed!name is:persist.init.debug.loglevel,err:1002
09-10 01:19:01.170 24263 24263 W C02c02/PARAM: Selinux check name persist.init.debug.loglevel in u:object_r:startup_init_param:s0 [24263 2000 2000] failed
09-10 01:19:01.170 24263 24263 W C02c02/PARAM: Selinux check name persist.init.debug.loglevel in u:object_r:startup_init_param:s0 [24263 2000 2000] failed
09-10 01:19:01.170 24263 24263 W C02c02/PARAM: SystemReadParam failed!name is:persist.init.debug.loglevel,err:1002
09-10 01:19:01.170 24264 24264 W C02c02/PARAM: Selinux check name persist.init.debug.loglevel in u:object_r:startup_init_param:s0 [24264 2000 2000] failed
09-10 01:19:01.170 24264 24264 W C02c02/PARAM: Selinux check name persist.init.debug.loglevel in u:object_r:startup_init_param:s0 [24264 2000 2000] failed
09-10 01:19:01.170 24264 24264 W C02c02/PARAM: SystemReadParam failed!name is:persist.init.debug.loglevel,err:1002
09-10 01:19:01.170 24265 24265 W C02c02/PARAM: Selinux check name persist.init.debug.loglevel in u:object_r:startup_init_param:s0 [24265 2000 2000] failed
09-10 01:19:01.170 24265 24265 W C02c02/PARAM: Selinux check name persist.init.debug.loglevel in u:object_r:startup_init_param:s0 [24265 2000 2000] failed
09-10 01:19:01.170 24265 24265 W C02c02/PARAM: SystemReadParam failed!name is:persist.init.debug.loglevel,err:1002
09-10 01:19:01.174 24266 24266 W C02c02/PARAM: Selinux check name persist.init.debug.loglevel in u:object_r:startup_init_param:s0 [24266 2000 2000] failed
09-10 01:19:01.174 24266 24266 W C02c02/PARAM: Selinux check name persist.init.debug.loglevel in u:object_r:startup_init_param:s0 [24266 2000 2000] failed
09-10 01:19:01.174 24266 24266 W C02c02/PARAM: SystemReadParam failed!name is:persist.init.debug.loglevel,err:1002
09-10 01:19:01.174 24267 24267 W C02c02/PARAM: Selinux check name persist.init.debug.loglevel in u:object_r:startup_init_param:s0 [24267 2000 2000] failed
09-10 01:19:01.174 24267 24267 W C02c02/PARAM: Selinux check name persist.init.debug.loglevel in u:object_r:startup_init_param:s0 [24267 2000 2000] failed
09-10 01:19:01.174 24267 24267 W C02c02/PARAM: SystemReadParam failed!name is:persist.init.debug.loglevel,err:1002
09-10 01:19:01.256  2458  2458 W A01c06/ICON: AppIconWeatherModel --> initWeatherListener, retryTimes: 4
09-10 01:19:01.257   490  2348 E C01707/CONCUR: [Interface] task 2348 apply qos failed, errno = 4
09-10 01:19:01.257   490  2348 E C01611/QosManager: QosManager: Failed to set thread QoS to QOS_USER_INTERACTIVE, ret: -1
09-10 01:19:01.257   782  1040 W C01123/BMSCommon: bundle not exist -n com.huawei.hmsapp.totemweather -u 100 -i 0 -f 32
09-10 01:19:01.257   782  1040 W C01121/BMSQuery: GetBundleInfo failed -n com.huawei.hmsapp.totemweather -u 100
09-10 01:19:01.258   490  2348 E C01651/BundleMgrProxy: GetBundleInfoFromBMS: GetBundleInfo failed!bundleName is com.huawei.hmsapp.totemweather, userId is 100
09-10 01:19:01.258   490  2348 E C01651/DataProviderConfig: GetFromProxyData: Get bundleInfo failed! bundleName:com.huawei.hmsapp.totemweather, userId:100, visitedId:100, uri:******icIconInfo
09-10 01:19:01.258   490  2348 E C01651/DataShareServiceImpl: GetBMSAndMetaDataStatus: CalledInfo failed! token:0x2002a7c3,ret:1001,uri:******icIconInfo
09-10 01:19:01.258   490  2348 E C01651/DataShareServiceImpl: GetSilentProxyStatus: BMS or metaData not ready to complete, token:0x2002a7c3, uri:******icIconInfo
09-10 01:19:01.258  2458  2458 E A01c06/ICON: AppIconWeatherModel --> get weather info failed, code: 15700010, message: The DataShareHelper is not initialized successfully.
09-10 01:19:01.374 24269 24269 W C02c02/PARAM: Selinux check name persist.init.debug.loglevel in u:object_r:startup_init_param:s0 [24269 2000 2000] failed
09-10 01:19:01.374 24269 24269 W C02c02/PARAM: Selinux check name persist.init.debug.loglevel in u:object_r:startup_init_param:s0 [24269 2000 2000] failed
09-10 01:19:01.374 24269 24269 W C02c02/PARAM: SystemReadParam failed!name is:persist.init.debug.loglevel,err:1002
09-10 01:19:01.376 24271 24271 W C02c02/PARAM: Selinux check name persist.init.debug.loglevel in u:object_r:startup_init_param:s0 [24271 2000 2000] failed
09-10 01:19:01.376 24271 24271 W C02c02/PARAM: Selinux check name persist.init.debug.loglevel in u:object_r:startup_init_param:s0 [24271 2000 2000] failed
09-10 01:19:01.376 24271 24271 W C02c02/PARAM: SystemReadParam failed!name is:persist.init.debug.loglevel,err:1002
09-10 01:19:01.379 24272 24272 W C02c02/PARAM: Selinux check name persist.init.debug.loglevel in u:object_r:startup_init_param:s0 [24272 2000 2000] failed
09-10 01:19:01.379 24272 24272 W C02c02/PARAM: Selinux check name persist.init.debug.loglevel in u:object_r:startup_init_param:s0 [24272 2000 2000] failed
09-10 01:19:01.379 24272 24272 W C02c02/PARAM: SystemReadParam failed!name is:persist.init.debug.loglevel,err:1002
09-10 01:19:01.904 24274 24274 W C02c02/PARAM: Selinux check name persist.init.debug.loglevel in u:object_r:startup_init_param:s0 [24274 2000 2000] failed
09-10 01:19:01.904 24274 24274 W C02c02/PARAM: Selinux check name persist.init.debug.loglevel in u:object_r:startup_init_param:s0 [24274 2000 2000] failed
09-10 01:19:01.904 24274 24274 W C02c02/PARAM: SystemReadParam failed!name is:persist.init.debug.loglevel,err:1002
09-10 01:19:01.907 24274 24274 W C02c02/PARAM: Selinux check name persist.init.debug.loglevel in u:object_r:startup_init_param:s0 [24274 2000 2000] failed
09-10 01:19:01.907 24274 24274 W C02c02/PARAM: Selinux check name persist.init.debug.loglevel in u:object_r:startup_init_param:s0 [24274 2000 2000] failed
09-10 01:19:01.907 24274 24274 W C02c02/PARAM: SystemReadParam failed!name is:persist.init.debug.loglevel,err:1002
09-10 01:19:02.166 24277 24277 W C02c02/PARAM: Selinux check name persist.init.debug.loglevel in u:object_r:startup_init_param:s0 [24277 2000 2000] failed
09-10 01:19:02.166 24277 24277 W C02c02/PARAM: Selinux check name persist.init.debug.loglevel in u:object_r:startup_init_param:s0 [24277 2000 2000] failed
09-10 01:19:02.166 24277 24277 W C02c02/PARAM: SystemReadParam failed!name is:persist.init.debug.loglevel,err:1002
09-10 01:19:02.169 24279 24279 W C02c02/PARAM: Selinux check name persist.init.debug.loglevel in u:object_r:startup_init_param:s0 [24279 2000 2000] failed
09-10 01:19:02.169 24279 24279 W C02c02/PARAM: Selinux check name persist.init.debug.loglevel in u:object_r:startup_init_param:s0 [24279 2000 2000] failed
09-10 01:19:02.169 24279 24279 W C02c02/PARAM: SystemReadParam failed!name is:persist.init.debug.loglevel,err:1002
09-10 01:19:02.169 24280 24280 W C02c02/PARAM: Selinux check name persist.init.debug.loglevel in u:object_r:startup_init_param:s0 [24280 2000 2000] failed
09-10 01:19:02.169 24280 24280 W C02c02/PARAM: Selinux check name persist.init.debug.loglevel in u:object_r:startup_init_param:s0 [24280 2000 2000] failed
09-10 01:19:02.169 24280 24280 W C02c02/PARAM: SystemReadParam failed!name is:persist.init.debug.loglevel,err:1002
09-10 01:19:02.169 24281 24281 W C02c02/PARAM: Selinux check name persist.init.debug.loglevel in u:object_r:startup_init_param:s0 [24281 2000 2000] failed
09-10 01:19:02.169 24281 24281 W C02c02/PARAM: Selinux check name persist.init.debug.loglevel in u:object_r:startup_init_param:s0 [24281 2000 2000] failed
09-10 01:19:02.169 24281 24281 W C02c02/PARAM: SystemReadParam failed!name is:persist.init.debug.loglevel,err:1002
09-10 01:19:02.173 24282 24282 W C02c02/PARAM: Selinux check name persist.init.debug.loglevel in u:object_r:startup_init_param:s0 [24282 2000 2000] failed
09-10 01:19:02.173 24282 24282 W C02c02/PARAM: Selinux check name persist.init.debug.loglevel in u:object_r:startup_init_param:s0 [24282 2000 2000] failed
09-10 01:19:02.173 24282 24282 W C02c02/PARAM: SystemReadParam failed!name is:persist.init.debug.loglevel,err:1002
09-10 01:19:02.173 24283 24283 W C02c02/PARAM: Selinux check name persist.init.debug.loglevel in u:object_r:startup_init_param:s0 [24283 2000 2000] failed
09-10 01:19:02.173 24283 24283 W C02c02/PARAM: Selinux check name persist.init.debug.loglevel in u:object_r:startup_init_param:s0 [24283 2000 2000] failed
09-10 01:19:02.173 24283 24283 W C02c02/PARAM: SystemReadParam failed!name is:persist.init.debug.loglevel,err:1002
09-10 01:19:02.260  2458  2458 W A01c06/ICON: AppIconWeatherModel --> initWeatherListener, retryTimes: 4
09-10 01:19:02.262   490  2348 E C01707/CONCUR: [Interface] task 2348 apply qos failed, errno = 4
09-10 01:19:02.262   490  2348 E C01611/QosManager: QosManager: Failed to set thread QoS to QOS_USER_INTERACTIVE, ret: -1
09-10 01:19:02.262   782  1040 W C01123/BMSCommon: bundle not exist -n com.huawei.hmsapp.totemweather -u 100 -i 0 -f 32
09-10 01:19:02.262   782  1040 W C01121/BMSQuery: GetBundleInfo failed -n com.huawei.hmsapp.totemweather -u 100
09-10 01:19:02.262   490  2348 E C01651/BundleMgrProxy: GetBundleInfoFromBMS: GetBundleInfo failed!bundleName is com.huawei.hmsapp.totemweather, userId is 100
09-10 01:19:02.262   490  2348 E C01651/DataProviderConfig: GetFromProxyData: Get bundleInfo failed! bundleName:com.huawei.hmsapp.totemweather, userId:100, visitedId:100, uri:******icIconInfo
09-10 01:19:02.262   490  2348 E C01651/DataShareServiceImpl: GetBMSAndMetaDataStatus: CalledInfo failed! token:0x2002a7c3,ret:1001,uri:******icIconInfo
09-10 01:19:02.262   490  2348 E C01651/DataShareServiceImpl: GetSilentProxyStatus: BMS or metaData not ready to complete, token:0x2002a7c3, uri:******icIconInfo
09-10 01:19:02.262  2458  2458 E A01c06/ICON: AppIconWeatherModel --> get weather info failed, code: 15700010, message: The DataShareHelper is not initialized successfully.
09-10 01:19:02.376 24285 24285 W C02c02/PARAM: Selinux check name persist.init.debug.loglevel in u:object_r:startup_init_param:s0 [24285 2000 2000] failed
09-10 01:19:02.376 24285 24285 W C02c02/PARAM: Selinux check name persist.init.debug.loglevel in u:object_r:startup_init_param:s0 [24285 2000 2000] failed
09-10 01:19:02.376 24285 24285 W C02c02/PARAM: SystemReadParam failed!name is:persist.init.debug.loglevel,err:1002
09-10 01:19:02.378 24287 24287 W C02c02/PARAM: Selinux check name persist.init.debug.loglevel in u:object_r:startup_init_param:s0 [24287 2000 2000] failed
09-10 01:19:02.379 24287 24287 W C02c02/PARAM: Selinux check name persist.init.debug.loglevel in u:object_r:startup_init_param:s0 [24287 2000 2000] failed
09-10 01:19:02.379 24287 24287 W C02c02/PARAM: SystemReadParam failed!name is:persist.init.debug.loglevel,err:1002
09-10 01:19:02.381 24288 24288 W C02c02/PARAM: Selinux check name persist.init.debug.loglevel in u:object_r:startup_init_param:s0 [24288 2000 2000] failed
09-10 01:19:02.381 24288 24288 W C02c02/PARAM: Selinux check name persist.init.debug.loglevel in u:object_r:startup_init_param:s0 [24288 2000 2000] failed
09-10 01:19:02.381 24288 24288 W C02c02/PARAM: SystemReadParam failed!name is:persist.init.debug.loglevel,err:1002
09-10 01:19:02.648   125   125 I C01800/SAMGR: NF SA:65962,832_12038
09-10 01:19:02.794  1292 23561 I C02300/FenceExtension: start connectAbility,userId:-1
09-10 01:19:02.794  1292 23561 I C02300/FenceExtension: ConnectAbility
09-10 01:19:02.794  1292 23561 I C01342/ServiceExt: [AMC590]name:com.huawei.hmos.location SAFeatureServiceExtensionAbility, userId:-1
09-10 01:19:02.794   782  1040 I C01342/ServiceExt: [a92abb9506c202a, c16a57, 0] [ABMS5452]element: com.huawei.hmos.location/SAFeatureServiceExtensionAbility
09-10 01:19:02.795   782  1040 W C01123/BMSCommon: [a92abb9506c202a, c16a57, 0] uid(1021) invalid
09-10 01:19:02.795   782  1040 I C01336/AMS: [a92abb9506c202a, c16a57, 0] [start_ability_utils.cpp54]appIndex:-1
09-10 01:19:02.795   782  1040 I C01121/BMSQuery: [a92abb9506c202a, c16a57, 0] ExplicitQueryAbility no match -n com.huawei.hmos.location -a SAFeatureServiceExtensionAbility -u 100 -i 0
09-10 01:19:02.795   782  1040 W C01121/BMSQuery: [a92abb9506c202a, c16a57, 0] bundle_data_mgr.cpp:ExplicitQueryExtensionInfo:7082 extensionAbility not found or disabled
09-10 01:19:02.795   782  1040 I C01121/BMSQuery: [a92abb9506c202a, c16a57, 0] ExplicitQueryExtension size:0 -n com.huawei.hmos.location -e SAFeatureServiceExtensionAbility -u 100 -i 0
09-10 01:19:02.795   782  1040 W C01121/BMSQuery: [a92abb9506c202a, c16a57, 0] bundle_mgr_host_impl.cpp:QueryExtensionAbilityInfos:3360 no valid extension info can be inquired
09-10 01:19:02.795   782  1040 E C01336/AMS: [a92abb9506c202a, c16a57, 0] [start_ability_utils.cpp290]extensionInfo empty
09-10 01:19:02.796   782  1040 E C01342/ServiceExt: [a92abb9506c202a, c16a57, 0] [ABMS5755]generate request error
09-10 01:19:02.796  1292 23561 E C02300/FenceExtension: [(DoConnect:153)]CONNECT_ABILITY_FAILED,ret:2097152
09-10 01:19:02.796  1292 23561 I C02300/FenceExtension: start connectAbility,userId:-1
09-10 01:19:02.796  1292 23561 I C02300/FenceExtension: ConnectAbility
09-10 01:19:02.796  1292 23561 I C01342/ServiceExt: [AMC590]name:com.huawei.hmos.location SAFeatureServiceExtensionAbility, userId:-1
09-10 01:19:02.796   782  1040 I C01342/ServiceExt: [a92abc9506c276d, 3bb0312, 0] [ABMS5452]element: com.huawei.hmos.location/SAFeatureServiceExtensionAbility
09-10 01:19:02.796   782  1040 W C01123/BMSCommon: [a92abc9506c276d, 3bb0312, 0] uid(1021) invalid
09-10 01:19:02.796   782  1040 I C01336/AMS: [a92abc9506c276d, 3bb0312, 0] [start_ability_utils.cpp54]appIndex:-1
09-10 01:19:02.796   782  1040 I C01121/BMSQuery: [a92abc9506c276d, 3bb0312, 0] ExplicitQueryAbility no match -n com.huawei.hmos.location -a SAFeatureServiceExtensionAbility -u 100 -i 0
09-10 01:19:02.796   782  1040 W C01121/BMSQuery: [a92abc9506c276d, 3bb0312, 0] bundle_data_mgr.cpp:ExplicitQueryExtensionInfo:7082 extensionAbility not found or disabled
09-10 01:19:02.796   782  1040 I C01121/BMSQuery: [a92abc9506c276d, 3bb0312, 0] ExplicitQueryExtension size:0 -n com.huawei.hmos.location -e SAFeatureServiceExtensionAbility -u 100 -i 0
09-10 01:19:02.796   782  1040 W C01121/BMSQuery: [a92abc9506c276d, 3bb0312, 0] bundle_mgr_host_impl.cpp:QueryExtensionAbilityInfos:3360 no valid extension info can be inquired
09-10 01:19:02.796   782  1040 E C01336/AMS: [a92abc9506c276d, 3bb0312, 0] [start_ability_utils.cpp290]extensionInfo empty
09-10 01:19:02.796   782  1040 E C01342/ServiceExt: [a92abc9506c276d, 3bb0312, 0] [ABMS5755]generate request error
09-10 01:19:02.797  1292 23561 E C02300/FenceExtension: [(DoConnect:153)]CONNECT_ABILITY_FAILED,ret:2097152
09-10 01:19:02.797  1292 23561 W C02300/FenceExtension: connect failed,retry again
09-10 01:19:02.816  3290  3290 I C02500/Qemud: Guest heartbeat success.
09-10 01:19:02.822 24290 24290 W C02c02/PARAM: Selinux check name persist.init.debug.loglevel in u:object_r:startup_init_param:s0 [24290 2000 2000] failed
09-10 01:19:02.822 24290 24290 W C02c02/PARAM: Selinux check name persist.init.debug.loglevel in u:object_r:startup_init_param:s0 [24290 2000 2000] failed
09-10 01:19:02.822 24290 24290 W C02c02/PARAM: SystemReadParam failed!name is:persist.init.debug.loglevel,err:1002
09-10 01:19:02.825 24290 24290 I C02d20/DumperService: SetCmdArgs# hidumper cmd:hidumper --mem , calllingUid=2000, calllingPid=24290, ppid:927.
09-10 01:19:02.825 24290 24292 W C057c1/IPCWorkThread: ThreadHandler: proto:0 policy:1 name:OS_IPC_0_24292 invoker:2118167936
09-10 01:19:02.825 24290 24293 W C057c1/IPCWorkThread: ThreadHandler: proto:0 policy:0 name:OS_IPC_1_24293 invoker:2145737088
09-10 01:19:02.825  3904  3905 I C02d20/DumperService: DelayUnloadTask# recieve new request, delay unload task begin, calllingPid=24290
09-10 01:19:02.834  3904  3905 I C02d20/DumperService: MergePidInfos# info|pidInfos=183
09-10 01:19:02.834  3904  3905 I C02d20/DumperService: AddGroupTitle# hidumper --mem cmd, do not need title.
09-10 01:19:02.834  3904  3905 I C02d20/DumperService: Execute# info|MemoryDumper Execute enter
09-10 01:19:02.840  3904  3905 E C02517/hdf_memorytracker_impl: GetDevMem, dlopen libmemorytracker failed!
09-10 01:19:02.840  3904  3905 I C02699/graphic_memory: pid=1, gl=0
09-10 01:19:02.840  3904  3905 E C02699/file_helper: file[/proc/process_dmabuf_info] open failed.
09-10 01:19:02.840  3904  3905 I C02699/graphic_memory: pid=1, graph=0
09-10 01:19:02.840  3904  3905 E C02517/hdf_memorytracker_impl: GetDevMem, dlopen libmemorytracker failed!
09-10 01:19:02.841  3904  3905 I C02699/graphic_memory: pid=97, gl=0
09-10 01:19:02.841  3904  3905 E C02699/file_helper: file[/proc/process_dmabuf_info] open failed.
09-10 01:19:02.841  3904  3905 I C02699/graphic_memory: pid=97, graph=0
09-10 01:19:02.841  3904  3905 E C02517/hdf_memorytracker_impl: GetDevMem, dlopen libmemorytracker failed!
09-10 01:19:02.841  3904  3905 I C02699/graphic_memory: pid=98, gl=0
09-10 01:19:02.841  3904  3905 E C02699/file_helper: file[/proc/process_dmabuf_info] open failed.
09-10 01:19:02.841  3904  3905 I C02699/graphic_memory: pid=98, graph=0
09-10 01:19:02.841  3904  3905 E C02517/hdf_memorytracker_impl: GetDevMem, dlopen libmemorytracker failed!
09-10 01:19:02.841  3904  3905 I C02699/graphic_memory: pid=105, gl=0
09-10 01:19:02.841  3904  3905 E C02699/file_helper: file[/proc/process_dmabuf_info] open failed.
09-10 01:19:02.841  3904  3905 I C02699/graphic_memory: pid=105, graph=0
09-10 01:19:02.842  3904  3905 E C02517/hdf_memorytracker_impl: GetDevMem, dlopen libmemorytracker failed!
09-10 01:19:02.842  3904  3905 I C02699/graphic_memory: pid=106, gl=0
09-10 01:19:02.842  3904  3905 E C02699/file_helper: file[/proc/process_dmabuf_info] open failed.
09-10 01:19:02.842  3904  3905 I C02699/graphic_memory: pid=106, graph=0
09-10 01:19:02.842  3904  3905 E C02517/hdf_memorytracker_impl: GetDevMem, dlopen libmemorytracker failed!
09-10 01:19:02.842  3904  3905 I C02699/graphic_memory: pid=120, gl=0
09-10 01:19:02.842  3904  3905 E C02699/file_helper: file[/proc/process_dmabuf_info] open failed.
09-10 01:19:02.842  3904  3905 I C02699/graphic_memory: pid=120, graph=0
09-10 01:19:02.843  3904  3905 E C02517/hdf_memorytracker_impl: GetDevMem, dlopen libmemorytracker failed!
09-10 01:19:02.843  3904  3905 I C02699/graphic_memory: pid=121, gl=0
09-10 01:19:02.843  3904  3905 E C02699/file_helper: file[/proc/process_dmabuf_info] open failed.
09-10 01:19:02.843  3904  3905 I C02699/graphic_memory: pid=121, graph=0
09-10 01:19:02.843  3904  3905 E C02517/hdf_memorytracker_impl: GetDevMem, dlopen libmemorytracker failed!
09-10 01:19:02.844  3904  3905 I C02699/graphic_memory: pid=125, gl=0
09-10 01:19:02.844  3904  3905 E C02699/file_helper: file[/proc/process_dmabuf_info] open failed.
09-10 01:19:02.844  3904  3905 I C02699/graphic_memory: pid=125, graph=0
09-10 01:19:02.844  3904  3905 E C02517/hdf_memorytracker_impl: GetDevMem, dlopen libmemorytracker failed!
09-10 01:19:02.844  3904  3905 I C02699/graphic_memory: pid=126, gl=0
09-10 01:19:02.844  3904  3905 E C02699/file_helper: file[/proc/process_dmabuf_info] open failed.
09-10 01:19:02.844  3904  3905 I C02699/graphic_memory: pid=126, graph=0
09-10 01:19:02.844  3904  3905 E C02517/hdf_memorytracker_impl: GetDevMem, dlopen libmemorytracker failed!
09-10 01:19:02.844  3904  3905 I C02699/graphic_memory: pid=131, gl=0
09-10 01:19:02.844  3904  3905 E C02699/file_helper: file[/proc/process_dmabuf_info] open failed.
09-10 01:19:02.844  3904  3905 I C02699/graphic_memory: pid=131, graph=0
09-10 01:19:02.848  3904  3905 E C02517/hdf_memorytracker_impl: GetDevMem, dlopen libmemorytracker failed!
09-10 01:19:02.848  3904  3905 I C02699/graphic_memory: pid=132, gl=0
09-10 01:19:02.848  3904  3905 E C02699/file_helper: file[/proc/process_dmabuf_info] open failed.
09-10 01:19:02.848  3904  3905 I C02699/graphic_memory: pid=132, graph=0
09-10 01:19:02.848   125   125 I C01800/SAMGR: NF SA:65962,832_12039
09-10 01:19:02.848  3904  3905 E C02517/hdf_memorytracker_impl: GetDevMem, dlopen libmemorytracker failed!
09-10 01:19:02.849  3904  3905 I C02699/graphic_memory: pid=137, gl=0
09-10 01:19:02.849  3904  3905 E C02699/file_helper: file[/proc/process_dmabuf_info] open failed.
09-10 01:19:02.849  3904  3905 I C02699/graphic_memory: pid=137, graph=0
09-10 01:19:02.850  3904  3905 E C02517/hdf_memorytracker_impl: GetDevMem, dlopen libmemorytracker failed!
09-10 01:19:02.850  3904  3905 I C02699/graphic_memory: pid=184, gl=0
09-10 01:19:02.850  3904  3905 E C02699/file_helper: file[/proc/process_dmabuf_info] open failed.
09-10 01:19:02.850  3904  3905 I C02699/graphic_memory: pid=184, graph=0
09-10 01:19:02.851  3904  3905 E C02517/hdf_memorytracker_impl: GetDevMem, dlopen libmemorytracker failed!
09-10 01:19:02.851  3904  3905 I C02699/graphic_memory: pid=192, gl=0
09-10 01:19:02.851  3904  3905 E C02699/file_helper: file[/proc/process_dmabuf_info] open failed.
09-10 01:19:02.851  3904  3905 I C02699/graphic_memory: pid=192, graph=0
09-10 01:19:02.851  3904  3905 E C02517/hdf_memorytracker_impl: GetDevMem, dlopen libmemorytracker failed!
09-10 01:19:02.851  3904  3905 I C02699/graphic_memory: pid=193, gl=0
09-10 01:19:02.851  3904  3905 E C02699/file_helper: file[/proc/process_dmabuf_info] open failed.
09-10 01:19:02.851  3904  3905 I C02699/graphic_memory: pid=193, graph=0
09-10 01:19:02.852  3904  3905 E C02517/hdf_memorytracker_impl: GetDevMem, dlopen libmemorytracker failed!
09-10 01:19:02.852  3904  3905 I C02699/graphic_memory: pid=201, gl=0
09-10 01:19:02.852  3904  3905 E C02699/file_helper: file[/proc/process_dmabuf_info] open failed.
09-10 01:19:02.852  3904  3905 I C02699/graphic_memory: pid=201, graph=0
09-10 01:19:02.852  3904  3905 E C02517/hdf_memorytracker_impl: GetDevMem, dlopen libmemorytracker failed!
09-10 01:19:02.852  3904  3905 I C02699/graphic_memory: pid=222, gl=0
09-10 01:19:02.852  3904  3905 E C02699/file_helper: file[/proc/process_dmabuf_info] open failed.
09-10 01:19:02.852  3904  3905 I C02699/graphic_memory: pid=222, graph=0
09-10 01:19:02.853  3904  3905 E C02517/hdf_memorytracker_impl: GetDevMem, dlopen libmemorytracker failed!
09-10 01:19:02.853  3904  3905 I C02699/graphic_memory: pid=224, gl=0
09-10 01:19:02.853  3904  3905 E C02699/file_helper: file[/proc/process_dmabuf_info] open failed.
09-10 01:19:02.853  3904  3905 I C02699/graphic_memory: pid=224, graph=0
09-10 01:19:02.853  3904  3905 E C02517/hdf_memorytracker_impl: GetDevMem, dlopen libmemorytracker failed!
09-10 01:19:02.853  3904  3905 I C02699/graphic_memory: pid=239, gl=0
09-10 01:19:02.853  3904  3905 E C02699/file_helper: file[/proc/process_dmabuf_info] open failed.
09-10 01:19:02.853  3904  3905 I C02699/graphic_memory: pid=239, graph=0
09-10 01:19:02.854  3904  3905 E C02517/hdf_memorytracker_impl: GetDevMem, dlopen libmemorytracker failed!
09-10 01:19:02.854  3904  3905 I C02699/graphic_memory: pid=247, gl=0
09-10 01:19:02.854  3904  3905 E C02699/file_helper: file[/proc/process_dmabuf_info] open failed.
09-10 01:19:02.854  3904  3905 I C02699/graphic_memory: pid=247, graph=0
09-10 01:19:02.854  3904  3905 E C02517/hdf_memorytracker_impl: GetDevMem, dlopen libmemorytracker failed!
09-10 01:19:02.854  3904  3905 I C02699/graphic_memory: pid=263, gl=0
09-10 01:19:02.854  3904  3905 E C02699/file_helper: file[/proc/process_dmabuf_info] open failed.
09-10 01:19:02.854  3904  3905 I C02699/graphic_memory: pid=263, graph=0
09-10 01:19:02.857  3904  3905 E C02517/hdf_memorytracker_impl: GetDevMem, dlopen libmemorytracker failed!
09-10 01:19:02.857  3904  3905 I C02699/graphic_memory: pid=274, gl=0
09-10 01:19:02.857  3904  3905 E C02699/file_helper: file[/proc/process_dmabuf_info] open failed.
09-10 01:19:02.857  3904  3905 I C02699/graphic_memory: pid=274, graph=0
09-10 01:19:02.857  3904  3905 E C02517/hdf_memorytracker_impl: GetDevMem, dlopen libmemorytracker failed!
09-10 01:19:02.858  3904  3905 I C02699/graphic_memory: pid=296, gl=0
09-10 01:19:02.858  3904  3905 E C02699/file_helper: file[/proc/process_dmabuf_info] open failed.
09-10 01:19:02.858  3904  3905 I C02699/graphic_memory: pid=296, graph=0
09-10 01:19:02.858  3904  3905 E C02517/hdf_memorytracker_impl: GetDevMem, dlopen libmemorytracker failed!
09-10 01:19:02.858  3904  3905 I C02699/graphic_memory: pid=297, gl=0
09-10 01:19:02.858  3904  3905 E C02699/file_helper: file[/proc/process_dmabuf_info] open failed.
09-10 01:19:02.858  3904  3905 I C02699/graphic_memory: pid=297, graph=0
09-10 01:19:02.859  3904  3905 E C02517/hdf_memorytracker_impl: GetDevMem, dlopen libmemorytracker failed!
09-10 01:19:02.859  3904  3905 I C02699/graphic_memory: pid=316, gl=0
09-10 01:19:02.859  3904  3905 E C02699/file_helper: file[/proc/process_dmabuf_info] open failed.
09-10 01:19:02.859  3904  3905 I C02699/graphic_memory: pid=316, graph=0
09-10 01:19:02.860  3904  3905 E C02517/hdf_memorytracker_impl: GetDevMem, dlopen libmemorytracker failed!
09-10 01:19:02.860  3904  3905 I C02699/graphic_memory: pid=323, gl=0
09-10 01:19:02.860  3904  3905 E C02699/file_helper: file[/proc/process_dmabuf_info] open failed.
09-10 01:19:02.860  3904  3905 I C02699/graphic_memory: pid=323, graph=0
09-10 01:19:02.860  3904  3905 E C02517/hdf_memorytracker_impl: GetDevMem, dlopen libmemorytracker failed!
09-10 01:19:02.860  3904  3905 I C02699/graphic_memory: pid=423, gl=0
09-10 01:19:02.861  3904  3905 E C02699/file_helper: file[/proc/process_dmabuf_info] open failed.
09-10 01:19:02.861  3904  3905 I C02699/graphic_memory: pid=423, graph=0
09-10 01:19:02.861  3904  3905 E C02517/hdf_memorytracker_impl: GetDevMem, dlopen libmemorytracker failed!
09-10 01:19:02.862  3904  3905 I C02699/graphic_memory: pid=435, gl=0
09-10 01:19:02.862  3904  3905 E C02699/file_helper: file[/proc/process_dmabuf_info] open failed.
09-10 01:19:02.862  3904  3905 I C02699/graphic_memory: pid=435, graph=0
09-10 01:19:02.862  3904  3905 E C02517/hdf_memorytracker_impl: GetDevMem, dlopen libmemorytracker failed!
09-10 01:19:02.862  3904  3905 I C02699/graphic_memory: pid=436, gl=0
09-10 01:19:02.862  3904  3905 E C02699/file_helper: file[/proc/process_dmabuf_info] open failed.
09-10 01:19:02.862  3904  3905 I C02699/graphic_memory: pid=436, graph=0
09-10 01:19:02.863  3904  3905 E C02517/hdf_memorytracker_impl: GetDevMem, dlopen libmemorytracker failed!
09-10 01:19:02.863  3904  3905 I C02699/graphic_memory: pid=458, gl=0
09-10 01:19:02.863  3904  3905 E C02699/file_helper: file[/proc/process_dmabuf_info] open failed.
09-10 01:19:02.863  3904  3905 I C02699/graphic_memory: pid=458, graph=0
09-10 01:19:02.864  3904  3905 E C02517/hdf_memorytracker_impl: GetDevMem, dlopen libmemorytracker failed!
09-10 01:19:02.864  3904  3905 I C02699/graphic_memory: pid=474, gl=0
09-10 01:19:02.864  3904  3905 E C02699/file_helper: file[/proc/process_dmabuf_info] open failed.
09-10 01:19:02.864  3904  3905 I C02699/graphic_memory: pid=474, graph=0
09-10 01:19:02.865  3904  3905 E C02517/hdf_memorytracker_impl: GetDevMem, dlopen libmemorytracker failed!
09-10 01:19:02.865  3904  3905 I C02699/graphic_memory: pid=490, gl=0
09-10 01:19:02.865  3904  3905 E C02699/file_helper: file[/proc/process_dmabuf_info] open failed.
09-10 01:19:02.865  3904  3905 I C02699/graphic_memory: pid=490, graph=0
09-10 01:19:02.865  3904  3905 E C02517/hdf_memorytracker_impl: GetDevMem, dlopen libmemorytracker failed!
09-10 01:19:02.865  3904  3905 I C02699/graphic_memory: pid=494, gl=0
09-10 01:19:02.865  3904  3905 E C02699/file_helper: file[/proc/process_dmabuf_info] open failed.
09-10 01:19:02.865  3904  3905 I C02699/graphic_memory: pid=494, graph=0
09-10 01:19:02.865  3904  3905 E C02517/hdf_memorytracker_impl: GetDevMem, dlopen libmemorytracker failed!
09-10 01:19:02.866  3904  3905 I C02699/graphic_memory: pid=539, gl=0
09-10 01:19:02.866  3904  3905 E C02699/file_helper: file[/proc/process_dmabuf_info] open failed.
09-10 01:19:02.866  3904  3905 I C02699/graphic_memory: pid=539, graph=0
09-10 01:19:02.866  3904  3905 E C02517/hdf_memorytracker_impl: GetDevMem, dlopen libmemorytracker failed!
09-10 01:19:02.866  3904  3905 I C02699/graphic_memory: pid=541, gl=0
09-10 01:19:02.866  3904  3905 E C02699/file_helper: file[/proc/process_dmabuf_info] open failed.
09-10 01:19:02.866  3904  3905 I C02699/graphic_memory: pid=541, graph=0
09-10 01:19:02.866  3904  3905 E C02517/hdf_memorytracker_impl: GetDevMem, dlopen libmemorytracker failed!
09-10 01:19:02.866  3904  3905 I C02699/graphic_memory: pid=542, gl=0
09-10 01:19:02.866  3904  3905 E C02699/file_helper: file[/proc/process_dmabuf_info] open failed.
09-10 01:19:02.866  3904  3905 I C02699/graphic_memory: pid=542, graph=0
09-10 01:19:02.867  3904  3905 E C02517/hdf_memorytracker_impl: GetDevMem, dlopen libmemorytracker failed!
09-10 01:19:02.867  3904  3905 I C02699/graphic_memory: pid=554, gl=0
09-10 01:19:02.867  3904  3905 E C02699/file_helper: file[/proc/process_dmabuf_info] open failed.
09-10 01:19:02.867  3904  3905 I C02699/graphic_memory: pid=554, graph=0
09-10 01:19:02.867  3904  3905 E C02517/hdf_memorytracker_impl: GetDevMem, dlopen libmemorytracker failed!
09-10 01:19:02.867  3904  3905 I C02699/graphic_memory: pid=559, gl=0
09-10 01:19:02.867  3904  3905 E C02699/file_helper: file[/proc/process_dmabuf_info] open failed.
09-10 01:19:02.867  3904  3905 I C02699/graphic_memory: pid=559, graph=0
09-10 01:19:02.867  3904  3905 E C02517/hdf_memorytracker_impl: GetDevMem, dlopen libmemorytracker failed!
09-10 01:19:02.867  3904  3905 I C02699/graphic_memory: pid=567, gl=0
09-10 01:19:02.867  3904  3905 E C02699/file_helper: file[/proc/process_dmabuf_info] open failed.
09-10 01:19:02.868  3904  3905 I C02699/graphic_memory: pid=567, graph=0
09-10 01:19:02.868  3904  3905 E C02517/hdf_memorytracker_impl: GetDevMem, dlopen libmemorytracker failed!
09-10 01:19:02.868  3904  3905 I C02699/graphic_memory: pid=568, gl=0
09-10 01:19:02.868  3904  3905 E C02699/file_helper: file[/proc/process_dmabuf_info] open failed.
09-10 01:19:02.868  3904  3905 I C02699/graphic_memory: pid=568, graph=0
09-10 01:19:02.868  3904  3905 E C02517/hdf_memorytracker_impl: GetDevMem, dlopen libmemorytracker failed!
09-10 01:19:02.868  3904  3905 I C02699/graphic_memory: pid=577, gl=0
09-10 01:19:02.868  3904  3905 E C02699/file_helper: file[/proc/process_dmabuf_info] open failed.
09-10 01:19:02.868  3904  3905 I C02699/graphic_memory: pid=577, graph=0
09-10 01:19:02.868  3904  3905 E C02517/hdf_memorytracker_impl: GetDevMem, dlopen libmemorytracker failed!
09-10 01:19:02.869  3904  3905 I C02699/graphic_memory: pid=583, gl=0
09-10 01:19:02.869  3904  3905 E C02699/file_helper: file[/proc/process_dmabuf_info] open failed.
09-10 01:19:02.869  3904  3905 I C02699/graphic_memory: pid=583, graph=0
09-10 01:19:02.869  3904  3905 E C02517/hdf_memorytracker_impl: GetDevMem, dlopen libmemorytracker failed!
09-10 01:19:02.869  3904  3905 I C02699/graphic_memory: pid=584, gl=0
09-10 01:19:02.869  3904  3905 E C02699/file_helper: file[/proc/process_dmabuf_info] open failed.
09-10 01:19:02.869  3904  3905 I C02699/graphic_memory: pid=584, graph=0
09-10 01:19:02.869  3904  3905 E C02517/hdf_memorytracker_impl: GetDevMem, dlopen libmemorytracker failed!
09-10 01:19:02.869  3904  3905 I C02699/graphic_memory: pid=590, gl=0
09-10 01:19:02.869  3904  3905 E C02699/file_helper: file[/proc/process_dmabuf_info] open failed.
09-10 01:19:02.869  3904  3905 I C02699/graphic_memory: pid=590, graph=0
09-10 01:19:02.870  3904  3905 E C02517/hdf_memorytracker_impl: GetDevMem, dlopen libmemorytracker failed!
09-10 01:19:02.870  3904  3905 I C02699/graphic_memory: pid=592, gl=0
09-10 01:19:02.870  3904  3905 E C02699/file_helper: file[/proc/process_dmabuf_info] open failed.
09-10 01:19:02.870  3904  3905 I C02699/graphic_memory: pid=592, graph=0
09-10 01:19:02.870  3904  3905 E C02517/hdf_memorytracker_impl: GetDevMem, dlopen libmemorytracker failed!
09-10 01:19:02.870  3904  3905 I C02699/graphic_memory: pid=607, gl=0
09-10 01:19:02.870  3904  3905 E C02699/file_helper: file[/proc/process_dmabuf_info] open failed.
09-10 01:19:02.870  3904  3905 I C02699/graphic_memory: pid=607, graph=0
09-10 01:19:02.871  3904  3905 E C02517/hdf_memorytracker_impl: GetDevMem, dlopen libmemorytracker failed!
09-10 01:19:02.871  3904  3905 I C02699/graphic_memory: pid=618, gl=0
09-10 01:19:02.871  3904  3905 E C02699/file_helper: file[/proc/process_dmabuf_info] open failed.
09-10 01:19:02.871  3904  3905 I C02699/graphic_memory: pid=618, graph=0
09-10 01:19:02.871  3904  3905 E C02517/hdf_memorytracker_impl: GetDevMem, dlopen libmemorytracker failed!
09-10 01:19:02.871  3904  3905 I C02699/graphic_memory: pid=624, gl=0
09-10 01:19:02.871  3904  3905 E C02699/file_helper: file[/proc/process_dmabuf_info] open failed.
09-10 01:19:02.871  3904  3905 I C02699/graphic_memory: pid=624, graph=0
09-10 01:19:02.871  3904  3905 E C02517/hdf_memorytracker_impl: GetDevMem, dlopen libmemorytracker failed!
09-10 01:19:02.872  3904  3905 I C02699/graphic_memory: pid=626, gl=0
09-10 01:19:02.872  3904  3905 E C02699/file_helper: file[/proc/process_dmabuf_info] open failed.
09-10 01:19:02.872  3904  3905 I C02699/graphic_memory: pid=626, graph=0
09-10 01:19:02.872  3904  3905 E C02517/hdf_memorytracker_impl: GetDevMem, dlopen libmemorytracker failed!
09-10 01:19:02.872  3904  3905 I C02699/graphic_memory: pid=628, gl=0
09-10 01:19:02.872  3904  3905 E C02699/file_helper: file[/proc/process_dmabuf_info] open failed.
09-10 01:19:02.872  3904  3905 I C02699/graphic_memory: pid=628, graph=0
09-10 01:19:02.872  3904  3905 E C02517/hdf_memorytracker_impl: GetDevMem, dlopen libmemorytracker failed!
09-10 01:19:02.872  3904  3905 I C02699/graphic_memory: pid=633, gl=0
09-10 01:19:02.872  3904  3905 E C02699/file_helper: file[/proc/process_dmabuf_info] open failed.
09-10 01:19:02.872  3904  3905 I C02699/graphic_memory: pid=633, graph=0
09-10 01:19:02.873  3904  3905 E C02517/hdf_memorytracker_impl: GetDevMem, dlopen libmemorytracker failed!
09-10 01:19:02.873  3904  3905 I C02699/graphic_memory: pid=650, gl=0
09-10 01:19:02.873  3904  3905 E C02699/file_helper: file[/proc/process_dmabuf_info] open failed.
09-10 01:19:02.873  3904  3905 I C02699/graphic_memory: pid=650, graph=0
09-10 01:19:02.873  3904  3905 E C02517/hdf_memorytracker_impl: GetDevMem, dlopen libmemorytracker failed!
09-10 01:19:02.874  3904  3905 I C02699/graphic_memory: pid=652, gl=0
09-10 01:19:02.874  3904  3905 E C02699/file_helper: file[/proc/process_dmabuf_info] open failed.
09-10 01:19:02.874  3904  3905 I C02699/graphic_memory: pid=652, graph=0
09-10 01:19:02.874  3904  3905 E C02517/hdf_memorytracker_impl: GetDevMem, dlopen libmemorytracker failed!
09-10 01:19:02.874  3904  3905 I C02699/graphic_memory: pid=665, gl=0
09-10 01:19:02.874  3904  3905 E C02699/file_helper: file[/proc/process_dmabuf_info] open failed.
09-10 01:19:02.874  3904  3905 I C02699/graphic_memory: pid=665, graph=0
09-10 01:19:02.874  3904  3905 E C02517/hdf_memorytracker_impl: GetDevMem, dlopen libmemorytracker failed!
09-10 01:19:02.874  3904  3905 I C02699/graphic_memory: pid=672, gl=0
09-10 01:19:02.874  3904  3905 E C02699/file_helper: file[/proc/process_dmabuf_info] open failed.
09-10 01:19:02.874  3904  3905 I C02699/graphic_memory: pid=672, graph=0
09-10 01:19:02.875  3904  3905 E C02517/hdf_memorytracker_impl: GetDevMem, dlopen libmemorytracker failed!
09-10 01:19:02.875  3904  3905 I C02699/graphic_memory: pid=683, gl=0
09-10 01:19:02.875  3904  3905 E C02699/file_helper: file[/proc/process_dmabuf_info] open failed.
09-10 01:19:02.875  3904  3905 I C02699/graphic_memory: pid=683, graph=0
09-10 01:19:02.875  3904  3905 E C02517/hdf_memorytracker_impl: GetDevMem, dlopen libmemorytracker failed!
09-10 01:19:02.875  3904  3905 I C02699/graphic_memory: pid=684, gl=0
09-10 01:19:02.875  3904  3905 E C02699/file_helper: file[/proc/process_dmabuf_info] open failed.
09-10 01:19:02.875  3904  3905 I C02699/graphic_memory: pid=684, graph=0
09-10 01:19:02.876  3904  3905 E C02517/hdf_memorytracker_impl: GetDevMem, dlopen libmemorytracker failed!
09-10 01:19:02.876  3904  3905 I C02699/graphic_memory: pid=690, gl=0
09-10 01:19:02.876  3904  3905 E C02699/file_helper: file[/proc/process_dmabuf_info] open failed.
09-10 01:19:02.876  3904  3905 I C02699/graphic_memory: pid=690, graph=0
09-10 01:19:02.876  3904  3905 E C02517/hdf_memorytracker_impl: GetDevMem, dlopen libmemorytracker failed!
09-10 01:19:02.876  3904  3905 I C02699/graphic_memory: pid=702, gl=0
09-10 01:19:02.876  3904  3905 E C02699/file_helper: file[/proc/process_dmabuf_info] open failed.
09-10 01:19:02.876  3904  3905 I C02699/graphic_memory: pid=702, graph=0
09-10 01:19:02.877  3904  3905 E C02517/hdf_memorytracker_impl: GetDevMem, dlopen libmemorytracker failed!
09-10 01:19:02.877  3904  3905 I C02699/graphic_memory: pid=704, gl=0
09-10 01:19:02.877  3904  3905 E C02699/file_helper: file[/proc/process_dmabuf_info] open failed.
09-10 01:19:02.877  3904  3905 I C02699/graphic_memory: pid=704, graph=0
09-10 01:19:02.877  3904  3905 E C02517/hdf_memorytracker_impl: GetDevMem, dlopen libmemorytracker failed!
09-10 01:19:02.877  3904  3905 I C02699/graphic_memory: pid=705, gl=0
09-10 01:19:02.877  3904  3905 E C02699/file_helper: file[/proc/process_dmabuf_info] open failed.
09-10 01:19:02.877  3904  3905 I C02699/graphic_memory: pid=705, graph=0
09-10 01:19:02.878  3904  3905 E C02517/hdf_memorytracker_impl: GetDevMem, dlopen libmemorytracker failed!
09-10 01:19:02.878  3904  3905 I C02699/graphic_memory: pid=706, gl=0
09-10 01:19:02.878  3904  3905 E C02699/file_helper: file[/proc/process_dmabuf_info] open failed.
09-10 01:19:02.878  3904  3905 I C02699/graphic_memory: pid=706, graph=0
09-10 01:19:02.879  3904  3905 E C02517/hdf_memorytracker_impl: GetDevMem, dlopen libmemorytracker failed!
09-10 01:19:02.879  3904  3905 I C02699/graphic_memory: pid=707, gl=0
09-10 01:19:02.879  3904  3905 E C02699/file_helper: file[/proc/process_dmabuf_info] open failed.
09-10 01:19:02.879  3904  3905 I C02699/graphic_memory: pid=707, graph=0
09-10 01:19:02.879  3904  3905 E C02517/hdf_memorytracker_impl: GetDevMem, dlopen libmemorytracker failed!
09-10 01:19:02.879  3904  3905 I C02699/graphic_memory: pid=709, gl=0
09-10 01:19:02.879  3904  3905 E C02699/file_helper: file[/proc/process_dmabuf_info] open failed.
09-10 01:19:02.879  3904  3905 I C02699/graphic_memory: pid=709, graph=0
09-10 01:19:02.881  3904  3905 E C02517/hdf_memorytracker_impl: GetDevMem, dlopen libmemorytracker failed!
09-10 01:19:02.881  3904  3905 I C02699/graphic_memory: pid=764, gl=0
09-10 01:19:02.881  3904  3905 E C02699/file_helper: file[/proc/process_dmabuf_info] open failed.
09-10 01:19:02.881  3904  3905 I C02699/graphic_memory: pid=764, graph=0
09-10 01:19:02.882  3904  3905 E C02517/hdf_memorytracker_impl: GetDevMem, dlopen libmemorytracker failed!
09-10 01:19:02.882  3904  3905 I C02699/graphic_memory: pid=782, gl=0
09-10 01:19:02.882  3904  3905 E C02699/file_helper: file[/proc/process_dmabuf_info] open failed.
09-10 01:19:02.882  3904  3905 I C02699/graphic_memory: pid=782, graph=0
09-10 01:19:02.883  3904  3905 E C02517/hdf_memorytracker_impl: GetDevMem, dlopen libmemorytracker failed!
09-10 01:19:02.883  3904  3905 I C02699/graphic_memory: pid=789, gl=0
09-10 01:19:02.883  3904  3905 E C02699/file_helper: file[/proc/process_dmabuf_info] open failed.
09-10 01:19:02.883  3904  3905 I C02699/graphic_memory: pid=789, graph=0
09-10 01:19:02.883  3904  3905 E C02517/hdf_memorytracker_impl: GetDevMem, dlopen libmemorytracker failed!
09-10 01:19:02.883  3904  3905 I C02699/graphic_memory: pid=792, gl=0
09-10 01:19:02.883  3904  3905 E C02699/file_helper: file[/proc/process_dmabuf_info] open failed.
09-10 01:19:02.883  3904  3905 I C02699/graphic_memory: pid=792, graph=0
09-10 01:19:02.883  3904  3905 E C02517/hdf_memorytracker_impl: GetDevMem, dlopen libmemorytracker failed!
09-10 01:19:02.883  3904  3905 I C02699/graphic_memory: pid=827, gl=0
09-10 01:19:02.884  3904  3905 E C02699/file_helper: file[/proc/process_dmabuf_info] open failed.
09-10 01:19:02.884  3904  3905 I C02699/graphic_memory: pid=827, graph=0
09-10 01:19:02.884  3904  3905 E C02517/hdf_memorytracker_impl: GetDevMem, dlopen libmemorytracker failed!
09-10 01:19:02.884  3904  3905 I C02699/graphic_memory: pid=829, gl=0
09-10 01:19:02.884  3904  3905 E C02699/file_helper: file[/proc/process_dmabuf_info] open failed.
09-10 01:19:02.884  3904  3905 I C02699/graphic_memory: pid=829, graph=0
09-10 01:19:02.885  3904  3905 E C02517/hdf_memorytracker_impl: GetDevMem, dlopen libmemorytracker failed!
09-10 01:19:02.885  3904  3905 I C02699/graphic_memory: pid=830, gl=0
09-10 01:19:02.885  3904  3905 E C02699/file_helper: file[/proc/process_dmabuf_info] open failed.
09-10 01:19:02.885  3904  3905 I C02699/graphic_memory: pid=830, graph=0
09-10 01:19:02.885  3904  3905 E C02517/hdf_memorytracker_impl: GetDevMem, dlopen libmemorytracker failed!
09-10 01:19:02.885  3904  3905 I C02699/graphic_memory: pid=832, gl=0
09-10 01:19:02.885  3904  3905 E C02699/file_helper: file[/proc/process_dmabuf_info] open failed.
09-10 01:19:02.885  3904  3905 I C02699/graphic_memory: pid=832, graph=0
09-10 01:19:02.885  3904  3905 E C02517/hdf_memorytracker_impl: GetDevMem, dlopen libmemorytracker failed!
09-10 01:19:02.886  3904  3905 I C02699/graphic_memory: pid=866, gl=0
09-10 01:19:02.886  3904  3905 E C02699/file_helper: file[/proc/process_dmabuf_info] open failed.
09-10 01:19:02.886  3904  3905 I C02699/graphic_memory: pid=866, graph=0
09-10 01:19:02.886  3904  3905 E C02517/hdf_memorytracker_impl: GetDevMem, dlopen libmemorytracker failed!
09-10 01:19:02.886  3904  3905 I C02699/graphic_memory: pid=867, gl=0
09-10 01:19:02.886  3904  3905 E C02699/file_helper: file[/proc/process_dmabuf_info] open failed.
09-10 01:19:02.886  3904  3905 I C02699/graphic_memory: pid=867, graph=0
09-10 01:19:02.887  3904  3905 E C02517/hdf_memorytracker_impl: GetDevMem, dlopen libmemorytracker failed!
09-10 01:19:02.887  3904  3905 I C02699/graphic_memory: pid=927, gl=0
09-10 01:19:02.887  3904  3905 E C02699/file_helper: file[/proc/process_dmabuf_info] open failed.
09-10 01:19:02.887  3904  3905 I C02699/graphic_memory: pid=927, graph=0
09-10 01:19:02.887  3904  3905 E C02517/hdf_memorytracker_impl: GetDevMem, dlopen libmemorytracker failed!
09-10 01:19:02.887  3904  3905 I C02699/graphic_memory: pid=1004, gl=0
09-10 01:19:02.887  3904  3905 E C02699/file_helper: file[/proc/process_dmabuf_info] open failed.
09-10 01:19:02.887  3904  3905 I C02699/graphic_memory: pid=1004, graph=0
09-10 01:19:02.888  3904  3905 E C02517/hdf_memorytracker_impl: GetDevMem, dlopen libmemorytracker failed!
09-10 01:19:02.888  3904  3905 I C02699/graphic_memory: pid=1266, gl=0
09-10 01:19:02.888  3904  3905 E C02699/file_helper: file[/proc/process_dmabuf_info] open failed.
09-10 01:19:02.888  3904  3905 I C02699/graphic_memory: pid=1266, graph=0
09-10 01:19:02.888  3904  3905 E C02517/hdf_memorytracker_impl: GetDevMem, dlopen libmemorytracker failed!
09-10 01:19:02.888  3904  3905 I C02699/graphic_memory: pid=1292, gl=0
09-10 01:19:02.889  3904  3905 E C02699/file_helper: file[/proc/process_dmabuf_info] open failed.
09-10 01:19:02.889  3904  3905 I C02699/graphic_memory: pid=1292, graph=0
09-10 01:19:02.889  3904  3905 E C02517/hdf_memorytracker_impl: GetDevMem, dlopen libmemorytracker failed!
09-10 01:19:02.889  3904  3905 I C02699/graphic_memory: pid=1389, gl=0
09-10 01:19:02.889  3904  3905 E C02699/file_helper: file[/proc/process_dmabuf_info] open failed.
09-10 01:19:02.889  3904  3905 I C02699/graphic_memory: pid=1389, graph=0
09-10 01:19:02.889  3904  3905 E C02517/hdf_memorytracker_impl: GetDevMem, dlopen libmemorytracker failed!
09-10 01:19:02.889  3904  3905 I C02699/graphic_memory: pid=1404, gl=0
09-10 01:19:02.889  3904  3905 E C02699/file_helper: file[/proc/process_dmabuf_info] open failed.
09-10 01:19:02.889  3904  3905 I C02699/graphic_memory: pid=1404, graph=0
09-10 01:19:02.890  3904  3905 E C02517/hdf_memorytracker_impl: GetDevMem, dlopen libmemorytracker failed!
09-10 01:19:02.890  3904  3905 I C02699/graphic_memory: pid=1538, gl=0
09-10 01:19:02.890  3904  3905 E C02699/file_helper: file[/proc/process_dmabuf_info] open failed.
09-10 01:19:02.890  3904  3905 I C02699/graphic_memory: pid=1538, graph=0
09-10 01:19:02.890  3904  3905 E C02517/hdf_memorytracker_impl: GetDevMem, dlopen libmemorytracker failed!
09-10 01:19:02.890  3904  3905 I C02699/graphic_memory: pid=1791, gl=0
09-10 01:19:02.890  3904  3905 E C02699/file_helper: file[/proc/process_dmabuf_info] open failed.
09-10 01:19:02.890  3904  3905 I C02699/graphic_memory: pid=1791, graph=0
09-10 01:19:02.891  3904  3905 E C02517/hdf_memorytracker_impl: GetDevMem, dlopen libmemorytracker failed!
09-10 01:19:02.891  3904  3905 I C02699/graphic_memory: pid=1796, gl=0
09-10 01:19:02.891  3904  3905 E C02699/file_helper: file[/proc/process_dmabuf_info] open failed.
09-10 01:19:02.891  3904  3905 I C02699/graphic_memory: pid=1796, graph=0
09-10 01:19:02.894  3904  3905 E C02517/hdf_memorytracker_impl: GetDevMem, dlopen libmemorytracker failed!
09-10 01:19:02.894  3904  3905 I C02699/graphic_memory: pid=1797, gl=0
09-10 01:19:02.894  3904  3905 E C02699/file_helper: file[/proc/process_dmabuf_info] open failed.
09-10 01:19:02.894  3904  3905 I C02699/graphic_memory: pid=1797, graph=0
09-10 01:19:02.897  3904  3905 E C02517/hdf_memorytracker_impl: GetDevMem, dlopen libmemorytracker failed!
09-10 01:19:02.897  3904  3905 I C02699/graphic_memory: pid=1869, gl=0
09-10 01:19:02.897  3904  3905 E C02699/file_helper: file[/proc/process_dmabuf_info] open failed.
09-10 01:19:02.897  3904  3905 I C02699/graphic_memory: pid=1869, graph=0
09-10 01:19:02.900  3904  3905 E C02517/hdf_memorytracker_impl: GetDevMem, dlopen libmemorytracker failed!
09-10 01:19:02.901  3904  3905 I C02699/graphic_memory: pid=1887, gl=0
09-10 01:19:02.901  3904  3905 E C02699/file_helper: file[/proc/process_dmabuf_info] open failed.
09-10 01:19:02.901  3904  3905 I C02699/graphic_memory: pid=1887, graph=0
09-10 01:19:02.905  3904  3905 E C02517/hdf_memorytracker_impl: GetDevMem, dlopen libmemorytracker failed!
09-10 01:19:02.905  3904  3905 I C02699/graphic_memory: pid=2458, gl=0
09-10 01:19:02.905  3904  3905 E C02699/file_helper: file[/proc/process_dmabuf_info] open failed.
09-10 01:19:02.905  3904  3905 I C02699/graphic_memory: pid=2458, graph=0
09-10 01:19:02.906  3904  3905 E C02517/hdf_memorytracker_impl: GetDevMem, dlopen libmemorytracker failed!
09-10 01:19:02.906  3904  3905 I C02699/graphic_memory: pid=2519, gl=0
09-10 01:19:02.906  3904  3905 E C02699/file_helper: file[/proc/process_dmabuf_info] open failed.
09-10 01:19:02.906  3904  3905 I C02699/graphic_memory: pid=2519, graph=0
09-10 01:19:02.908  3904  3905 E C02517/hdf_memorytracker_impl: GetDevMem, dlopen libmemorytracker failed!
09-10 01:19:02.908  3904  3905 I C02699/graphic_memory: pid=2554, gl=0
09-10 01:19:02.908  3904  3905 E C02699/file_helper: file[/proc/process_dmabuf_info] open failed.
09-10 01:19:02.908  3904  3905 I C02699/graphic_memory: pid=2554, graph=0
09-10 01:19:02.910  3904  3905 E C02517/hdf_memorytracker_impl: GetDevMem, dlopen libmemorytracker failed!
09-10 01:19:02.911  3904  3905 I C02699/graphic_memory: pid=2576, gl=0
09-10 01:19:02.911  3904  3905 E C02699/file_helper: file[/proc/process_dmabuf_info] open failed.
09-10 01:19:02.911  3904  3905 I C02699/graphic_memory: pid=2576, graph=0
09-10 01:19:02.913  3904  3905 E C02517/hdf_memorytracker_impl: GetDevMem, dlopen libmemorytracker failed!
09-10 01:19:02.913  3904  3905 I C02699/graphic_memory: pid=2599, gl=0
09-10 01:19:02.913  3904  3905 E C02699/file_helper: file[/proc/process_dmabuf_info] open failed.
09-10 01:19:02.913  3904  3905 I C02699/graphic_memory: pid=2599, graph=0
09-10 01:19:02.916  3904  3905 E C02517/hdf_memorytracker_impl: GetDevMem, dlopen libmemorytracker failed!
09-10 01:19:02.916  3904  3905 I C02699/graphic_memory: pid=2633, gl=0
09-10 01:19:02.916  3904  3905 E C02699/file_helper: file[/proc/process_dmabuf_info] open failed.
09-10 01:19:02.916  3904  3905 I C02699/graphic_memory: pid=2633, graph=0
09-10 01:19:02.918 24296 24296 W C02c02/PARAM: Selinux check name persist.init.debug.loglevel in u:object_r:startup_init_param:s0 [24296 2000 2000] failed
09-10 01:19:02.919 24296 24296 W C02c02/PARAM: Selinux check name persist.init.debug.loglevel in u:object_r:startup_init_param:s0 [24296 2000 2000] failed
09-10 01:19:02.919 24296 24296 W C02c02/PARAM: SystemReadParam failed!name is:persist.init.debug.loglevel,err:1002
09-10 01:19:02.920  3904  3905 E C02517/hdf_memorytracker_impl: GetDevMem, dlopen libmemorytracker failed!
09-10 01:19:02.920  3904  3905 I C02699/graphic_memory: pid=2646, gl=0
09-10 01:19:02.920  3904  3905 E C02699/file_helper: file[/proc/process_dmabuf_info] open failed.
09-10 01:19:02.920  3904  3905 I C02699/graphic_memory: pid=2646, graph=0
09-10 01:19:02.921 24296 24296 W C02c02/PARAM: Selinux check name persist.init.debug.loglevel in u:object_r:startup_init_param:s0 [24296 2000 2000] failed
09-10 01:19:02.921 24296 24296 W C02c02/PARAM: Selinux check name persist.init.debug.loglevel in u:object_r:startup_init_param:s0 [24296 2000 2000] failed
09-10 01:19:02.921 24296 24296 W C02c02/PARAM: SystemReadParam failed!name is:persist.init.debug.loglevel,err:1002
09-10 01:19:02.923  3904  3905 E C02517/hdf_memorytracker_impl: GetDevMem, dlopen libmemorytracker failed!
09-10 01:19:02.924  3904  3905 I C02699/graphic_memory: pid=2770, gl=0
09-10 01:19:02.924  3904  3905 E C02699/file_helper: file[/proc/process_dmabuf_info] open failed.
09-10 01:19:02.924  3904  3905 I C02699/graphic_memory: pid=2770, graph=0
09-10 01:19:02.927  3904  3905 E C02517/hdf_memorytracker_impl: GetDevMem, dlopen libmemorytracker failed!
09-10 01:19:02.927  3904  3905 I C02699/graphic_memory: pid=2886, gl=0
09-10 01:19:02.927  3904  3905 E C02699/file_helper: file[/proc/process_dmabuf_info] open failed.
09-10 01:19:02.927  3904  3905 I C02699/graphic_memory: pid=2886, graph=0
09-10 01:19:02.927  3904  3905 E C02517/hdf_memorytracker_impl: GetDevMem, dlopen libmemorytracker failed!
09-10 01:19:02.928  3904  3905 I C02699/graphic_memory: pid=3275, gl=0
09-10 01:19:02.928  3904  3905 E C02699/file_helper: file[/proc/process_dmabuf_info] open failed.
09-10 01:19:02.928  3904  3905 I C02699/graphic_memory: pid=3275, graph=0
09-10 01:19:02.928  3904  3905 E C02517/hdf_memorytracker_impl: GetDevMem, dlopen libmemorytracker failed!
09-10 01:19:02.928  3904  3905 I C02699/graphic_memory: pid=3290, gl=0
09-10 01:19:02.928  3904  3905 E C02699/file_helper: file[/proc/process_dmabuf_info] open failed.
09-10 01:19:02.928  3904  3905 I C02699/graphic_memory: pid=3290, graph=0
09-10 01:19:02.928  3904  3905 E C02517/hdf_memorytracker_impl: GetDevMem, dlopen libmemorytracker failed!
09-10 01:19:02.929  3904  3905 I C02699/graphic_memory: pid=3294, gl=0
09-10 01:19:02.929  3904  3905 E C02699/file_helper: file[/proc/process_dmabuf_info] open failed.
09-10 01:19:02.929  3904  3905 I C02699/graphic_memory: pid=3294, graph=0
09-10 01:19:02.929  3904  3905 E C02517/hdf_memorytracker_impl: GetDevMem, dlopen libmemorytracker failed!
09-10 01:19:02.929  3904  3905 I C02699/graphic_memory: pid=3295, gl=0
09-10 01:19:02.929  3904  3905 E C02699/file_helper: file[/proc/process_dmabuf_info] open failed.
09-10 01:19:02.929  3904  3905 I C02699/graphic_memory: pid=3295, graph=0
09-10 01:19:02.930  3904  3905 E C02517/hdf_memorytracker_impl: GetDevMem, dlopen libmemorytracker failed!
09-10 01:19:02.930  3904  3905 I C02699/graphic_memory: pid=3317, gl=0
09-10 01:19:02.930  3904  3905 E C02699/file_helper: file[/proc/process_dmabuf_info] open failed.
09-10 01:19:02.930  3904  3905 I C02699/graphic_memory: pid=3317, graph=0
09-10 01:19:02.931  3904  3905 E C02517/hdf_memorytracker_impl: GetDevMem, dlopen libmemorytracker failed!
09-10 01:19:02.931  3904  3905 I C02699/graphic_memory: pid=3326, gl=0
09-10 01:19:02.931  3904  3905 E C02699/file_helper: file[/proc/process_dmabuf_info] open failed.
09-10 01:19:02.931  3904  3905 I C02699/graphic_memory: pid=3326, graph=0
09-10 01:19:02.931  3904  3905 E C02517/hdf_memorytracker_impl: GetDevMem, dlopen libmemorytracker failed!
09-10 01:19:02.931  3904  3905 I C02699/graphic_memory: pid=3371, gl=0
09-10 01:19:02.931  3904  3905 E C02699/file_helper: file[/proc/process_dmabuf_info] open failed.
09-10 01:19:02.931  3904  3905 I C02699/graphic_memory: pid=3371, graph=0
09-10 01:19:02.932  3904  3905 E C02517/hdf_memorytracker_impl: GetDevMem, dlopen libmemorytracker failed!
09-10 01:19:02.932  3904  3905 I C02699/graphic_memory: pid=3904, gl=0
09-10 01:19:02.932  3904  3905 E C02699/file_helper: file[/proc/process_dmabuf_info] open failed.
09-10 01:19:02.932  3904  3905 I C02699/graphic_memory: pid=3904, graph=0
09-10 01:19:02.932  3904  3905 E C02517/hdf_memorytracker_impl: GetDevMem, dlopen libmemorytracker failed!
09-10 01:19:02.932  3904  3905 I C02699/graphic_memory: pid=13610, gl=0
09-10 01:19:02.932  3904  3905 E C02699/file_helper: file[/proc/process_dmabuf_info] open failed.
09-10 01:19:02.932  3904  3905 I C02699/graphic_memory: pid=13610, graph=0
09-10 01:19:02.933  3904  3905 E C02517/hdf_memorytracker_impl: GetDevMem, dlopen libmemorytracker failed!
09-10 01:19:02.933  3904  3905 I C02699/graphic_memory: pid=24290, gl=0
09-10 01:19:02.933  3904  3905 E C02699/file_helper: file[/proc/process_dmabuf_info] open failed.
09-10 01:19:02.933  3904  3905 I C02699/graphic_memory: pid=24290, graph=0
09-10 01:19:02.938  3904  3905 E C02517/hdf_memorytracker_impl: GetDevMem, dlopen libmemorytracker failed!
09-10 01:19:02.938  3904  3905 I C02699/graphic_memory: pid=26604, gl=0
09-10 01:19:02.938  3904  3905 E C02699/file_helper: file[/proc/process_dmabuf_info] open failed.
09-10 01:19:02.938  3904  3905 I C02699/graphic_memory: pid=26604, graph=0
09-10 01:19:02.940  3904  3905 E C02517/hdf_memorytracker_impl: GetDevMem, dlopen libmemorytracker failed!
09-10 01:19:02.941  3904  3905 I C02699/graphic_memory: pid=27290, gl=0
09-10 01:19:02.941  3904  3905 E C02699/file_helper: file[/proc/process_dmabuf_info] open failed.
09-10 01:19:02.941  3904  3905 I C02699/graphic_memory: pid=27290, graph=0
09-10 01:19:02.943  3904  3905 E C02517/hdf_memorytracker_impl: GetDevMem, dlopen libmemorytracker failed!
09-10 01:19:02.944  3904  3905 I C02699/graphic_memory: pid=27890, gl=0
09-10 01:19:02.944  3904  3905 E C02699/file_helper: file[/proc/process_dmabuf_info] open failed.
09-10 01:19:02.944  3904  3905 I C02699/graphic_memory: pid=27890, graph=0
09-10 01:19:03.050   125   125 I C01800/SAMGR: NF SA:65962,832_12040
09-10 01:19:03.169 24299 24299 W C02c02/PARAM: Selinux check name persist.init.debug.loglevel in u:object_r:startup_init_param:s0 [24299 2000 2000] failed
09-10 01:19:03.169 24299 24299 W C02c02/PARAM: Selinux check name persist.init.debug.loglevel in u:object_r:startup_init_param:s0 [24299 2000 2000] failed
09-10 01:19:03.169 24299 24299 W C02c02/PARAM: SystemReadParam failed!name is:persist.init.debug.loglevel,err:1002
09-10 01:19:03.172 24302 24302 W C02c02/PARAM: Selinux check name persist.init.debug.loglevel in u:object_r:startup_init_param:s0 [24302 2000 2000] failed
09-10 01:19:03.172 24302 24302 W C02c02/PARAM: Selinux check name persist.init.debug.loglevel in u:object_r:startup_init_param:s0 [24302 2000 2000] failed
09-10 01:19:03.172 24302 24302 W C02c02/PARAM: SystemReadParam failed!name is:persist.init.debug.loglevel,err:1002
09-10 01:19:03.172 24301 24301 W C02c02/PARAM: Selinux check name persist.init.debug.loglevel in u:object_r:startup_init_param:s0 [24301 2000 2000] failed
09-10 01:19:03.172 24301 24301 W C02c02/PARAM: Selinux check name persist.init.debug.loglevel in u:object_r:startup_init_param:s0 [24301 2000 2000] failed
09-10 01:19:03.172 24301 24301 W C02c02/PARAM: SystemReadParam failed!name is:persist.init.debug.loglevel,err:1002
09-10 01:19:03.172 24303 24303 W C02c02/PARAM: Selinux check name persist.init.debug.loglevel in u:object_r:startup_init_param:s0 [24303 2000 2000] failed
09-10 01:19:03.173 24303 24303 W C02c02/PARAM: Selinux check name persist.init.debug.loglevel in u:object_r:startup_init_param:s0 [24303 2000 2000] failed
09-10 01:19:03.173 24303 24303 W C02c02/PARAM: SystemReadParam failed!name is:persist.init.debug.loglevel,err:1002
09-10 01:19:03.177 24304 24304 W C02c02/PARAM: Selinux check name persist.init.debug.loglevel in u:object_r:startup_init_param:s0 [24304 2000 2000] failed
09-10 01:19:03.177 24304 24304 W C02c02/PARAM: Selinux check name persist.init.debug.loglevel in u:object_r:startup_init_param:s0 [24304 2000 2000] failed
09-10 01:19:03.177 24304 24304 W C02c02/PARAM: SystemReadParam failed!name is:persist.init.debug.loglevel,err:1002
09-10 01:19:03.177 24305 24305 W C02c02/PARAM: Selinux check name persist.init.debug.loglevel in u:object_r:startup_init_param:s0 [24305 2000 2000] failed
09-10 01:19:03.177 24305 24305 W C02c02/PARAM: Selinux check name persist.init.debug.loglevel in u:object_r:startup_init_param:s0 [24305 2000 2000] failed
09-10 01:19:03.177 24305 24305 W C02c02/PARAM: SystemReadParam failed!name is:persist.init.debug.loglevel,err:1002
09-10 01:19:03.251   125   125 I C01800/SAMGR: NF SA:65962,832_12041
09-10 01:19:03.263  2458  2458 W A01c06/ICON: AppIconWeatherModel --> initWeatherListener, retryTimes: 4
09-10 01:19:03.265   490  2348 E C01707/CONCUR: [Interface] task 2348 apply qos failed, errno = 4
09-10 01:19:03.265   490  2348 E C01611/QosManager: QosManager: Failed to set thread QoS to QOS_USER_INTERACTIVE, ret: -1
09-10 01:19:03.265   782  1040 W C01123/BMSCommon: bundle not exist -n com.huawei.hmsapp.totemweather -u 100 -i 0 -f 32
09-10 01:19:03.265   782  1040 W C01121/BMSQuery: GetBundleInfo failed -n com.huawei.hmsapp.totemweather -u 100
09-10 01:19:03.265   490  2348 E C01651/BundleMgrProxy: GetBundleInfoFromBMS: GetBundleInfo failed!bundleName is com.huawei.hmsapp.totemweather, userId is 100
09-10 01:19:03.265   490  2348 E C01651/DataProviderConfig: GetFromProxyData: Get bundleInfo failed! bundleName:com.huawei.hmsapp.totemweather, userId:100, visitedId:100, uri:******icIconInfo
09-10 01:19:03.265   490  2348 E C01651/DataShareServiceImpl: GetBMSAndMetaDataStatus: CalledInfo failed! token:0x2002a7c3,ret:1001,uri:******icIconInfo
09-10 01:19:03.265   490  2348 E C01651/DataShareServiceImpl: GetSilentProxyStatus: BMS or metaData not ready to complete, token:0x2002a7c3, uri:******icIconInfo
09-10 01:19:03.265  2458  2458 E A01c06/ICON: AppIconWeatherModel --> get weather info failed, code: 15700010, message: The DataShareHelper is not initialized successfully.
09-10 01:19:03.373   474  1280 E C02d66/XPerf: [InquiryOhImpl::ExtractStringValue] Canonical FilePath: /sys/class/ithermal/lpm/lpm_freq failed.
09-10 01:19:03.374   474  1280 E C02d66/XPerf: [InquiryOhImpl::ExtractStringValue] Canonical FilePath: /sys/class/power_supply/Battery/status failed.
09-10 01:19:03.378 24312 24312 W C02c02/PARAM: Selinux check name persist.init.debug.loglevel in u:object_r:startup_init_param:s0 [24312 2000 2000] failed
09-10 01:19:03.378 24312 24312 W C02c02/PARAM: Selinux check name persist.init.debug.loglevel in u:object_r:startup_init_param:s0 [24312 2000 2000] failed
09-10 01:19:03.378 24312 24312 W C02c02/PARAM: SystemReadParam failed!name is:persist.init.debug.loglevel,err:1002
09-10 01:19:03.380  3904  3905 E C02d20/DumperService: GetPurgTotal# fail to get purg info 
09-10 01:19:03.380  3904  3905 I C02d20/DumperService: Execute# info|MemoryDumper Execute end
09-10 01:19:03.380  3904  3905 W C057c3/IPCObjectStub: SendRequestInner: Stub(desc:*.IDumpBroker) code:0 cost:554ms
09-10 01:19:03.382 24314 24314 W C02c02/PARAM: Selinux check name persist.init.debug.loglevel in u:object_r:startup_init_param:s0 [24314 2000 2000] failed
09-10 01:19:03.382 24314 24314 W C02c02/PARAM: Selinux check name persist.init.debug.loglevel in u:object_r:startup_init_param:s0 [24314 2000 2000] failed
09-10 01:19:03.382 24314 24314 W C02c02/PARAM: SystemReadParam failed!name is:persist.init.debug.loglevel,err:1002
09-10 01:19:03.386 24315 24315 W C02c02/PARAM: Selinux check name persist.init.debug.loglevel in u:object_r:startup_init_param:s0 [24315 2000 2000] failed
09-10 01:19:03.386 24315 24315 W C02c02/PARAM: Selinux check name persist.init.debug.loglevel in u:object_r:startup_init_param:s0 [24315 2000 2000] failed
09-10 01:19:03.386 24315 24315 W C02c02/PARAM: SystemReadParam failed!name is:persist.init.debug.loglevel,err:1002
09-10 01:19:03.455   125   125 I C01800/SAMGR: NF SA:65962,832_12042
09-10 01:19:03.656   125   125 I C01800/SAMGR: NF SA:65962,832_12043
09-10 01:19:03.859   125   125 I C01800/SAMGR: NF SA:65962,832_12044
09-10 01:19:03.859   832   925 E C01810/SA_CLIENT: GetSaWrap SA:65962 not start
09-10 01:19:03.859   832   925 I C01409/APS_MANAGER: request system service object is not ready yet!
09-10 01:19:03.918 24317 24317 W C02c02/PARAM: Selinux check name persist.init.debug.loglevel in u:object_r:startup_init_param:s0 [24317 2000 2000] failed
09-10 01:19:03.918 24317 24317 W C02c02/PARAM: Selinux check name persist.init.debug.loglevel in u:object_r:startup_init_param:s0 [24317 2000 2000] failed
09-10 01:19:03.918 24317 24317 W C02c02/PARAM: SystemReadParam failed!name is:persist.init.debug.loglevel,err:1002
09-10 01:19:03.921 24317 24317 W C02c02/PARAM: Selinux check name persist.init.debug.loglevel in u:object_r:startup_init_param:s0 [24317 2000 2000] failed
09-10 01:19:03.921 24317 24317 W C02c02/PARAM: Selinux check name persist.init.debug.loglevel in u:object_r:startup_init_param:s0 [24317 2000 2000] failed
09-10 01:19:03.921 24317 24317 W C02c02/PARAM: SystemReadParam failed!name is:persist.init.debug.loglevel,err:1002
09-10 01:19:04.170 24321 24321 W C02c02/PARAM: Selinux check name persist.init.debug.loglevel in u:object_r:startup_init_param:s0 [24321 2000 2000] failed
09-10 01:19:04.171 24321 24321 W C02c02/PARAM: Selinux check name persist.init.debug.loglevel in u:object_r:startup_init_param:s0 [24321 2000 2000] failed
09-10 01:19:04.171 24321 24321 W C02c02/PARAM: SystemReadParam failed!name is:persist.init.debug.loglevel,err:1002
09-10 01:19:04.175 24324 24324 W C02c02/PARAM: Selinux check name persist.init.debug.loglevel in u:object_r:startup_init_param:s0 [24324 2000 2000] failed
09-10 01:19:04.175 24324 24324 W C02c02/PARAM: Selinux check name persist.init.debug.loglevel in u:object_r:startup_init_param:s0 [24324 2000 2000] failed
09-10 01:19:04.175 24324 24324 W C02c02/PARAM: SystemReadParam failed!name is:persist.init.debug.loglevel,err:1002
09-10 01:19:04.175 24325 24325 W C02c02/PARAM: Selinux check name persist.init.debug.loglevel in u:object_r:startup_init_param:s0 [24325 2000 2000] failed
09-10 01:19:04.175 24325 24325 W C02c02/PARAM: Selinux check name persist.init.debug.loglevel in u:object_r:startup_init_param:s0 [24325 2000 2000] failed
09-10 01:19:04.175 24325 24325 W C02c02/PARAM: SystemReadParam failed!name is:persist.init.debug.loglevel,err:1002
09-10 01:19:04.175 24323 24323 W C02c02/PARAM: Selinux check name persist.init.debug.loglevel in u:object_r:startup_init_param:s0 [24323 2000 2000] failed
09-10 01:19:04.175 24323 24323 W C02c02/PARAM: Selinux check name persist.init.debug.loglevel in u:object_r:startup_init_param:s0 [24323 2000 2000] failed
09-10 01:19:04.175 24323 24323 W C02c02/PARAM: SystemReadParam failed!name is:persist.init.debug.loglevel,err:1002
09-10 01:19:04.181 24326 24326 W C02c02/PARAM: Selinux check name persist.init.debug.loglevel in u:object_r:startup_init_param:s0 [24326 2000 2000] failed
09-10 01:19:04.181 24326 24326 W C02c02/PARAM: Selinux check name persist.init.debug.loglevel in u:object_r:startup_init_param:s0 [24326 2000 2000] failed
09-10 01:19:04.181 24326 24326 W C02c02/PARAM: SystemReadParam failed!name is:persist.init.debug.loglevel,err:1002
09-10 01:19:04.181 24327 24327 W C02c02/PARAM: Selinux check name persist.init.debug.loglevel in u:object_r:startup_init_param:s0 [24327 2000 2000] failed
09-10 01:19:04.181 24327 24327 W C02c02/PARAM: Selinux check name persist.init.debug.loglevel in u:object_r:startup_init_param:s0 [24327 2000 2000] failed
09-10 01:19:04.182 24327 24327 W C02c02/PARAM: SystemReadParam failed!name is:persist.init.debug.loglevel,err:1002
09-10 01:19:04.268  2458  2458 W A01c06/ICON: AppIconWeatherModel --> initWeatherListener, retryTimes: 4
09-10 01:19:04.273   490  2348 E C01707/CONCUR: [Interface] task 2348 apply qos failed, errno = 4
09-10 01:19:04.273   490  2348 E C01611/QosManager: QosManager: Failed to set thread QoS to QOS_USER_INTERACTIVE, ret: -1
09-10 01:19:04.273   782  1040 W C01123/BMSCommon: bundle not exist -n com.huawei.hmsapp.totemweather -u 100 -i 0 -f 32
09-10 01:19:04.273   782  1040 W C01121/BMSQuery: GetBundleInfo failed -n com.huawei.hmsapp.totemweather -u 100
09-10 01:19:04.273   490  2348 E C01651/BundleMgrProxy: GetBundleInfoFromBMS: GetBundleInfo failed!bundleName is com.huawei.hmsapp.totemweather, userId is 100
09-10 01:19:04.273   490  2348 E C01651/DataProviderConfig: GetFromProxyData: Get bundleInfo failed! bundleName:com.huawei.hmsapp.totemweather, userId:100, visitedId:100, uri:******icIconInfo
09-10 01:19:04.273   490  2348 E C01651/DataShareServiceImpl: GetBMSAndMetaDataStatus: CalledInfo failed! token:0x2002a7c3,ret:1001,uri:******icIconInfo
09-10 01:19:04.273   490  2348 E C01651/DataShareServiceImpl: GetSilentProxyStatus: BMS or metaData not ready to complete, token:0x2002a7c3, uri:******icIconInfo
09-10 01:19:04.273  2458  2458 E A01c06/ICON: AppIconWeatherModel --> get weather info failed, code: 15700010, message: The DataShareHelper is not initialized successfully.
09-10 01:19:04.392 24329 24329 W C02c02/PARAM: Selinux check name persist.init.debug.loglevel in u:object_r:startup_init_param:s0 [24329 2000 2000] failed
09-10 01:19:04.393 24329 24329 W C02c02/PARAM: Selinux check name persist.init.debug.loglevel in u:object_r:startup_init_param:s0 [24329 2000 2000] failed
09-10 01:19:04.393 24329 24329 W C02c02/PARAM: SystemReadParam failed!name is:persist.init.debug.loglevel,err:1002
09-10 01:19:04.397 24331 24331 W C02c02/PARAM: Selinux check name persist.init.debug.loglevel in u:object_r:startup_init_param:s0 [24331 2000 2000] failed
09-10 01:19:04.397 24331 24331 W C02c02/PARAM: Selinux check name persist.init.debug.loglevel in u:object_r:startup_init_param:s0 [24331 2000 2000] failed
09-10 01:19:04.397 24331 24331 W C02c02/PARAM: SystemReadParam failed!name is:persist.init.debug.loglevel,err:1002
09-10 01:19:04.401 24332 24332 W C02c02/PARAM: Selinux check name persist.init.debug.loglevel in u:object_r:startup_init_param:s0 [24332 2000 2000] failed
09-10 01:19:04.401 24332 24332 W C02c02/PARAM: Selinux check name persist.init.debug.loglevel in u:object_r:startup_init_param:s0 [24332 2000 2000] failed
09-10 01:19:04.401 24332 24332 W C02c02/PARAM: SystemReadParam failed!name is:persist.init.debug.loglevel,err:1002
09-10 01:19:04.602   592   812 W C02943/ThermalHdi: Read node failed, title = brightness
09-10 01:19:04.602   592   812 W C02943/ThermalHdi: Read node failed, title = 
09-10 01:19:04.602   592   812 W C02943/ThermalHdi: Read node failed, title = 
09-10 01:19:04.602   592   812 W C02943/ThermalHdi: Read node failed, title = 
09-10 01:19:04.602   592   812 W C02943/ThermalHdi: Read node failed, title = 
09-10 01:19:04.602   592   812 W C02943/ThermalHdi: Read node failed, title = 
09-10 01:19:04.602   592   812 W C02943/ThermalHdi: Read node failed, title = 
09-10 01:19:04.602   592   812 W C02943/ThermalHdi: Read node failed, title = 
09-10 01:19:04.602   592   812 W C02943/ThermalHdi: Read node failed, title = 
09-10 01:19:04.602   592   812 W C02943/ThermalHdi: Read node failed, title = 
09-10 01:19:04.602   592   812 W C02943/ThermalHdi: Read node failed, title = 
09-10 01:19:04.602   592   812 W C02943/ThermalHdi: Read node failed, title = 
09-10 01:19:04.602   592   812 W C02943/ThermalHdi: Read node failed, title = 
09-10 01:19:04.602   592   812 W C02943/ThermalHdi: Read node failed, title = 
09-10 01:19:04.602   592   812 W C02943/ThermalHdi: Read node failed, title = 
09-10 01:19:04.602   592   812 W C02943/ThermalHdi: Read node failed, title = 
09-10 01:19:04.602   592   812 W C02943/ThermalHdi: Read node failed, title = 
09-10 01:19:04.602   592   812 W C02943/ThermalHdi: Read node failed, title = 
09-10 01:19:04.602   592   812 W C02943/ThermalHdi: Read node failed, title = 
09-10 01:19:04.602   592   812 W C02943/ThermalHdi: Read node failed, title = 
09-10 01:19:04.602   592   812 W C02943/ThermalHdi: Read node failed, title = 
09-10 01:19:04.602   592   812 W C02943/ThermalHdi: Read node failed, title = 
09-10 01:19:04.602   592   812 W C02943/ThermalHdi: Read node failed, title = 
09-10 01:19:04.602   592   812 W C02943/ThermalHdi: Read node failed, title = 
09-10 01:19:04.602   592   812 W C02943/ThermalHdi: Read node failed, title = 
09-10 01:19:04.602   592   812 W C02943/ThermalHdi: Read node failed, title = ambient
09-10 01:19:04.602   592   812 W C02943/ThermalHdi: Read node failed, title = ibat
09-10 01:19:04.602   592   812 W C02943/ThermalHdi: Read node failed, title = vbat
09-10 01:19:04.602   592   812 W C02943/ThermalHdi: Read node failed, title = cpu0_min_freq
09-10 01:19:04.602   592   812 W C02943/ThermalHdi: Read node failed, title = cpu0_cur_freq
09-10 01:19:04.602   592   812 W C02943/ThermalHdi: Read node failed, title = cpu0_max_freq
09-10 01:19:04.602   592   812 W C02943/ThermalHdi: Read node failed, title = cpu4_min_freq
09-10 01:19:04.602   592   812 W C02943/ThermalHdi: Read node failed, title = cpu4_cur_freq
09-10 01:19:04.602   592   812 W C02943/ThermalHdi: Read node failed, title = cpu4_max_freq
09-10 01:19:04.602   592   812 W C02943/ThermalHdi: Read node failed, title = cpu7_min_freq
09-10 01:19:04.602   592   812 W C02943/ThermalHdi: Read node failed, title = cpu7_cur_freq
09-10 01:19:04.602   592   812 W C02943/ThermalHdi: Read node failed, title = cpu7_max_freq
09-10 01:19:04.602   592   812 W C02943/ThermalHdi: Read node failed, title = gpu_min_freq
09-10 01:19:04.602   592   812 W C02943/ThermalHdi: Read node failed, title = gpu_cur_freq
09-10 01:19:04.602   592   812 W C02943/ThermalHdi: Read node failed, title = gpu_max_freq
09-10 01:19:04.602   592   812 W C02943/ThermalHdi: Read node failed, title = ddr_cur_freq
09-10 01:19:04.602   592   812 W C02943/ThermalHdi: Read node failed, title = set_IPApower
09-10 01:19:04.602   592   812 W C02943/ThermalHdi: Read node failed, title = cur_IPApower
09-10 01:19:04.602   592   812 W C02943/ThermalHdi: get node failed
09-10 01:19:04.602   592   812 W C02943/ThermalHdi: get node failed
09-10 01:19:04.602   592   812 W C02943/ThermalHdi: get node failed
09-10 01:19:04.934 24334 24334 W C02c02/PARAM: Selinux check name persist.init.debug.loglevel in u:object_r:startup_init_param:s0 [24334 2000 2000] failed
09-10 01:19:04.934 24334 24334 W C02c02/PARAM: Selinux check name persist.init.debug.loglevel in u:object_r:startup_init_param:s0 [24334 2000 2000] failed
09-10 01:19:04.934 24334 24334 W C02c02/PARAM: SystemReadParam failed!name is:persist.init.debug.loglevel,err:1002
09-10 01:19:04.937 24334 24334 W C02c02/PARAM: Selinux check name persist.init.debug.loglevel in u:object_r:startup_init_param:s0 [24334 2000 2000] failed
09-10 01:19:04.937 24334 24334 W C02c02/PARAM: Selinux check name persist.init.debug.loglevel in u:object_r:startup_init_param:s0 [24334 2000 2000] failed
09-10 01:19:04.937 24334 24334 W C02c02/PARAM: SystemReadParam failed!name is:persist.init.debug.loglevel,err:1002
09-10 01:19:05.169 24337 24337 W C02c02/PARAM: Selinux check name persist.init.debug.loglevel in u:object_r:startup_init_param:s0 [24337 2000 2000] failed
09-10 01:19:05.169 24337 24337 W C02c02/PARAM: Selinux check name persist.init.debug.loglevel in u:object_r:startup_init_param:s0 [24337 2000 2000] failed
09-10 01:19:05.169 24337 24337 W C02c02/PARAM: SystemReadParam failed!name is:persist.init.debug.loglevel,err:1002
09-10 01:19:05.172 24339 24339 W C02c02/PARAM: Selinux check name persist.init.debug.loglevel in u:object_r:startup_init_param:s0 [24339 2000 2000] failed
09-10 01:19:05.172 24341 24341 W C02c02/PARAM: Selinux check name persist.init.debug.loglevel in u:object_r:startup_init_param:s0 [24341 2000 2000] failed
09-10 01:19:05.172 24339 24339 W C02c02/PARAM: Selinux check name persist.init.debug.loglevel in u:object_r:startup_init_param:s0 [24339 2000 2000] failed
09-10 01:19:05.172 24340 24340 W C02c02/PARAM: Selinux check name persist.init.debug.loglevel in u:object_r:startup_init_param:s0 [24340 2000 2000] failed
09-10 01:19:05.172 24339 24339 W C02c02/PARAM: SystemReadParam failed!name is:persist.init.debug.loglevel,err:1002
09-10 01:19:05.172 24340 24340 W C02c02/PARAM: Selinux check name persist.init.debug.loglevel in u:object_r:startup_init_param:s0 [24340 2000 2000] failed
09-10 01:19:05.172 24340 24340 W C02c02/PARAM: SystemReadParam failed!name is:persist.init.debug.loglevel,err:1002
09-10 01:19:05.172 24341 24341 W C02c02/PARAM: Selinux check name persist.init.debug.loglevel in u:object_r:startup_init_param:s0 [24341 2000 2000] failed
09-10 01:19:05.172 24341 24341 W C02c02/PARAM: SystemReadParam failed!name is:persist.init.debug.loglevel,err:1002
09-10 01:19:05.177 24342 24342 W C02c02/PARAM: Selinux check name persist.init.debug.loglevel in u:object_r:startup_init_param:s0 [24342 2000 2000] failed
09-10 01:19:05.177 24342 24342 W C02c02/PARAM: Selinux check name persist.init.debug.loglevel in u:object_r:startup_init_param:s0 [24342 2000 2000] failed
09-10 01:19:05.177 24342 24342 W C02c02/PARAM: SystemReadParam failed!name is:persist.init.debug.loglevel,err:1002
09-10 01:19:05.177 24343 24343 W C02c02/PARAM: Selinux check name persist.init.debug.loglevel in u:object_r:startup_init_param:s0 [24343 2000 2000] failed
09-10 01:19:05.177 24343 24343 W C02c02/PARAM: Selinux check name persist.init.debug.loglevel in u:object_r:startup_init_param:s0 [24343 2000 2000] failed
09-10 01:19:05.177 24343 24343 W C02c02/PARAM: SystemReadParam failed!name is:persist.init.debug.loglevel,err:1002
09-10 01:19:05.275  2458  2458 W A01c06/ICON: AppIconWeatherModel --> initWeatherListener, retryTimes: 4
09-10 01:19:05.276   490  2348 E C01707/CONCUR: [Interface] task 2348 apply qos failed, errno = 4
09-10 01:19:05.276   490  2348 E C01611/QosManager: QosManager: Failed to set thread QoS to QOS_USER_INTERACTIVE, ret: -1
09-10 01:19:05.276   782  1040 W C01123/BMSCommon: bundle not exist -n com.huawei.hmsapp.totemweather -u 100 -i 0 -f 32
09-10 01:19:05.276   782  1040 W C01121/BMSQuery: GetBundleInfo failed -n com.huawei.hmsapp.totemweather -u 100
09-10 01:19:05.276   490  2348 E C01651/BundleMgrProxy: GetBundleInfoFromBMS: GetBundleInfo failed!bundleName is com.huawei.hmsapp.totemweather, userId is 100
09-10 01:19:05.276   490  2348 E C01651/DataProviderConfig: GetFromProxyData: Get bundleInfo failed! bundleName:com.huawei.hmsapp.totemweather, userId:100, visitedId:100, uri:******icIconInfo
09-10 01:19:05.276   490  2348 E C01651/DataShareServiceImpl: GetBMSAndMetaDataStatus: CalledInfo failed! token:0x2002a7c3,ret:1001,uri:******icIconInfo
09-10 01:19:05.276   490  2348 E C01651/DataShareServiceImpl: GetSilentProxyStatus: BMS or metaData not ready to complete, token:0x2002a7c3, uri:******icIconInfo
09-10 01:19:05.277  2458  2458 E A01c06/ICON: AppIconWeatherModel --> get weather info failed, code: 15700010, message: The DataShareHelper is not initialized successfully.
09-10 01:19:05.374 24345 24345 W C02c02/PARAM: Selinux check name persist.init.debug.loglevel in u:object_r:startup_init_param:s0 [24345 2000 2000] failed
09-10 01:19:05.374 24345 24345 W C02c02/PARAM: Selinux check name persist.init.debug.loglevel in u:object_r:startup_init_param:s0 [24345 2000 2000] failed
09-10 01:19:05.374 24345 24345 W C02c02/PARAM: SystemReadParam failed!name is:persist.init.debug.loglevel,err:1002
09-10 01:19:05.377 24347 24347 W C02c02/PARAM: Selinux check name persist.init.debug.loglevel in u:object_r:startup_init_param:s0 [24347 2000 2000] failed
09-10 01:19:05.377 24347 24347 W C02c02/PARAM: Selinux check name persist.init.debug.loglevel in u:object_r:startup_init_param:s0 [24347 2000 2000] failed
09-10 01:19:05.377 24347 24347 W C02c02/PARAM: SystemReadParam failed!name is:persist.init.debug.loglevel,err:1002
09-10 01:19:05.380 24348 24348 W C02c02/PARAM: Selinux check name persist.init.debug.loglevel in u:object_r:startup_init_param:s0 [24348 2000 2000] failed
09-10 01:19:05.380 24348 24348 W C02c02/PARAM: Selinux check name persist.init.debug.loglevel in u:object_r:startup_init_param:s0 [24348 2000 2000] failed
09-10 01:19:05.380 24348 24348 W C02c02/PARAM: SystemReadParam failed!name is:persist.init.debug.loglevel,err:1002
09-10 01:19:05.522  1796  1796 E C02c11/APPSPAWN: [appspawn_kickdog.c:29]open /sys/kernel/hungtask/userlist fail,errno:2
09-10 01:19:05.816  3290  3290 I C02500/Qemud: Guest heartbeat success.
09-10 01:19:05.862   125   125 I C01800/SAMGR: NF SA:65962,832_12045
09-10 01:19:05.907 24350 24350 W C02c02/PARAM: Selinux check name persist.init.debug.loglevel in u:object_r:startup_init_param:s0 [24350 2000 2000] failed
09-10 01:19:05.907 24350 24350 W C02c02/PARAM: Selinux check name persist.init.debug.loglevel in u:object_r:startup_init_param:s0 [24350 2000 2000] failed
09-10 01:19:05.907 24350 24350 W C02c02/PARAM: SystemReadParam failed!name is:persist.init.debug.loglevel,err:1002
09-10 01:19:05.910 24350 24350 W C02c02/PARAM: Selinux check name persist.init.debug.loglevel in u:object_r:startup_init_param:s0 [24350 2000 2000] failed
09-10 01:19:05.910 24350 24350 W C02c02/PARAM: Selinux check name persist.init.debug.loglevel in u:object_r:startup_init_param:s0 [24350 2000 2000] failed
09-10 01:19:05.910 24350 24350 W C02c02/PARAM: SystemReadParam failed!name is:persist.init.debug.loglevel,err:1002
09-10 01:19:06.066   125   125 I C01800/SAMGR: NF SA:65962,832_12046
09-10 01:19:06.108 24353 24353 W C02c02/PARAM: Selinux check name persist.init.debug.loglevel in u:object_r:startup_init_param:s0 [24353 2000 2000] failed
09-10 01:19:06.108 24353 24353 W C02c02/PARAM: Selinux check name persist.init.debug.loglevel in u:object_r:startup_init_param:s0 [24353 2000 2000] failed
09-10 01:19:06.108 24353 24353 W C02c02/PARAM: SystemReadParam failed!name is:persist.init.debug.loglevel,err:1002
09-10 01:19:06.112 24355 24355 I C02d20/DumperService: SetCmdArgs# hidumper cmd:hidumper -s 1201 -a -p Faultlogger -LogSuffixWithMs , calllingUid=2000, calllingPid=24355, ppid:24353.
09-10 01:19:06.112 24355 24356 W C057c1/IPCWorkThread: ThreadHandler: proto:0 policy:1 name:OS_IPC_0_24356 invoker:2193646208
09-10 01:19:06.112 24355 24357 W C057c1/IPCWorkThread: ThreadHandler: proto:0 policy:0 name:OS_IPC_1_24357 invoker:2219123328
09-10 01:19:06.112  3904  3905 I C02d20/DumperService: DelayUnloadTask# recieve new request, delay unload task begin, calllingPid=24355
09-10 01:19:06.112   474 29681 I C02d11/Faultlogger: DumpByCommands: DumpRequest: detail:0, list:0, file:, name:, time:-1
09-10 01:19:06.112  3904  3905 I C02d20/DumperService: GetData# SA name:1201 dump success, cmd:-p Faultlogger -LogSuffixWithMs , calllingPid=24355!
09-10 01:19:06.197 24359 24359 W C02c02/PARAM: Selinux check name persist.init.debug.loglevel in u:object_r:startup_init_param:s0 [24359 2000 2000] failed
09-10 01:19:06.197 24359 24359 W C02c02/PARAM: Selinux check name persist.init.debug.loglevel in u:object_r:startup_init_param:s0 [24359 2000 2000] failed
09-10 01:19:06.197 24359 24359 W C02c02/PARAM: SystemReadParam failed!name is:persist.init.debug.loglevel,err:1002
09-10 01:19:06.200 24361 24361 W C02c02/PARAM: Selinux check name persist.init.debug.loglevel in u:object_r:startup_init_param:s0 [24361 2000 2000] failed
09-10 01:19:06.200 24361 24361 W C02c02/PARAM: Selinux check name persist.init.debug.loglevel in u:object_r:startup_init_param:s0 [24361 2000 2000] failed
09-10 01:19:06.200 24361 24361 W C02c02/PARAM: SystemReadParam failed!name is:persist.init.debug.loglevel,err:1002
09-10 01:19:06.200 24363 24363 W C02c02/PARAM: Selinux check name persist.init.debug.loglevel in u:object_r:startup_init_param:s0 [24363 2000 2000] failed
09-10 01:19:06.200 24363 24363 W C02c02/PARAM: Selinux check name persist.init.debug.loglevel in u:object_r:startup_init_param:s0 [24363 2000 2000] failed
09-10 01:19:06.200 24363 24363 W C02c02/PARAM: SystemReadParam failed!name is:persist.init.debug.loglevel,err:1002
09-10 01:19:06.200 24362 24362 W C02c02/PARAM: Selinux check name persist.init.debug.loglevel in u:object_r:startup_init_param:s0 [24362 2000 2000] failed
09-10 01:19:06.200 24362 24362 W C02c02/PARAM: Selinux check name persist.init.debug.loglevel in u:object_r:startup_init_param:s0 [24362 2000 2000] failed
09-10 01:19:06.201 24362 24362 W C02c02/PARAM: SystemReadParam failed!name is:persist.init.debug.loglevel,err:1002
09-10 01:19:06.204 24364 24364 W C02c02/PARAM: Selinux check name persist.init.debug.loglevel in u:object_r:startup_init_param:s0 [24364 2000 2000] failed
09-10 01:19:06.204 24364 24364 W C02c02/PARAM: Selinux check name persist.init.debug.loglevel in u:object_r:startup_init_param:s0 [24364 2000 2000] failed
09-10 01:19:06.204 24364 24364 W C02c02/PARAM: SystemReadParam failed!name is:persist.init.debug.loglevel,err:1002
09-10 01:19:06.205 24365 24365 W C02c02/PARAM: Selinux check name persist.init.debug.loglevel in u:object_r:startup_init_param:s0 [24365 2000 2000] failed
09-10 01:19:06.205 24365 24365 W C02c02/PARAM: Selinux check name persist.init.debug.loglevel in u:object_r:startup_init_param:s0 [24365 2000 2000] failed
09-10 01:19:06.205 24365 24365 W C02c02/PARAM: SystemReadParam failed!name is:persist.init.debug.loglevel,err:1002
09-10 01:19:06.269   125   125 I C01800/SAMGR: NF SA:65962,832_12047
09-10 01:19:06.279  2458  2458 W A01c06/ICON: AppIconWeatherModel --> initWeatherListener, retryTimes: 4
09-10 01:19:06.281   490  2348 E C01707/CONCUR: [Interface] task 2348 apply qos failed, errno = 4
09-10 01:19:06.281   490  2348 E C01611/QosManager: QosManager: Failed to set thread QoS to QOS_USER_INTERACTIVE, ret: -1
09-10 01:19:06.281   782  1040 W C01123/BMSCommon: bundle not exist -n com.huawei.hmsapp.totemweather -u 100 -i 0 -f 32
09-10 01:19:06.281   782  1040 W C01121/BMSQuery: GetBundleInfo failed -n com.huawei.hmsapp.totemweather -u 100
09-10 01:19:06.281   490  2348 E C01651/BundleMgrProxy: GetBundleInfoFromBMS: GetBundleInfo failed!bundleName is com.huawei.hmsapp.totemweather, userId is 100
09-10 01:19:06.281   490  2348 E C01651/DataProviderConfig: GetFromProxyData: Get bundleInfo failed! bundleName:com.huawei.hmsapp.totemweather, userId:100, visitedId:100, uri:******icIconInfo
09-10 01:19:06.281   490  2348 E C01651/DataShareServiceImpl: GetBMSAndMetaDataStatus: CalledInfo failed! token:0x2002a7c3,ret:1001,uri:******icIconInfo
09-10 01:19:06.281   490  2348 E C01651/DataShareServiceImpl: GetSilentProxyStatus: BMS or metaData not ready to complete, token:0x2002a7c3, uri:******icIconInfo
09-10 01:19:06.281  2458  2458 E A01c06/ICON: AppIconWeatherModel --> get weather info failed, code: 15700010, message: The DataShareHelper is not initialized successfully.
09-10 01:19:06.436 24367 24367 W C02c02/PARAM: Selinux check name persist.init.debug.loglevel in u:object_r:startup_init_param:s0 [24367 2000 2000] failed
09-10 01:19:06.436 24367 24367 W C02c02/PARAM: Selinux check name persist.init.debug.loglevel in u:object_r:startup_init_param:s0 [24367 2000 2000] failed
09-10 01:19:06.436 24367 24367 W C02c02/PARAM: SystemReadParam failed!name is:persist.init.debug.loglevel,err:1002
09-10 01:19:06.438 24369 24369 W C02c02/PARAM: Selinux check name persist.init.debug.loglevel in u:object_r:startup_init_param:s0 [24369 2000 2000] failed
09-10 01:19:06.438 24369 24369 W C02c02/PARAM: Selinux check name persist.init.debug.loglevel in u:object_r:startup_init_param:s0 [24369 2000 2000] failed
09-10 01:19:06.438 24369 24369 W C02c02/PARAM: SystemReadParam failed!name is:persist.init.debug.loglevel,err:1002
09-10 01:19:06.441 24370 24370 W C02c02/PARAM: Selinux check name persist.init.debug.loglevel in u:object_r:startup_init_param:s0 [24370 2000 2000] failed
09-10 01:19:06.441 24370 24370 W C02c02/PARAM: Selinux check name persist.init.debug.loglevel in u:object_r:startup_init_param:s0 [24370 2000 2000] failed
09-10 01:19:06.441 24370 24370 W C02c02/PARAM: SystemReadParam failed!name is:persist.init.debug.loglevel,err:1002
09-10 01:19:06.471   125   125 I C01800/SAMGR: NF SA:65962,832_12048
09-10 01:19:06.672   125   125 I C01800/SAMGR: NF SA:65962,832_12049
09-10 01:19:06.872   125   125 I C01800/SAMGR: NF SA:65962,832_12050
09-10 01:19:06.957 24372 24372 W C02c02/PARAM: Selinux check name persist.init.debug.loglevel in u:object_r:startup_init_param:s0 [24372 2000 2000] failed
09-10 01:19:06.957 24372 24372 W C02c02/PARAM: Selinux check name persist.init.debug.loglevel in u:object_r:startup_init_param:s0 [24372 2000 2000] failed
09-10 01:19:06.957 24372 24372 W C02c02/PARAM: SystemReadParam failed!name is:persist.init.debug.loglevel,err:1002
09-10 01:19:06.959 24372 24372 W C02c02/PARAM: Selinux check name persist.init.debug.loglevel in u:object_r:startup_init_param:s0 [24372 2000 2000] failed
09-10 01:19:06.959 24372 24372 W C02c02/PARAM: Selinux check name persist.init.debug.loglevel in u:object_r:startup_init_param:s0 [24372 2000 2000] failed
09-10 01:19:06.959 24372 24372 W C02c02/PARAM: SystemReadParam failed!name is:persist.init.debug.loglevel,err:1002
09-10 01:19:07.073   125   125 I C01800/SAMGR: NF SA:65962,832_12051
09-10 01:19:07.073   832   925 E C01810/SA_CLIENT: GetSaWrap SA:65962 not start
09-10 01:19:07.073   832   925 I C01409/APS_MANAGER: request system service object is not ready yet!
09-10 01:19:07.169 24375 24375 W C02c02/PARAM: Selinux check name persist.init.debug.loglevel in u:object_r:startup_init_param:s0 [24375 2000 2000] failed
09-10 01:19:07.169 24375 24375 W C02c02/PARAM: Selinux check name persist.init.debug.loglevel in u:object_r:startup_init_param:s0 [24375 2000 2000] failed
09-10 01:19:07.169 24375 24375 W C02c02/PARAM: SystemReadParam failed!name is:persist.init.debug.loglevel,err:1002
09-10 01:19:07.172 24378 24378 W C02c02/PARAM: Selinux check name persist.init.debug.loglevel in u:object_r:startup_init_param:s0 [24378 2000 2000] failed
09-10 01:19:07.172 24378 24378 W C02c02/PARAM: Selinux check name persist.init.debug.loglevel in u:object_r:startup_init_param:s0 [24378 2000 2000] failed
09-10 01:19:07.172 24379 24379 W C02c02/PARAM: Selinux check name persist.init.debug.loglevel in u:object_r:startup_init_param:s0 [24379 2000 2000] failed
09-10 01:19:07.172 24378 24378 W C02c02/PARAM: SystemReadParam failed!name is:persist.init.debug.loglevel,err:1002
09-10 01:19:07.172 24379 24379 W C02c02/PARAM: Selinux check name persist.init.debug.loglevel in u:object_r:startup_init_param:s0 [24379 2000 2000] failed
09-10 01:19:07.172 24377 24377 W C02c02/PARAM: Selinux check name persist.init.debug.loglevel in u:object_r:startup_init_param:s0 [24377 2000 2000] failed
09-10 01:19:07.172 24377 24377 W C02c02/PARAM: Selinux check name persist.init.debug.loglevel in u:object_r:startup_init_param:s0 [24377 2000 2000] failed
09-10 01:19:07.172 24377 24377 W C02c02/PARAM: SystemReadParam failed!name is:persist.init.debug.loglevel,err:1002
09-10 01:19:07.172 24379 24379 W C02c02/PARAM: SystemReadParam failed!name is:persist.init.debug.loglevel,err:1002
09-10 01:19:07.176 24380 24380 W C02c02/PARAM: Selinux check name persist.init.debug.loglevel in u:object_r:startup_init_param:s0 [24380 2000 2000] failed
09-10 01:19:07.176 24380 24380 W C02c02/PARAM: Selinux check name persist.init.debug.loglevel in u:object_r:startup_init_param:s0 [24380 2000 2000] failed
09-10 01:19:07.176 24380 24380 W C02c02/PARAM: SystemReadParam failed!name is:persist.init.debug.loglevel,err:1002
09-10 01:19:07.176 24381 24381 W C02c02/PARAM: Selinux check name persist.init.debug.loglevel in u:object_r:startup_init_param:s0 [24381 2000 2000] failed
09-10 01:19:07.176 24381 24381 W C02c02/PARAM: Selinux check name persist.init.debug.loglevel in u:object_r:startup_init_param:s0 [24381 2000 2000] failed
09-10 01:19:07.176 24381 24381 W C02c02/PARAM: SystemReadParam failed!name is:persist.init.debug.loglevel,err:1002
09-10 01:19:07.283  2458  2458 W A01c06/ICON: AppIconWeatherModel --> initWeatherListener, retryTimes: 4
09-10 01:19:07.285   490  2348 E C01707/CONCUR: [Interface] task 2348 apply qos failed, errno = 4
09-10 01:19:07.285   490  2348 E C01611/QosManager: QosManager: Failed to set thread QoS to QOS_USER_INTERACTIVE, ret: -1
09-10 01:19:07.285   782  1040 W C01123/BMSCommon: bundle not exist -n com.huawei.hmsapp.totemweather -u 100 -i 0 -f 32
09-10 01:19:07.285   782  1040 W C01121/BMSQuery: GetBundleInfo failed -n com.huawei.hmsapp.totemweather -u 100
09-10 01:19:07.285   490  2348 E C01651/BundleMgrProxy: GetBundleInfoFromBMS: GetBundleInfo failed!bundleName is com.huawei.hmsapp.totemweather, userId is 100
09-10 01:19:07.285   490  2348 E C01651/DataProviderConfig: GetFromProxyData: Get bundleInfo failed! bundleName:com.huawei.hmsapp.totemweather, userId:100, visitedId:100, uri:******icIconInfo
09-10 01:19:07.285   490  2348 E C01651/DataShareServiceImpl: GetBMSAndMetaDataStatus: CalledInfo failed! token:0x2002a7c3,ret:1001,uri:******icIconInfo
09-10 01:19:07.285   490  2348 E C01651/DataShareServiceImpl: GetSilentProxyStatus: BMS or metaData not ready to complete, token:0x2002a7c3, uri:******icIconInfo
09-10 01:19:07.285  2458  2458 E A01c06/ICON: AppIconWeatherModel --> get weather info failed, code: 15700010, message: The DataShareHelper is not initialized successfully.
09-10 01:19:07.384 24383 24383 W C02c02/PARAM: Selinux check name persist.init.debug.loglevel in u:object_r:startup_init_param:s0 [24383 2000 2000] failed
09-10 01:19:07.384 24383 24383 W C02c02/PARAM: Selinux check name persist.init.debug.loglevel in u:object_r:startup_init_param:s0 [24383 2000 2000] failed
09-10 01:19:07.384 24383 24383 W C02c02/PARAM: SystemReadParam failed!name is:persist.init.debug.loglevel,err:1002
09-10 01:19:07.387 24385 24385 W C02c02/PARAM: Selinux check name persist.init.debug.loglevel in u:object_r:startup_init_param:s0 [24385 2000 2000] failed
09-10 01:19:07.387 24385 24385 W C02c02/PARAM: Selinux check name persist.init.debug.loglevel in u:object_r:startup_init_param:s0 [24385 2000 2000] failed
09-10 01:19:07.387 24385 24385 W C02c02/PARAM: SystemReadParam failed!name is:persist.init.debug.loglevel,err:1002
09-10 01:19:07.390 24386 24386 W C02c02/PARAM: Selinux check name persist.init.debug.loglevel in u:object_r:startup_init_param:s0 [24386 2000 2000] failed
09-10 01:19:07.390 24386 24386 W C02c02/PARAM: Selinux check name persist.init.debug.loglevel in u:object_r:startup_init_param:s0 [24386 2000 2000] failed
09-10 01:19:07.390 24386 24386 W C02c02/PARAM: SystemReadParam failed!name is:persist.init.debug.loglevel,err:1002
09-10 01:19:07.914 24388 24388 W C02c02/PARAM: Selinux check name persist.init.debug.loglevel in u:object_r:startup_init_param:s0 [24388 2000 2000] failed
09-10 01:19:07.914 24388 24388 W C02c02/PARAM: Selinux check name persist.init.debug.loglevel in u:object_r:startup_init_param:s0 [24388 2000 2000] failed
09-10 01:19:07.914 24388 24388 W C02c02/PARAM: SystemReadParam failed!name is:persist.init.debug.loglevel,err:1002
09-10 01:19:07.917 24388 24388 W C02c02/PARAM: Selinux check name persist.init.debug.loglevel in u:object_r:startup_init_param:s0 [24388 2000 2000] failed
09-10 01:19:07.917 24388 24388 W C02c02/PARAM: Selinux check name persist.init.debug.loglevel in u:object_r:startup_init_param:s0 [24388 2000 2000] failed
09-10 01:19:07.917 24388 24388 W C02c02/PARAM: SystemReadParam failed!name is:persist.init.debug.loglevel,err:1002
09-10 01:19:08.167 24392 24392 W C02c02/PARAM: Selinux check name persist.init.debug.loglevel in u:object_r:startup_init_param:s0 [24392 2000 2000] failed
09-10 01:19:08.167 24392 24392 W C02c02/PARAM: Selinux check name persist.init.debug.loglevel in u:object_r:startup_init_param:s0 [24392 2000 2000] failed
09-10 01:19:08.167 24392 24392 W C02c02/PARAM: SystemReadParam failed!name is:persist.init.debug.loglevel,err:1002
09-10 01:19:08.170 24394 24394 W C02c02/PARAM: Selinux check name persist.init.debug.loglevel in u:object_r:startup_init_param:s0 [24394 2000 2000] failed
09-10 01:19:08.170 24394 24394 W C02c02/PARAM: Selinux check name persist.init.debug.loglevel in u:object_r:startup_init_param:s0 [24394 2000 2000] failed
09-10 01:19:08.170 24394 24394 W C02c02/PARAM: SystemReadParam failed!name is:persist.init.debug.loglevel,err:1002
09-10 01:19:08.170 24395 24395 W C02c02/PARAM: Selinux check name persist.init.debug.loglevel in u:object_r:startup_init_param:s0 [24395 2000 2000] failed
09-10 01:19:08.170 24396 24396 W C02c02/PARAM: Selinux check name persist.init.debug.loglevel in u:object_r:startup_init_param:s0 [24396 2000 2000] failed
09-10 01:19:08.170 24395 24395 W C02c02/PARAM: Selinux check name persist.init.debug.loglevel in u:object_r:startup_init_param:s0 [24395 2000 2000] failed
09-10 01:19:08.170 24396 24396 W C02c02/PARAM: Selinux check name persist.init.debug.loglevel in u:object_r:startup_init_param:s0 [24396 2000 2000] failed
09-10 01:19:08.170 24395 24395 W C02c02/PARAM: SystemReadParam failed!name is:persist.init.debug.loglevel,err:1002
09-10 01:19:08.170 24396 24396 W C02c02/PARAM: SystemReadParam failed!name is:persist.init.debug.loglevel,err:1002
09-10 01:19:08.174 24397 24397 W C02c02/PARAM: Selinux check name persist.init.debug.loglevel in u:object_r:startup_init_param:s0 [24397 2000 2000] failed
09-10 01:19:08.174 24397 24397 W C02c02/PARAM: Selinux check name persist.init.debug.loglevel in u:object_r:startup_init_param:s0 [24397 2000 2000] failed
09-10 01:19:08.174 24397 24397 W C02c02/PARAM: SystemReadParam failed!name is:persist.init.debug.loglevel,err:1002
09-10 01:19:08.174 24398 24398 W C02c02/PARAM: Selinux check name persist.init.debug.loglevel in u:object_r:startup_init_param:s0 [24398 2000 2000] failed
09-10 01:19:08.174 24398 24398 W C02c02/PARAM: Selinux check name persist.init.debug.loglevel in u:object_r:startup_init_param:s0 [24398 2000 2000] failed
09-10 01:19:08.175 24398 24398 W C02c02/PARAM: SystemReadParam failed!name is:persist.init.debug.loglevel,err:1002
09-10 01:19:08.287  2458  2458 W A01c06/ICON: AppIconWeatherModel --> initWeatherListener, retryTimes: 4
09-10 01:19:08.288   490  2348 E C01707/CONCUR: [Interface] task 2348 apply qos failed, errno = 4
09-10 01:19:08.288   490  2348 E C01611/QosManager: QosManager: Failed to set thread QoS to QOS_USER_INTERACTIVE, ret: -1
09-10 01:19:08.288   782  1040 W C01123/BMSCommon: bundle not exist -n com.huawei.hmsapp.totemweather -u 100 -i 0 -f 32
09-10 01:19:08.288   782  1040 W C01121/BMSQuery: GetBundleInfo failed -n com.huawei.hmsapp.totemweather -u 100
09-10 01:19:08.288   490  2348 E C01651/BundleMgrProxy: GetBundleInfoFromBMS: GetBundleInfo failed!bundleName is com.huawei.hmsapp.totemweather, userId is 100
09-10 01:19:08.288   490  2348 E C01651/DataProviderConfig: GetFromProxyData: Get bundleInfo failed! bundleName:com.huawei.hmsapp.totemweather, userId:100, visitedId:100, uri:******icIconInfo
09-10 01:19:08.288   490  2348 E C01651/DataShareServiceImpl: GetBMSAndMetaDataStatus: CalledInfo failed! token:0x2002a7c3,ret:1001,uri:******icIconInfo
09-10 01:19:08.288   490  2348 E C01651/DataShareServiceImpl: GetSilentProxyStatus: BMS or metaData not ready to complete, token:0x2002a7c3, uri:******icIconInfo
09-10 01:19:08.288  2458  2458 E A01c06/ICON: AppIconWeatherModel --> get weather info failed, code: 15700010, message: The DataShareHelper is not initialized successfully.
09-10 01:19:08.318   132   132 E C02c11/APPSPAWN: [appspawn_kickdog.c:29]open /sys/kernel/hungtask/userlist fail,errno:2
09-10 01:19:08.371  2458  2640 I C03f05/NAPI: taskpool:: A:3, R:0, I:3, O:0
09-10 01:19:08.372 24400 24400 W C02c02/PARAM: Selinux check name persist.init.debug.loglevel in u:object_r:startup_init_param:s0 [24400 2000 2000] failed
09-10 01:19:08.372 24400 24400 W C02c02/PARAM: Selinux check name persist.init.debug.loglevel in u:object_r:startup_init_param:s0 [24400 2000 2000] failed
09-10 01:19:08.372 24400 24400 W C02c02/PARAM: SystemReadParam failed!name is:persist.init.debug.loglevel,err:1002
09-10 01:19:08.374 24402 24402 W C02c02/PARAM: Selinux check name persist.init.debug.loglevel in u:object_r:startup_init_param:s0 [24402 2000 2000] failed
09-10 01:19:08.374 24402 24402 W C02c02/PARAM: Selinux check name persist.init.debug.loglevel in u:object_r:startup_init_param:s0 [24402 2000 2000] failed
09-10 01:19:08.375 24402 24402 W C02c02/PARAM: SystemReadParam failed!name is:persist.init.debug.loglevel,err:1002
09-10 01:19:08.377 24403 24403 W C02c02/PARAM: Selinux check name persist.init.debug.loglevel in u:object_r:startup_init_param:s0 [24403 2000 2000] failed
09-10 01:19:08.377 24403 24403 W C02c02/PARAM: Selinux check name persist.init.debug.loglevel in u:object_r:startup_init_param:s0 [24403 2000 2000] failed
09-10 01:19:08.377 24403 24403 W C02c02/PARAM: SystemReadParam failed!name is:persist.init.debug.loglevel,err:1002
09-10 01:19:08.384   474  1280 E C02d66/XPerf: [InquiryOhImpl::ExtractStringValue] Canonical FilePath: /sys/class/ithermal/lpm/lpm_freq failed.
09-10 01:19:08.384   474  1280 E C02d66/XPerf: [InquiryOhImpl::ExtractStringValue] Canonical FilePath: /sys/class/power_supply/Battery/status failed.
09-10 01:19:08.816  3290  3290 I C02500/Qemud: Guest heartbeat success.
09-10 01:19:08.902 24406 24406 W C02c02/PARAM: Selinux check name persist.init.debug.loglevel in u:object_r:startup_init_param:s0 [24406 2000 2000] failed
09-10 01:19:08.902 24406 24406 W C02c02/PARAM: Selinux check name persist.init.debug.loglevel in u:object_r:startup_init_param:s0 [24406 2000 2000] failed
09-10 01:19:08.902 24406 24406 W C02c02/PARAM: SystemReadParam failed!name is:persist.init.debug.loglevel,err:1002
09-10 01:19:08.904 24406 24406 W C02c02/PARAM: Selinux check name persist.init.debug.loglevel in u:object_r:startup_init_param:s0 [24406 2000 2000] failed
09-10 01:19:08.904 24406 24406 W C02c02/PARAM: Selinux check name persist.init.debug.loglevel in u:object_r:startup_init_param:s0 [24406 2000 2000] failed
09-10 01:19:08.904 24406 24406 W C02c02/PARAM: SystemReadParam failed!name is:persist.init.debug.loglevel,err:1002
09-10 01:19:09.073   125   125 I C01800/SAMGR: NF SA:65962,832_12052
09-10 01:19:09.169 24409 24409 W C02c02/PARAM: Selinux check name persist.init.debug.loglevel in u:object_r:startup_init_param:s0 [24409 2000 2000] failed
09-10 01:19:09.169 24409 24409 W C02c02/PARAM: Selinux check name persist.init.debug.loglevel in u:object_r:startup_init_param:s0 [24409 2000 2000] failed
09-10 01:19:09.169 24409 24409 W C02c02/PARAM: SystemReadParam failed!name is:persist.init.debug.loglevel,err:1002
09-10 01:19:09.172 24411 24411 W C02c02/PARAM: Selinux check name persist.init.debug.loglevel in u:object_r:startup_init_param:s0 [24411 2000 2000] failed
09-10 01:19:09.172 24411 24411 W C02c02/PARAM: Selinux check name persist.init.debug.loglevel in u:object_r:startup_init_param:s0 [24411 2000 2000] failed
09-10 01:19:09.172 24411 24411 W C02c02/PARAM: SystemReadParam failed!name is:persist.init.debug.loglevel,err:1002
09-10 01:19:09.172 24412 24412 W C02c02/PARAM: Selinux check name persist.init.debug.loglevel in u:object_r:startup_init_param:s0 [24412 2000 2000] failed
09-10 01:19:09.172 24412 24412 W C02c02/PARAM: Selinux check name persist.init.debug.loglevel in u:object_r:startup_init_param:s0 [24412 2000 2000] failed
09-10 01:19:09.172 24412 24412 W C02c02/PARAM: SystemReadParam failed!name is:persist.init.debug.loglevel,err:1002
09-10 01:19:09.172 24413 24413 W C02c02/PARAM: Selinux check name persist.init.debug.loglevel in u:object_r:startup_init_param:s0 [24413 2000 2000] failed
09-10 01:19:09.172 24413 24413 W C02c02/PARAM: Selinux check name persist.init.debug.loglevel in u:object_r:startup_init_param:s0 [24413 2000 2000] failed
09-10 01:19:09.172 24413 24413 W C02c02/PARAM: SystemReadParam failed!name is:persist.init.debug.loglevel,err:1002
09-10 01:19:09.176 24414 24414 W C02c02/PARAM: Selinux check name persist.init.debug.loglevel in u:object_r:startup_init_param:s0 [24414 2000 2000] failed
09-10 01:19:09.176 24414 24414 W C02c02/PARAM: Selinux check name persist.init.debug.loglevel in u:object_r:startup_init_param:s0 [24414 2000 2000] failed
09-10 01:19:09.176 24414 24414 W C02c02/PARAM: SystemReadParam failed!name is:persist.init.debug.loglevel,err:1002
09-10 01:19:09.176 24415 24415 W C02c02/PARAM: Selinux check name persist.init.debug.loglevel in u:object_r:startup_init_param:s0 [24415 2000 2000] failed
09-10 01:19:09.176 24415 24415 W C02c02/PARAM: Selinux check name persist.init.debug.loglevel in u:object_r:startup_init_param:s0 [24415 2000 2000] failed
09-10 01:19:09.176 24415 24415 W C02c02/PARAM: SystemReadParam failed!name is:persist.init.debug.loglevel,err:1002
09-10 01:19:09.270   316 24216 W C01f04/MultiSimontroller: [GetSimAccountInfo-(multi_sim_controller.cpp:1141)] slotId 0 is invalid
09-10 01:19:09.270   316 24216 E C01f04/TelephonySubsystem: GetSimAccountInfo fail!
09-10 01:19:09.275   125   125 I C01800/SAMGR: NF SA:65962,832_12053
09-10 01:19:09.289  2458  2458 W A01c06/ICON: AppIconWeatherModel --> initWeatherListener, retryTimes: 4
09-10 01:19:09.293   490  2348 E C01707/CONCUR: [Interface] task 2348 apply qos failed, errno = 4
09-10 01:19:09.293   490  2348 E C01611/QosManager: QosManager: Failed to set thread QoS to QOS_USER_INTERACTIVE, ret: -1
09-10 01:19:09.293   782  1040 W C01123/BMSCommon: bundle not exist -n com.huawei.hmsapp.totemweather -u 100 -i 0 -f 32
09-10 01:19:09.293   782  1040 W C01121/BMSQuery: GetBundleInfo failed -n com.huawei.hmsapp.totemweather -u 100
09-10 01:19:09.293   490  2348 E C01651/BundleMgrProxy: GetBundleInfoFromBMS: GetBundleInfo failed!bundleName is com.huawei.hmsapp.totemweather, userId is 100
09-10 01:19:09.293   490  2348 E C01651/DataProviderConfig: GetFromProxyData: Get bundleInfo failed! bundleName:com.huawei.hmsapp.totemweather, userId:100, visitedId:100, uri:******icIconInfo
09-10 01:19:09.293   490  2348 E C01651/DataShareServiceImpl: GetBMSAndMetaDataStatus: CalledInfo failed! token:0x2002a7c3,ret:1001,uri:******icIconInfo
09-10 01:19:09.293   490  2348 E C01651/DataShareServiceImpl: GetSilentProxyStatus: BMS or metaData not ready to complete, token:0x2002a7c3, uri:******icIconInfo
09-10 01:19:09.293  2458  2458 E A01c06/ICON: AppIconWeatherModel --> get weather info failed, code: 15700010, message: The DataShareHelper is not initialized successfully.
09-10 01:19:09.388 24417 24417 W C02c02/PARAM: Selinux check name persist.init.debug.loglevel in u:object_r:startup_init_param:s0 [24417 2000 2000] failed
09-10 01:19:09.388 24417 24417 W C02c02/PARAM: Selinux check name persist.init.debug.loglevel in u:object_r:startup_init_param:s0 [24417 2000 2000] failed
09-10 01:19:09.388 24417 24417 W C02c02/PARAM: SystemReadParam failed!name is:persist.init.debug.loglevel,err:1002
09-10 01:19:09.396 24419 24419 W C02c02/PARAM: Selinux check name persist.init.debug.loglevel in u:object_r:startup_init_param:s0 [24419 2000 2000] failed
09-10 01:19:09.396 24419 24419 W C02c02/PARAM: Selinux check name persist.init.debug.loglevel in u:object_r:startup_init_param:s0 [24419 2000 2000] failed
09-10 01:19:09.396 24419 24419 W C02c02/PARAM: SystemReadParam failed!name is:persist.init.debug.loglevel,err:1002
09-10 01:19:09.399 24421 24421 W C02c02/PARAM: Selinux check name persist.init.debug.loglevel in u:object_r:startup_init_param:s0 [24421 2000 2000] failed
09-10 01:19:09.403 24421 24421 W C02c02/PARAM: Selinux check name persist.init.debug.loglevel in u:object_r:startup_init_param:s0 [24421 2000 2000] failed
09-10 01:19:09.403 24421 24421 W C02c02/PARAM: SystemReadParam failed!name is:persist.init.debug.loglevel,err:1002
09-10 01:19:09.476   125   125 I C01800/SAMGR: NF SA:65962,832_12054
09-10 01:19:09.600   474  6595 I C02d10/CpuCollector: CalculateProcessCpuStatInfos: startTime=1788974339593, endTime=1788974349600, startBootTime=264744772, endBootTime=264754779, period=10007, isNeedUpdate=1
09-10 01:19:09.604   592   812 W C02943/ThermalHdi: Read node failed, title = brightness
09-10 01:19:09.604   592   812 W C02943/ThermalHdi: Read node failed, title = 
09-10 01:19:09.604   592   812 W C02943/ThermalHdi: Read node failed, title = 
09-10 01:19:09.604   592   812 W C02943/ThermalHdi: Read node failed, title = 
09-10 01:19:09.604   592   812 W C02943/ThermalHdi: Read node failed, title = 
09-10 01:19:09.604   592   812 W C02943/ThermalHdi: Read node failed, title = 
09-10 01:19:09.604   592   812 W C02943/ThermalHdi: Read node failed, title = 
09-10 01:19:09.604   592   812 W C02943/ThermalHdi: Read node failed, title = 
09-10 01:19:09.605   592   812 W C02943/ThermalHdi: Read node failed, title = 
09-10 01:19:09.605   592   812 W C02943/ThermalHdi: Read node failed, title = 
09-10 01:19:09.605   592   812 W C02943/ThermalHdi: Read node failed, title = 
09-10 01:19:09.605   592   812 W C02943/ThermalHdi: Read node failed, title = 
09-10 01:19:09.605   592   812 W C02943/ThermalHdi: Read node failed, title = 
09-10 01:19:09.605   592   812 W C02943/ThermalHdi: Read node failed, title = 
09-10 01:19:09.605   592   812 W C02943/ThermalHdi: Read node failed, title = 
09-10 01:19:09.605   592   812 W C02943/ThermalHdi: Read node failed, title = 
09-10 01:19:09.605   592   812 W C02943/ThermalHdi: Read node failed, title = 
09-10 01:19:09.605   592   812 W C02943/ThermalHdi: Read node failed, title = 
09-10 01:19:09.605   592   812 W C02943/ThermalHdi: Read node failed, title = 
09-10 01:19:09.605   592   812 W C02943/ThermalHdi: Read node failed, title = 
09-10 01:19:09.605   592   812 W C02943/ThermalHdi: Read node failed, title = 
09-10 01:19:09.605   592   812 W C02943/ThermalHdi: Read node failed, title = 
09-10 01:19:09.605   592   812 W C02943/ThermalHdi: Read node failed, title = 
09-10 01:19:09.605   592   812 W C02943/ThermalHdi: Read node failed, title = 
09-10 01:19:09.605   592   812 W C02943/ThermalHdi: Read node failed, title = 
09-10 01:19:09.605   592   812 W C02943/ThermalHdi: Read node failed, title = ambient
09-10 01:19:09.605   592   812 W C02943/ThermalHdi: Read node failed, title = ibat
09-10 01:19:09.605   592   812 W C02943/ThermalHdi: Read node failed, title = vbat
09-10 01:19:09.605   592   812 W C02943/ThermalHdi: Read node failed, title = cpu0_min_freq
09-10 01:19:09.605   592   812 W C02943/ThermalHdi: Read node failed, title = cpu0_cur_freq
09-10 01:19:09.605   592   812 W C02943/ThermalHdi: Read node failed, title = cpu0_max_freq
09-10 01:19:09.605   592   812 W C02943/ThermalHdi: Read node failed, title = cpu4_min_freq
09-10 01:19:09.605   592   812 W C02943/ThermalHdi: Read node failed, title = cpu4_cur_freq
09-10 01:19:09.605   592   812 W C02943/ThermalHdi: Read node failed, title = cpu4_max_freq
09-10 01:19:09.605   592   812 W C02943/ThermalHdi: Read node failed, title = cpu7_min_freq
09-10 01:19:09.605   592   812 W C02943/ThermalHdi: Read node failed, title = cpu7_cur_freq
09-10 01:19:09.605   592   812 W C02943/ThermalHdi: Read node failed, title = cpu7_max_freq
09-10 01:19:09.605   592   812 W C02943/ThermalHdi: Read node failed, title = gpu_min_freq
09-10 01:19:09.605   592   812 W C02943/ThermalHdi: Read node failed, title = gpu_cur_freq
09-10 01:19:09.605   592   812 W C02943/ThermalHdi: Read node failed, title = gpu_max_freq
09-10 01:19:09.605   592   812 W C02943/ThermalHdi: Read node failed, title = ddr_cur_freq
09-10 01:19:09.605   592   812 W C02943/ThermalHdi: Read node failed, title = set_IPApower
09-10 01:19:09.605   592   812 W C02943/ThermalHdi: Read node failed, title = cur_IPApower
09-10 01:19:09.605   592   812 W C02943/ThermalHdi: get node failed
09-10 01:19:09.605   592   812 W C02943/ThermalHdi: get node failed
09-10 01:19:09.605   592   812 W C02943/ThermalHdi: get node failed
09-10 01:19:09.677   125   125 I C01800/SAMGR: NF SA:65962,832_12055
09-10 01:19:09.877   125   125 I C01800/SAMGR: NF SA:65962,832_12056
09-10 01:19:09.925 24423 24423 W C02c02/PARAM: Selinux check name persist.init.debug.loglevel in u:object_r:startup_init_param:s0 [24423 2000 2000] failed
09-10 01:19:09.925 24423 24423 W C02c02/PARAM: Selinux check name persist.init.debug.loglevel in u:object_r:startup_init_param:s0 [24423 2000 2000] failed
09-10 01:19:09.925 24423 24423 W C02c02/PARAM: SystemReadParam failed!name is:persist.init.debug.loglevel,err:1002
09-10 01:19:09.928 24423 24423 W C02c02/PARAM: Selinux check name persist.init.debug.loglevel in u:object_r:startup_init_param:s0 [24423 2000 2000] failed
09-10 01:19:09.928 24423 24423 W C02c02/PARAM: Selinux check name persist.init.debug.loglevel in u:object_r:startup_init_param:s0 [24423 2000 2000] failed
09-10 01:19:09.928 24423 24423 W C02c02/PARAM: SystemReadParam failed!name is:persist.init.debug.loglevel,err:1002
09-10 01:19:10.078   125   125 I C01800/SAMGR: NF SA:65962,832_12057
09-10 01:19:10.167 24426 24426 W C02c02/PARAM: Selinux check name persist.init.debug.loglevel in u:object_r:startup_init_param:s0 [24426 2000 2000] failed
09-10 01:19:10.167 24426 24426 W C02c02/PARAM: Selinux check name persist.init.debug.loglevel in u:object_r:startup_init_param:s0 [24426 2000 2000] failed
09-10 01:19:10.167 24426 24426 W C02c02/PARAM: SystemReadParam failed!name is:persist.init.debug.loglevel,err:1002
09-10 01:19:10.169 24429 24429 W C02c02/PARAM: Selinux check name persist.init.debug.loglevel in u:object_r:startup_init_param:s0 [24429 2000 2000] failed
09-10 01:19:10.170 24430 24430 W C02c02/PARAM: Selinux check name persist.init.debug.loglevel in u:object_r:startup_init_param:s0 [24430 2000 2000] failed
09-10 01:19:10.170 24430 24430 W C02c02/PARAM: Selinux check name persist.init.debug.loglevel in u:object_r:startup_init_param:s0 [24430 2000 2000] failed
09-10 01:19:10.170 24430 24430 W C02c02/PARAM: SystemReadParam failed!name is:persist.init.debug.loglevel,err:1002
09-10 01:19:10.170 24428 24428 W C02c02/PARAM: Selinux check name persist.init.debug.loglevel in u:object_r:startup_init_param:s0 [24428 2000 2000] failed
09-10 01:19:10.170 24428 24428 W C02c02/PARAM: Selinux check name persist.init.debug.loglevel in u:object_r:startup_init_param:s0 [24428 2000 2000] failed
09-10 01:19:10.170 24428 24428 W C02c02/PARAM: SystemReadParam failed!name is:persist.init.debug.loglevel,err:1002
09-10 01:19:10.170 24429 24429 W C02c02/PARAM: Selinux check name persist.init.debug.loglevel in u:object_r:startup_init_param:s0 [24429 2000 2000] failed
09-10 01:19:10.170 24429 24429 W C02c02/PARAM: SystemReadParam failed!name is:persist.init.debug.loglevel,err:1002
09-10 01:19:10.174 24431 24431 W C02c02/PARAM: Selinux check name persist.init.debug.loglevel in u:object_r:startup_init_param:s0 [24431 2000 2000] failed
09-10 01:19:10.174 24431 24431 W C02c02/PARAM: Selinux check name persist.init.debug.loglevel in u:object_r:startup_init_param:s0 [24431 2000 2000] failed
09-10 01:19:10.174 24431 24431 W C02c02/PARAM: SystemReadParam failed!name is:persist.init.debug.loglevel,err:1002
09-10 01:19:10.174 24432 24432 W C02c02/PARAM: Selinux check name persist.init.debug.loglevel in u:object_r:startup_init_param:s0 [24432 2000 2000] failed
09-10 01:19:10.174 24432 24432 W C02c02/PARAM: Selinux check name persist.init.debug.loglevel in u:object_r:startup_init_param:s0 [24432 2000 2000] failed
09-10 01:19:10.174 24432 24432 W C02c02/PARAM: SystemReadParam failed!name is:persist.init.debug.loglevel,err:1002
09-10 01:19:10.280   125   125 I C01800/SAMGR: NF SA:65962,832_12058
09-10 01:19:10.280   832   925 E C01810/SA_CLIENT: GetSaWrap SA:65962 not start
09-10 01:19:10.280   832   925 I C01409/APS_MANAGER: request system service object is not ready yet!
09-10 01:19:10.294  2458  2458 W A01c06/ICON: AppIconWeatherModel --> initWeatherListener, retryTimes: 4
09-10 01:19:10.296   490  2348 E C01707/CONCUR: [Interface] task 2348 apply qos failed, errno = 4
09-10 01:19:10.296   490  2348 E C01611/QosManager: QosManager: Failed to set thread QoS to QOS_USER_INTERACTIVE, ret: -1
09-10 01:19:10.296   782  1040 W C01123/BMSCommon: bundle not exist -n com.huawei.hmsapp.totemweather -u 100 -i 0 -f 32
09-10 01:19:10.296   782  1040 W C01121/BMSQuery: GetBundleInfo failed -n com.huawei.hmsapp.totemweather -u 100
09-10 01:19:10.296   490  2348 E C01651/BundleMgrProxy: GetBundleInfoFromBMS: GetBundleInfo failed!bundleName is com.huawei.hmsapp.totemweather, userId is 100
09-10 01:19:10.296   490  2348 E C01651/DataProviderConfig: GetFromProxyData: Get bundleInfo failed! bundleName:com.huawei.hmsapp.totemweather, userId:100, visitedId:100, uri:******icIconInfo
09-10 01:19:10.296   490  2348 E C01651/DataShareServiceImpl: GetBMSAndMetaDataStatus: CalledInfo failed! token:0x2002a7c3,ret:1001,uri:******icIconInfo
09-10 01:19:10.296   490  2348 E C01651/DataShareServiceImpl: GetSilentProxyStatus: BMS or metaData not ready to complete, token:0x2002a7c3, uri:******icIconInfo
09-10 01:19:10.296  2458  2458 E A01c06/ICON: AppIconWeatherModel --> get weather info failed, code: 15700010, message: The DataShareHelper is not initialized successfully.
09-10 01:19:10.380 24434 24434 W C02c02/PARAM: Selinux check name persist.init.debug.loglevel in u:object_r:startup_init_param:s0 [24434 2000 2000] failed
09-10 01:19:10.380 24434 24434 W C02c02/PARAM: Selinux check name persist.init.debug.loglevel in u:object_r:startup_init_param:s0 [24434 2000 2000] failed
09-10 01:19:10.380 24434 24434 W C02c02/PARAM: SystemReadParam failed!name is:persist.init.debug.loglevel,err:1002
09-10 01:19:10.383 24436 24436 W C02c02/PARAM: Selinux check name persist.init.debug.loglevel in u:object_r:startup_init_param:s0 [24436 2000 2000] failed
09-10 01:19:10.383 24436 24436 W C02c02/PARAM: Selinux check name persist.init.debug.loglevel in u:object_r:startup_init_param:s0 [24436 2000 2000] failed
09-10 01:19:10.383 24436 24436 W C02c02/PARAM: SystemReadParam failed!name is:persist.init.debug.loglevel,err:1002
09-10 01:19:10.385 24437 24437 W C02c02/PARAM: Selinux check name persist.init.debug.loglevel in u:object_r:startup_init_param:s0 [24437 2000 2000] failed
09-10 01:19:10.385 24437 24437 W C02c02/PARAM: Selinux check name persist.init.debug.loglevel in u:object_r:startup_init_param:s0 [24437 2000 2000] failed
09-10 01:19:10.385 24437 24437 W C02c02/PARAM: SystemReadParam failed!name is:persist.init.debug.loglevel,err:1002
09-10 01:19:10.917 24439 24439 W C02c02/PARAM: Selinux check name persist.init.debug.loglevel in u:object_r:startup_init_param:s0 [24439 2000 2000] failed
09-10 01:19:10.917 24439 24439 W C02c02/PARAM: Selinux check name persist.init.debug.loglevel in u:object_r:startup_init_param:s0 [24439 2000 2000] failed
09-10 01:19:10.917 24439 24439 W C02c02/PARAM: SystemReadParam failed!name is:persist.init.debug.loglevel,err:1002
09-10 01:19:10.919 24439 24439 W C02c02/PARAM: Selinux check name persist.init.debug.loglevel in u:object_r:startup_init_param:s0 [24439 2000 2000] failed
09-10 01:19:10.919 24439 24439 W C02c02/PARAM: Selinux check name persist.init.debug.loglevel in u:object_r:startup_init_param:s0 [24439 2000 2000] failed
09-10 01:19:10.919 24439 24439 W C02c02/PARAM: SystemReadParam failed!name is:persist.init.debug.loglevel,err:1002
09-10 01:19:11.121 24442 24442 W C02c02/PARAM: Selinux check name persist.init.debug.loglevel in u:object_r:startup_init_param:s0 [24442 2000 2000] failed
09-10 01:19:11.121 24442 24442 W C02c02/PARAM: Selinux check name persist.init.debug.loglevel in u:object_r:startup_init_param:s0 [24442 2000 2000] failed
09-10 01:19:11.121 24442 24442 W C02c02/PARAM: SystemReadParam failed!name is:persist.init.debug.loglevel,err:1002
09-10 01:19:11.124 24444 24444 I C02d20/DumperService: SetCmdArgs# hidumper cmd:hidumper -s 1201 -a -p Faultlogger -LogSuffixWithMs , calllingUid=2000, calllingPid=24444, ppid:24442.
09-10 01:19:11.125 24444 24445 W C057c1/IPCWorkThread: ThreadHandler: proto:0 policy:1 name:OS_IPC_0_24445 invoker:2350951168
09-10 01:19:11.125 24444 24446 W C057c1/IPCWorkThread: ThreadHandler: proto:0 policy:0 name:OS_IPC_1_24446 invoker:2378526080
09-10 01:19:11.125  3904  3905 I C02d20/DumperService: DelayUnloadTask# recieve new request, delay unload task begin, calllingPid=24444
09-10 01:19:11.125   474 29681 I C02d11/Faultlogger: DumpByCommands: DumpRequest: detail:0, list:0, file:, name:, time:-1
09-10 01:19:11.125  3904  3905 I C02d20/DumperService: GetData# SA name:1201 dump success, cmd:-p Faultlogger -LogSuffixWithMs , calllingPid=24444!
09-10 01:19:11.165 24448 24448 W C02c02/PARAM: Selinux check name persist.init.debug.loglevel in u:object_r:startup_init_param:s0 [24448 2000 2000] failed
09-10 01:19:11.165 24448 24448 W C02c02/PARAM: Selinux check name persist.init.debug.loglevel in u:object_r:startup_init_param:s0 [24448 2000 2000] failed
09-10 01:19:11.165 24448 24448 W C02c02/PARAM: SystemReadParam failed!name is:persist.init.debug.loglevel,err:1002
09-10 01:19:11.168 24452 24452 W C02c02/PARAM: Selinux check name persist.init.debug.loglevel in u:object_r:startup_init_param:s0 [24452 2000 2000] failed
09-10 01:19:11.168 24452 24452 W C02c02/PARAM: Selinux check name persist.init.debug.loglevel in u:object_r:startup_init_param:s0 [24452 2000 2000] failed
09-10 01:19:11.168 24452 24452 W C02c02/PARAM: SystemReadParam failed!name is:persist.init.debug.loglevel,err:1002
09-10 01:19:11.168 24450 24450 W C02c02/PARAM: Selinux check name persist.init.debug.loglevel in u:object_r:startup_init_param:s0 [24450 2000 2000] failed
09-10 01:19:11.168 24450 24450 W C02c02/PARAM: Selinux check name persist.init.debug.loglevel in u:object_r:startup_init_param:s0 [24450 2000 2000] failed
09-10 01:19:11.168 24450 24450 W C02c02/PARAM: SystemReadParam failed!name is:persist.init.debug.loglevel,err:1002
09-10 01:19:11.168 24451 24451 W C02c02/PARAM: Selinux check name persist.init.debug.loglevel in u:object_r:startup_init_param:s0 [24451 2000 2000] failed
09-10 01:19:11.168 24451 24451 W C02c02/PARAM: Selinux check name persist.init.debug.loglevel in u:object_r:startup_init_param:s0 [24451 2000 2000] failed
09-10 01:19:11.168 24451 24451 W C02c02/PARAM: SystemReadParam failed!name is:persist.init.debug.loglevel,err:1002
09-10 01:19:11.172 24453 24453 W C02c02/PARAM: Selinux check name persist.init.debug.loglevel in u:object_r:startup_init_param:s0 [24453 2000 2000] failed
09-10 01:19:11.172 24453 24453 W C02c02/PARAM: Selinux check name persist.init.debug.loglevel in u:object_r:startup_init_param:s0 [24453 2000 2000] failed
09-10 01:19:11.172 24453 24453 W C02c02/PARAM: SystemReadParam failed!name is:persist.init.debug.loglevel,err:1002
09-10 01:19:11.173 24454 24454 W C02c02/PARAM: Selinux check name persist.init.debug.loglevel in u:object_r:startup_init_param:s0 [24454 2000 2000] failed
09-10 01:19:11.173 24454 24454 W C02c02/PARAM: Selinux check name persist.init.debug.loglevel in u:object_r:startup_init_param:s0 [24454 2000 2000] failed
09-10 01:19:11.173 24454 24454 W C02c02/PARAM: SystemReadParam failed!name is:persist.init.debug.loglevel,err:1002
09-10 01:19:11.298  2458  2458 W A01c06/ICON: AppIconWeatherModel --> initWeatherListener, retryTimes: 4
09-10 01:19:11.300   490  2348 E C01707/CONCUR: [Interface] task 2348 apply qos failed, errno = 4
09-10 01:19:11.300   490  2348 E C01611/QosManager: QosManager: Failed to set thread QoS to QOS_USER_INTERACTIVE, ret: -1
09-10 01:19:11.300   782  1040 W C01123/BMSCommon: bundle not exist -n com.huawei.hmsapp.totemweather -u 100 -i 0 -f 32
09-10 01:19:11.300   782  1040 W C01121/BMSQuery: GetBundleInfo failed -n com.huawei.hmsapp.totemweather -u 100
09-10 01:19:11.300   490  2348 E C01651/BundleMgrProxy: GetBundleInfoFromBMS: GetBundleInfo failed!bundleName is com.huawei.hmsapp.totemweather, userId is 100
09-10 01:19:11.300   490  2348 E C01651/DataProviderConfig: GetFromProxyData: Get bundleInfo failed! bundleName:com.huawei.hmsapp.totemweather, userId:100, visitedId:100, uri:******icIconInfo
09-10 01:19:11.300   490  2348 E C01651/DataShareServiceImpl: GetBMSAndMetaDataStatus: CalledInfo failed! token:0x2002a7c3,ret:1001,uri:******icIconInfo
09-10 01:19:11.300   490  2348 E C01651/DataShareServiceImpl: GetSilentProxyStatus: BMS or metaData not ready to complete, token:0x2002a7c3, uri:******icIconInfo
09-10 01:19:11.300  2458  2458 E A01c06/ICON: AppIconWeatherModel --> get weather info failed, code: 15700010, message: The DataShareHelper is not initialized successfully.
09-10 01:19:11.375 24456 24456 W C02c02/PARAM: Selinux check name persist.init.debug.loglevel in u:object_r:startup_init_param:s0 [24456 2000 2000] failed
09-10 01:19:11.375 24456 24456 W C02c02/PARAM: Selinux check name persist.init.debug.loglevel in u:object_r:startup_init_param:s0 [24456 2000 2000] failed
09-10 01:19:11.375 24456 24456 W C02c02/PARAM: SystemReadParam failed!name is:persist.init.debug.loglevel,err:1002
09-10 01:19:11.377 24458 24458 W C02c02/PARAM: Selinux check name persist.init.debug.loglevel in u:object_r:startup_init_param:s0 [24458 2000 2000] failed
09-10 01:19:11.377 24458 24458 W C02c02/PARAM: Selinux check name persist.init.debug.loglevel in u:object_r:startup_init_param:s0 [24458 2000 2000] failed
09-10 01:19:11.378 24458 24458 W C02c02/PARAM: SystemReadParam failed!name is:persist.init.debug.loglevel,err:1002
09-10 01:19:11.380 24459 24459 W C02c02/PARAM: Selinux check name persist.init.debug.loglevel in u:object_r:startup_init_param:s0 [24459 2000 2000] failed
09-10 01:19:11.380 24459 24459 W C02c02/PARAM: Selinux check name persist.init.debug.loglevel in u:object_r:startup_init_param:s0 [24459 2000 2000] failed
09-10 01:19:11.380 24459 24459 W C02c02/PARAM: SystemReadParam failed!name is:persist.init.debug.loglevel,err:1002
09-10 01:19:11.818  3290  3290 I C02500/Qemud: Guest heartbeat success.
09-10 01:19:11.913 24461 24461 W C02c02/PARAM: Selinux check name persist.init.debug.loglevel in u:object_r:startup_init_param:s0 [24461 2000 2000] failed
09-10 01:19:11.913 24461 24461 W C02c02/PARAM: Selinux check name persist.init.debug.loglevel in u:object_r:startup_init_param:s0 [24461 2000 2000] failed
09-10 01:19:11.913 24461 24461 W C02c02/PARAM: SystemReadParam failed!name is:persist.init.debug.loglevel,err:1002
09-10 01:19:11.915 24461 24461 W C02c02/PARAM: Selinux check name persist.init.debug.loglevel in u:object_r:startup_init_param:s0 [24461 2000 2000] failed
09-10 01:19:11.915 24461 24461 W C02c02/PARAM: Selinux check name persist.init.debug.loglevel in u:object_r:startup_init_param:s0 [24461 2000 2000] failed
09-10 01:19:11.915 24461 24461 W C02c02/PARAM: SystemReadParam failed!name is:persist.init.debug.loglevel,err:1002
09-10 01:19:12.164 24464 24464 W C02c02/PARAM: Selinux check name persist.init.debug.loglevel in u:object_r:startup_init_param:s0 [24464 2000 2000] failed
09-10 01:19:12.164 24464 24464 W C02c02/PARAM: Selinux check name persist.init.debug.loglevel in u:object_r:startup_init_param:s0 [24464 2000 2000] failed
09-10 01:19:12.164 24464 24464 W C02c02/PARAM: SystemReadParam failed!name is:persist.init.debug.loglevel,err:1002
09-10 01:19:12.167 24467 24467 W C02c02/PARAM: Selinux check name persist.init.debug.loglevel in u:object_r:startup_init_param:s0 [24467 2000 2000] failed
09-10 01:19:12.167 24467 24467 W C02c02/PARAM: Selinux check name persist.init.debug.loglevel in u:object_r:startup_init_param:s0 [24467 2000 2000] failed
09-10 01:19:12.167 24468 24468 W C02c02/PARAM: Selinux check name persist.init.debug.loglevel in u:object_r:startup_init_param:s0 [24468 2000 2000] failed
09-10 01:19:12.167 24467 24467 W C02c02/PARAM: SystemReadParam failed!name is:persist.init.debug.loglevel,err:1002
09-10 01:19:12.167 24468 24468 W C02c02/PARAM: Selinux check name persist.init.debug.loglevel in u:object_r:startup_init_param:s0 [24468 2000 2000] failed
09-10 01:19:12.167 24468 24468 W C02c02/PARAM: SystemReadParam failed!name is:persist.init.debug.loglevel,err:1002
09-10 01:19:12.167 24466 24466 W C02c02/PARAM: Selinux check name persist.init.debug.loglevel in u:object_r:startup_init_param:s0 [24466 2000 2000] failed
09-10 01:19:12.167 24466 24466 W C02c02/PARAM: Selinux check name persist.init.debug.loglevel in u:object_r:startup_init_param:s0 [24466 2000 2000] failed
09-10 01:19:12.167 24466 24466 W C02c02/PARAM: SystemReadParam failed!name is:persist.init.debug.loglevel,err:1002
09-10 01:19:12.171 24469 24469 W C02c02/PARAM: Selinux check name persist.init.debug.loglevel in u:object_r:startup_init_param:s0 [24469 2000 2000] failed
09-10 01:19:12.171 24469 24469 W C02c02/PARAM: Selinux check name persist.init.debug.loglevel in u:object_r:startup_init_param:s0 [24469 2000 2000] failed
09-10 01:19:12.171 24469 24469 W C02c02/PARAM: SystemReadParam failed!name is:persist.init.debug.loglevel,err:1002
09-10 01:19:12.171 24470 24470 W C02c02/PARAM: Selinux check name persist.init.debug.loglevel in u:object_r:startup_init_param:s0 [24470 2000 2000] failed
09-10 01:19:12.172 24470 24470 W C02c02/PARAM: Selinux check name persist.init.debug.loglevel in u:object_r:startup_init_param:s0 [24470 2000 2000] failed
09-10 01:19:12.172 24470 24470 W C02c02/PARAM: SystemReadParam failed!name is:persist.init.debug.loglevel,err:1002
09-10 01:19:12.283   125   125 I C01800/SAMGR: NF SA:65962,832_12059
09-10 01:19:12.303  2458  2458 W A01c06/ICON: AppIconWeatherModel --> initWeatherListener, retryTimes: 4
09-10 01:19:12.305   490  2348 E C01707/CONCUR: [Interface] task 2348 apply qos failed, errno = 4
09-10 01:19:12.305   490  2348 E C01611/QosManager: QosManager: Failed to set thread QoS to QOS_USER_INTERACTIVE, ret: -1
09-10 01:19:12.305   782  1040 W C01123/BMSCommon: bundle not exist -n com.huawei.hmsapp.totemweather -u 100 -i 0 -f 32
09-10 01:19:12.305   782  1040 W C01121/BMSQuery: GetBundleInfo failed -n com.huawei.hmsapp.totemweather -u 100
09-10 01:19:12.305   490  2348 E C01651/BundleMgrProxy: GetBundleInfoFromBMS: GetBundleInfo failed!bundleName is com.huawei.hmsapp.totemweather, userId is 100
09-10 01:19:12.305   490  2348 E C01651/DataProviderConfig: GetFromProxyData: Get bundleInfo failed! bundleName:com.huawei.hmsapp.totemweather, userId:100, visitedId:100, uri:******icIconInfo
09-10 01:19:12.305   490  2348 E C01651/DataShareServiceImpl: GetBMSAndMetaDataStatus: CalledInfo failed! token:0x2002a7c3,ret:1001,uri:******icIconInfo
09-10 01:19:12.305   490  2348 E C01651/DataShareServiceImpl: GetSilentProxyStatus: BMS or metaData not ready to complete, token:0x2002a7c3, uri:******icIconInfo
09-10 01:19:12.305  2458  2458 E A01c06/ICON: AppIconWeatherModel --> get weather info failed, code: 15700010, message: The DataShareHelper is not initialized successfully.
09-10 01:19:12.379 24472 24472 W C02c02/PARAM: Selinux check name persist.init.debug.loglevel in u:object_r:startup_init_param:s0 [24472 2000 2000] failed
09-10 01:19:12.379 24472 24472 W C02c02/PARAM: Selinux check name persist.init.debug.loglevel in u:object_r:startup_init_param:s0 [24472 2000 2000] failed
09-10 01:19:12.379 24472 24472 W C02c02/PARAM: SystemReadParam failed!name is:persist.init.debug.loglevel,err:1002
09-10 01:19:12.381 24474 24474 W C02c02/PARAM: Selinux check name persist.init.debug.loglevel in u:object_r:startup_init_param:s0 [24474 2000 2000] failed
09-10 01:19:12.381 24474 24474 W C02c02/PARAM: Selinux check name persist.init.debug.loglevel in u:object_r:startup_init_param:s0 [24474 2000 2000] failed
09-10 01:19:12.381 24474 24474 W C02c02/PARAM: SystemReadParam failed!name is:persist.init.debug.loglevel,err:1002
09-10 01:19:12.384 24475 24475 W C02c02/PARAM: Selinux check name persist.init.debug.loglevel in u:object_r:startup_init_param:s0 [24475 2000 2000] failed
09-10 01:19:12.384 24475 24475 W C02c02/PARAM: Selinux check name persist.init.debug.loglevel in u:object_r:startup_init_param:s0 [24475 2000 2000] failed
09-10 01:19:12.384 24475 24475 W C02c02/PARAM: SystemReadParam failed!name is:persist.init.debug.loglevel,err:1002
09-10 01:19:12.483   125   125 I C01800/SAMGR: NF SA:65962,832_12060
09-10 01:19:12.684   125   125 I C01800/SAMGR: NF SA:65962,832_12061
09-10 01:19:12.797  1292 24095 I C02300/FenceExtension: start connectAbility,userId:-1
09-10 01:19:12.797  1292 24095 I C02300/FenceExtension: ConnectAbility
09-10 01:19:12.797  1292 24095 I C01342/ServiceExt: [AMC590]name:com.huawei.hmos.location SAFeatureServiceExtensionAbility, userId:-1
09-10 01:19:12.797   782  1040 I C01342/ServiceExt: [a92abd9510c2c0c, 302aa67, 0] [ABMS5452]element: com.huawei.hmos.location/SAFeatureServiceExtensionAbility
09-10 01:19:12.798   782  1040 W C01123/BMSCommon: [a92abd9510c2c0c, 302aa67, 0] uid(1021) invalid
09-10 01:19:12.798   782  1040 I C01336/AMS: [a92abd9510c2c0c, 302aa67, 0] [start_ability_utils.cpp54]appIndex:-1
09-10 01:19:12.798   782  1040 I C01121/BMSQuery: [a92abd9510c2c0c, 302aa67, 0] ExplicitQueryAbility no match -n com.huawei.hmos.location -a SAFeatureServiceExtensionAbility -u 100 -i 0
09-10 01:19:12.798   782  1040 W C01121/BMSQuery: [a92abd9510c2c0c, 302aa67, 0] bundle_data_mgr.cpp:ExplicitQueryExtensionInfo:7082 extensionAbility not found or disabled
09-10 01:19:12.798   782  1040 I C01121/BMSQuery: [a92abd9510c2c0c, 302aa67, 0] ExplicitQueryExtension size:0 -n com.huawei.hmos.location -e SAFeatureServiceExtensionAbility -u 100 -i 0
09-10 01:19:12.798   782  1040 W C01121/BMSQuery: [a92abd9510c2c0c, 302aa67, 0] bundle_mgr_host_impl.cpp:QueryExtensionAbilityInfos:3360 no valid extension info can be inquired
09-10 01:19:12.798   782  1040 E C01336/AMS: [a92abd9510c2c0c, 302aa67, 0] [start_ability_utils.cpp290]extensionInfo empty
09-10 01:19:12.798   782  1040 E C01342/ServiceExt: [a92abd9510c2c0c, 302aa67, 0] [ABMS5755]generate request error
09-10 01:19:12.798  1292 24095 E C02300/FenceExtension: [(DoConnect:153)]CONNECT_ABILITY_FAILED,ret:2097152
09-10 01:19:12.798  1292 24095 I C02300/FenceExtension: start connectAbility,userId:-1
09-10 01:19:12.798  1292 24095 I C02300/FenceExtension: ConnectAbility
09-10 01:19:12.798  1292 24095 I C01342/ServiceExt: [AMC590]name:com.huawei.hmos.location SAFeatureServiceExtensionAbility, userId:-1
09-10 01:19:12.798   782  1040 I C01342/ServiceExt: [a92abe9510c2f3b, 5a7b90, 0] [ABMS5452]element: com.huawei.hmos.location/SAFeatureServiceExtensionAbility
09-10 01:19:12.798   782  1040 W C01123/BMSCommon: [a92abe9510c2f3b, 5a7b90, 0] uid(1021) invalid
09-10 01:19:12.798   782  1040 I C01336/AMS: [a92abe9510c2f3b, 5a7b90, 0] [start_ability_utils.cpp54]appIndex:-1
09-10 01:19:12.798   782  1040 I C01121/BMSQuery: [a92abe9510c2f3b, 5a7b90, 0] ExplicitQueryAbility no match -n com.huawei.hmos.location -a SAFeatureServiceExtensionAbility -u 100 -i 0
09-10 01:19:12.798   782  1040 W C01121/BMSQuery: [a92abe9510c2f3b, 5a7b90, 0] bundle_data_mgr.cpp:ExplicitQueryExtensionInfo:7082 extensionAbility not found or disabled
09-10 01:19:12.798   782  1040 I C01121/BMSQuery: [a92abe9510c2f3b, 5a7b90, 0] ExplicitQueryExtension size:0 -n com.huawei.hmos.location -e SAFeatureServiceExtensionAbility -u 100 -i 0
09-10 01:19:12.798   782  1040 W C01121/BMSQuery: [a92abe9510c2f3b, 5a7b90, 0] bundle_mgr_host_impl.cpp:QueryExtensionAbilityInfos:3360 no valid extension info can be inquired
09-10 01:19:12.798   782  1040 E C01336/AMS: [a92abe9510c2f3b, 5a7b90, 0] [start_ability_utils.cpp290]extensionInfo empty
09-10 01:19:12.798   782  1040 E C01342/ServiceExt: [a92abe9510c2f3b, 5a7b90, 0] [ABMS5755]generate request error
09-10 01:19:12.799  1292 24095 E C02300/FenceExtension: [(DoConnect:153)]CONNECT_ABILITY_FAILED,ret:2097152
09-10 01:19:12.799  1292 24095 W C02300/FenceExtension: connect failed,retry again
09-10 01:19:12.885   125   125 I C01800/SAMGR: NF SA:65962,832_12062
09-10 01:19:12.907 24477 24477 W C02c02/PARAM: Selinux check name persist.init.debug.loglevel in u:object_r:startup_init_param:s0 [24477 2000 2000] failed
09-10 01:19:12.907 24477 24477 W C02c02/PARAM: Selinux check name persist.init.debug.loglevel in u:object_r:startup_init_param:s0 [24477 2000 2000] failed
09-10 01:19:12.907 24477 24477 W C02c02/PARAM: SystemReadParam failed!name is:persist.init.debug.loglevel,err:1002
09-10 01:19:12.909 24477 24477 W C02c02/PARAM: Selinux check name persist.init.debug.loglevel in u:object_r:startup_init_param:s0 [24477 2000 2000] failed
09-10 01:19:12.909 24477 24477 W C02c02/PARAM: Selinux check name persist.init.debug.loglevel in u:object_r:startup_init_param:s0 [24477 2000 2000] failed
09-10 01:19:12.909 24477 24477 W C02c02/PARAM: SystemReadParam failed!name is:persist.init.debug.loglevel,err:1002
09-10 01:19:13.086   125   125 I C01800/SAMGR: NF SA:65962,832_12063
09-10 01:19:13.168 24480 24480 W C02c02/PARAM: Selinux check name persist.init.debug.loglevel in u:object_r:startup_init_param:s0 [24480 2000 2000] failed
09-10 01:19:13.168 24480 24480 W C02c02/PARAM: Selinux check name persist.init.debug.loglevel in u:object_r:startup_init_param:s0 [24480 2000 2000] failed
09-10 01:19:13.168 24480 24480 W C02c02/PARAM: SystemReadParam failed!name is:persist.init.debug.loglevel,err:1002
09-10 01:19:13.171 24483 24483 W C02c02/PARAM: Selinux check name persist.init.debug.loglevel in u:object_r:startup_init_param:s0 [24483 2000 2000] failed
09-10 01:19:13.172 24483 24483 W C02c02/PARAM: Selinux check name persist.init.debug.loglevel in u:object_r:startup_init_param:s0 [24483 2000 2000] failed
09-10 01:19:13.172 24484 24484 W C02c02/PARAM: Selinux check name persist.init.debug.loglevel in u:object_r:startup_init_param:s0 [24484 2000 2000] failed
09-10 01:19:13.172 24484 24484 W C02c02/PARAM: Selinux check name persist.init.debug.loglevel in u:object_r:startup_init_param:s0 [24484 2000 2000] failed
09-10 01:19:13.172 24484 24484 W C02c02/PARAM: SystemReadParam failed!name is:persist.init.debug.loglevel,err:1002
09-10 01:19:13.172 24483 24483 W C02c02/PARAM: SystemReadParam failed!name is:persist.init.debug.loglevel,err:1002
09-10 01:19:13.172 24482 24482 W C02c02/PARAM: Selinux check name persist.init.debug.loglevel in u:object_r:startup_init_param:s0 [24482 2000 2000] failed
09-10 01:19:13.172 24482 24482 W C02c02/PARAM: Selinux check name persist.init.debug.loglevel in u:object_r:startup_init_param:s0 [24482 2000 2000] failed
09-10 01:19:13.172 24482 24482 W C02c02/PARAM: SystemReadParam failed!name is:persist.init.debug.loglevel,err:1002
09-10 01:19:13.176 24485 24485 W C02c02/PARAM: Selinux check name persist.init.debug.loglevel in u:object_r:startup_init_param:s0 [24485 2000 2000] failed
09-10 01:19:13.176 24485 24485 W C02c02/PARAM: Selinux check name persist.init.debug.loglevel in u:object_r:startup_init_param:s0 [24485 2000 2000] failed
09-10 01:19:13.176 24485 24485 W C02c02/PARAM: SystemReadParam failed!name is:persist.init.debug.loglevel,err:1002
09-10 01:19:13.176 24486 24486 W C02c02/PARAM: Selinux check name persist.init.debug.loglevel in u:object_r:startup_init_param:s0 [24486 2000 2000] failed
09-10 01:19:13.176 24486 24486 W C02c02/PARAM: Selinux check name persist.init.debug.loglevel in u:object_r:startup_init_param:s0 [24486 2000 2000] failed
09-10 01:19:13.176 24486 24486 W C02c02/PARAM: SystemReadParam failed!name is:persist.init.debug.loglevel,err:1002
09-10 01:19:13.287   125   125 I C01800/SAMGR: NF SA:65962,832_12064
09-10 01:19:13.306  2458  2458 W A01c06/ICON: AppIconWeatherModel --> initWeatherListener, retryTimes: 4
09-10 01:19:13.307   490  2348 E C01707/CONCUR: [Interface] task 2348 apply qos failed, errno = 4
09-10 01:19:13.307   490  2348 E C01611/QosManager: QosManager: Failed to set thread QoS to QOS_USER_INTERACTIVE, ret: -1
09-10 01:19:13.308   782  1040 W C01123/BMSCommon: bundle not exist -n com.huawei.hmsapp.totemweather -u 100 -i 0 -f 32
09-10 01:19:13.308   782  1040 W C01121/BMSQuery: GetBundleInfo failed -n com.huawei.hmsapp.totemweather -u 100
09-10 01:19:13.308   490  2348 E C01651/BundleMgrProxy: GetBundleInfoFromBMS: GetBundleInfo failed!bundleName is com.huawei.hmsapp.totemweather, userId is 100
09-10 01:19:13.308   490  2348 E C01651/DataProviderConfig: GetFromProxyData: Get bundleInfo failed! bundleName:com.huawei.hmsapp.totemweather, userId:100, visitedId:100, uri:******icIconInfo
09-10 01:19:13.308   490  2348 E C01651/DataShareServiceImpl: GetBMSAndMetaDataStatus: CalledInfo failed! token:0x2002a7c3,ret:1001,uri:******icIconInfo
09-10 01:19:13.308   490  2348 E C01651/DataShareServiceImpl: GetSilentProxyStatus: BMS or metaData not ready to complete, token:0x2002a7c3, uri:******icIconInfo
09-10 01:19:13.308  2458  2458 E A01c06/ICON: AppIconWeatherModel --> get weather info failed, code: 15700010, message: The DataShareHelper is not initialized successfully.
09-10 01:19:13.381 24488 24488 W C02c02/PARAM: Selinux check name persist.init.debug.loglevel in u:object_r:startup_init_param:s0 [24488 2000 2000] failed
09-10 01:19:13.381 24488 24488 W C02c02/PARAM: Selinux check name persist.init.debug.loglevel in u:object_r:startup_init_param:s0 [24488 2000 2000] failed
09-10 01:19:13.381 24488 24488 W C02c02/PARAM: SystemReadParam failed!name is:persist.init.debug.loglevel,err:1002
09-10 01:19:13.384 24490 24490 W C02c02/PARAM: Selinux check name persist.init.debug.loglevel in u:object_r:startup_init_param:s0 [24490 2000 2000] failed
09-10 01:19:13.384 24490 24490 W C02c02/PARAM: Selinux check name persist.init.debug.loglevel in u:object_r:startup_init_param:s0 [24490 2000 2000] failed
09-10 01:19:13.384 24490 24490 W C02c02/PARAM: SystemReadParam failed!name is:persist.init.debug.loglevel,err:1002
09-10 01:19:13.387 24491 24491 W C02c02/PARAM: Selinux check name persist.init.debug.loglevel in u:object_r:startup_init_param:s0 [24491 2000 2000] failed
09-10 01:19:13.387 24491 24491 W C02c02/PARAM: Selinux check name persist.init.debug.loglevel in u:object_r:startup_init_param:s0 [24491 2000 2000] failed
09-10 01:19:13.387 24491 24491 W C02c02/PARAM: SystemReadParam failed!name is:persist.init.debug.loglevel,err:1002
09-10 01:19:13.394   474  1280 E C02d66/XPerf: [InquiryOhImpl::ExtractStringValue] Canonical FilePath: /sys/class/ithermal/lpm/lpm_freq failed.
09-10 01:19:13.394   474  1280 E C02d66/XPerf: [InquiryOhImpl::ExtractStringValue] Canonical FilePath: /sys/class/power_supply/Battery/status failed.
09-10 01:19:13.488   125   125 I C01800/SAMGR: NF SA:65962,832_12065
09-10 01:19:13.488   832   925 E C01810/SA_CLIENT: GetSaWrap SA:65962 not start
09-10 01:19:13.488   832   925 I C01409/APS_MANAGER: request system service object is not ready yet!
09-10 01:19:13.619   704   759 E C02d06/XCollie: can't open hungtask file, errno:2
09-10 01:19:13.722   782   795 E C02d06/XCollie: can't open hungtask file, errno:2
09-10 01:19:13.907 24494 24494 W C02c02/PARAM: Selinux check name persist.init.debug.loglevel in u:object_r:startup_init_param:s0 [24494 2000 2000] failed
09-10 01:19:13.907 24494 24494 W C02c02/PARAM: Selinux check name persist.init.debug.loglevel in u:object_r:startup_init_param:s0 [24494 2000 2000] failed
09-10 01:19:13.907 24494 24494 W C02c02/PARAM: SystemReadParam failed!name is:persist.init.debug.loglevel,err:1002
09-10 01:19:13.910 24494 24494 W C02c02/PARAM: Selinux check name persist.init.debug.loglevel in u:object_r:startup_init_param:s0 [24494 2000 2000] failed
09-10 01:19:13.910 24494 24494 W C02c02/PARAM: Selinux check name persist.init.debug.loglevel in u:object_r:startup_init_param:s0 [24494 2000 2000] failed
09-10 01:19:13.910 24494 24494 W C02c02/PARAM: SystemReadParam failed!name is:persist.init.debug.loglevel,err:1002
09-10 01:19:14.167 24497 24497 W C02c02/PARAM: Selinux check name persist.init.debug.loglevel in u:object_r:startup_init_param:s0 [24497 2000 2000] failed
09-10 01:19:14.168 24497 24497 W C02c02/PARAM: Selinux check name persist.init.debug.loglevel in u:object_r:startup_init_param:s0 [24497 2000 2000] failed
09-10 01:19:14.168 24497 24497 W C02c02/PARAM: SystemReadParam failed!name is:persist.init.debug.loglevel,err:1002
09-10 01:19:14.170 24499 24499 W C02c02/PARAM: Selinux check name persist.init.debug.loglevel in u:object_r:startup_init_param:s0 [24499 2000 2000] failed
09-10 01:19:14.170 24499 24499 W C02c02/PARAM: Selinux check name persist.init.debug.loglevel in u:object_r:startup_init_param:s0 [24499 2000 2000] failed
09-10 01:19:14.170 24499 24499 W C02c02/PARAM: SystemReadParam failed!name is:persist.init.debug.loglevel,err:1002
09-10 01:19:14.170 24501 24501 W C02c02/PARAM: Selinux check name persist.init.debug.loglevel in u:object_r:startup_init_param:s0 [24501 2000 2000] failed
09-10 01:19:14.170 24501 24501 W C02c02/PARAM: Selinux check name persist.init.debug.loglevel in u:object_r:startup_init_param:s0 [24501 2000 2000] failed
09-10 01:19:14.170 24501 24501 W C02c02/PARAM: SystemReadParam failed!name is:persist.init.debug.loglevel,err:1002
09-10 01:19:14.171 24500 24500 W C02c02/PARAM: Selinux check name persist.init.debug.loglevel in u:object_r:startup_init_param:s0 [24500 2000 2000] failed
09-10 01:19:14.171 24500 24500 W C02c02/PARAM: Selinux check name persist.init.debug.loglevel in u:object_r:startup_init_param:s0 [24500 2000 2000] failed
09-10 01:19:14.171 24500 24500 W C02c02/PARAM: SystemReadParam failed!name is:persist.init.debug.loglevel,err:1002
09-10 01:19:14.174 24502 24502 W C02c02/PARAM: Selinux check name persist.init.debug.loglevel in u:object_r:startup_init_param:s0 [24502 2000 2000] failed
09-10 01:19:14.174 24502 24502 W C02c02/PARAM: Selinux check name persist.init.debug.loglevel in u:object_r:startup_init_param:s0 [24502 2000 2000] failed
09-10 01:19:14.174 24502 24502 W C02c02/PARAM: SystemReadParam failed!name is:persist.init.debug.loglevel,err:1002
09-10 01:19:14.175 24503 24503 W C02c02/PARAM: Selinux check name persist.init.debug.loglevel in u:object_r:startup_init_param:s0 [24503 2000 2000] failed
09-10 01:19:14.175 24503 24503 W C02c02/PARAM: Selinux check name persist.init.debug.loglevel in u:object_r:startup_init_param:s0 [24503 2000 2000] failed
09-10 01:19:14.175 24503 24503 W C02c02/PARAM: SystemReadParam failed!name is:persist.init.debug.loglevel,err:1002
09-10 01:19:14.310  2458  2458 W A01c06/ICON: AppIconWeatherModel --> initWeatherListener, retryTimes: 4
09-10 01:19:14.314   490  2348 E C01707/CONCUR: [Interface] task 2348 apply qos failed, errno = 4
09-10 01:19:14.314   490  2348 E C01611/QosManager: QosManager: Failed to set thread QoS to QOS_USER_INTERACTIVE, ret: -1
09-10 01:19:14.314   782  1040 W C01123/BMSCommon: bundle not exist -n com.huawei.hmsapp.totemweather -u 100 -i 0 -f 32
09-10 01:19:14.314   782  1040 W C01121/BMSQuery: GetBundleInfo failed -n com.huawei.hmsapp.totemweather -u 100
09-10 01:19:14.314   490  2348 E C01651/BundleMgrProxy: GetBundleInfoFromBMS: GetBundleInfo failed!bundleName is com.huawei.hmsapp.totemweather, userId is 100
09-10 01:19:14.314   490  2348 E C01651/DataProviderConfig: GetFromProxyData: Get bundleInfo failed! bundleName:com.huawei.hmsapp.totemweather, userId:100, visitedId:100, uri:******icIconInfo
09-10 01:19:14.314   490  2348 E C01651/DataShareServiceImpl: GetBMSAndMetaDataStatus: CalledInfo failed! token:0x2002a7c3,ret:1001,uri:******icIconInfo
09-10 01:19:14.314   490  2348 E C01651/DataShareServiceImpl: GetSilentProxyStatus: BMS or metaData not ready to complete, token:0x2002a7c3, uri:******icIconInfo
09-10 01:19:14.314  2458  2458 E A01c06/ICON: AppIconWeatherModel --> get weather info failed, code: 15700010, message: The DataShareHelper is not initialized successfully.
09-10 01:19:14.371 24506 24506 W C02c02/PARAM: Selinux check name persist.init.debug.loglevel in u:object_r:startup_init_param:s0 [24506 2000 2000] failed
09-10 01:19:14.379 24506 24506 W C02c02/PARAM: Selinux check name persist.init.debug.loglevel in u:object_r:startup_init_param:s0 [24506 2000 2000] failed
09-10 01:19:14.379 24506 24506 W C02c02/PARAM: SystemReadParam failed!name is:persist.init.debug.loglevel,err:1002
09-10 01:19:14.382 24508 24508 W C02c02/PARAM: Selinux check name persist.init.debug.loglevel in u:object_r:startup_init_param:s0 [24508 2000 2000] failed
09-10 01:19:14.382 24508 24508 W C02c02/PARAM: Selinux check name persist.init.debug.loglevel in u:object_r:startup_init_param:s0 [24508 2000 2000] failed
09-10 01:19:14.382 24508 24508 W C02c02/PARAM: SystemReadParam failed!name is:persist.init.debug.loglevel,err:1002
09-10 01:19:14.384 24509 24509 W C02c02/PARAM: Selinux check name persist.init.debug.loglevel in u:object_r:startup_init_param:s0 [24509 2000 2000] failed
09-10 01:19:14.385 24509 24509 W C02c02/PARAM: Selinux check name persist.init.debug.loglevel in u:object_r:startup_init_param:s0 [24509 2000 2000] failed
09-10 01:19:14.385 24509 24509 W C02c02/PARAM: SystemReadParam failed!name is:persist.init.debug.loglevel,err:1002
09-10 01:19:14.607   592   812 W C02943/ThermalHdi: Read node failed, title = brightness
09-10 01:19:14.607   592   812 W C02943/ThermalHdi: Read node failed, title = 
09-10 01:19:14.607   592   812 W C02943/ThermalHdi: Read node failed, title = 
09-10 01:19:14.607   592   812 W C02943/ThermalHdi: Read node failed, title = 
09-10 01:19:14.607   592   812 W C02943/ThermalHdi: Read node failed, title = 
09-10 01:19:14.607   592   812 W C02943/ThermalHdi: Read node failed, title = 
09-10 01:19:14.607   592   812 W C02943/ThermalHdi: Read node failed, title = 
09-10 01:19:14.607   592   812 W C02943/ThermalHdi: Read node failed, title = 
09-10 01:19:14.607   592   812 W C02943/ThermalHdi: Read node failed, title = 
09-10 01:19:14.607   592   812 W C02943/ThermalHdi: Read node failed, title = 
09-10 01:19:14.607   592   812 W C02943/ThermalHdi: Read node failed, title = 
09-10 01:19:14.607   592   812 W C02943/ThermalHdi: Read node failed, title = 
09-10 01:19:14.607   592   812 W C02943/ThermalHdi: Read node failed, title = 
09-10 01:19:14.607   592   812 W C02943/ThermalHdi: Read node failed, title = 
09-10 01:19:14.607   592   812 W C02943/ThermalHdi: Read node failed, title = 
09-10 01:19:14.607   592   812 W C02943/ThermalHdi: Read node failed, title = 
09-10 01:19:14.607   592   812 W C02943/ThermalHdi: Read node failed, title = 
09-10 01:19:14.607   592   812 W C02943/ThermalHdi: Read node failed, title = 
09-10 01:19:14.607   592   812 W C02943/ThermalHdi: Read node failed, title = 
09-10 01:19:14.607   592   812 W C02943/ThermalHdi: Read node failed, title = 
09-10 01:19:14.607   592   812 W C02943/ThermalHdi: Read node failed, title = 
09-10 01:19:14.607   592   812 W C02943/ThermalHdi: Read node failed, title = 
09-10 01:19:14.607   592   812 W C02943/ThermalHdi: Read node failed, title = 
09-10 01:19:14.607   592   812 W C02943/ThermalHdi: Read node failed, title = 
09-10 01:19:14.607   592   812 W C02943/ThermalHdi: Read node failed, title = 
09-10 01:19:14.607   592   812 W C02943/ThermalHdi: Read node failed, title = ambient
09-10 01:19:14.607   592   812 W C02943/ThermalHdi: Read node failed, title = ibat
09-10 01:19:14.607   592   812 W C02943/ThermalHdi: Read node failed, title = vbat
09-10 01:19:14.607   592   812 W C02943/ThermalHdi: Read node failed, title = cpu0_min_freq
09-10 01:19:14.607   592   812 W C02943/ThermalHdi: Read node failed, title = cpu0_cur_freq
09-10 01:19:14.607   592   812 W C02943/ThermalHdi: Read node failed, title = cpu0_max_freq
09-10 01:19:14.607   592   812 W C02943/ThermalHdi: Read node failed, title = cpu4_min_freq
09-10 01:19:14.608   592   812 W C02943/ThermalHdi: Read node failed, title = cpu4_cur_freq
09-10 01:19:14.608   592   812 W C02943/ThermalHdi: Read node failed, title = cpu4_max_freq
09-10 01:19:14.608   592   812 W C02943/ThermalHdi: Read node failed, title = cpu7_min_freq
09-10 01:19:14.608   592   812 W C02943/ThermalHdi: Read node failed, title = cpu7_cur_freq
09-10 01:19:14.608   592   812 W C02943/ThermalHdi: Read node failed, title = cpu7_max_freq
09-10 01:19:14.608   592   812 W C02943/ThermalHdi: Read node failed, title = gpu_min_freq
09-10 01:19:14.608   592   812 W C02943/ThermalHdi: Read node failed, title = gpu_cur_freq
09-10 01:19:14.608   592   812 W C02943/ThermalHdi: Read node failed, title = gpu_max_freq
09-10 01:19:14.608   592   812 W C02943/ThermalHdi: Read node failed, title = ddr_cur_freq
09-10 01:19:14.608   592   812 W C02943/ThermalHdi: Read node failed, title = set_IPApower
09-10 01:19:14.608   592   812 W C02943/ThermalHdi: Read node failed, title = cur_IPApower
09-10 01:19:14.608   592   812 W C02943/ThermalHdi: get node failed
09-10 01:19:14.608   592   812 W C02943/ThermalHdi: get node failed
09-10 01:19:14.608   592   812 W C02943/ThermalHdi: get node failed
09-10 01:19:14.820  3290  3290 I C02500/Qemud: Guest heartbeat success.
09-10 01:19:14.898 24511 24511 W C02c02/PARAM: Selinux check name persist.init.debug.loglevel in u:object_r:startup_init_param:s0 [24511 2000 2000] failed
09-10 01:19:14.898 24511 24511 W C02c02/PARAM: Selinux check name persist.init.debug.loglevel in u:object_r:startup_init_param:s0 [24511 2000 2000] failed
09-10 01:19:14.898 24511 24511 W C02c02/PARAM: SystemReadParam failed!name is:persist.init.debug.loglevel,err:1002
09-10 01:19:14.900 24511 24511 W C02c02/PARAM: Selinux check name persist.init.debug.loglevel in u:object_r:startup_init_param:s0 [24511 2000 2000] failed
09-10 01:19:14.900 24511 24511 W C02c02/PARAM: Selinux check name persist.init.debug.loglevel in u:object_r:startup_init_param:s0 [24511 2000 2000] failed
09-10 01:19:14.900 24511 24511 W C02c02/PARAM: SystemReadParam failed!name is:persist.init.debug.loglevel,err:1002
09-10 01:19:15.166 24514 24514 W C02c02/PARAM: Selinux check name persist.init.debug.loglevel in u:object_r:startup_init_param:s0 [24514 2000 2000] failed
09-10 01:19:15.166 24514 24514 W C02c02/PARAM: Selinux check name persist.init.debug.loglevel in u:object_r:startup_init_param:s0 [24514 2000 2000] failed
09-10 01:19:15.166 24514 24514 W C02c02/PARAM: SystemReadParam failed!name is:persist.init.debug.loglevel,err:1002
09-10 01:19:15.169 24517 24517 W C02c02/PARAM: Selinux check name persist.init.debug.loglevel in u:object_r:startup_init_param:s0 [24517 2000 2000] failed
09-10 01:19:15.169 24517 24517 W C02c02/PARAM: Selinux check name persist.init.debug.loglevel in u:object_r:startup_init_param:s0 [24517 2000 2000] failed
09-10 01:19:15.169 24517 24517 W C02c02/PARAM: SystemReadParam failed!name is:persist.init.debug.loglevel,err:1002
09-10 01:19:15.169 24518 24518 W C02c02/PARAM: Selinux check name persist.init.debug.loglevel in u:object_r:startup_init_param:s0 [24518 2000 2000] failed
09-10 01:19:15.169 24518 24518 W C02c02/PARAM: Selinux check name persist.init.debug.loglevel in u:object_r:startup_init_param:s0 [24518 2000 2000] failed
09-10 01:19:15.169 24518 24518 W C02c02/PARAM: SystemReadParam failed!name is:persist.init.debug.loglevel,err:1002
09-10 01:19:15.169 24516 24516 W C02c02/PARAM: Selinux check name persist.init.debug.loglevel in u:object_r:startup_init_param:s0 [24516 2000 2000] failed
09-10 01:19:15.169 24516 24516 W C02c02/PARAM: Selinux check name persist.init.debug.loglevel in u:object_r:startup_init_param:s0 [24516 2000 2000] failed
09-10 01:19:15.169 24516 24516 W C02c02/PARAM: SystemReadParam failed!name is:persist.init.debug.loglevel,err:1002
09-10 01:19:15.173 24519 24519 W C02c02/PARAM: Selinux check name persist.init.debug.loglevel in u:object_r:startup_init_param:s0 [24519 2000 2000] failed
09-10 01:19:15.173 24519 24519 W C02c02/PARAM: Selinux check name persist.init.debug.loglevel in u:object_r:startup_init_param:s0 [24519 2000 2000] failed
09-10 01:19:15.173 24519 24519 W C02c02/PARAM: SystemReadParam failed!name is:persist.init.debug.loglevel,err:1002
09-10 01:19:15.174 24520 24520 W C02c02/PARAM: Selinux check name persist.init.debug.loglevel in u:object_r:startup_init_param:s0 [24520 2000 2000] failed
09-10 01:19:15.174 24520 24520 W C02c02/PARAM: Selinux check name persist.init.debug.loglevel in u:object_r:startup_init_param:s0 [24520 2000 2000] failed
09-10 01:19:15.174 24520 24520 W C02c02/PARAM: SystemReadParam failed!name is:persist.init.debug.loglevel,err:1002
09-10 01:19:15.315  2458  2458 W A01c06/ICON: AppIconWeatherModel --> initWeatherListener, retryTimes: 4
09-10 01:19:15.317   490  2348 E C01707/CONCUR: [Interface] task 2348 apply qos failed, errno = 4
09-10 01:19:15.317   490  2348 E C01611/QosManager: QosManager: Failed to set thread QoS to QOS_USER_INTERACTIVE, ret: -1
09-10 01:19:15.317   782  1040 W C01123/BMSCommon: bundle not exist -n com.huawei.hmsapp.totemweather -u 100 -i 0 -f 32
09-10 01:19:15.317   782  1040 W C01121/BMSQuery: GetBundleInfo failed -n com.huawei.hmsapp.totemweather -u 100
09-10 01:19:15.317   490  2348 E C01651/BundleMgrProxy: GetBundleInfoFromBMS: GetBundleInfo failed!bundleName is com.huawei.hmsapp.totemweather, userId is 100
09-10 01:19:15.317   490  2348 E C01651/DataProviderConfig: GetFromProxyData: Get bundleInfo failed! bundleName:com.huawei.hmsapp.totemweather, userId:100, visitedId:100, uri:******icIconInfo
09-10 01:19:15.317   490  2348 E C01651/DataShareServiceImpl: GetBMSAndMetaDataStatus: CalledInfo failed! token:0x2002a7c3,ret:1001,uri:******icIconInfo
09-10 01:19:15.317   490  2348 E C01651/DataShareServiceImpl: GetSilentProxyStatus: BMS or metaData not ready to complete, token:0x2002a7c3, uri:******icIconInfo
09-10 01:19:15.317  2458  2458 E A01c06/ICON: AppIconWeatherModel --> get weather info failed, code: 15700010, message: The DataShareHelper is not initialized successfully.
09-10 01:19:15.361   274 24521 W C02948/ThermalAware: [thermal_aware_event_handler.cpp] there is no food for dog, rebind thermal service
09-10 01:19:15.361   274 24521 W C02948/ThermalAware: [temperature_collector.cpp] subscribe temperature list is empty
09-10 01:19:15.362   274 24521 W C02948/ThermalAware: [thermal_action_receiver.cpp] subscribe temperature list is empty
09-10 01:19:15.362   274 24521 E C02948/ThermalAware: [thermal_aware_event_handler.cpp] thermal service subscribe failed
09-10 01:19:15.374 24524 24524 W C02c02/PARAM: Selinux check name persist.init.debug.loglevel in u:object_r:startup_init_param:s0 [24524 2000 2000] failed
09-10 01:19:15.374 24524 24524 W C02c02/PARAM: Selinux check name persist.init.debug.loglevel in u:object_r:startup_init_param:s0 [24524 2000 2000] failed
09-10 01:19:15.374 24524 24524 W C02c02/PARAM: SystemReadParam failed!name is:persist.init.debug.loglevel,err:1002
09-10 01:19:15.376 24526 24526 W C02c02/PARAM: Selinux check name persist.init.debug.loglevel in u:object_r:startup_init_param:s0 [24526 2000 2000] failed
09-10 01:19:15.376 24526 24526 W C02c02/PARAM: Selinux check name persist.init.debug.loglevel in u:object_r:startup_init_param:s0 [24526 2000 2000] failed
09-10 01:19:15.376 24526 24526 W C02c02/PARAM: SystemReadParam failed!name is:persist.init.debug.loglevel,err:1002
09-10 01:19:15.379 24527 24527 W C02c02/PARAM: Selinux check name persist.init.debug.loglevel in u:object_r:startup_init_param:s0 [24527 2000 2000] failed
09-10 01:19:15.379 24527 24527 W C02c02/PARAM: Selinux check name persist.init.debug.loglevel in u:object_r:startup_init_param:s0 [24527 2000 2000] failed
09-10 01:19:15.379 24527 24527 W C02c02/PARAM: SystemReadParam failed!name is:persist.init.debug.loglevel,err:1002
09-10 01:19:15.489   125   125 I C01800/SAMGR: NF SA:65962,832_12066
09-10 01:19:15.533  1796  1796 E C02c11/APPSPAWN: [appspawn_kickdog.c:29]open /sys/kernel/hungtask/userlist fail,errno:2
09-10 01:19:15.689   125   125 I C01800/SAMGR: NF SA:65962,832_12067
09-10 01:19:15.890   125   125 I C01800/SAMGR: NF SA:65962,832_12068
09-10 01:19:15.901 24529 24529 W C02c02/PARAM: Selinux check name persist.init.debug.loglevel in u:object_r:startup_init_param:s0 [24529 2000 2000] failed
09-10 01:19:15.901 24529 24529 W C02c02/PARAM: Selinux check name persist.init.debug.loglevel in u:object_r:startup_init_param:s0 [24529 2000 2000] failed
09-10 01:19:15.902 24529 24529 W C02c02/PARAM: SystemReadParam failed!name is:persist.init.debug.loglevel,err:1002
09-10 01:19:15.904 24529 24529 W C02c02/PARAM: Selinux check name persist.init.debug.loglevel in u:object_r:startup_init_param:s0 [24529 2000 2000] failed
09-10 01:19:15.904 24529 24529 W C02c02/PARAM: Selinux check name persist.init.debug.loglevel in u:object_r:startup_init_param:s0 [24529 2000 2000] failed
09-10 01:19:15.904 24529 24529 W C02c02/PARAM: SystemReadParam failed!name is:persist.init.debug.loglevel,err:1002
09-10 01:19:16.092   125   125 I C01800/SAMGR: NF SA:65962,832_12069
09-10 01:19:16.137 24532 24532 W C02c02/PARAM: Selinux check name persist.init.debug.loglevel in u:object_r:startup_init_param:s0 [24532 2000 2000] failed
09-10 01:19:16.137 24532 24532 W C02c02/PARAM: Selinux check name persist.init.debug.loglevel in u:object_r:startup_init_param:s0 [24532 2000 2000] failed
09-10 01:19:16.137 24532 24532 W C02c02/PARAM: SystemReadParam failed!name is:persist.init.debug.loglevel,err:1002
09-10 01:19:16.140 24534 24534 I C02d20/DumperService: SetCmdArgs# hidumper cmd:hidumper -s 1201 -a -p Faultlogger -LogSuffixWithMs , calllingUid=2000, calllingPid=24534, ppid:24532.
09-10 01:19:16.141 24534 24535 W C057c1/IPCWorkThread: ThreadHandler: proto:0 policy:1 name:OS_IPC_0_24535 invoker:2894096896
09-10 01:19:16.141 24534 24536 W C057c1/IPCWorkThread: ThreadHandler: proto:0 policy:0 name:OS_IPC_1_24536 invoker:2921672448
09-10 01:19:16.141  3904  3905 I C02d20/DumperService: DelayUnloadTask# recieve new request, delay unload task begin, calllingPid=24534
09-10 01:19:16.141   474 29681 I C02d11/Faultlogger: DumpByCommands: DumpRequest: detail:0, list:0, file:, name:, time:-1
09-10 01:19:16.141  3904  3905 I C02d20/DumperService: GetData# SA name:1201 dump success, cmd:-p Faultlogger -LogSuffixWithMs , calllingPid=24534!
09-10 01:19:16.168 24538 24538 W C02c02/PARAM: Selinux check name persist.init.debug.loglevel in u:object_r:startup_init_param:s0 [24538 2000 2000] failed
09-10 01:19:16.168 24538 24538 W C02c02/PARAM: Selinux check name persist.init.debug.loglevel in u:object_r:startup_init_param:s0 [24538 2000 2000] failed
09-10 01:19:16.168 24538 24538 W C02c02/PARAM: SystemReadParam failed!name is:persist.init.debug.loglevel,err:1002
09-10 01:19:16.171 24542 24542 W C02c02/PARAM: Selinux check name persist.init.debug.loglevel in u:object_r:startup_init_param:s0 [24542 2000 2000] failed
09-10 01:19:16.171 24542 24542 W C02c02/PARAM: Selinux check name persist.init.debug.loglevel in u:object_r:startup_init_param:s0 [24542 2000 2000] failed
09-10 01:19:16.171 24541 24541 W C02c02/PARAM: Selinux check name persist.init.debug.loglevel in u:object_r:startup_init_param:s0 [24541 2000 2000] failed
09-10 01:19:16.171 24542 24542 W C02c02/PARAM: SystemReadParam failed!name is:persist.init.debug.loglevel,err:1002
09-10 01:19:16.171 24541 24541 W C02c02/PARAM: Selinux check name persist.init.debug.loglevel in u:object_r:startup_init_param:s0 [24541 2000 2000] failed
09-10 01:19:16.171 24541 24541 W C02c02/PARAM: SystemReadParam failed!name is:persist.init.debug.loglevel,err:1002
09-10 01:19:16.171 24540 24540 W C02c02/PARAM: Selinux check name persist.init.debug.loglevel in u:object_r:startup_init_param:s0 [24540 2000 2000] failed
09-10 01:19:16.171 24540 24540 W C02c02/PARAM: Selinux check name persist.init.debug.loglevel in u:object_r:startup_init_param:s0 [24540 2000 2000] failed
09-10 01:19:16.171 24540 24540 W C02c02/PARAM: SystemReadParam failed!name is:persist.init.debug.loglevel,err:1002
09-10 01:19:16.175 24543 24543 W C02c02/PARAM: Selinux check name persist.init.debug.loglevel in u:object_r:startup_init_param:s0 [24543 2000 2000] failed
09-10 01:19:16.175 24543 24543 W C02c02/PARAM: Selinux check name persist.init.debug.loglevel in u:object_r:startup_init_param:s0 [24543 2000 2000] failed
09-10 01:19:16.175 24543 24543 W C02c02/PARAM: SystemReadParam failed!name is:persist.init.debug.loglevel,err:1002
09-10 01:19:16.175 24544 24544 W C02c02/PARAM: Selinux check name persist.init.debug.loglevel in u:object_r:startup_init_param:s0 [24544 2000 2000] failed
09-10 01:19:16.175 24544 24544 W C02c02/PARAM: Selinux check name persist.init.debug.loglevel in u:object_r:startup_init_param:s0 [24544 2000 2000] failed
09-10 01:19:16.175 24544 24544 W C02c02/PARAM: SystemReadParam failed!name is:persist.init.debug.loglevel,err:1002
09-10 01:19:16.293   125   125 I C01800/SAMGR: NF SA:65962,832_12070
09-10 01:19:16.325  2458  2458 W A01c06/ICON: AppIconWeatherModel --> initWeatherListener, retryTimes: 4
09-10 01:19:16.327   490  2348 E C01707/CONCUR: [Interface] task 2348 apply qos failed, errno = 4
09-10 01:19:16.327   490  2348 E C01611/QosManager: QosManager: Failed to set thread QoS to QOS_USER_INTERACTIVE, ret: -1
09-10 01:19:16.327   782  1040 W C01123/BMSCommon: bundle not exist -n com.huawei.hmsapp.totemweather -u 100 -i 0 -f 32
09-10 01:19:16.327   782  1040 W C01121/BMSQuery: GetBundleInfo failed -n com.huawei.hmsapp.totemweather -u 100
09-10 01:19:16.327   490  2348 E C01651/BundleMgrProxy: GetBundleInfoFromBMS: GetBundleInfo failed!bundleName is com.huawei.hmsapp.totemweather, userId is 100
09-10 01:19:16.327   490  2348 E C01651/DataProviderConfig: GetFromProxyData: Get bundleInfo failed! bundleName:com.huawei.hmsapp.totemweather, userId:100, visitedId:100, uri:******icIconInfo
09-10 01:19:16.327   490  2348 E C01651/DataShareServiceImpl: GetBMSAndMetaDataStatus: CalledInfo failed! token:0x2002a7c3,ret:1001,uri:******icIconInfo
09-10 01:19:16.327   490  2348 E C01651/DataShareServiceImpl: GetSilentProxyStatus: BMS or metaData not ready to complete, token:0x2002a7c3, uri:******icIconInfo
09-10 01:19:16.327  2458  2458 E A01c06/ICON: AppIconWeatherModel --> get weather info failed, code: 15700010, message: The DataShareHelper is not initialized successfully.
09-10 01:19:16.370 24546 24546 W C02c02/PARAM: Selinux check name persist.init.debug.loglevel in u:object_r:startup_init_param:s0 [24546 2000 2000] failed
09-10 01:19:16.370 24546 24546 W C02c02/PARAM: Selinux check name persist.init.debug.loglevel in u:object_r:startup_init_param:s0 [24546 2000 2000] failed
09-10 01:19:16.370 24546 24546 W C02c02/PARAM: SystemReadParam failed!name is:persist.init.debug.loglevel,err:1002
09-10 01:19:16.373 24548 24548 W C02c02/PARAM: Selinux check name persist.init.debug.loglevel in u:object_r:startup_init_param:s0 [24548 2000 2000] failed
09-10 01:19:16.373 24548 24548 W C02c02/PARAM: Selinux check name persist.init.debug.loglevel in u:object_r:startup_init_param:s0 [24548 2000 2000] failed
09-10 01:19:16.373 24548 24548 W C02c02/PARAM: SystemReadParam failed!name is:persist.init.debug.loglevel,err:1002
09-10 01:19:16.375 24549 24549 W C02c02/PARAM: Selinux check name persist.init.debug.loglevel in u:object_r:startup_init_param:s0 [24549 2000 2000] failed
09-10 01:19:16.375 24549 24549 W C02c02/PARAM: Selinux check name persist.init.debug.loglevel in u:object_r:startup_init_param:s0 [24549 2000 2000] failed
09-10 01:19:16.375 24549 24549 W C02c02/PARAM: SystemReadParam failed!name is:persist.init.debug.loglevel,err:1002
09-10 01:19:16.493   125   125 I C01800/SAMGR: NF SA:65962,832_12071
09-10 01:19:16.693   125   125 I C01800/SAMGR: NF SA:65962,832_12072
09-10 01:19:16.693   832   925 E C01810/SA_CLIENT: GetSaWrap SA:65962 not start
09-10 01:19:16.693   832   925 I C01409/APS_MANAGER: request system service object is not ready yet!
09-10 01:19:16.903 24551 24551 W C02c02/PARAM: Selinux check name persist.init.debug.loglevel in u:object_r:startup_init_param:s0 [24551 2000 2000] failed
09-10 01:19:16.903 24551 24551 W C02c02/PARAM: Selinux check name persist.init.debug.loglevel in u:object_r:startup_init_param:s0 [24551 2000 2000] failed
09-10 01:19:16.903 24551 24551 W C02c02/PARAM: SystemReadParam failed!name is:persist.init.debug.loglevel,err:1002
09-10 01:19:16.906 24551 24551 W C02c02/PARAM: Selinux check name persist.init.debug.loglevel in u:object_r:startup_init_param:s0 [24551 2000 2000] failed
09-10 01:19:16.906 24551 24551 W C02c02/PARAM: Selinux check name persist.init.debug.loglevel in u:object_r:startup_init_param:s0 [24551 2000 2000] failed
09-10 01:19:16.906 24551 24551 W C02c02/PARAM: SystemReadParam failed!name is:persist.init.debug.loglevel,err:1002
09-10 01:19:17.167 24554 24554 W C02c02/PARAM: Selinux check name persist.init.debug.loglevel in u:object_r:startup_init_param:s0 [24554 2000 2000] failed
09-10 01:19:17.167 24554 24554 W C02c02/PARAM: Selinux check name persist.init.debug.loglevel in u:object_r:startup_init_param:s0 [24554 2000 2000] failed
09-10 01:19:17.167 24554 24554 W C02c02/PARAM: SystemReadParam failed!name is:persist.init.debug.loglevel,err:1002
09-10 01:19:17.170 24556 24556 W C02c02/PARAM: Selinux check name persist.init.debug.loglevel in u:object_r:startup_init_param:s0 [24556 2000 2000] failed
09-10 01:19:17.170 24556 24556 W C02c02/PARAM: Selinux check name persist.init.debug.loglevel in u:object_r:startup_init_param:s0 [24556 2000 2000] failed
09-10 01:19:17.170 24556 24556 W C02c02/PARAM: SystemReadParam failed!name is:persist.init.debug.loglevel,err:1002
09-10 01:19:17.170 24558 24558 W C02c02/PARAM: Selinux check name persist.init.debug.loglevel in u:object_r:startup_init_param:s0 [24558 2000 2000] failed
09-10 01:19:17.170 24558 24558 W C02c02/PARAM: Selinux check name persist.init.debug.loglevel in u:object_r:startup_init_param:s0 [24558 2000 2000] failed
09-10 01:19:17.170 24558 24558 W C02c02/PARAM: SystemReadParam failed!name is:persist.init.debug.loglevel,err:1002
09-10 01:19:17.170 24557 24557 W C02c02/PARAM: Selinux check name persist.init.debug.loglevel in u:object_r:startup_init_param:s0 [24557 2000 2000] failed
09-10 01:19:17.170 24557 24557 W C02c02/PARAM: Selinux check name persist.init.debug.loglevel in u:object_r:startup_init_param:s0 [24557 2000 2000] failed
09-10 01:19:17.170 24557 24557 W C02c02/PARAM: SystemReadParam failed!name is:persist.init.debug.loglevel,err:1002
09-10 01:19:17.174 24559 24559 W C02c02/PARAM: Selinux check name persist.init.debug.loglevel in u:object_r:startup_init_param:s0 [24559 2000 2000] failed
09-10 01:19:17.174 24559 24559 W C02c02/PARAM: Selinux check name persist.init.debug.loglevel in u:object_r:startup_init_param:s0 [24559 2000 2000] failed
09-10 01:19:17.174 24559 24559 W C02c02/PARAM: SystemReadParam failed!name is:persist.init.debug.loglevel,err:1002
09-10 01:19:17.174 24560 24560 W C02c02/PARAM: Selinux check name persist.init.debug.loglevel in u:object_r:startup_init_param:s0 [24560 2000 2000] failed
09-10 01:19:17.174 24560 24560 W C02c02/PARAM: Selinux check name persist.init.debug.loglevel in u:object_r:startup_init_param:s0 [24560 2000 2000] failed
09-10 01:19:17.174 24560 24560 W C02c02/PARAM: SystemReadParam failed!name is:persist.init.debug.loglevel,err:1002
09-10 01:19:17.329  2458  2458 W A01c06/ICON: AppIconWeatherModel --> initWeatherListener, retryTimes: 4
09-10 01:19:17.330   490  2348 E C01707/CONCUR: [Interface] task 2348 apply qos failed, errno = 4
09-10 01:19:17.330   490  2348 E C01611/QosManager: QosManager: Failed to set thread QoS to QOS_USER_INTERACTIVE, ret: -1
09-10 01:19:17.330   782  1040 W C01123/BMSCommon: bundle not exist -n com.huawei.hmsapp.totemweather -u 100 -i 0 -f 32
09-10 01:19:17.330   782  1040 W C01121/BMSQuery: GetBundleInfo failed -n com.huawei.hmsapp.totemweather -u 100
09-10 01:19:17.330   490  2348 E C01651/BundleMgrProxy: GetBundleInfoFromBMS: GetBundleInfo failed!bundleName is com.huawei.hmsapp.totemweather, userId is 100
09-10 01:19:17.330   490  2348 E C01651/DataProviderConfig: GetFromProxyData: Get bundleInfo failed! bundleName:com.huawei.hmsapp.totemweather, userId:100, visitedId:100, uri:******icIconInfo
09-10 01:19:17.330   490  2348 E C01651/DataShareServiceImpl: GetBMSAndMetaDataStatus: CalledInfo failed! token:0x2002a7c3,ret:1001,uri:******icIconInfo
09-10 01:19:17.330   490  2348 E C01651/DataShareServiceImpl: GetSilentProxyStatus: BMS or metaData not ready to complete, token:0x2002a7c3, uri:******icIconInfo
09-10 01:19:17.330  2458  2458 E A01c06/ICON: AppIconWeatherModel --> get weather info failed, code: 15700010, message: The DataShareHelper is not initialized successfully.
09-10 01:19:17.387 24562 24562 W C02c02/PARAM: Selinux check name persist.init.debug.loglevel in u:object_r:startup_init_param:s0 [24562 2000 2000] failed
09-10 01:19:17.387 24562 24562 W C02c02/PARAM: Selinux check name persist.init.debug.loglevel in u:object_r:startup_init_param:s0 [24562 2000 2000] failed
09-10 01:19:17.387 24562 24562 W C02c02/PARAM: SystemReadParam failed!name is:persist.init.debug.loglevel,err:1002
09-10 01:19:17.390 24564 24564 W C02c02/PARAM: Selinux check name persist.init.debug.loglevel in u:object_r:startup_init_param:s0 [24564 2000 2000] failed
09-10 01:19:17.390 24564 24564 W C02c02/PARAM: Selinux check name persist.init.debug.loglevel in u:object_r:startup_init_param:s0 [24564 2000 2000] failed
09-10 01:19:17.390 24564 24564 W C02c02/PARAM: SystemReadParam failed!name is:persist.init.debug.loglevel,err:1002
09-10 01:19:17.393 24565 24565 W C02c02/PARAM: Selinux check name persist.init.debug.loglevel in u:object_r:startup_init_param:s0 [24565 2000 2000] failed
09-10 01:19:17.393 24565 24565 W C02c02/PARAM: Selinux check name persist.init.debug.loglevel in u:object_r:startup_init_param:s0 [24565 2000 2000] failed
09-10 01:19:17.393 24565 24565 W C02c02/PARAM: SystemReadParam failed!name is:persist.init.debug.loglevel,err:1002
09-10 01:19:17.823  3290  3290 I C02500/Qemud: Guest heartbeat success.
09-10 01:19:17.931 24567 24567 W C02c02/PARAM: Selinux check name persist.init.debug.loglevel in u:object_r:startup_init_param:s0 [24567 2000 2000] failed
09-10 01:19:17.931 24567 24567 W C02c02/PARAM: Selinux check name persist.init.debug.loglevel in u:object_r:startup_init_param:s0 [24567 2000 2000] failed
09-10 01:19:17.931 24567 24567 W C02c02/PARAM: SystemReadParam failed!name is:persist.init.debug.loglevel,err:1002
09-10 01:19:17.934 24567 24567 W C02c02/PARAM: Selinux check name persist.init.debug.loglevel in u:object_r:startup_init_param:s0 [24567 2000 2000] failed
09-10 01:19:17.934 24567 24567 W C02c02/PARAM: Selinux check name persist.init.debug.loglevel in u:object_r:startup_init_param:s0 [24567 2000 2000] failed
09-10 01:19:17.934 24567 24567 W C02c02/PARAM: SystemReadParam failed!name is:persist.init.debug.loglevel,err:1002
09-10 01:19:18.165 24571 24571 W C02c02/PARAM: Selinux check name persist.init.debug.loglevel in u:object_r:startup_init_param:s0 [24571 2000 2000] failed
09-10 01:19:18.165 24571 24571 W C02c02/PARAM: Selinux check name persist.init.debug.loglevel in u:object_r:startup_init_param:s0 [24571 2000 2000] failed
09-10 01:19:18.165 24571 24571 W C02c02/PARAM: SystemReadParam failed!name is:persist.init.debug.loglevel,err:1002
09-10 01:19:18.168 24574 24574 W C02c02/PARAM: Selinux check name persist.init.debug.loglevel in u:object_r:startup_init_param:s0 [24574 2000 2000] failed
09-10 01:19:18.168 24574 24574 W C02c02/PARAM: Selinux check name persist.init.debug.loglevel in u:object_r:startup_init_param:s0 [24574 2000 2000] failed
09-10 01:19:18.168 24575 24575 W C02c02/PARAM: Selinux check name persist.init.debug.loglevel in u:object_r:startup_init_param:s0 [24575 2000 2000] failed
09-10 01:19:18.168 24574 24574 W C02c02/PARAM: SystemReadParam failed!name is:persist.init.debug.loglevel,err:1002
09-10 01:19:18.168 24575 24575 W C02c02/PARAM: Selinux check name persist.init.debug.loglevel in u:object_r:startup_init_param:s0 [24575 2000 2000] failed
09-10 01:19:18.168 24575 24575 W C02c02/PARAM: SystemReadParam failed!name is:persist.init.debug.loglevel,err:1002
09-10 01:19:18.168 24573 24573 W C02c02/PARAM: Selinux check name persist.init.debug.loglevel in u:object_r:startup_init_param:s0 [24573 2000 2000] failed
09-10 01:19:18.168 24573 24573 W C02c02/PARAM: Selinux check name persist.init.debug.loglevel in u:object_r:startup_init_param:s0 [24573 2000 2000] failed
09-10 01:19:18.168 24573 24573 W C02c02/PARAM: SystemReadParam failed!name is:persist.init.debug.loglevel,err:1002
09-10 01:19:18.173 24576 24576 W C02c02/PARAM: Selinux check name persist.init.debug.loglevel in u:object_r:startup_init_param:s0 [24576 2000 2000] failed
09-10 01:19:18.173 24576 24576 W C02c02/PARAM: Selinux check name persist.init.debug.loglevel in u:object_r:startup_init_param:s0 [24576 2000 2000] failed
09-10 01:19:18.173 24576 24576 W C02c02/PARAM: SystemReadParam failed!name is:persist.init.debug.loglevel,err:1002
09-10 01:19:18.173 24577 24577 W C02c02/PARAM: Selinux check name persist.init.debug.loglevel in u:object_r:startup_init_param:s0 [24577 2000 2000] failed
09-10 01:19:18.173 24577 24577 W C02c02/PARAM: Selinux check name persist.init.debug.loglevel in u:object_r:startup_init_param:s0 [24577 2000 2000] failed
09-10 01:19:18.173 24577 24577 W C02c02/PARAM: SystemReadParam failed!name is:persist.init.debug.loglevel,err:1002
09-10 01:19:18.321   132   132 E C02c11/APPSPAWN: [appspawn_kickdog.c:29]open /sys/kernel/hungtask/userlist fail,errno:2
09-10 01:19:18.331  2458  2458 W A01c06/ICON: AppIconWeatherModel --> initWeatherListener, retryTimes: 4
09-10 01:19:18.332   490  2348 E C01707/CONCUR: [Interface] task 2348 apply qos failed, errno = 4
09-10 01:19:18.332   490  2348 E C01611/QosManager: QosManager: Failed to set thread QoS to QOS_USER_INTERACTIVE, ret: -1
09-10 01:19:18.332   782  1040 W C01123/BMSCommon: bundle not exist -n com.huawei.hmsapp.totemweather -u 100 -i 0 -f 32
09-10 01:19:18.332   782  1040 W C01121/BMSQuery: GetBundleInfo failed -n com.huawei.hmsapp.totemweather -u 100
09-10 01:19:18.332   490  2348 E C01651/BundleMgrProxy: GetBundleInfoFromBMS: GetBundleInfo failed!bundleName is com.huawei.hmsapp.totemweather, userId is 100
09-10 01:19:18.332   490  2348 E C01651/DataProviderConfig: GetFromProxyData: Get bundleInfo failed! bundleName:com.huawei.hmsapp.totemweather, userId:100, visitedId:100, uri:******icIconInfo
09-10 01:19:18.332   490  2348 E C01651/DataShareServiceImpl: GetBMSAndMetaDataStatus: CalledInfo failed! token:0x2002a7c3,ret:1001,uri:******icIconInfo
09-10 01:19:18.332   490  2348 E C01651/DataShareServiceImpl: GetSilentProxyStatus: BMS or metaData not ready to complete, token:0x2002a7c3, uri:******icIconInfo
09-10 01:19:18.332  2458  2458 E A01c06/ICON: AppIconWeatherModel --> get weather info failed, code: 15700010, message: The DataShareHelper is not initialized successfully.
09-10 01:19:18.378 24579 24579 W C02c02/PARAM: Selinux check name persist.init.debug.loglevel in u:object_r:startup_init_param:s0 [24579 2000 2000] failed
09-10 01:19:18.378 24579 24579 W C02c02/PARAM: Selinux check name persist.init.debug.loglevel in u:object_r:startup_init_param:s0 [24579 2000 2000] failed
09-10 01:19:18.378 24579 24579 W C02c02/PARAM: SystemReadParam failed!name is:persist.init.debug.loglevel,err:1002
09-10 01:19:18.381 24581 24581 W C02c02/PARAM: Selinux check name persist.init.debug.loglevel in u:object_r:startup_init_param:s0 [24581 2000 2000] failed
09-10 01:19:18.381 24581 24581 W C02c02/PARAM: Selinux check name persist.init.debug.loglevel in u:object_r:startup_init_param:s0 [24581 2000 2000] failed
09-10 01:19:18.381 24581 24581 W C02c02/PARAM: SystemReadParam failed!name is:persist.init.debug.loglevel,err:1002
09-10 01:19:18.384 24582 24582 W C02c02/PARAM: Selinux check name persist.init.debug.loglevel in u:object_r:startup_init_param:s0 [24582 2000 2000] failed
09-10 01:19:18.384 24582 24582 W C02c02/PARAM: Selinux check name persist.init.debug.loglevel in u:object_r:startup_init_param:s0 [24582 2000 2000] failed
09-10 01:19:18.384 24582 24582 W C02c02/PARAM: SystemReadParam failed!name is:persist.init.debug.loglevel,err:1002
09-10 01:19:18.405   474  6595 E C02d66/XPerf: [InquiryOhImpl::ExtractStringValue] Canonical FilePath: /sys/class/ithermal/lpm/lpm_freq failed.
09-10 01:19:18.405   474  6595 E C02d66/XPerf: [InquiryOhImpl::ExtractStringValue] Canonical FilePath: /sys/class/power_supply/Battery/status failed.
09-10 01:19:18.695   125   125 I C01800/SAMGR: NF SA:65962,832_12073
09-10 01:19:18.895   125   125 I C01800/SAMGR: NF SA:65962,832_12074
09-10 01:19:18.918 24585 24585 W C02c02/PARAM: Selinux check name persist.init.debug.loglevel in u:object_r:startup_init_param:s0 [24585 2000 2000] failed
09-10 01:19:18.918 24585 24585 W C02c02/PARAM: Selinux check name persist.init.debug.loglevel in u:object_r:startup_init_param:s0 [24585 2000 2000] failed
09-10 01:19:18.918 24585 24585 W C02c02/PARAM: SystemReadParam failed!name is:persist.init.debug.loglevel,err:1002
09-10 01:19:18.921 24585 24585 W C02c02/PARAM: Selinux check name persist.init.debug.loglevel in u:object_r:startup_init_param:s0 [24585 2000 2000] failed
09-10 01:19:18.921 24585 24585 W C02c02/PARAM: Selinux check name persist.init.debug.loglevel in u:object_r:startup_init_param:s0 [24585 2000 2000] failed
09-10 01:19:18.921 24585 24585 W C02c02/PARAM: SystemReadParam failed!name is:persist.init.debug.loglevel,err:1002
09-10 01:19:19.097   125   125 I C01800/SAMGR: NF SA:65962,832_12075
09-10 01:19:19.167 24588 24588 W C02c02/PARAM: Selinux check name persist.init.debug.loglevel in u:object_r:startup_init_param:s0 [24588 2000 2000] failed
09-10 01:19:19.167 24588 24588 W C02c02/PARAM: Selinux check name persist.init.debug.loglevel in u:object_r:startup_init_param:s0 [24588 2000 2000] failed
09-10 01:19:19.167 24588 24588 W C02c02/PARAM: SystemReadParam failed!name is:persist.init.debug.loglevel,err:1002
09-10 01:19:19.170 24591 24591 W C02c02/PARAM: Selinux check name persist.init.debug.loglevel in u:object_r:startup_init_param:s0 [24591 2000 2000] failed
09-10 01:19:19.170 24591 24591 W C02c02/PARAM: Selinux check name persist.init.debug.loglevel in u:object_r:startup_init_param:s0 [24591 2000 2000] failed
09-10 01:19:19.170 24592 24592 W C02c02/PARAM: Selinux check name persist.init.debug.loglevel in u:object_r:startup_init_param:s0 [24592 2000 2000] failed
09-10 01:19:19.170 24591 24591 W C02c02/PARAM: SystemReadParam failed!name is:persist.init.debug.loglevel,err:1002
09-10 01:19:19.170 24592 24592 W C02c02/PARAM: Selinux check name persist.init.debug.loglevel in u:object_r:startup_init_param:s0 [24592 2000 2000] failed
09-10 01:19:19.170 24592 24592 W C02c02/PARAM: SystemReadParam failed!name is:persist.init.debug.loglevel,err:1002
09-10 01:19:19.170 24590 24590 W C02c02/PARAM: Selinux check name persist.init.debug.loglevel in u:object_r:startup_init_param:s0 [24590 2000 2000] failed
09-10 01:19:19.170 24590 24590 W C02c02/PARAM: Selinux check name persist.init.debug.loglevel in u:object_r:startup_init_param:s0 [24590 2000 2000] failed
09-10 01:19:19.170 24590 24590 W C02c02/PARAM: SystemReadParam failed!name is:persist.init.debug.loglevel,err:1002
09-10 01:19:19.175 24593 24593 W C02c02/PARAM: Selinux check name persist.init.debug.loglevel in u:object_r:startup_init_param:s0 [24593 2000 2000] failed
09-10 01:19:19.175 24593 24593 W C02c02/PARAM: Selinux check name persist.init.debug.loglevel in u:object_r:startup_init_param:s0 [24593 2000 2000] failed
09-10 01:19:19.175 24593 24593 W C02c02/PARAM: SystemReadParam failed!name is:persist.init.debug.loglevel,err:1002
09-10 01:19:19.175 24594 24594 W C02c02/PARAM: Selinux check name persist.init.debug.loglevel in u:object_r:startup_init_param:s0 [24594 2000 2000] failed
09-10 01:19:19.175 24594 24594 W C02c02/PARAM: Selinux check name persist.init.debug.loglevel in u:object_r:startup_init_param:s0 [24594 2000 2000] failed
09-10 01:19:19.175 24594 24594 W C02c02/PARAM: SystemReadParam failed!name is:persist.init.debug.loglevel,err:1002
09-10 01:19:19.271   316 24216 W C01f04/MultiSimontroller: [GetSimAccountInfo-(multi_sim_controller.cpp:1141)] slotId 0 is invalid
09-10 01:19:19.271   316 24216 E C01f04/TelephonySubsystem: GetSimAccountInfo fail!
09-10 01:19:19.299   125   125 I C01800/SAMGR: NF SA:65962,832_12076
09-10 01:19:19.334  2458  2458 W A01c06/ICON: AppIconWeatherModel --> initWeatherListener, retryTimes: 4
09-10 01:19:19.336   490  2348 E C01707/CONCUR: [Interface] task 2348 apply qos failed, errno = 4
09-10 01:19:19.336   490  2348 E C01611/QosManager: QosManager: Failed to set thread QoS to QOS_USER_INTERACTIVE, ret: -1
09-10 01:19:19.337   782  1040 W C01123/BMSCommon: bundle not exist -n com.huawei.hmsapp.totemweather -u 100 -i 0 -f 32
09-10 01:19:19.337   782  1040 W C01121/BMSQuery: GetBundleInfo failed -n com.huawei.hmsapp.totemweather -u 100
09-10 01:19:19.337   490  2348 E C01651/BundleMgrProxy: GetBundleInfoFromBMS: GetBundleInfo failed!bundleName is com.huawei.hmsapp.totemweather, userId is 100
09-10 01:19:19.337   490  2348 E C01651/DataProviderConfig: GetFromProxyData: Get bundleInfo failed! bundleName:com.huawei.hmsapp.totemweather, userId:100, visitedId:100, uri:******icIconInfo
09-10 01:19:19.337   490  2348 E C01651/DataShareServiceImpl: GetBMSAndMetaDataStatus: CalledInfo failed! token:0x2002a7c3,ret:1001,uri:******icIconInfo
09-10 01:19:19.337   490  2348 E C01651/DataShareServiceImpl: GetSilentProxyStatus: BMS or metaData not ready to complete, token:0x2002a7c3, uri:******icIconInfo
09-10 01:19:19.337  2458  2458 E A01c06/ICON: AppIconWeatherModel --> get weather info failed, code: 15700010, message: The DataShareHelper is not initialized successfully.
09-10 01:19:19.381 24597 24597 W C02c02/PARAM: Selinux check name persist.init.debug.loglevel in u:object_r:startup_init_param:s0 [24597 2000 2000] failed
09-10 01:19:19.381 24597 24597 W C02c02/PARAM: Selinux check name persist.init.debug.loglevel in u:object_r:startup_init_param:s0 [24597 2000 2000] failed
09-10 01:19:19.381 24597 24597 W C02c02/PARAM: SystemReadParam failed!name is:persist.init.debug.loglevel,err:1002
09-10 01:19:19.384 24599 24599 W C02c02/PARAM: Selinux check name persist.init.debug.loglevel in u:object_r:startup_init_param:s0 [24599 2000 2000] failed
09-10 01:19:19.384 24599 24599 W C02c02/PARAM: Selinux check name persist.init.debug.loglevel in u:object_r:startup_init_param:s0 [24599 2000 2000] failed
09-10 01:19:19.384 24599 24599 W C02c02/PARAM: SystemReadParam failed!name is:persist.init.debug.loglevel,err:1002
09-10 01:19:19.387 24600 24600 W C02c02/PARAM: Selinux check name persist.init.debug.loglevel in u:object_r:startup_init_param:s0 [24600 2000 2000] failed
09-10 01:19:19.387 24600 24600 W C02c02/PARAM: Selinux check name persist.init.debug.loglevel in u:object_r:startup_init_param:s0 [24600 2000 2000] failed
09-10 01:19:19.387 24600 24600 W C02c02/PARAM: SystemReadParam failed!name is:persist.init.debug.loglevel,err:1002
09-10 01:19:19.500   125   125 I C01800/SAMGR: NF SA:65962,832_12077
09-10 01:19:19.610   592   812 W C02943/ThermalHdi: Read node failed, title = brightness
09-10 01:19:19.610   592   812 W C02943/ThermalHdi: Read node failed, title = 
09-10 01:19:19.610   592   812 W C02943/ThermalHdi: Read node failed, title = 
09-10 01:19:19.610   592   812 W C02943/ThermalHdi: Read node failed, title = 
09-10 01:19:19.610   592   812 W C02943/ThermalHdi: Read node failed, title = 
09-10 01:19:19.610   592   812 W C02943/ThermalHdi: Read node failed, title = 
09-10 01:19:19.610   592   812 W C02943/ThermalHdi: Read node failed, title = 
09-10 01:19:19.610   592   812 W C02943/ThermalHdi: Read node failed, title = 
09-10 01:19:19.610   592   812 W C02943/ThermalHdi: Read node failed, title = 
09-10 01:19:19.610   592   812 W C02943/ThermalHdi: Read node failed, title = 
09-10 01:19:19.610   592   812 W C02943/ThermalHdi: Read node failed, title = 
09-10 01:19:19.610   592   812 W C02943/ThermalHdi: Read node failed, title = 
09-10 01:19:19.610   592   812 W C02943/ThermalHdi: Read node failed, title = 
09-10 01:19:19.610   592   812 W C02943/ThermalHdi: Read node failed, title = 
09-10 01:19:19.610   592   812 W C02943/ThermalHdi: Read node failed, title = 
09-10 01:19:19.610   592   812 W C02943/ThermalHdi: Read node failed, title = 
09-10 01:19:19.610   592   812 W C02943/ThermalHdi: Read node failed, title = 
09-10 01:19:19.610   592   812 W C02943/ThermalHdi: Read node failed, title = 
09-10 01:19:19.610   592   812 W C02943/ThermalHdi: Read node failed, title = 
09-10 01:19:19.610   592   812 W C02943/ThermalHdi: Read node failed, title = 
09-10 01:19:19.610   592   812 W C02943/ThermalHdi: Read node failed, title = 
09-10 01:19:19.610   592   812 W C02943/ThermalHdi: Read node failed, title = 
09-10 01:19:19.610   592   812 W C02943/ThermalHdi: Read node failed, title = 
09-10 01:19:19.610   592   812 W C02943/ThermalHdi: Read node failed, title = 
09-10 01:19:19.610   592   812 W C02943/ThermalHdi: Read node failed, title = 
09-10 01:19:19.610   592   812 W C02943/ThermalHdi: Read node failed, title = ambient
09-10 01:19:19.610   592   812 W C02943/ThermalHdi: Read node failed, title = ibat
09-10 01:19:19.610   592   812 W C02943/ThermalHdi: Read node failed, title = vbat
09-10 01:19:19.610   592   812 W C02943/ThermalHdi: Read node failed, title = cpu0_min_freq
09-10 01:19:19.610   592   812 W C02943/ThermalHdi: Read node failed, title = cpu0_cur_freq
09-10 01:19:19.610   592   812 W C02943/ThermalHdi: Read node failed, title = cpu0_max_freq
09-10 01:19:19.610   592   812 W C02943/ThermalHdi: Read node failed, title = cpu4_min_freq
09-10 01:19:19.610   592   812 W C02943/ThermalHdi: Read node failed, title = cpu4_cur_freq
09-10 01:19:19.610   592   812 W C02943/ThermalHdi: Read node failed, title = cpu4_max_freq
09-10 01:19:19.610   592   812 W C02943/ThermalHdi: Read node failed, title = cpu7_min_freq
09-10 01:19:19.610   592   812 W C02943/ThermalHdi: Read node failed, title = cpu7_cur_freq
09-10 01:19:19.610   592   812 W C02943/ThermalHdi: Read node failed, title = cpu7_max_freq
09-10 01:19:19.610   592   812 W C02943/ThermalHdi: Read node failed, title = gpu_min_freq
09-10 01:19:19.610   592   812 W C02943/ThermalHdi: Read node failed, title = gpu_cur_freq
09-10 01:19:19.610   592   812 W C02943/ThermalHdi: Read node failed, title = gpu_max_freq
09-10 01:19:19.610   592   812 W C02943/ThermalHdi: Read node failed, title = ddr_cur_freq
09-10 01:19:19.610   592   812 W C02943/ThermalHdi: Read node failed, title = set_IPApower
09-10 01:19:19.610   592   812 W C02943/ThermalHdi: Read node failed, title = cur_IPApower
09-10 01:19:19.610   592   812 W C02943/ThermalHdi: get node failed
09-10 01:19:19.610   592   812 W C02943/ThermalHdi: get node failed
09-10 01:19:19.610   592   812 W C02943/ThermalHdi: get node failed
09-10 01:19:19.610   474  1280 I C02d10/CpuCollector: CalculateProcessCpuStatInfos: startTime=1788974349600, endTime=1788974359610, startBootTime=264754779, endBootTime=264764789, period=10010, isNeedUpdate=1
09-10 01:19:19.702   125   125 I C01800/SAMGR: NF SA:65962,832_12078
09-10 01:19:19.905   125   125 I C01800/SAMGR: NF SA:65962,832_12079
09-10 01:19:19.905   832   925 E C01810/SA_CLIENT: GetSaWrap SA:65962 not start
09-10 01:19:19.905   832   925 I C01409/APS_MANAGER: request system service object is not ready yet!
09-10 01:19:19.912 24602 24602 W C02c02/PARAM: Selinux check name persist.init.debug.loglevel in u:object_r:startup_init_param:s0 [24602 2000 2000] failed
09-10 01:19:19.912 24602 24602 W C02c02/PARAM: Selinux check name persist.init.debug.loglevel in u:object_r:startup_init_param:s0 [24602 2000 2000] failed
09-10 01:19:19.912 24602 24602 W C02c02/PARAM: SystemReadParam failed!name is:persist.init.debug.loglevel,err:1002
09-10 01:19:19.914 24602 24602 W C02c02/PARAM: Selinux check name persist.init.debug.loglevel in u:object_r:startup_init_param:s0 [24602 2000 2000] failed
09-10 01:19:19.914 24602 24602 W C02c02/PARAM: Selinux check name persist.init.debug.loglevel in u:object_r:startup_init_param:s0 [24602 2000 2000] failed
09-10 01:19:19.914 24602 24602 W C02c02/PARAM: SystemReadParam failed!name is:persist.init.debug.loglevel,err:1002
09-10 01:19:20.165 24605 24605 W C02c02/PARAM: Selinux check name persist.init.debug.loglevel in u:object_r:startup_init_param:s0 [24605 2000 2000] failed
09-10 01:19:20.165 24605 24605 W C02c02/PARAM: Selinux check name persist.init.debug.loglevel in u:object_r:startup_init_param:s0 [24605 2000 2000] failed
09-10 01:19:20.165 24605 24605 W C02c02/PARAM: SystemReadParam failed!name is:persist.init.debug.loglevel,err:1002
09-10 01:19:20.168 24607 24607 W C02c02/PARAM: Selinux check name persist.init.debug.loglevel in u:object_r:startup_init_param:s0 [24607 2000 2000] failed
09-10 01:19:20.168 24607 24607 W C02c02/PARAM: Selinux check name persist.init.debug.loglevel in u:object_r:startup_init_param:s0 [24607 2000 2000] failed
09-10 01:19:20.168 24607 24607 W C02c02/PARAM: SystemReadParam failed!name is:persist.init.debug.loglevel,err:1002
09-10 01:19:20.168 24609 24609 W C02c02/PARAM: Selinux check name persist.init.debug.loglevel in u:object_r:startup_init_param:s0 [24609 2000 2000] failed
09-10 01:19:20.168 24609 24609 W C02c02/PARAM: Selinux check name persist.init.debug.loglevel in u:object_r:startup_init_param:s0 [24609 2000 2000] failed
09-10 01:19:20.168 24609 24609 W C02c02/PARAM: SystemReadParam failed!name is:persist.init.debug.loglevel,err:1002
09-10 01:19:20.169 24608 24608 W C02c02/PARAM: Selinux check name persist.init.debug.loglevel in u:object_r:startup_init_param:s0 [24608 2000 2000] failed
09-10 01:19:20.169 24608 24608 W C02c02/PARAM: Selinux check name persist.init.debug.loglevel in u:object_r:startup_init_param:s0 [24608 2000 2000] failed
09-10 01:19:20.169 24608 24608 W C02c02/PARAM: SystemReadParam failed!name is:persist.init.debug.loglevel,err:1002
09-10 01:19:20.172 24610 24610 W C02c02/PARAM: Selinux check name persist.init.debug.loglevel in u:object_r:startup_init_param:s0 [24610 2000 2000] failed
09-10 01:19:20.173 24610 24610 W C02c02/PARAM: Selinux check name persist.init.debug.loglevel in u:object_r:startup_init_param:s0 [24610 2000 2000] failed
09-10 01:19:20.173 24610 24610 W C02c02/PARAM: SystemReadParam failed!name is:persist.init.debug.loglevel,err:1002
09-10 01:19:20.173 24611 24611 W C02c02/PARAM: Selinux check name persist.init.debug.loglevel in u:object_r:startup_init_param:s0 [24611 2000 2000] failed
09-10 01:19:20.173 24611 24611 W C02c02/PARAM: Selinux check name persist.init.debug.loglevel in u:object_r:startup_init_param:s0 [24611 2000 2000] failed
09-10 01:19:20.173 24611 24611 W C02c02/PARAM: SystemReadParam failed!name is:persist.init.debug.loglevel,err:1002
09-10 01:19:20.339  2458  2458 W A01c06/ICON: AppIconWeatherModel --> initWeatherListener, retryTimes: 4
09-10 01:19:20.340   490  2348 E C01707/CONCUR: [Interface] task 2348 apply qos failed, errno = 4
09-10 01:19:20.340   490  2348 E C01611/QosManager: QosManager: Failed to set thread QoS to QOS_USER_INTERACTIVE, ret: -1
09-10 01:19:20.340   782  1040 W C01123/BMSCommon: bundle not exist -n com.huawei.hmsapp.totemweather -u 100 -i 0 -f 32
09-10 01:19:20.340   782  1040 W C01121/BMSQuery: GetBundleInfo failed -n com.huawei.hmsapp.totemweather -u 100
09-10 01:19:20.340   490  2348 E C01651/BundleMgrProxy: GetBundleInfoFromBMS: GetBundleInfo failed!bundleName is com.huawei.hmsapp.totemweather, userId is 100
09-10 01:19:20.340   490  2348 E C01651/DataProviderConfig: GetFromProxyData: Get bundleInfo failed! bundleName:com.huawei.hmsapp.totemweather, userId:100, visitedId:100, uri:******icIconInfo
09-10 01:19:20.340   490  2348 E C01651/DataShareServiceImpl: GetBMSAndMetaDataStatus: CalledInfo failed! token:0x2002a7c3,ret:1001,uri:******icIconInfo
09-10 01:19:20.340   490  2348 E C01651/DataShareServiceImpl: GetSilentProxyStatus: BMS or metaData not ready to complete, token:0x2002a7c3, uri:******icIconInfo
09-10 01:19:20.340  2458  2458 E A01c06/ICON: AppIconWeatherModel --> get weather info failed, code: 15700010, message: The DataShareHelper is not initialized successfully.
09-10 01:19:20.371 24613 24613 W C02c02/PARAM: Selinux check name persist.init.debug.loglevel in u:object_r:startup_init_param:s0 [24613 2000 2000] failed
09-10 01:19:20.371 24613 24613 W C02c02/PARAM: Selinux check name persist.init.debug.loglevel in u:object_r:startup_init_param:s0 [24613 2000 2000] failed
09-10 01:19:20.371 24613 24613 W C02c02/PARAM: SystemReadParam failed!name is:persist.init.debug.loglevel,err:1002
09-10 01:19:20.374 24615 24615 W C02c02/PARAM: Selinux check name persist.init.debug.loglevel in u:object_r:startup_init_param:s0 [24615 2000 2000] failed
09-10 01:19:20.374 24615 24615 W C02c02/PARAM: Selinux check name persist.init.debug.loglevel in u:object_r:startup_init_param:s0 [24615 2000 2000] failed
09-10 01:19:20.374 24615 24615 W C02c02/PARAM: SystemReadParam failed!name is:persist.init.debug.loglevel,err:1002
09-10 01:19:20.377 24616 24616 W C02c02/PARAM: Selinux check name persist.init.debug.loglevel in u:object_r:startup_init_param:s0 [24616 2000 2000] failed
09-10 01:19:20.377 24616 24616 W C02c02/PARAM: Selinux check name persist.init.debug.loglevel in u:object_r:startup_init_param:s0 [24616 2000 2000] failed
09-10 01:19:20.377 24616 24616 W C02c02/PARAM: SystemReadParam failed!name is:persist.init.debug.loglevel,err:1002
09-10 01:19:20.823  3290  3290 I C02500/Qemud: Guest heartbeat success.
09-10 01:19:20.912 24618 24618 W C02c02/PARAM: Selinux check name persist.init.debug.loglevel in u:object_r:startup_init_param:s0 [24618 2000 2000] failed
09-10 01:19:20.912 24618 24618 W C02c02/PARAM: Selinux check name persist.init.debug.loglevel in u:object_r:startup_init_param:s0 [24618 2000 2000] failed
09-10 01:19:20.912 24618 24618 W C02c02/PARAM: SystemReadParam failed!name is:persist.init.debug.loglevel,err:1002
09-10 01:19:20.914 24618 24618 W C02c02/PARAM: Selinux check name persist.init.debug.loglevel in u:object_r:startup_init_param:s0 [24618 2000 2000] failed
09-10 01:19:20.914 24618 24618 W C02c02/PARAM: Selinux check name persist.init.debug.loglevel in u:object_r:startup_init_param:s0 [24618 2000 2000] failed
09-10 01:19:20.914 24618 24618 W C02c02/PARAM: SystemReadParam failed!name is:persist.init.debug.loglevel,err:1002
09-10 01:19:21.152 24621 24621 W C02c02/PARAM: Selinux check name persist.init.debug.loglevel in u:object_r:startup_init_param:s0 [24621 2000 2000] failed
09-10 01:19:21.152 24621 24621 W C02c02/PARAM: Selinux check name persist.init.debug.loglevel in u:object_r:startup_init_param:s0 [24621 2000 2000] failed
09-10 01:19:21.152 24621 24621 W C02c02/PARAM: SystemReadParam failed!name is:persist.init.debug.loglevel,err:1002
09-10 01:19:21.156 24623 24623 I C02d20/DumperService: SetCmdArgs# hidumper cmd:hidumper -s 1201 -a -p Faultlogger -LogSuffixWithMs , calllingUid=2000, calllingPid=24623, ppid:24621.
09-10 01:19:21.156 24623 24624 W C057c1/IPCWorkThread: ThreadHandler: proto:0 policy:1 name:OS_IPC_0_24624 invoker:2514529664
09-10 01:19:21.156 24623 24625 W C057c1/IPCWorkThread: ThreadHandler: proto:0 policy:0 name:OS_IPC_1_24625 invoker:2542084736
09-10 01:19:21.156  3904  3905 I C02d20/DumperService: DelayUnloadTask# recieve new request, delay unload task begin, calllingPid=24623
09-10 01:19:21.156   474 29681 I C02d11/Faultlogger: DumpByCommands: DumpRequest: detail:0, list:0, file:, name:, time:-1
09-10 01:19:21.156  3904  3905 I C02d20/DumperService: GetData# SA name:1201 dump success, cmd:-p Faultlogger -LogSuffixWithMs , calllingPid=24623!
09-10 01:19:21.165 24627 24627 W C02c02/PARAM: Selinux check name persist.init.debug.loglevel in u:object_r:startup_init_param:s0 [24627 2000 2000] failed
09-10 01:19:21.165 24627 24627 W C02c02/PARAM: Selinux check name persist.init.debug.loglevel in u:object_r:startup_init_param:s0 [24627 2000 2000] failed
09-10 01:19:21.165 24627 24627 W C02c02/PARAM: SystemReadParam failed!name is:persist.init.debug.loglevel,err:1002
09-10 01:19:21.168 24630 24630 W C02c02/PARAM: Selinux check name persist.init.debug.loglevel in u:object_r:startup_init_param:s0 [24630 2000 2000] failed
09-10 01:19:21.168 24630 24630 W C02c02/PARAM: Selinux check name persist.init.debug.loglevel in u:object_r:startup_init_param:s0 [24630 2000 2000] failed
09-10 01:19:21.168 24630 24630 W C02c02/PARAM: SystemReadParam failed!name is:persist.init.debug.loglevel,err:1002
09-10 01:19:21.168 24631 24631 W C02c02/PARAM: Selinux check name persist.init.debug.loglevel in u:object_r:startup_init_param:s0 [24631 2000 2000] failed
09-10 01:19:21.168 24631 24631 W C02c02/PARAM: Selinux check name persist.init.debug.loglevel in u:object_r:startup_init_param:s0 [24631 2000 2000] failed
09-10 01:19:21.168 24631 24631 W C02c02/PARAM: SystemReadParam failed!name is:persist.init.debug.loglevel,err:1002
09-10 01:19:21.168 24629 24629 W C02c02/PARAM: Selinux check name persist.init.debug.loglevel in u:object_r:startup_init_param:s0 [24629 2000 2000] failed
09-10 01:19:21.168 24629 24629 W C02c02/PARAM: Selinux check name persist.init.debug.loglevel in u:object_r:startup_init_param:s0 [24629 2000 2000] failed
09-10 01:19:21.169 24629 24629 W C02c02/PARAM: SystemReadParam failed!name is:persist.init.debug.loglevel,err:1002
09-10 01:19:21.173 24632 24632 W C02c02/PARAM: Selinux check name persist.init.debug.loglevel in u:object_r:startup_init_param:s0 [24632 2000 2000] failed
09-10 01:19:21.173 24632 24632 W C02c02/PARAM: Selinux check name persist.init.debug.loglevel in u:object_r:startup_init_param:s0 [24632 2000 2000] failed
09-10 01:19:21.173 24632 24632 W C02c02/PARAM: SystemReadParam failed!name is:persist.init.debug.loglevel,err:1002
09-10 01:19:21.173 24633 24633 W C02c02/PARAM: Selinux check name persist.init.debug.loglevel in u:object_r:startup_init_param:s0 [24633 2000 2000] failed
09-10 01:19:21.173 24633 24633 W C02c02/PARAM: Selinux check name persist.init.debug.loglevel in u:object_r:startup_init_param:s0 [24633 2000 2000] failed
09-10 01:19:21.173 24633 24633 W C02c02/PARAM: SystemReadParam failed!name is:persist.init.debug.loglevel,err:1002
09-10 01:19:21.344  2458  2458 W A01c06/ICON: AppIconWeatherModel --> initWeatherListener, retryTimes: 4
09-10 01:19:21.346   490  2348 E C01707/CONCUR: [Interface] task 2348 apply qos failed, errno = 4
09-10 01:19:21.346   490  2348 E C01611/QosManager: QosManager: Failed to set thread QoS to QOS_USER_INTERACTIVE, ret: -1
09-10 01:19:21.346   782  1040 W C01123/BMSCommon: bundle not exist -n com.huawei.hmsapp.totemweather -u 100 -i 0 -f 32
09-10 01:19:21.346   782  1040 W C01121/BMSQuery: GetBundleInfo failed -n com.huawei.hmsapp.totemweather -u 100
09-10 01:19:21.346   490  2348 E C01651/BundleMgrProxy: GetBundleInfoFromBMS: GetBundleInfo failed!bundleName is com.huawei.hmsapp.totemweather, userId is 100
09-10 01:19:21.346   490  2348 E C01651/DataProviderConfig: GetFromProxyData: Get bundleInfo failed! bundleName:com.huawei.hmsapp.totemweather, userId:100, visitedId:100, uri:******icIconInfo
09-10 01:19:21.346   490  2348 E C01651/DataShareServiceImpl: GetBMSAndMetaDataStatus: CalledInfo failed! token:0x2002a7c3,ret:1001,uri:******icIconInfo
09-10 01:19:21.346   490  2348 E C01651/DataShareServiceImpl: GetSilentProxyStatus: BMS or metaData not ready to complete, token:0x2002a7c3, uri:******icIconInfo
09-10 01:19:21.346  2458  2458 E A01c06/ICON: AppIconWeatherModel --> get weather info failed, code: 15700010, message: The DataShareHelper is not initialized successfully.
09-10 01:19:21.377 24635 24635 W C02c02/PARAM: Selinux check name persist.init.debug.loglevel in u:object_r:startup_init_param:s0 [24635 2000 2000] failed
09-10 01:19:21.377 24635 24635 W C02c02/PARAM: Selinux check name persist.init.debug.loglevel in u:object_r:startup_init_param:s0 [24635 2000 2000] failed
09-10 01:19:21.377 24635 24635 W C02c02/PARAM: SystemReadParam failed!name is:persist.init.debug.loglevel,err:1002
09-10 01:19:21.379 24637 24637 W C02c02/PARAM: Selinux check name persist.init.debug.loglevel in u:object_r:startup_init_param:s0 [24637 2000 2000] failed
09-10 01:19:21.379 24637 24637 W C02c02/PARAM: Selinux check name persist.init.debug.loglevel in u:object_r:startup_init_param:s0 [24637 2000 2000] failed
09-10 01:19:21.379 24637 24637 W C02c02/PARAM: SystemReadParam failed!name is:persist.init.debug.loglevel,err:1002
09-10 01:19:21.382 24638 24638 W C02c02/PARAM: Selinux check name persist.init.debug.loglevel in u:object_r:startup_init_param:s0 [24638 2000 2000] failed
09-10 01:19:21.382 24638 24638 W C02c02/PARAM: Selinux check name persist.init.debug.loglevel in u:object_r:startup_init_param:s0 [24638 2000 2000] failed
09-10 01:19:21.382 24638 24638 W C02c02/PARAM: SystemReadParam failed!name is:persist.init.debug.loglevel,err:1002
09-10 01:19:21.912   125   125 I C01800/SAMGR: NF SA:65962,832_12080
09-10 01:19:21.912   832   925 E C057c2/IPCObjectProxy: PrintErrorDetailedInfo: failed, handle:0 error:7 desc:*.accessToken proxy:2590388992 time:264767091918455
09-10 01:19:21.915 24640 24640 W C02c02/PARAM: Selinux check name persist.init.debug.loglevel in u:object_r:startup_init_param:s0 [24640 2000 2000] failed
09-10 01:19:21.915 24640 24640 W C02c02/PARAM: Selinux check name persist.init.debug.loglevel in u:object_r:startup_init_param:s0 [24640 2000 2000] failed
09-10 01:19:21.915 24640 24640 W C02c02/PARAM: SystemReadParam failed!name is:persist.init.debug.loglevel,err:1002
09-10 01:19:21.917 24640 24640 W C02c02/PARAM: Selinux check name persist.init.debug.loglevel in u:object_r:startup_init_param:s0 [24640 2000 2000] failed
09-10 01:19:21.917 24640 24640 W C02c02/PARAM: Selinux check name persist.init.debug.loglevel in u:object_r:startup_init_param:s0 [24640 2000 2000] failed
09-10 01:19:21.917 24640 24640 W C02c02/PARAM: SystemReadParam failed!name is:persist.init.debug.loglevel,err:1002
09-10 01:19:22.113   125   125 I C01800/SAMGR: NF SA:65962,832_12081
09-10 01:19:22.168 24643 24643 W C02c02/PARAM: Selinux check name persist.init.debug.loglevel in u:object_r:startup_init_param:s0 [24643 2000 2000] failed
09-10 01:19:22.168 24643 24643 W C02c02/PARAM: Selinux check name persist.init.debug.loglevel in u:object_r:startup_init_param:s0 [24643 2000 2000] failed
09-10 01:19:22.168 24643 24643 W C02c02/PARAM: SystemReadParam failed!name is:persist.init.debug.loglevel,err:1002
09-10 01:19:22.171 24646 24646 W C02c02/PARAM: Selinux check name persist.init.debug.loglevel in u:object_r:startup_init_param:s0 [24646 2000 2000] failed
09-10 01:19:22.171 24646 24646 W C02c02/PARAM: Selinux check name persist.init.debug.loglevel in u:object_r:startup_init_param:s0 [24646 2000 2000] failed
09-10 01:19:22.171 24646 24646 W C02c02/PARAM: SystemReadParam failed!name is:persist.init.debug.loglevel,err:1002
09-10 01:19:22.171 24647 24647 W C02c02/PARAM: Selinux check name persist.init.debug.loglevel in u:object_r:startup_init_param:s0 [24647 2000 2000] failed
09-10 01:19:22.171 24647 24647 W C02c02/PARAM: Selinux check name persist.init.debug.loglevel in u:object_r:startup_init_param:s0 [24647 2000 2000] failed
09-10 01:19:22.171 24647 24647 W C02c02/PARAM: SystemReadParam failed!name is:persist.init.debug.loglevel,err:1002
09-10 01:19:22.171 24645 24645 W C02c02/PARAM: Selinux check name persist.init.debug.loglevel in u:object_r:startup_init_param:s0 [24645 2000 2000] failed
09-10 01:19:22.171 24645 24645 W C02c02/PARAM: Selinux check name persist.init.debug.loglevel in u:object_r:startup_init_param:s0 [24645 2000 2000] failed
09-10 01:19:22.171 24645 24645 W C02c02/PARAM: SystemReadParam failed!name is:persist.init.debug.loglevel,err:1002
09-10 01:19:22.175 24648 24648 W C02c02/PARAM: Selinux check name persist.init.debug.loglevel in u:object_r:startup_init_param:s0 [24648 2000 2000] failed
09-10 01:19:22.175 24648 24648 W C02c02/PARAM: Selinux check name persist.init.debug.loglevel in u:object_r:startup_init_param:s0 [24648 2000 2000] failed
09-10 01:19:22.175 24648 24648 W C02c02/PARAM: SystemReadParam failed!name is:persist.init.debug.loglevel,err:1002
09-10 01:19:22.175 24649 24649 W C02c02/PARAM: Selinux check name persist.init.debug.loglevel in u:object_r:startup_init_param:s0 [24649 2000 2000] failed
09-10 01:19:22.176 24649 24649 W C02c02/PARAM: Selinux check name persist.init.debug.loglevel in u:object_r:startup_init_param:s0 [24649 2000 2000] failed
09-10 01:19:22.176 24649 24649 W C02c02/PARAM: SystemReadParam failed!name is:persist.init.debug.loglevel,err:1002
09-10 01:19:22.313   125   125 I C01800/SAMGR: NF SA:65962,832_12082
09-10 01:19:22.350  2458  2458 W A01c06/ICON: AppIconWeatherModel --> initWeatherListener, retryTimes: 4
09-10 01:19:22.351   490  2348 E C01707/CONCUR: [Interface] task 2348 apply qos failed, errno = 4
09-10 01:19:22.351   490  2348 E C01611/QosManager: QosManager: Failed to set thread QoS to QOS_USER_INTERACTIVE, ret: -1
09-10 01:19:22.352   782  1040 W C01123/BMSCommon: bundle not exist -n com.huawei.hmsapp.totemweather -u 100 -i 0 -f 32
09-10 01:19:22.352   782  1040 W C01121/BMSQuery: GetBundleInfo failed -n com.huawei.hmsapp.totemweather -u 100
09-10 01:19:22.352   490  2348 E C01651/BundleMgrProxy: GetBundleInfoFromBMS: GetBundleInfo failed!bundleName is com.huawei.hmsapp.totemweather, userId is 100
09-10 01:19:22.352   490  2348 E C01651/DataProviderConfig: GetFromProxyData: Get bundleInfo failed! bundleName:com.huawei.hmsapp.totemweather, userId:100, visitedId:100, uri:******icIconInfo
09-10 01:19:22.352   490  2348 E C01651/DataShareServiceImpl: GetBMSAndMetaDataStatus: CalledInfo failed! token:0x2002a7c3,ret:1001,uri:******icIconInfo
09-10 01:19:22.352   490  2348 E C01651/DataShareServiceImpl: GetSilentProxyStatus: BMS or metaData not ready to complete, token:0x2002a7c3, uri:******icIconInfo
09-10 01:19:22.352  2458  2458 E A01c06/ICON: AppIconWeatherModel --> get weather info failed, code: 15700010, message: The DataShareHelper is not initialized successfully.
09-10 01:19:22.378 24651 24651 W C02c02/PARAM: Selinux check name persist.init.debug.loglevel in u:object_r:startup_init_param:s0 [24651 2000 2000] failed
09-10 01:19:22.378 24651 24651 W C02c02/PARAM: Selinux check name persist.init.debug.loglevel in u:object_r:startup_init_param:s0 [24651 2000 2000] failed
09-10 01:19:22.378 24651 24651 W C02c02/PARAM: SystemReadParam failed!name is:persist.init.debug.loglevel,err:1002
09-10 01:19:22.380 24653 24653 W C02c02/PARAM: Selinux check name persist.init.debug.loglevel in u:object_r:startup_init_param:s0 [24653 2000 2000] failed
09-10 01:19:22.381 24653 24653 W C02c02/PARAM: Selinux check name persist.init.debug.loglevel in u:object_r:startup_init_param:s0 [24653 2000 2000] failed
09-10 01:19:22.381 24653 24653 W C02c02/PARAM: SystemReadParam failed!name is:persist.init.debug.loglevel,err:1002
09-10 01:19:22.383 24654 24654 W C02c02/PARAM: Selinux check name persist.init.debug.loglevel in u:object_r:startup_init_param:s0 [24654 2000 2000] failed
09-10 01:19:22.383 24654 24654 W C02c02/PARAM: Selinux check name persist.init.debug.loglevel in u:object_r:startup_init_param:s0 [24654 2000 2000] failed
09-10 01:19:22.383 24654 24654 W C02c02/PARAM: SystemReadParam failed!name is:persist.init.debug.loglevel,err:1002
09-10 01:19:22.514   125   125 I C01800/SAMGR: NF SA:65962,832_12083
09-10 01:19:22.715   125   125 I C01800/SAMGR: NF SA:65962,832_12084
09-10 01:19:22.800  1292 24095 I C02300/FenceExtension: start connectAbility,userId:-1
09-10 01:19:22.800  1292 24095 I C02300/FenceExtension: ConnectAbility
09-10 01:19:22.800  1292 24095 I C01342/ServiceExt: [AMC590]name:com.huawei.hmos.location SAFeatureServiceExtensionAbility, userId:-1
09-10 01:19:22.800   782  1040 I C01342/ServiceExt: [a92abf951ac35ee, 1eae8c4, 0] [ABMS5452]element: com.huawei.hmos.location/SAFeatureServiceExtensionAbility
09-10 01:19:22.800   782  1040 W C01123/BMSCommon: [a92abf951ac35ee, 1eae8c4, 0] uid(1021) invalid
09-10 01:19:22.800   782  1040 I C01336/AMS: [a92abf951ac35ee, 1eae8c4, 0] [start_ability_utils.cpp54]appIndex:-1
09-10 01:19:22.800   782  1040 I C01121/BMSQuery: [a92abf951ac35ee, 1eae8c4, 0] ExplicitQueryAbility no match -n com.huawei.hmos.location -a SAFeatureServiceExtensionAbility -u 100 -i 0
09-10 01:19:22.800   782  1040 W C01121/BMSQuery: [a92abf951ac35ee, 1eae8c4, 0] bundle_data_mgr.cpp:ExplicitQueryExtensionInfo:7082 extensionAbility not found or disabled
09-10 01:19:22.800   782  1040 I C01121/BMSQuery: [a92abf951ac35ee, 1eae8c4, 0] ExplicitQueryExtension size:0 -n com.huawei.hmos.location -e SAFeatureServiceExtensionAbility -u 100 -i 0
09-10 01:19:22.800   782  1040 W C01121/BMSQuery: [a92abf951ac35ee, 1eae8c4, 0] bundle_mgr_host_impl.cpp:QueryExtensionAbilityInfos:3360 no valid extension info can be inquired
09-10 01:19:22.800   782  1040 E C01336/AMS: [a92abf951ac35ee, 1eae8c4, 0] [start_ability_utils.cpp290]extensionInfo empty
09-10 01:19:22.800   782  1040 E C01342/ServiceExt: [a92abf951ac35ee, 1eae8c4, 0] [ABMS5755]generate request error
09-10 01:19:22.800  1292 24095 E C02300/FenceExtension: [(DoConnect:153)]CONNECT_ABILITY_FAILED,ret:2097152
09-10 01:19:22.800  1292 24095 I C02300/FenceExtension: start connectAbility,userId:-1
09-10 01:19:22.800  1292 24095 I C02300/FenceExtension: ConnectAbility
09-10 01:19:22.800  1292 24095 I C01342/ServiceExt: [AMC590]name:com.huawei.hmos.location SAFeatureServiceExtensionAbility, userId:-1
09-10 01:19:22.800   782  1040 I C01342/ServiceExt: [a92ab0951ac3863, 27dbd14, 0] [ABMS5452]element: com.huawei.hmos.location/SAFeatureServiceExtensionAbility
09-10 01:19:22.801   782  1040 W C01123/BMSCommon: [a92ab0951ac3863, 27dbd14, 0] uid(1021) invalid
09-10 01:19:22.801   782  1040 I C01336/AMS: [a92ab0951ac3863, 27dbd14, 0] [start_ability_utils.cpp54]appIndex:-1
09-10 01:19:22.801   782  1040 I C01121/BMSQuery: [a92ab0951ac3863, 27dbd14, 0] ExplicitQueryAbility no match -n com.huawei.hmos.location -a SAFeatureServiceExtensionAbility -u 100 -i 0
09-10 01:19:22.801   782  1040 W C01121/BMSQuery: [a92ab0951ac3863, 27dbd14, 0] bundle_data_mgr.cpp:ExplicitQueryExtensionInfo:7082 extensionAbility not found or disabled
09-10 01:19:22.801   782  1040 I C01121/BMSQuery: [a92ab0951ac3863, 27dbd14, 0] ExplicitQueryExtension size:0 -n com.huawei.hmos.location -e SAFeatureServiceExtensionAbility -u 100 -i 0
09-10 01:19:22.801   782  1040 W C01121/BMSQuery: [a92ab0951ac3863, 27dbd14, 0] bundle_mgr_host_impl.cpp:QueryExtensionAbilityInfos:3360 no valid extension info can be inquired
09-10 01:19:22.801   782  1040 E C01336/AMS: [a92ab0951ac3863, 27dbd14, 0] [start_ability_utils.cpp290]extensionInfo empty
09-10 01:19:22.801   782  1040 E C01342/ServiceExt: [a92ab0951ac3863, 27dbd14, 0] [ABMS5755]generate request error
09-10 01:19:22.801  1292 24095 E C02300/FenceExtension: [(DoConnect:153)]CONNECT_ABILITY_FAILED,ret:2097152
09-10 01:19:22.801  1292 24095 W C02300/FenceExtension: connect failed,retry again
09-10 01:19:22.916   125   125 I C01800/SAMGR: NF SA:65962,832_12085
09-10 01:19:22.918 24657 24657 W C02c02/PARAM: Selinux check name persist.init.debug.loglevel in u:object_r:startup_init_param:s0 [24657 2000 2000] failed
09-10 01:19:22.918 24657 24657 W C02c02/PARAM: Selinux check name persist.init.debug.loglevel in u:object_r:startup_init_param:s0 [24657 2000 2000] failed
09-10 01:19:22.918 24657 24657 W C02c02/PARAM: SystemReadParam failed!name is:persist.init.debug.loglevel,err:1002
09-10 01:19:22.921 24657 24657 W C02c02/PARAM: Selinux check name persist.init.debug.loglevel in u:object_r:startup_init_param:s0 [24657 2000 2000] failed
09-10 01:19:22.921 24657 24657 W C02c02/PARAM: Selinux check name persist.init.debug.loglevel in u:object_r:startup_init_param:s0 [24657 2000 2000] failed
09-10 01:19:22.921 24657 24657 W C02c02/PARAM: SystemReadParam failed!name is:persist.init.debug.loglevel,err:1002
09-10 01:19:23.116   125   125 I C01800/SAMGR: NF SA:65962,832_12086
09-10 01:19:23.116   832   925 E C01810/SA_CLIENT: GetSaWrap SA:65962 not start
09-10 01:19:23.116   832   925 I C01409/APS_MANAGER: request system service object is not ready yet!
09-10 01:19:23.169 24660 24660 W C02c02/PARAM: Selinux check name persist.init.debug.loglevel in u:object_r:startup_init_param:s0 [24660 2000 2000] failed
09-10 01:19:23.169 24660 24660 W C02c02/PARAM: Selinux check name persist.init.debug.loglevel in u:object_r:startup_init_param:s0 [24660 2000 2000] failed
09-10 01:19:23.169 24660 24660 W C02c02/PARAM: SystemReadParam failed!name is:persist.init.debug.loglevel,err:1002
09-10 01:19:23.172 24663 24663 W C02c02/PARAM: Selinux check name persist.init.debug.loglevel in u:object_r:startup_init_param:s0 [24663 2000 2000] failed
09-10 01:19:23.172 24663 24663 W C02c02/PARAM: Selinux check name persist.init.debug.loglevel in u:object_r:startup_init_param:s0 [24663 2000 2000] failed
09-10 01:19:23.172 24663 24663 W C02c02/PARAM: SystemReadParam failed!name is:persist.init.debug.loglevel,err:1002
09-10 01:19:23.172 24664 24664 W C02c02/PARAM: Selinux check name persist.init.debug.loglevel in u:object_r:startup_init_param:s0 [24664 2000 2000] failed
09-10 01:19:23.172 24664 24664 W C02c02/PARAM: Selinux check name persist.init.debug.loglevel in u:object_r:startup_init_param:s0 [24664 2000 2000] failed
09-10 01:19:23.172 24664 24664 W C02c02/PARAM: SystemReadParam failed!name is:persist.init.debug.loglevel,err:1002
09-10 01:19:23.172 24662 24662 W C02c02/PARAM: Selinux check name persist.init.debug.loglevel in u:object_r:startup_init_param:s0 [24662 2000 2000] failed
09-10 01:19:23.172 24662 24662 W C02c02/PARAM: Selinux check name persist.init.debug.loglevel in u:object_r:startup_init_param:s0 [24662 2000 2000] failed
09-10 01:19:23.172 24662 24662 W C02c02/PARAM: SystemReadParam failed!name is:persist.init.debug.loglevel,err:1002
09-10 01:19:23.176 24665 24665 W C02c02/PARAM: Selinux check name persist.init.debug.loglevel in u:object_r:startup_init_param:s0 [24665 2000 2000] failed
09-10 01:19:23.176 24665 24665 W C02c02/PARAM: Selinux check name persist.init.debug.loglevel in u:object_r:startup_init_param:s0 [24665 2000 2000] failed
09-10 01:19:23.176 24665 24665 W C02c02/PARAM: SystemReadParam failed!name is:persist.init.debug.loglevel,err:1002
09-10 01:19:23.176 24666 24666 W C02c02/PARAM: Selinux check name persist.init.debug.loglevel in u:object_r:startup_init_param:s0 [24666 2000 2000] failed
09-10 01:19:23.176 24666 24666 W C02c02/PARAM: Selinux check name persist.init.debug.loglevel in u:object_r:startup_init_param:s0 [24666 2000 2000] failed
09-10 01:19:23.176 24666 24666 W C02c02/PARAM: SystemReadParam failed!name is:persist.init.debug.loglevel,err:1002
09-10 01:19:23.353  2458  2458 W A01c06/ICON: AppIconWeatherModel --> initWeatherListener, retryTimes: 4
09-10 01:19:23.355   490  2348 E C01707/CONCUR: [Interface] task 2348 apply qos failed, errno = 4
09-10 01:19:23.355   490  2348 E C01611/QosManager: QosManager: Failed to set thread QoS to QOS_USER_INTERACTIVE, ret: -1
09-10 01:19:23.355   782  1040 W C01123/BMSCommon: bundle not exist -n com.huawei.hmsapp.totemweather -u 100 -i 0 -f 32
09-10 01:19:23.355   782  1040 W C01121/BMSQuery: GetBundleInfo failed -n com.huawei.hmsapp.totemweather -u 100
09-10 01:19:23.355   490  2348 E C01651/BundleMgrProxy: GetBundleInfoFromBMS: GetBundleInfo failed!bundleName is com.huawei.hmsapp.totemweather, userId is 100
09-10 01:19:23.355   490  2348 E C01651/DataProviderConfig: GetFromProxyData: Get bundleInfo failed! bundleName:com.huawei.hmsapp.totemweather, userId:100, visitedId:100, uri:******icIconInfo
09-10 01:19:23.355   490  2348 E C01651/DataShareServiceImpl: GetBMSAndMetaDataStatus: CalledInfo failed! token:0x2002a7c3,ret:1001,uri:******icIconInfo
09-10 01:19:23.355   490  2348 E C01651/DataShareServiceImpl: GetSilentProxyStatus: BMS or metaData not ready to complete, token:0x2002a7c3, uri:******icIconInfo
09-10 01:19:23.355  2458  2458 E A01c06/ICON: AppIconWeatherModel --> get weather info failed, code: 15700010, message: The DataShareHelper is not initialized successfully.
09-10 01:19:23.379 24668 24668 W C02c02/PARAM: Selinux check name persist.init.debug.loglevel in u:object_r:startup_init_param:s0 [24668 2000 2000] failed
09-10 01:19:23.379 24668 24668 W C02c02/PARAM: Selinux check name persist.init.debug.loglevel in u:object_r:startup_init_param:s0 [24668 2000 2000] failed
09-10 01:19:23.379 24668 24668 W C02c02/PARAM: SystemReadParam failed!name is:persist.init.debug.loglevel,err:1002
09-10 01:19:23.382 24670 24670 W C02c02/PARAM: Selinux check name persist.init.debug.loglevel in u:object_r:startup_init_param:s0 [24670 2000 2000] failed
09-10 01:19:23.382 24670 24670 W C02c02/PARAM: Selinux check name persist.init.debug.loglevel in u:object_r:startup_init_param:s0 [24670 2000 2000] failed
09-10 01:19:23.382 24670 24670 W C02c02/PARAM: SystemReadParam failed!name is:persist.init.debug.loglevel,err:1002
09-10 01:19:23.385 24671 24671 W C02c02/PARAM: Selinux check name persist.init.debug.loglevel in u:object_r:startup_init_param:s0 [24671 2000 2000] failed
09-10 01:19:23.385 24671 24671 W C02c02/PARAM: Selinux check name persist.init.debug.loglevel in u:object_r:startup_init_param:s0 [24671 2000 2000] failed
09-10 01:19:23.385 24671 24671 W C02c02/PARAM: SystemReadParam failed!name is:persist.init.debug.loglevel,err:1002
09-10 01:19:23.417   474  6595 E C02d66/XPerf: [InquiryOhImpl::ExtractStringValue] Canonical FilePath: /sys/class/ithermal/lpm/lpm_freq failed.
09-10 01:19:23.417   474  6595 E C02d66/XPerf: [InquiryOhImpl::ExtractStringValue] Canonical FilePath: /sys/class/power_supply/Battery/status failed.
09-10 01:19:23.824  3290  3290 I C02500/Qemud: Guest heartbeat success.
09-10 01:19:23.916 24674 24674 W C02c02/PARAM: Selinux check name persist.init.debug.loglevel in u:object_r:startup_init_param:s0 [24674 2000 2000] failed
09-10 01:19:23.916 24674 24674 W C02c02/PARAM: Selinux check name persist.init.debug.loglevel in u:object_r:startup_init_param:s0 [24674 2000 2000] failed
09-10 01:19:23.916 24674 24674 W C02c02/PARAM: SystemReadParam failed!name is:persist.init.debug.loglevel,err:1002
09-10 01:19:23.919 24674 24674 W C02c02/PARAM: Selinux check name persist.init.debug.loglevel in u:object_r:startup_init_param:s0 [24674 2000 2000] failed
09-10 01:19:23.919 24674 24674 W C02c02/PARAM: Selinux check name persist.init.debug.loglevel in u:object_r:startup_init_param:s0 [24674 2000 2000] failed
09-10 01:19:23.919 24674 24674 W C02c02/PARAM: SystemReadParam failed!name is:persist.init.debug.loglevel,err:1002
09-10 01:19:24.166 24677 24677 W C02c02/PARAM: Selinux check name persist.init.debug.loglevel in u:object_r:startup_init_param:s0 [24677 2000 2000] failed
09-10 01:19:24.166 24677 24677 W C02c02/PARAM: Selinux check name persist.init.debug.loglevel in u:object_r:startup_init_param:s0 [24677 2000 2000] failed
09-10 01:19:24.166 24677 24677 W C02c02/PARAM: SystemReadParam failed!name is:persist.init.debug.loglevel,err:1002
09-10 01:19:24.169 24680 24680 W C02c02/PARAM: Selinux check name persist.init.debug.loglevel in u:object_r:startup_init_param:s0 [24680 2000 2000] failed
09-10 01:19:24.169 24680 24680 W C02c02/PARAM: Selinux check name persist.init.debug.loglevel in u:object_r:startup_init_param:s0 [24680 2000 2000] failed
09-10 01:19:24.169 24681 24681 W C02c02/PARAM: Selinux check name persist.init.debug.loglevel in u:object_r:startup_init_param:s0 [24681 2000 2000] failed
09-10 01:19:24.169 24681 24681 W C02c02/PARAM: Selinux check name persist.init.debug.loglevel in u:object_r:startup_init_param:s0 [24681 2000 2000] failed
09-10 01:19:24.169 24681 24681 W C02c02/PARAM: SystemReadParam failed!name is:persist.init.debug.loglevel,err:1002
09-10 01:19:24.169 24680 24680 W C02c02/PARAM: SystemReadParam failed!name is:persist.init.debug.loglevel,err:1002
09-10 01:19:24.169 24679 24679 W C02c02/PARAM: Selinux check name persist.init.debug.loglevel in u:object_r:startup_init_param:s0 [24679 2000 2000] failed
09-10 01:19:24.169 24679 24679 W C02c02/PARAM: Selinux check name persist.init.debug.loglevel in u:object_r:startup_init_param:s0 [24679 2000 2000] failed
09-10 01:19:24.169 24679 24679 W C02c02/PARAM: SystemReadParam failed!name is:persist.init.debug.loglevel,err:1002
09-10 01:19:24.174 24682 24682 W C02c02/PARAM: Selinux check name persist.init.debug.loglevel in u:object_r:startup_init_param:s0 [24682 2000 2000] failed
09-10 01:19:24.174 24682 24682 W C02c02/PARAM: Selinux check name persist.init.debug.loglevel in u:object_r:startup_init_param:s0 [24682 2000 2000] failed
09-10 01:19:24.174 24682 24682 W C02c02/PARAM: SystemReadParam failed!name is:persist.init.debug.loglevel,err:1002
09-10 01:19:24.174 24683 24683 W C02c02/PARAM: Selinux check name persist.init.debug.loglevel in u:object_r:startup_init_param:s0 [24683 2000 2000] failed
09-10 01:19:24.174 24683 24683 W C02c02/PARAM: Selinux check name persist.init.debug.loglevel in u:object_r:startup_init_param:s0 [24683 2000 2000] failed
09-10 01:19:24.174 24683 24683 W C02c02/PARAM: SystemReadParam failed!name is:persist.init.debug.loglevel,err:1002
09-10 01:19:24.359  2458  2458 W A01c06/ICON: AppIconWeatherModel --> initWeatherListener, retryTimes: 4
09-10 01:19:24.363   490  2348 E C01707/CONCUR: [Interface] task 2348 apply qos failed, errno = 4
09-10 01:19:24.363   490  2348 E C01611/QosManager: QosManager: Failed to set thread QoS to QOS_USER_INTERACTIVE, ret: -1
09-10 01:19:24.363   782  1040 W C01123/BMSCommon: bundle not exist -n com.huawei.hmsapp.totemweather -u 100 -i 0 -f 32
09-10 01:19:24.363   782  1040 W C01121/BMSQuery: GetBundleInfo failed -n com.huawei.hmsapp.totemweather -u 100
09-10 01:19:24.363   490  2348 E C01651/BundleMgrProxy: GetBundleInfoFromBMS: GetBundleInfo failed!bundleName is com.huawei.hmsapp.totemweather, userId is 100
09-10 01:19:24.363   490  2348 E C01651/DataProviderConfig: GetFromProxyData: Get bundleInfo failed! bundleName:com.huawei.hmsapp.totemweather, userId:100, visitedId:100, uri:******icIconInfo
09-10 01:19:24.363   490  2348 E C01651/DataShareServiceImpl: GetBMSAndMetaDataStatus: CalledInfo failed! token:0x2002a7c3,ret:1001,uri:******icIconInfo
09-10 01:19:24.363   490  2348 E C01651/DataShareServiceImpl: GetSilentProxyStatus: BMS or metaData not ready to complete, token:0x2002a7c3, uri:******icIconInfo
09-10 01:19:24.363  2458  2458 E A01c06/ICON: AppIconWeatherModel --> get weather info failed, code: 15700010, message: The DataShareHelper is not initialized successfully.
09-10 01:19:24.375 24685 24685 W C02c02/PARAM: Selinux check name persist.init.debug.loglevel in u:object_r:startup_init_param:s0 [24685 2000 2000] failed
09-10 01:19:24.375 24685 24685 W C02c02/PARAM: Selinux check name persist.init.debug.loglevel in u:object_r:startup_init_param:s0 [24685 2000 2000] failed
09-10 01:19:24.375 24685 24685 W C02c02/PARAM: SystemReadParam failed!name is:persist.init.debug.loglevel,err:1002
09-10 01:19:24.377 24687 24687 W C02c02/PARAM: Selinux check name persist.init.debug.loglevel in u:object_r:startup_init_param:s0 [24687 2000 2000] failed
09-10 01:19:24.378 24687 24687 W C02c02/PARAM: Selinux check name persist.init.debug.loglevel in u:object_r:startup_init_param:s0 [24687 2000 2000] failed
09-10 01:19:24.378 24687 24687 W C02c02/PARAM: SystemReadParam failed!name is:persist.init.debug.loglevel,err:1002
09-10 01:19:24.380 24688 24688 W C02c02/PARAM: Selinux check name persist.init.debug.loglevel in u:object_r:startup_init_param:s0 [24688 2000 2000] failed
09-10 01:19:24.380 24688 24688 W C02c02/PARAM: Selinux check name persist.init.debug.loglevel in u:object_r:startup_init_param:s0 [24688 2000 2000] failed
09-10 01:19:24.380 24688 24688 W C02c02/PARAM: SystemReadParam failed!name is:persist.init.debug.loglevel,err:1002
09-10 01:19:24.610   592   812 W C02943/ThermalHdi: Read node failed, title = brightness
09-10 01:19:24.610   592   812 W C02943/ThermalHdi: Read node failed, title = 
09-10 01:19:24.610   592   812 W C02943/ThermalHdi: Read node failed, title = 
09-10 01:19:24.610   592   812 W C02943/ThermalHdi: Read node failed, title = 
09-10 01:19:24.610   592   812 W C02943/ThermalHdi: Read node failed, title = 
09-10 01:19:24.610   592   812 W C02943/ThermalHdi: Read node failed, title = 
09-10 01:19:24.610   592   812 W C02943/ThermalHdi: Read node failed, title = 
09-10 01:19:24.610   592   812 W C02943/ThermalHdi: Read node failed, title = 
09-10 01:19:24.610   592   812 W C02943/ThermalHdi: Read node failed, title = 
09-10 01:19:24.610   592   812 W C02943/ThermalHdi: Read node failed, title = 
09-10 01:19:24.610   592   812 W C02943/ThermalHdi: Read node failed, title = 
09-10 01:19:24.610   592   812 W C02943/ThermalHdi: Read node failed, title = 
09-10 01:19:24.610   592   812 W C02943/ThermalHdi: Read node failed, title = 
09-10 01:19:24.610   592   812 W C02943/ThermalHdi: Read node failed, title = 
09-10 01:19:24.610   592   812 W C02943/ThermalHdi: Read node failed, title = 
09-10 01:19:24.610   592   812 W C02943/ThermalHdi: Read node failed, title = 
09-10 01:19:24.610   592   812 W C02943/ThermalHdi: Read node failed, title = 
09-10 01:19:24.610   592   812 W C02943/ThermalHdi: Read node failed, title = 
09-10 01:19:24.610   592   812 W C02943/ThermalHdi: Read node failed, title = 
09-10 01:19:24.610   592   812 W C02943/ThermalHdi: Read node failed, title = 
09-10 01:19:24.610   592   812 W C02943/ThermalHdi: Read node failed, title = 
09-10 01:19:24.610   592   812 W C02943/ThermalHdi: Read node failed, title = 
09-10 01:19:24.610   592   812 W C02943/ThermalHdi: Read node failed, title = 
09-10 01:19:24.610   592   812 W C02943/ThermalHdi: Read node failed, title = 
09-10 01:19:24.610   592   812 W C02943/ThermalHdi: Read node failed, title = 
09-10 01:19:24.610   592   812 W C02943/ThermalHdi: Read node failed, title = ambient
09-10 01:19:24.610   592   812 W C02943/ThermalHdi: Read node failed, title = ibat
09-10 01:19:24.611   592   812 W C02943/ThermalHdi: Read node failed, title = vbat
09-10 01:19:24.611   592   812 W C02943/ThermalHdi: Read node failed, title = cpu0_min_freq
09-10 01:19:24.611   592   812 W C02943/ThermalHdi: Read node failed, title = cpu0_cur_freq
09-10 01:19:24.611   592   812 W C02943/ThermalHdi: Read node failed, title = cpu0_max_freq
09-10 01:19:24.611   592   812 W C02943/ThermalHdi: Read node failed, title = cpu4_min_freq
09-10 01:19:24.611   592   812 W C02943/ThermalHdi: Read node failed, title = cpu4_cur_freq
09-10 01:19:24.611   592   812 W C02943/ThermalHdi: Read node failed, title = cpu4_max_freq
09-10 01:19:24.611   592   812 W C02943/ThermalHdi: Read node failed, title = cpu7_min_freq
09-10 01:19:24.611   592   812 W C02943/ThermalHdi: Read node failed, title = cpu7_cur_freq
09-10 01:19:24.611   592   812 W C02943/ThermalHdi: Read node failed, title = cpu7_max_freq
09-10 01:19:24.611   592   812 W C02943/ThermalHdi: Read node failed, title = gpu_min_freq
09-10 01:19:24.611   592   812 W C02943/ThermalHdi: Read node failed, title = gpu_cur_freq
09-10 01:19:24.611   592   812 W C02943/ThermalHdi: Read node failed, title = gpu_max_freq
09-10 01:19:24.611   592   812 W C02943/ThermalHdi: Read node failed, title = ddr_cur_freq
09-10 01:19:24.611   592   812 W C02943/ThermalHdi: Read node failed, title = set_IPApower
09-10 01:19:24.611   592   812 W C02943/ThermalHdi: Read node failed, title = cur_IPApower
09-10 01:19:24.611   592   812 W C02943/ThermalHdi: get node failed
09-10 01:19:24.611   592   812 W C02943/ThermalHdi: get node failed
09-10 01:19:24.611   592   812 W C02943/ThermalHdi: get node failed
09-10 01:19:24.917 24690 24690 W C02c02/PARAM: Selinux check name persist.init.debug.loglevel in u:object_r:startup_init_param:s0 [24690 2000 2000] failed
09-10 01:19:24.917 24690 24690 W C02c02/PARAM: Selinux check name persist.init.debug.loglevel in u:object_r:startup_init_param:s0 [24690 2000 2000] failed
09-10 01:19:24.917 24690 24690 W C02c02/PARAM: SystemReadParam failed!name is:persist.init.debug.loglevel,err:1002
09-10 01:19:24.920 24690 24690 W C02c02/PARAM: Selinux check name persist.init.debug.loglevel in u:object_r:startup_init_param:s0 [24690 2000 2000] failed
09-10 01:19:24.920 24690 24690 W C02c02/PARAM: Selinux check name persist.init.debug.loglevel in u:object_r:startup_init_param:s0 [24690 2000 2000] failed
09-10 01:19:24.920 24690 24690 W C02c02/PARAM: SystemReadParam failed!name is:persist.init.debug.loglevel,err:1002
09-10 01:19:25.118   125   125 I C01800/SAMGR: NF SA:65962,832_12087
09-10 01:19:25.167 24693 24693 W C02c02/PARAM: Selinux check name persist.init.debug.loglevel in u:object_r:startup_init_param:s0 [24693 2000 2000] failed
09-10 01:19:25.167 24693 24693 W C02c02/PARAM: Selinux check name persist.init.debug.loglevel in u:object_r:startup_init_param:s0 [24693 2000 2000] failed
09-10 01:19:25.167 24693 24693 W C02c02/PARAM: SystemReadParam failed!name is:persist.init.debug.loglevel,err:1002
09-10 01:19:25.170 24696 24696 W C02c02/PARAM: Selinux check name persist.init.debug.loglevel in u:object_r:startup_init_param:s0 [24696 2000 2000] failed
09-10 01:19:25.170 24696 24696 W C02c02/PARAM: Selinux check name persist.init.debug.loglevel in u:object_r:startup_init_param:s0 [24696 2000 2000] failed
09-10 01:19:25.170 24696 24696 W C02c02/PARAM: SystemReadParam failed!name is:persist.init.debug.loglevel,err:1002
09-10 01:19:25.170 24697 24697 W C02c02/PARAM: Selinux check name persist.init.debug.loglevel in u:object_r:startup_init_param:s0 [24697 2000 2000] failed
09-10 01:19:25.170 24697 24697 W C02c02/PARAM: Selinux check name persist.init.debug.loglevel in u:object_r:startup_init_param:s0 [24697 2000 2000] failed
09-10 01:19:25.170 24697 24697 W C02c02/PARAM: SystemReadParam failed!name is:persist.init.debug.loglevel,err:1002
09-10 01:19:25.170 24695 24695 W C02c02/PARAM: Selinux check name persist.init.debug.loglevel in u:object_r:startup_init_param:s0 [24695 2000 2000] failed
09-10 01:19:25.170 24695 24695 W C02c02/PARAM: Selinux check name persist.init.debug.loglevel in u:object_r:startup_init_param:s0 [24695 2000 2000] failed
09-10 01:19:25.170 24695 24695 W C02c02/PARAM: SystemReadParam failed!name is:persist.init.debug.loglevel,err:1002
09-10 01:19:25.175 24698 24698 W C02c02/PARAM: Selinux check name persist.init.debug.loglevel in u:object_r:startup_init_param:s0 [24698 2000 2000] failed
09-10 01:19:25.175 24698 24698 W C02c02/PARAM: Selinux check name persist.init.debug.loglevel in u:object_r:startup_init_param:s0 [24698 2000 2000] failed
09-10 01:19:25.175 24698 24698 W C02c02/PARAM: SystemReadParam failed!name is:persist.init.debug.loglevel,err:1002
09-10 01:19:25.175 24699 24699 W C02c02/PARAM: Selinux check name persist.init.debug.loglevel in u:object_r:startup_init_param:s0 [24699 2000 2000] failed
09-10 01:19:25.175 24699 24699 W C02c02/PARAM: Selinux check name persist.init.debug.loglevel in u:object_r:startup_init_param:s0 [24699 2000 2000] failed
09-10 01:19:25.175 24699 24699 W C02c02/PARAM: SystemReadParam failed!name is:persist.init.debug.loglevel,err:1002
09-10 01:19:25.322   125   125 I C01800/SAMGR: NF SA:65962,832_12088
09-10 01:19:25.365  2458  2458 W A01c06/ICON: AppIconWeatherModel --> initWeatherListener, retryTimes: 4
09-10 01:19:25.366   490  2348 E C01707/CONCUR: [Interface] task 2348 apply qos failed, errno = 4
09-10 01:19:25.367   490  2348 E C01611/QosManager: QosManager: Failed to set thread QoS to QOS_USER_INTERACTIVE, ret: -1
09-10 01:19:25.367   782  1040 W C01123/BMSCommon: bundle not exist -n com.huawei.hmsapp.totemweather -u 100 -i 0 -f 32
09-10 01:19:25.367   782  1040 W C01121/BMSQuery: GetBundleInfo failed -n com.huawei.hmsapp.totemweather -u 100
09-10 01:19:25.367   490  2348 E C01651/BundleMgrProxy: GetBundleInfoFromBMS: GetBundleInfo failed!bundleName is com.huawei.hmsapp.totemweather, userId is 100
09-10 01:19:25.367   490  2348 E C01651/DataProviderConfig: GetFromProxyData: Get bundleInfo failed! bundleName:com.huawei.hmsapp.totemweather, userId:100, visitedId:100, uri:******icIconInfo
09-10 01:19:25.367   490  2348 E C01651/DataShareServiceImpl: GetBMSAndMetaDataStatus: CalledInfo failed! token:0x2002a7c3,ret:1001,uri:******icIconInfo
09-10 01:19:25.367   490  2348 E C01651/DataShareServiceImpl: GetSilentProxyStatus: BMS or metaData not ready to complete, token:0x2002a7c3, uri:******icIconInfo
09-10 01:19:25.367  2458  2458 E A01c06/ICON: AppIconWeatherModel --> get weather info failed, code: 15700010, message: The DataShareHelper is not initialized successfully.
09-10 01:19:25.376 24701 24701 W C02c02/PARAM: Selinux check name persist.init.debug.loglevel in u:object_r:startup_init_param:s0 [24701 2000 2000] failed
09-10 01:19:25.376 24701 24701 W C02c02/PARAM: Selinux check name persist.init.debug.loglevel in u:object_r:startup_init_param:s0 [24701 2000 2000] failed
09-10 01:19:25.376 24701 24701 W C02c02/PARAM: SystemReadParam failed!name is:persist.init.debug.loglevel,err:1002
09-10 01:19:25.379 24703 24703 W C02c02/PARAM: Selinux check name persist.init.debug.loglevel in u:object_r:startup_init_param:s0 [24703 2000 2000] failed
09-10 01:19:25.379 24703 24703 W C02c02/PARAM: Selinux check name persist.init.debug.loglevel in u:object_r:startup_init_param:s0 [24703 2000 2000] failed
09-10 01:19:25.379 24703 24703 W C02c02/PARAM: SystemReadParam failed!name is:persist.init.debug.loglevel,err:1002
09-10 01:19:25.381 24704 24704 W C02c02/PARAM: Selinux check name persist.init.debug.loglevel in u:object_r:startup_init_param:s0 [24704 2000 2000] failed
09-10 01:19:25.381 24704 24704 W C02c02/PARAM: Selinux check name persist.init.debug.loglevel in u:object_r:startup_init_param:s0 [24704 2000 2000] failed
09-10 01:19:25.381 24704 24704 W C02c02/PARAM: SystemReadParam failed!name is:persist.init.debug.loglevel,err:1002
09-10 01:19:25.525   125   125 I C01800/SAMGR: NF SA:65962,832_12089
09-10 01:19:25.546  1796  1796 E C02c11/APPSPAWN: [appspawn_kickdog.c:29]open /sys/kernel/hungtask/userlist fail,errno:2
09-10 01:19:25.725   125   125 I C01800/SAMGR: NF SA:65962,832_12090
09-10 01:19:25.917 24706 24706 W C02c02/PARAM: Selinux check name persist.init.debug.loglevel in u:object_r:startup_init_param:s0 [24706 2000 2000] failed
09-10 01:19:25.917 24706 24706 W C02c02/PARAM: Selinux check name persist.init.debug.loglevel in u:object_r:startup_init_param:s0 [24706 2000 2000] failed
09-10 01:19:25.917 24706 24706 W C02c02/PARAM: SystemReadParam failed!name is:persist.init.debug.loglevel,err:1002
09-10 01:19:25.919 24706 24706 W C02c02/PARAM: Selinux check name persist.init.debug.loglevel in u:object_r:startup_init_param:s0 [24706 2000 2000] failed
09-10 01:19:25.919 24706 24706 W C02c02/PARAM: Selinux check name persist.init.debug.loglevel in u:object_r:startup_init_param:s0 [24706 2000 2000] failed
09-10 01:19:25.919 24706 24706 W C02c02/PARAM: SystemReadParam failed!name is:persist.init.debug.loglevel,err:1002
09-10 01:19:25.926   125   125 I C01800/SAMGR: NF SA:65962,832_12091
09-10 01:19:26.131   125   125 I C01800/SAMGR: NF SA:65962,832_12092
09-10 01:19:26.166 24709 24709 W C02c02/PARAM: Selinux check name persist.init.debug.loglevel in u:object_r:startup_init_param:s0 [24709 2000 2000] failed
09-10 01:19:26.166 24709 24709 W C02c02/PARAM: Selinux check name persist.init.debug.loglevel in u:object_r:startup_init_param:s0 [24709 2000 2000] failed
09-10 01:19:26.166 24709 24709 W C02c02/PARAM: SystemReadParam failed!name is:persist.init.debug.loglevel,err:1002
09-10 01:19:26.168 24712 24712 W C02c02/PARAM: Selinux check name persist.init.debug.loglevel in u:object_r:startup_init_param:s0 [24712 2000 2000] failed
09-10 01:19:26.168 24712 24712 W C02c02/PARAM: Selinux check name persist.init.debug.loglevel in u:object_r:startup_init_param:s0 [24712 2000 2000] failed
09-10 01:19:26.168 24712 24712 W C02c02/PARAM: SystemReadParam failed!name is:persist.init.debug.loglevel,err:1002
09-10 01:19:26.169 24714 24714 W C02c02/PARAM: Selinux check name persist.init.debug.loglevel in u:object_r:startup_init_param:s0 [24714 2000 2000] failed
09-10 01:19:26.169 24714 24714 W C02c02/PARAM: Selinux check name persist.init.debug.loglevel in u:object_r:startup_init_param:s0 [24714 2000 2000] failed
09-10 01:19:26.169 24714 24714 W C02c02/PARAM: SystemReadParam failed!name is:persist.init.debug.loglevel,err:1002
09-10 01:19:26.169 24715 24715 W C02c02/PARAM: Selinux check name persist.init.debug.loglevel in u:object_r:startup_init_param:s0 [24715 2000 2000] failed
09-10 01:19:26.169 24716 24716 W C02c02/PARAM: Selinux check name persist.init.debug.loglevel in u:object_r:startup_init_param:s0 [24716 2000 2000] failed
09-10 01:19:26.169 24715 24715 W C02c02/PARAM: Selinux check name persist.init.debug.loglevel in u:object_r:startup_init_param:s0 [24715 2000 2000] failed
09-10 01:19:26.169 24715 24715 W C02c02/PARAM: SystemReadParam failed!name is:persist.init.debug.loglevel,err:1002
09-10 01:19:26.169 24716 24716 W C02c02/PARAM: Selinux check name persist.init.debug.loglevel in u:object_r:startup_init_param:s0 [24716 2000 2000] failed
09-10 01:19:26.169 24716 24716 W C02c02/PARAM: SystemReadParam failed!name is:persist.init.debug.loglevel,err:1002
09-10 01:19:26.172 24717 24717 I C02d20/DumperService: SetCmdArgs# hidumper cmd:hidumper -s 1201 -a -p Faultlogger -LogSuffixWithMs , calllingUid=2000, calllingPid=24717, ppid:24712.
09-10 01:19:26.172 24717 24720 W C057c1/IPCWorkThread: ThreadHandler: proto:0 policy:1 name:OS_IPC_0_24720 invoker:2323688192
09-10 01:19:26.172 24717 24721 W C057c1/IPCWorkThread: ThreadHandler: proto:0 policy:0 name:OS_IPC_1_24721 invoker:2351244544
09-10 01:19:26.172  3904  3905 I C02d20/DumperService: DelayUnloadTask# recieve new request, delay unload task begin, calllingPid=24717
09-10 01:19:26.173   474 29681 I C02d11/Faultlogger: DumpByCommands: DumpRequest: detail:0, list:0, file:, name:, time:-1
09-10 01:19:26.173  3904  3905 I C02d20/DumperService: GetData# SA name:1201 dump success, cmd:-p Faultlogger -LogSuffixWithMs , calllingPid=24717!
09-10 01:19:26.174 24718 24718 W C02c02/PARAM: Selinux check name persist.init.debug.loglevel in u:object_r:startup_init_param:s0 [24718 2000 2000] failed
09-10 01:19:26.174 24718 24718 W C02c02/PARAM: Selinux check name persist.init.debug.loglevel in u:object_r:startup_init_param:s0 [24718 2000 2000] failed
09-10 01:19:26.174 24718 24718 W C02c02/PARAM: SystemReadParam failed!name is:persist.init.debug.loglevel,err:1002
09-10 01:19:26.174 24719 24719 W C02c02/PARAM: Selinux check name persist.init.debug.loglevel in u:object_r:startup_init_param:s0 [24719 2000 2000] failed
09-10 01:19:26.174 24719 24719 W C02c02/PARAM: Selinux check name persist.init.debug.loglevel in u:object_r:startup_init_param:s0 [24719 2000 2000] failed
09-10 01:19:26.174 24719 24719 W C02c02/PARAM: SystemReadParam failed!name is:persist.init.debug.loglevel,err:1002
09-10 01:19:26.331   125   125 I C01800/SAMGR: NF SA:65962,832_12093
09-10 01:19:26.331   832   925 E C01810/SA_CLIENT: GetSaWrap SA:65962 not start
09-10 01:19:26.331   832   925 I C01409/APS_MANAGER: request system service object is not ready yet!
09-10 01:19:26.373  2458  2458 W A01c06/ICON: AppIconWeatherModel --> initWeatherListener, retryTimes: 4
09-10 01:19:26.374   490  2348 E C01707/CONCUR: [Interface] task 2348 apply qos failed, errno = 4
09-10 01:19:26.374   490  2348 E C01611/QosManager: QosManager: Failed to set thread QoS to QOS_USER_INTERACTIVE, ret: -1
09-10 01:19:26.374   782  1040 W C01123/BMSCommon: bundle not exist -n com.huawei.hmsapp.totemweather -u 100 -i 0 -f 32
09-10 01:19:26.374   782  1040 W C01121/BMSQuery: GetBundleInfo failed -n com.huawei.hmsapp.totemweather -u 100
09-10 01:19:26.374   490  2348 E C01651/BundleMgrProxy: GetBundleInfoFromBMS: GetBundleInfo failed!bundleName is com.huawei.hmsapp.totemweather, userId is 100
09-10 01:19:26.374   490  2348 E C01651/DataProviderConfig: GetFromProxyData: Get bundleInfo failed! bundleName:com.huawei.hmsapp.totemweather, userId:100, visitedId:100, uri:******icIconInfo
09-10 01:19:26.374   490  2348 E C01651/DataShareServiceImpl: GetBMSAndMetaDataStatus: CalledInfo failed! token:0x2002a7c3,ret:1001,uri:******icIconInfo
09-10 01:19:26.374   490  2348 E C01651/DataShareServiceImpl: GetSilentProxyStatus: BMS or metaData not ready to complete, token:0x2002a7c3, uri:******icIconInfo
09-10 01:19:26.374  2458  2458 E A01c06/ICON: AppIconWeatherModel --> get weather info failed, code: 15700010, message: The DataShareHelper is not initialized successfully.
09-10 01:19:26.385 24723 24723 W C02c02/PARAM: Selinux check name persist.init.debug.loglevel in u:object_r:startup_init_param:s0 [24723 2000 2000] failed
09-10 01:19:26.385 24723 24723 W C02c02/PARAM: Selinux check name persist.init.debug.loglevel in u:object_r:startup_init_param:s0 [24723 2000 2000] failed
09-10 01:19:26.385 24723 24723 W C02c02/PARAM: SystemReadParam failed!name is:persist.init.debug.loglevel,err:1002
09-10 01:19:26.388 24725 24725 W C02c02/PARAM: Selinux check name persist.init.debug.loglevel in u:object_r:startup_init_param:s0 [24725 2000 2000] failed
09-10 01:19:26.388 24725 24725 W C02c02/PARAM: Selinux check name persist.init.debug.loglevel in u:object_r:startup_init_param:s0 [24725 2000 2000] failed
09-10 01:19:26.388 24725 24725 W C02c02/PARAM: SystemReadParam failed!name is:persist.init.debug.loglevel,err:1002
09-10 01:19:26.390 24726 24726 W C02c02/PARAM: Selinux check name persist.init.debug.loglevel in u:object_r:startup_init_param:s0 [24726 2000 2000] failed
09-10 01:19:26.390 24726 24726 W C02c02/PARAM: Selinux check name persist.init.debug.loglevel in u:object_r:startup_init_param:s0 [24726 2000 2000] failed
09-10 01:19:26.390 24726 24726 W C02c02/PARAM: SystemReadParam failed!name is:persist.init.debug.loglevel,err:1002
09-10 01:19:26.829  3290  3290 I C02500/Qemud: Guest heartbeat success.
09-10 01:19:26.919 24728 24728 W C02c02/PARAM: Selinux check name persist.init.debug.loglevel in u:object_r:startup_init_param:s0 [24728 2000 2000] failed
09-10 01:19:26.919 24728 24728 W C02c02/PARAM: Selinux check name persist.init.debug.loglevel in u:object_r:startup_init_param:s0 [24728 2000 2000] failed
09-10 01:19:26.919 24728 24728 W C02c02/PARAM: SystemReadParam failed!name is:persist.init.debug.loglevel,err:1002
09-10 01:19:26.922 24728 24728 W C02c02/PARAM: Selinux check name persist.init.debug.loglevel in u:object_r:startup_init_param:s0 [24728 2000 2000] failed
09-10 01:19:26.922 24728 24728 W C02c02/PARAM: Selinux check name persist.init.debug.loglevel in u:object_r:startup_init_param:s0 [24728 2000 2000] failed
09-10 01:19:26.922 24728 24728 W C02c02/PARAM: SystemReadParam failed!name is:persist.init.debug.loglevel,err:1002
09-10 01:19:27.167 24731 24731 W C02c02/PARAM: Selinux check name persist.init.debug.loglevel in u:object_r:startup_init_param:s0 [24731 2000 2000] failed
09-10 01:19:27.167 24731 24731 W C02c02/PARAM: Selinux check name persist.init.debug.loglevel in u:object_r:startup_init_param:s0 [24731 2000 2000] failed
09-10 01:19:27.167 24731 24731 W C02c02/PARAM: SystemReadParam failed!name is:persist.init.debug.loglevel,err:1002
09-10 01:19:27.170 24734 24734 W C02c02/PARAM: Selinux check name persist.init.debug.loglevel in u:object_r:startup_init_param:s0 [24734 2000 2000] failed
09-10 01:19:27.170 24735 24735 W C02c02/PARAM: Selinux check name persist.init.debug.loglevel in u:object_r:startup_init_param:s0 [24735 2000 2000] failed
09-10 01:19:27.170 24734 24734 W C02c02/PARAM: Selinux check name persist.init.debug.loglevel in u:object_r:startup_init_param:s0 [24734 2000 2000] failed
09-10 01:19:27.170 24734 24734 W C02c02/PARAM: SystemReadParam failed!name is:persist.init.debug.loglevel,err:1002
09-10 01:19:27.170 24735 24735 W C02c02/PARAM: Selinux check name persist.init.debug.loglevel in u:object_r:startup_init_param:s0 [24735 2000 2000] failed
09-10 01:19:27.170 24735 24735 W C02c02/PARAM: SystemReadParam failed!name is:persist.init.debug.loglevel,err:1002
09-10 01:19:27.170 24733 24733 W C02c02/PARAM: Selinux check name persist.init.debug.loglevel in u:object_r:startup_init_param:s0 [24733 2000 2000] failed
09-10 01:19:27.170 24733 24733 W C02c02/PARAM: Selinux check name persist.init.debug.loglevel in u:object_r:startup_init_param:s0 [24733 2000 2000] failed
09-10 01:19:27.170 24733 24733 W C02c02/PARAM: SystemReadParam failed!name is:persist.init.debug.loglevel,err:1002
09-10 01:19:27.174 24736 24736 W C02c02/PARAM: Selinux check name persist.init.debug.loglevel in u:object_r:startup_init_param:s0 [24736 2000 2000] failed
09-10 01:19:27.175 24736 24736 W C02c02/PARAM: Selinux check name persist.init.debug.loglevel in u:object_r:startup_init_param:s0 [24736 2000 2000] failed
09-10 01:19:27.175 24736 24736 W C02c02/PARAM: SystemReadParam failed!name is:persist.init.debug.loglevel,err:1002
09-10 01:19:27.175 24737 24737 W C02c02/PARAM: Selinux check name persist.init.debug.loglevel in u:object_r:startup_init_param:s0 [24737 2000 2000] failed
09-10 01:19:27.175 24737 24737 W C02c02/PARAM: Selinux check name persist.init.debug.loglevel in u:object_r:startup_init_param:s0 [24737 2000 2000] failed
09-10 01:19:27.175 24737 24737 W C02c02/PARAM: SystemReadParam failed!name is:persist.init.debug.loglevel,err:1002
09-10 01:19:27.368 24739 24739 W C02c02/PARAM: Selinux check name persist.init.debug.loglevel in u:object_r:startup_init_param:s0 [24739 2000 2000] failed
09-10 01:19:27.368 24739 24739 W C02c02/PARAM: Selinux check name persist.init.debug.loglevel in u:object_r:startup_init_param:s0 [24739 2000 2000] failed
09-10 01:19:27.368 24739 24739 W C02c02/PARAM: SystemReadParam failed!name is:persist.init.debug.loglevel,err:1002
09-10 01:19:27.370 24741 24741 W C02c02/PARAM: Selinux check name persist.init.debug.loglevel in u:object_r:startup_init_param:s0 [24741 2000 2000] failed
09-10 01:19:27.370 24741 24741 W C02c02/PARAM: Selinux check name persist.init.debug.loglevel in u:object_r:startup_init_param:s0 [24741 2000 2000] failed
09-10 01:19:27.370 24741 24741 W C02c02/PARAM: SystemReadParam failed!name is:persist.init.debug.loglevel,err:1002
09-10 01:19:27.373 24742 24742 W C02c02/PARAM: Selinux check name persist.init.debug.loglevel in u:object_r:startup_init_param:s0 [24742 2000 2000] failed
09-10 01:19:27.373 24742 24742 W C02c02/PARAM: Selinux check name persist.init.debug.loglevel in u:object_r:startup_init_param:s0 [24742 2000 2000] failed
09-10 01:19:27.373 24742 24742 W C02c02/PARAM: SystemReadParam failed!name is:persist.init.debug.loglevel,err:1002
09-10 01:19:27.376  2458  2458 W A01c06/ICON: AppIconWeatherModel --> initWeatherListener, retryTimes: 4
09-10 01:19:27.377   490  2348 E C01707/CONCUR: [Interface] task 2348 apply qos failed, errno = 4
09-10 01:19:27.377   490  2348 E C01611/QosManager: QosManager: Failed to set thread QoS to QOS_USER_INTERACTIVE, ret: -1
09-10 01:19:27.377   782  1040 W C01123/BMSCommon: bundle not exist -n com.huawei.hmsapp.totemweather -u 100 -i 0 -f 32
09-10 01:19:27.377   782  1040 W C01121/BMSQuery: GetBundleInfo failed -n com.huawei.hmsapp.totemweather -u 100
09-10 01:19:27.377   490  2348 E C01651/BundleMgrProxy: GetBundleInfoFromBMS: GetBundleInfo failed!bundleName is com.huawei.hmsapp.totemweather, userId is 100
09-10 01:19:27.377   490  2348 E C01651/DataProviderConfig: GetFromProxyData: Get bundleInfo failed! bundleName:com.huawei.hmsapp.totemweather, userId:100, visitedId:100, uri:******icIconInfo
09-10 01:19:27.377   490  2348 E C01651/DataShareServiceImpl: GetBMSAndMetaDataStatus: CalledInfo failed! token:0x2002a7c3,ret:1001,uri:******icIconInfo
09-10 01:19:27.377   490  2348 E C01651/DataShareServiceImpl: GetSilentProxyStatus: BMS or metaData not ready to complete, token:0x2002a7c3, uri:******icIconInfo
09-10 01:19:27.377  2458  2458 E A01c06/ICON: AppIconWeatherModel --> get weather info failed, code: 15700010, message: The DataShareHelper is not initialized successfully.
09-10 01:19:27.475  1292 24095 I C02300/RtkAbility: unloadTask.
09-10 01:19:27.475  1292 24095 I C02300/HifenceAbility: CheckIfDoingFenceBussiness: empty callback: 1
09-10 01:19:27.475  1292 24095 I C02300/Locator: UnloadLocationSa enter, systemAbilityId = [4353] unloading
09-10 01:19:27.475   125   125 I C01800/SAMGR: Scheduler SA:4353 unload start 1292,0_1_2
09-10 01:19:27.475   125   125 I C01800/SAMGR: Scheduler SA:4353 proc delay unload event
09-10 01:19:27.475   125   125 I C01800/SAMGR: IdleSA:4353
09-10 01:19:27.475  1292 24095 I C01810/SAFWK: Idle-SA:4353
09-10 01:19:27.475  1292 24095 I C01810/SAFWK: OnIdle-SA:4353 end,spend:0ms
09-10 01:19:27.475  1292 24095 I C01810/SAFWK: IdleSaInner suc to Idle SA:4353,delayTime:0,spend:0ms
09-10 01:19:27.476   125   125 I C01800/SAMGR: Scheduler SA:4353 agree unload
09-10 01:19:27.476   125   125 I C01800/SAMGR: Scheduler SA:4353 unloadable
09-10 01:19:27.476   125 24743 I C01800/SAMGR: CheckSaIsImmediatelyRecycle is false
09-10 01:19:27.901 24745 24745 W C02c02/PARAM: Selinux check name persist.init.debug.loglevel in u:object_r:startup_init_param:s0 [24745 2000 2000] failed
09-10 01:19:27.901 24745 24745 W C02c02/PARAM: Selinux check name persist.init.debug.loglevel in u:object_r:startup_init_param:s0 [24745 2000 2000] failed
09-10 01:19:27.901 24745 24745 W C02c02/PARAM: SystemReadParam failed!name is:persist.init.debug.loglevel,err:1002
09-10 01:19:27.903 24745 24745 W C02c02/PARAM: Selinux check name persist.init.debug.loglevel in u:object_r:startup_init_param:s0 [24745 2000 2000] failed
09-10 01:19:27.903 24745 24745 W C02c02/PARAM: Selinux check name persist.init.debug.loglevel in u:object_r:startup_init_param:s0 [24745 2000 2000] failed
09-10 01:19:27.903 24745 24745 W C02c02/PARAM: SystemReadParam failed!name is:persist.init.debug.loglevel,err:1002
09-10 01:19:28.167 24749 24749 W C02c02/PARAM: Selinux check name persist.init.debug.loglevel in u:object_r:startup_init_param:s0 [24749 2000 2000] failed
09-10 01:19:28.167 24749 24749 W C02c02/PARAM: Selinux check name persist.init.debug.loglevel in u:object_r:startup_init_param:s0 [24749 2000 2000] failed
09-10 01:19:28.167 24749 24749 W C02c02/PARAM: SystemReadParam failed!name is:persist.init.debug.loglevel,err:1002
09-10 01:19:28.170 24752 24752 W C02c02/PARAM: Selinux check name persist.init.debug.loglevel in u:object_r:startup_init_param:s0 [24752 2000 2000] failed
09-10 01:19:28.170 24752 24752 W C02c02/PARAM: Selinux check name persist.init.debug.loglevel in u:object_r:startup_init_param:s0 [24752 2000 2000] failed
09-10 01:19:28.170 24752 24752 W C02c02/PARAM: SystemReadParam failed!name is:persist.init.debug.loglevel,err:1002
09-10 01:19:28.170 24753 24753 W C02c02/PARAM: Selinux check name persist.init.debug.loglevel in u:object_r:startup_init_param:s0 [24753 2000 2000] failed
09-10 01:19:28.170 24753 24753 W C02c02/PARAM: Selinux check name persist.init.debug.loglevel in u:object_r:startup_init_param:s0 [24753 2000 2000] failed
09-10 01:19:28.170 24753 24753 W C02c02/PARAM: SystemReadParam failed!name is:persist.init.debug.loglevel,err:1002
09-10 01:19:28.170 24751 24751 W C02c02/PARAM: Selinux check name persist.init.debug.loglevel in u:object_r:startup_init_param:s0 [24751 2000 2000] failed
09-10 01:19:28.170 24751 24751 W C02c02/PARAM: Selinux check name persist.init.debug.loglevel in u:object_r:startup_init_param:s0 [24751 2000 2000] failed
09-10 01:19:28.170 24751 24751 W C02c02/PARAM: SystemReadParam failed!name is:persist.init.debug.loglevel,err:1002
09-10 01:19:28.174 24754 24754 W C02c02/PARAM: Selinux check name persist.init.debug.loglevel in u:object_r:startup_init_param:s0 [24754 2000 2000] failed
09-10 01:19:28.174 24754 24754 W C02c02/PARAM: Selinux check name persist.init.debug.loglevel in u:object_r:startup_init_param:s0 [24754 2000 2000] failed
09-10 01:19:28.174 24754 24754 W C02c02/PARAM: SystemReadParam failed!name is:persist.init.debug.loglevel,err:1002
09-10 01:19:28.174 24755 24755 W C02c02/PARAM: Selinux check name persist.init.debug.loglevel in u:object_r:startup_init_param:s0 [24755 2000 2000] failed
09-10 01:19:28.174 24755 24755 W C02c02/PARAM: Selinux check name persist.init.debug.loglevel in u:object_r:startup_init_param:s0 [24755 2000 2000] failed
09-10 01:19:28.174 24755 24755 W C02c02/PARAM: SystemReadParam failed!name is:persist.init.debug.loglevel,err:1002
09-10 01:19:28.323   132   132 E C02c11/APPSPAWN: [appspawn_kickdog.c:29]open /sys/kernel/hungtask/userlist fail,errno:2
09-10 01:19:28.331   125   125 I C01800/SAMGR: NF SA:65962,832_12094
09-10 01:19:28.378  2458  2458 W A01c06/ICON: AppIconWeatherModel --> initWeatherListener, retryTimes: 4
09-10 01:19:28.379   490  2348 E C01707/CONCUR: [Interface] task 2348 apply qos failed, errno = 4
09-10 01:19:28.379   490  2348 E C01611/QosManager: QosManager: Failed to set thread QoS to QOS_USER_INTERACTIVE, ret: -1
09-10 01:19:28.380   782  1040 W C01123/BMSCommon: bundle not exist -n com.huawei.hmsapp.totemweather -u 100 -i 0 -f 32
09-10 01:19:28.380   782  1040 W C01121/BMSQuery: GetBundleInfo failed -n com.huawei.hmsapp.totemweather -u 100
09-10 01:19:28.380   490  2348 E C01651/BundleMgrProxy: GetBundleInfoFromBMS: GetBundleInfo failed!bundleName is com.huawei.hmsapp.totemweather, userId is 100
09-10 01:19:28.380   490  2348 E C01651/DataProviderConfig: GetFromProxyData: Get bundleInfo failed! bundleName:com.huawei.hmsapp.totemweather, userId:100, visitedId:100, uri:******icIconInfo
09-10 01:19:28.380   490  2348 E C01651/DataShareServiceImpl: GetBMSAndMetaDataStatus: CalledInfo failed! token:0x2002a7c3,ret:1001,uri:******icIconInfo
09-10 01:19:28.380   490  2348 E C01651/DataShareServiceImpl: GetSilentProxyStatus: BMS or metaData not ready to complete, token:0x2002a7c3, uri:******icIconInfo
09-10 01:19:28.380  2458  2458 E A01c06/ICON: AppIconWeatherModel --> get weather info failed, code: 15700010, message: The DataShareHelper is not initialized successfully.
09-10 01:19:28.380 24757 24757 W C02c02/PARAM: Selinux check name persist.init.debug.loglevel in u:object_r:startup_init_param:s0 [24757 2000 2000] failed
09-10 01:19:28.380 24757 24757 W C02c02/PARAM: Selinux check name persist.init.debug.loglevel in u:object_r:startup_init_param:s0 [24757 2000 2000] failed
09-10 01:19:28.380 24757 24757 W C02c02/PARAM: SystemReadParam failed!name is:persist.init.debug.loglevel,err:1002
09-10 01:19:28.383 24759 24759 W C02c02/PARAM: Selinux check name persist.init.debug.loglevel in u:object_r:startup_init_param:s0 [24759 2000 2000] failed
09-10 01:19:28.383 24759 24759 W C02c02/PARAM: Selinux check name persist.init.debug.loglevel in u:object_r:startup_init_param:s0 [24759 2000 2000] failed
09-10 01:19:28.383 24759 24759 W C02c02/PARAM: SystemReadParam failed!name is:persist.init.debug.loglevel,err:1002
09-10 01:19:28.386 24760 24760 W C02c02/PARAM: Selinux check name persist.init.debug.loglevel in u:object_r:startup_init_param:s0 [24760 2000 2000] failed
09-10 01:19:28.386 24760 24760 W C02c02/PARAM: Selinux check name persist.init.debug.loglevel in u:object_r:startup_init_param:s0 [24760 2000 2000] failed
09-10 01:19:28.386 24760 24760 W C02c02/PARAM: SystemReadParam failed!name is:persist.init.debug.loglevel,err:1002
09-10 01:19:28.425   474  1280 E C02d66/XPerf: [InquiryOhImpl::ExtractStringValue] Canonical FilePath: /sys/class/ithermal/lpm/lpm_freq failed.
09-10 01:19:28.425   474  1280 E C02d66/XPerf: [InquiryOhImpl::ExtractStringValue] Canonical FilePath: /sys/class/power_supply/Battery/status failed.
09-10 01:19:28.534   125   125 I C01800/SAMGR: NF SA:65962,832_12095
09-10 01:19:28.734   125   125 I C01800/SAMGR: NF SA:65962,832_12096
09-10 01:19:28.907 24763 24763 W C02c02/PARAM: Selinux check name persist.init.debug.loglevel in u:object_r:startup_init_param:s0 [24763 2000 2000] failed
09-10 01:19:28.907 24763 24763 W C02c02/PARAM: Selinux check name persist.init.debug.loglevel in u:object_r:startup_init_param:s0 [24763 2000 2000] failed
09-10 01:19:28.907 24763 24763 W C02c02/PARAM: SystemReadParam failed!name is:persist.init.debug.loglevel,err:1002
09-10 01:19:28.909 24763 24763 W C02c02/PARAM: Selinux check name persist.init.debug.loglevel in u:object_r:startup_init_param:s0 [24763 2000 2000] failed
09-10 01:19:28.909 24763 24763 W C02c02/PARAM: Selinux check name persist.init.debug.loglevel in u:object_r:startup_init_param:s0 [24763 2000 2000] failed
09-10 01:19:28.909 24763 24763 W C02c02/PARAM: SystemReadParam failed!name is:persist.init.debug.loglevel,err:1002
09-10 01:19:28.935   125   125 I C01800/SAMGR: NF SA:65962,832_12097
09-10 01:19:29.135   125   125 I C01800/SAMGR: NF SA:65962,832_12098
09-10 01:19:29.169 24766 24766 W C02c02/PARAM: Selinux check name persist.init.debug.loglevel in u:object_r:startup_init_param:s0 [24766 2000 2000] failed
09-10 01:19:29.170 24766 24766 W C02c02/PARAM: Selinux check name persist.init.debug.loglevel in u:object_r:startup_init_param:s0 [24766 2000 2000] failed
09-10 01:19:29.170 24766 24766 W C02c02/PARAM: SystemReadParam failed!name is:persist.init.debug.loglevel,err:1002
09-10 01:19:29.172 24769 24769 W C02c02/PARAM: Selinux check name persist.init.debug.loglevel in u:object_r:startup_init_param:s0 [24769 2000 2000] failed
09-10 01:19:29.172 24769 24769 W C02c02/PARAM: Selinux check name persist.init.debug.loglevel in u:object_r:startup_init_param:s0 [24769 2000 2000] failed
09-10 01:19:29.172 24769 24769 W C02c02/PARAM: SystemReadParam failed!name is:persist.init.debug.loglevel,err:1002
09-10 01:19:29.172 24770 24770 W C02c02/PARAM: Selinux check name persist.init.debug.loglevel in u:object_r:startup_init_param:s0 [24770 2000 2000] failed
09-10 01:19:29.172 24770 24770 W C02c02/PARAM: Selinux check name persist.init.debug.loglevel in u:object_r:startup_init_param:s0 [24770 2000 2000] failed
09-10 01:19:29.173 24770 24770 W C02c02/PARAM: SystemReadParam failed!name is:persist.init.debug.loglevel,err:1002
09-10 01:19:29.173 24768 24768 W C02c02/PARAM: Selinux check name persist.init.debug.loglevel in u:object_r:startup_init_param:s0 [24768 2000 2000] failed
09-10 01:19:29.173 24768 24768 W C02c02/PARAM: Selinux check name persist.init.debug.loglevel in u:object_r:startup_init_param:s0 [24768 2000 2000] failed
09-10 01:19:29.173 24768 24768 W C02c02/PARAM: SystemReadParam failed!name is:persist.init.debug.loglevel,err:1002
09-10 01:19:29.177 24771 24771 W C02c02/PARAM: Selinux check name persist.init.debug.loglevel in u:object_r:startup_init_param:s0 [24771 2000 2000] failed
09-10 01:19:29.177 24771 24771 W C02c02/PARAM: Selinux check name persist.init.debug.loglevel in u:object_r:startup_init_param:s0 [24771 2000 2000] failed
09-10 01:19:29.177 24771 24771 W C02c02/PARAM: SystemReadParam failed!name is:persist.init.debug.loglevel,err:1002
09-10 01:19:29.177 24772 24772 W C02c02/PARAM: Selinux check name persist.init.debug.loglevel in u:object_r:startup_init_param:s0 [24772 2000 2000] failed
09-10 01:19:29.177 24772 24772 W C02c02/PARAM: Selinux check name persist.init.debug.loglevel in u:object_r:startup_init_param:s0 [24772 2000 2000] failed
09-10 01:19:29.177 24772 24772 W C02c02/PARAM: SystemReadParam failed!name is:persist.init.debug.loglevel,err:1002
09-10 01:19:29.273   316 24216 W C01f04/MultiSimontroller: [GetSimAccountInfo-(multi_sim_controller.cpp:1141)] slotId 0 is invalid
09-10 01:19:29.273   316 24216 E C01f04/TelephonySubsystem: GetSimAccountInfo fail!
09-10 01:19:29.335   125   125 I C01800/SAMGR: NF SA:65962,832_12099
09-10 01:19:29.373 24774 24774 W C02c02/PARAM: Selinux check name persist.init.debug.loglevel in u:object_r:startup_init_param:s0 [24774 2000 2000] failed
09-10 01:19:29.373 24774 24774 W C02c02/PARAM: Selinux check name persist.init.debug.loglevel in u:object_r:startup_init_param:s0 [24774 2000 2000] failed
09-10 01:19:29.373 24774 24774 W C02c02/PARAM: SystemReadParam failed!name is:persist.init.debug.loglevel,err:1002
09-10 01:19:29.375 24776 24776 W C02c02/PARAM: Selinux check name persist.init.debug.loglevel in u:object_r:startup_init_param:s0 [24776 2000 2000] failed
09-10 01:19:29.375 24776 24776 W C02c02/PARAM: Selinux check name persist.init.debug.loglevel in u:object_r:startup_init_param:s0 [24776 2000 2000] failed
09-10 01:19:29.375 24776 24776 W C02c02/PARAM: SystemReadParam failed!name is:persist.init.debug.loglevel,err:1002
09-10 01:19:29.378 24777 24777 W C02c02/PARAM: Selinux check name persist.init.debug.loglevel in u:object_r:startup_init_param:s0 [24777 2000 2000] failed
09-10 01:19:29.378 24777 24777 W C02c02/PARAM: Selinux check name persist.init.debug.loglevel in u:object_r:startup_init_param:s0 [24777 2000 2000] failed
09-10 01:19:29.378 24777 24777 W C02c02/PARAM: SystemReadParam failed!name is:persist.init.debug.loglevel,err:1002
09-10 01:19:29.381  2458  2458 W A01c06/ICON: AppIconWeatherModel --> initWeatherListener, retryTimes: 4
09-10 01:19:29.382   490  2348 E C01707/CONCUR: [Interface] task 2348 apply qos failed, errno = 4
09-10 01:19:29.382   490  2348 E C01611/QosManager: QosManager: Failed to set thread QoS to QOS_USER_INTERACTIVE, ret: -1
09-10 01:19:29.382   782  1040 W C01123/BMSCommon: bundle not exist -n com.huawei.hmsapp.totemweather -u 100 -i 0 -f 32
09-10 01:19:29.382   782  1040 W C01121/BMSQuery: GetBundleInfo failed -n com.huawei.hmsapp.totemweather -u 100
09-10 01:19:29.382   490  2348 E C01651/BundleMgrProxy: GetBundleInfoFromBMS: GetBundleInfo failed!bundleName is com.huawei.hmsapp.totemweather, userId is 100
09-10 01:19:29.382   490  2348 E C01651/DataProviderConfig: GetFromProxyData: Get bundleInfo failed! bundleName:com.huawei.hmsapp.totemweather, userId:100, visitedId:100, uri:******icIconInfo
09-10 01:19:29.382   490  2348 E C01651/DataShareServiceImpl: GetBMSAndMetaDataStatus: CalledInfo failed! token:0x2002a7c3,ret:1001,uri:******icIconInfo
09-10 01:19:29.382   490  2348 E C01651/DataShareServiceImpl: GetSilentProxyStatus: BMS or metaData not ready to complete, token:0x2002a7c3, uri:******icIconInfo
09-10 01:19:29.382  2458  2458 E A01c06/ICON: AppIconWeatherModel --> get weather info failed, code: 15700010, message: The DataShareHelper is not initialized successfully.
09-10 01:19:29.535   125   125 I C01800/SAMGR: NF SA:65962,832_12100
09-10 01:19:29.535   832   925 E C01810/SA_CLIENT: GetSaWrap SA:65962 not start
09-10 01:19:29.535   832   925 I C01409/APS_MANAGER: request system service object is not ready yet!
09-10 01:19:29.615   592   812 W C02943/ThermalHdi: Read node failed, title = brightness
09-10 01:19:29.615   592   812 W C02943/ThermalHdi: Read node failed, title = 
09-10 01:19:29.615   592   812 W C02943/ThermalHdi: Read node failed, title = 
09-10 01:19:29.615   592   812 W C02943/ThermalHdi: Read node failed, title = 
09-10 01:19:29.615   592   812 W C02943/ThermalHdi: Read node failed, title = 
09-10 01:19:29.615   592   812 W C02943/ThermalHdi: Read node failed, title = 
09-10 01:19:29.615   592   812 W C02943/ThermalHdi: Read node failed, title = 
09-10 01:19:29.615   592   812 W C02943/ThermalHdi: Read node failed, title = 
09-10 01:19:29.615   592   812 W C02943/ThermalHdi: Read node failed, title = 
09-10 01:19:29.615   592   812 W C02943/ThermalHdi: Read node failed, title = 
09-10 01:19:29.615   592   812 W C02943/ThermalHdi: Read node failed, title = 
09-10 01:19:29.615   592   812 W C02943/ThermalHdi: Read node failed, title = 
09-10 01:19:29.615   592   812 W C02943/ThermalHdi: Read node failed, title = 
09-10 01:19:29.615   592   812 W C02943/ThermalHdi: Read node failed, title = 
09-10 01:19:29.615   592   812 W C02943/ThermalHdi: Read node failed, title = 
09-10 01:19:29.615   592   812 W C02943/ThermalHdi: Read node failed, title = 
09-10 01:19:29.615   592   812 W C02943/ThermalHdi: Read node failed, title = 
09-10 01:19:29.615   592   812 W C02943/ThermalHdi: Read node failed, title = 
09-10 01:19:29.615   592   812 W C02943/ThermalHdi: Read node failed, title = 
09-10 01:19:29.615   592   812 W C02943/ThermalHdi: Read node failed, title = 
09-10 01:19:29.615   592   812 W C02943/ThermalHdi: Read node failed, title = 
09-10 01:19:29.615   592   812 W C02943/ThermalHdi: Read node failed, title = 
09-10 01:19:29.615   592   812 W C02943/ThermalHdi: Read node failed, title = 
09-10 01:19:29.615   592   812 W C02943/ThermalHdi: Read node failed, title = 
09-10 01:19:29.615   592   812 W C02943/ThermalHdi: Read node failed, title = 
09-10 01:19:29.615   592   812 W C02943/ThermalHdi: Read node failed, title = ambient
09-10 01:19:29.615   592   812 W C02943/ThermalHdi: Read node failed, title = ibat
09-10 01:19:29.615   592   812 W C02943/ThermalHdi: Read node failed, title = vbat
09-10 01:19:29.615   592   812 W C02943/ThermalHdi: Read node failed, title = cpu0_min_freq
09-10 01:19:29.615   592   812 W C02943/ThermalHdi: Read node failed, title = cpu0_cur_freq
09-10 01:19:29.615   592   812 W C02943/ThermalHdi: Read node failed, title = cpu0_max_freq
09-10 01:19:29.615   592   812 W C02943/ThermalHdi: Read node failed, title = cpu4_min_freq
09-10 01:19:29.615   592   812 W C02943/ThermalHdi: Read node failed, title = cpu4_cur_freq
09-10 01:19:29.615   592   812 W C02943/ThermalHdi: Read node failed, title = cpu4_max_freq
09-10 01:19:29.615   592   812 W C02943/ThermalHdi: Read node failed, title = cpu7_min_freq
09-10 01:19:29.615   592   812 W C02943/ThermalHdi: Read node failed, title = cpu7_cur_freq
09-10 01:19:29.615   592   812 W C02943/ThermalHdi: Read node failed, title = cpu7_max_freq
09-10 01:19:29.615   592   812 W C02943/ThermalHdi: Read node failed, title = gpu_min_freq
09-10 01:19:29.615   592   812 W C02943/ThermalHdi: Read node failed, title = gpu_cur_freq
09-10 01:19:29.615   592   812 W C02943/ThermalHdi: Read node failed, title = gpu_max_freq
09-10 01:19:29.615   592   812 W C02943/ThermalHdi: Read node failed, title = ddr_cur_freq
09-10 01:19:29.615   592   812 W C02943/ThermalHdi: Read node failed, title = set_IPApower
09-10 01:19:29.615   592   812 W C02943/ThermalHdi: Read node failed, title = cur_IPApower
09-10 01:19:29.615   592   812 W C02943/ThermalHdi: get node failed
09-10 01:19:29.615   592   812 W C02943/ThermalHdi: get node failed
09-10 01:19:29.615   592   812 W C02943/ThermalHdi: get node failed
09-10 01:19:29.621   474  6595 I C02d10/CpuCollector: CalculateProcessCpuStatInfos: startTime=1788974359610, endTime=1788974369621, startBootTime=264764789, endBootTime=264774800, period=10011, isNeedUpdate=1
09-10 01:19:29.829  3290  3290 I C02500/Qemud: Guest heartbeat success.
09-10 01:19:29.908 24779 24779 W C02c02/PARAM: Selinux check name persist.init.debug.loglevel in u:object_r:startup_init_param:s0 [24779 2000 2000] failed
09-10 01:19:29.908 24779 24779 W C02c02/PARAM: Selinux check name persist.init.debug.loglevel in u:object_r:startup_init_param:s0 [24779 2000 2000] failed
09-10 01:19:29.908 24779 24779 W C02c02/PARAM: SystemReadParam failed!name is:persist.init.debug.loglevel,err:1002
09-10 01:19:29.910 24779 24779 W C02c02/PARAM: Selinux check name persist.init.debug.loglevel in u:object_r:startup_init_param:s0 [24779 2000 2000] failed
09-10 01:19:29.910 24779 24779 W C02c02/PARAM: Selinux check name persist.init.debug.loglevel in u:object_r:startup_init_param:s0 [24779 2000 2000] failed
09-10 01:19:29.910 24779 24779 W C02c02/PARAM: SystemReadParam failed!name is:persist.init.debug.loglevel,err:1002
09-10 01:19:30.169 24782 24782 W C02c02/PARAM: Selinux check name persist.init.debug.loglevel in u:object_r:startup_init_param:s0 [24782 2000 2000] failed
09-10 01:19:30.169 24782 24782 W C02c02/PARAM: Selinux check name persist.init.debug.loglevel in u:object_r:startup_init_param:s0 [24782 2000 2000] failed
09-10 01:19:30.169 24782 24782 W C02c02/PARAM: SystemReadParam failed!name is:persist.init.debug.loglevel,err:1002
09-10 01:19:30.172 24784 24784 W C02c02/PARAM: Selinux check name persist.init.debug.loglevel in u:object_r:startup_init_param:s0 [24784 2000 2000] failed
09-10 01:19:30.172 24784 24784 W C02c02/PARAM: Selinux check name persist.init.debug.loglevel in u:object_r:startup_init_param:s0 [24784 2000 2000] failed
09-10 01:19:30.172 24784 24784 W C02c02/PARAM: SystemReadParam failed!name is:persist.init.debug.loglevel,err:1002
09-10 01:19:30.172 24786 24786 W C02c02/PARAM: Selinux check name persist.init.debug.loglevel in u:object_r:startup_init_param:s0 [24786 2000 2000] failed
09-10 01:19:30.172 24786 24786 W C02c02/PARAM: Selinux check name persist.init.debug.loglevel in u:object_r:startup_init_param:s0 [24786 2000 2000] failed
09-10 01:19:30.172 24786 24786 W C02c02/PARAM: SystemReadParam failed!name is:persist.init.debug.loglevel,err:1002
09-10 01:19:30.172 24785 24785 W C02c02/PARAM: Selinux check name persist.init.debug.loglevel in u:object_r:startup_init_param:s0 [24785 2000 2000] failed
09-10 01:19:30.172 24785 24785 W C02c02/PARAM: Selinux check name persist.init.debug.loglevel in u:object_r:startup_init_param:s0 [24785 2000 2000] failed
09-10 01:19:30.172 24785 24785 W C02c02/PARAM: SystemReadParam failed!name is:persist.init.debug.loglevel,err:1002
09-10 01:19:30.177 24787 24787 W C02c02/PARAM: Selinux check name persist.init.debug.loglevel in u:object_r:startup_init_param:s0 [24787 2000 2000] failed
09-10 01:19:30.177 24787 24787 W C02c02/PARAM: Selinux check name persist.init.debug.loglevel in u:object_r:startup_init_param:s0 [24787 2000 2000] failed
09-10 01:19:30.177 24787 24787 W C02c02/PARAM: SystemReadParam failed!name is:persist.init.debug.loglevel,err:1002
09-10 01:19:30.177 24788 24788 W C02c02/PARAM: Selinux check name persist.init.debug.loglevel in u:object_r:startup_init_param:s0 [24788 2000 2000] failed
09-10 01:19:30.177 24788 24788 W C02c02/PARAM: Selinux check name persist.init.debug.loglevel in u:object_r:startup_init_param:s0 [24788 2000 2000] failed
09-10 01:19:30.177 24788 24788 W C02c02/PARAM: SystemReadParam failed!name is:persist.init.debug.loglevel,err:1002
09-10 01:19:30.376 24790 24790 W C02c02/PARAM: Selinux check name persist.init.debug.loglevel in u:object_r:startup_init_param:s0 [24790 2000 2000] failed
09-10 01:19:30.376 24790 24790 W C02c02/PARAM: Selinux check name persist.init.debug.loglevel in u:object_r:startup_init_param:s0 [24790 2000 2000] failed
09-10 01:19:30.376 24790 24790 W C02c02/PARAM: SystemReadParam failed!name is:persist.init.debug.loglevel,err:1002
09-10 01:19:30.379 24792 24792 W C02c02/PARAM: Selinux check name persist.init.debug.loglevel in u:object_r:startup_init_param:s0 [24792 2000 2000] failed
09-10 01:19:30.379 24792 24792 W C02c02/PARAM: Selinux check name persist.init.debug.loglevel in u:object_r:startup_init_param:s0 [24792 2000 2000] failed
09-10 01:19:30.379 24792 24792 W C02c02/PARAM: SystemReadParam failed!name is:persist.init.debug.loglevel,err:1002
09-10 01:19:30.381 24793 24793 W C02c02/PARAM: Selinux check name persist.init.debug.loglevel in u:object_r:startup_init_param:s0 [24793 2000 2000] failed
09-10 01:19:30.381 24793 24793 W C02c02/PARAM: Selinux check name persist.init.debug.loglevel in u:object_r:startup_init_param:s0 [24793 2000 2000] failed
09-10 01:19:30.381 24793 24793 W C02c02/PARAM: SystemReadParam failed!name is:persist.init.debug.loglevel,err:1002
09-10 01:19:30.383  2458  2458 W A01c06/ICON: AppIconWeatherModel --> initWeatherListener, retryTimes: 4
09-10 01:19:30.385   490  2348 E C01707/CONCUR: [Interface] task 2348 apply qos failed, errno = 4
09-10 01:19:30.385   490  2348 E C01611/QosManager: QosManager: Failed to set thread QoS to QOS_USER_INTERACTIVE, ret: -1
09-10 01:19:30.385   782  1040 W C01123/BMSCommon: bundle not exist -n com.huawei.hmsapp.totemweather -u 100 -i 0 -f 32
09-10 01:19:30.385   782  1040 W C01121/BMSQuery: GetBundleInfo failed -n com.huawei.hmsapp.totemweather -u 100
09-10 01:19:30.385   490  2348 E C01651/BundleMgrProxy: GetBundleInfoFromBMS: GetBundleInfo failed!bundleName is com.huawei.hmsapp.totemweather, userId is 100
09-10 01:19:30.385   490  2348 E C01651/DataProviderConfig: GetFromProxyData: Get bundleInfo failed! bundleName:com.huawei.hmsapp.totemweather, userId:100, visitedId:100, uri:******icIconInfo
09-10 01:19:30.385   490  2348 E C01651/DataShareServiceImpl: GetBMSAndMetaDataStatus: CalledInfo failed! token:0x2002a7c3,ret:1001,uri:******icIconInfo
09-10 01:19:30.385   490  2348 E C01651/DataShareServiceImpl: GetSilentProxyStatus: BMS or metaData not ready to complete, token:0x2002a7c3, uri:******icIconInfo
09-10 01:19:30.385  2458  2458 E A01c06/ICON: AppIconWeatherModel --> get weather info failed, code: 15700010, message: The DataShareHelper is not initialized successfully.
09-10 01:19:30.917 24795 24795 W C02c02/PARAM: Selinux check name persist.init.debug.loglevel in u:object_r:startup_init_param:s0 [24795 2000 2000] failed
09-10 01:19:30.917 24795 24795 W C02c02/PARAM: Selinux check name persist.init.debug.loglevel in u:object_r:startup_init_param:s0 [24795 2000 2000] failed
09-10 01:19:30.917 24795 24795 W C02c02/PARAM: SystemReadParam failed!name is:persist.init.debug.loglevel,err:1002
09-10 01:19:30.920 24795 24795 W C02c02/PARAM: Selinux check name persist.init.debug.loglevel in u:object_r:startup_init_param:s0 [24795 2000 2000] failed
09-10 01:19:30.920 24795 24795 W C02c02/PARAM: Selinux check name persist.init.debug.loglevel in u:object_r:startup_init_param:s0 [24795 2000 2000] failed
09-10 01:19:30.920 24795 24795 W C02c02/PARAM: SystemReadParam failed!name is:persist.init.debug.loglevel,err:1002
09-10 01:19:31.163 24798 24798 W C02c02/PARAM: Selinux check name persist.init.debug.loglevel in u:object_r:startup_init_param:s0 [24798 2000 2000] failed
09-10 01:19:31.163 24798 24798 W C02c02/PARAM: Selinux check name persist.init.debug.loglevel in u:object_r:startup_init_param:s0 [24798 2000 2000] failed
09-10 01:19:31.163 24798 24798 W C02c02/PARAM: SystemReadParam failed!name is:persist.init.debug.loglevel,err:1002
09-10 01:19:31.166 24801 24801 W C02c02/PARAM: Selinux check name persist.init.debug.loglevel in u:object_r:startup_init_param:s0 [24801 2000 2000] failed
09-10 01:19:31.166 24801 24801 W C02c02/PARAM: Selinux check name persist.init.debug.loglevel in u:object_r:startup_init_param:s0 [24801 2000 2000] failed
09-10 01:19:31.166 24801 24801 W C02c02/PARAM: SystemReadParam failed!name is:persist.init.debug.loglevel,err:1002
09-10 01:19:31.166 24802 24802 W C02c02/PARAM: Selinux check name persist.init.debug.loglevel in u:object_r:startup_init_param:s0 [24802 2000 2000] failed
09-10 01:19:31.166 24802 24802 W C02c02/PARAM: Selinux check name persist.init.debug.loglevel in u:object_r:startup_init_param:s0 [24802 2000 2000] failed
09-10 01:19:31.166 24802 24802 W C02c02/PARAM: SystemReadParam failed!name is:persist.init.debug.loglevel,err:1002
09-10 01:19:31.166 24800 24800 W C02c02/PARAM: Selinux check name persist.init.debug.loglevel in u:object_r:startup_init_param:s0 [24800 2000 2000] failed
09-10 01:19:31.166 24800 24800 W C02c02/PARAM: Selinux check name persist.init.debug.loglevel in u:object_r:startup_init_param:s0 [24800 2000 2000] failed
09-10 01:19:31.166 24800 24800 W C02c02/PARAM: SystemReadParam failed!name is:persist.init.debug.loglevel,err:1002
09-10 01:19:31.170 24803 24803 W C02c02/PARAM: Selinux check name persist.init.debug.loglevel in u:object_r:startup_init_param:s0 [24803 2000 2000] failed
09-10 01:19:31.171 24803 24803 W C02c02/PARAM: Selinux check name persist.init.debug.loglevel in u:object_r:startup_init_param:s0 [24803 2000 2000] failed
09-10 01:19:31.171 24803 24803 W C02c02/PARAM: SystemReadParam failed!name is:persist.init.debug.loglevel,err:1002
09-10 01:19:31.171 24804 24804 W C02c02/PARAM: Selinux check name persist.init.debug.loglevel in u:object_r:startup_init_param:s0 [24804 2000 2000] failed
09-10 01:19:31.171 24804 24804 W C02c02/PARAM: Selinux check name persist.init.debug.loglevel in u:object_r:startup_init_param:s0 [24804 2000 2000] failed
09-10 01:19:31.171 24804 24804 W C02c02/PARAM: SystemReadParam failed!name is:persist.init.debug.loglevel,err:1002
09-10 01:19:31.181 24806 24806 W C02c02/PARAM: Selinux check name persist.init.debug.loglevel in u:object_r:startup_init_param:s0 [24806 2000 2000] failed
09-10 01:19:31.181 24806 24806 W C02c02/PARAM: Selinux check name persist.init.debug.loglevel in u:object_r:startup_init_param:s0 [24806 2000 2000] failed
09-10 01:19:31.181 24806 24806 W C02c02/PARAM: SystemReadParam failed!name is:persist.init.debug.loglevel,err:1002
09-10 01:19:31.185 24808 24808 I C02d20/DumperService: SetCmdArgs# hidumper cmd:hidumper -s 1201 -a -p Faultlogger -LogSuffixWithMs , calllingUid=2000, calllingPid=24808, ppid:24806.
09-10 01:19:31.185 24808 24809 W C057c1/IPCWorkThread: ThreadHandler: proto:0 policy:1 name:OS_IPC_0_24809 invoker:2929763200
09-10 01:19:31.185 24808 24810 W C057c1/IPCWorkThread: ThreadHandler: proto:0 policy:0 name:OS_IPC_1_24810 invoker:2957338112
09-10 01:19:31.185  3904  3905 I C02d20/DumperService: DelayUnloadTask# recieve new request, delay unload task begin, calllingPid=24808
09-10 01:19:31.186   474 29681 I C02d11/Faultlogger: DumpByCommands: DumpRequest: detail:0, list:0, file:, name:, time:-1
09-10 01:19:31.186  3904  3905 I C02d20/DumperService: GetData# SA name:1201 dump success, cmd:-p Faultlogger -LogSuffixWithMs , calllingPid=24808!
09-10 01:19:31.186 24808 24811 W C057c1/IPCWorkThread: ThreadHandler: proto:0 policy:0 name:OS_IPC_2_24811 invoker:2929746560
09-10 01:19:31.374 24813 24813 W C02c02/PARAM: Selinux check name persist.init.debug.loglevel in u:object_r:startup_init_param:s0 [24813 2000 2000] failed
09-10 01:19:31.374 24813 24813 W C02c02/PARAM: Selinux check name persist.init.debug.loglevel in u:object_r:startup_init_param:s0 [24813 2000 2000] failed
09-10 01:19:31.374 24813 24813 W C02c02/PARAM: SystemReadParam failed!name is:persist.init.debug.loglevel,err:1002
09-10 01:19:31.377 24815 24815 W C02c02/PARAM: Selinux check name persist.init.debug.loglevel in u:object_r:startup_init_param:s0 [24815 2000 2000] failed
09-10 01:19:31.377 24815 24815 W C02c02/PARAM: Selinux check name persist.init.debug.loglevel in u:object_r:startup_init_param:s0 [24815 2000 2000] failed
09-10 01:19:31.377 24815 24815 W C02c02/PARAM: SystemReadParam failed!name is:persist.init.debug.loglevel,err:1002
09-10 01:19:31.379 24816 24816 W C02c02/PARAM: Selinux check name persist.init.debug.loglevel in u:object_r:startup_init_param:s0 [24816 2000 2000] failed
09-10 01:19:31.379 24816 24816 W C02c02/PARAM: Selinux check name persist.init.debug.loglevel in u:object_r:startup_init_param:s0 [24816 2000 2000] failed
09-10 01:19:31.379 24816 24816 W C02c02/PARAM: SystemReadParam failed!name is:persist.init.debug.loglevel,err:1002
09-10 01:19:31.388  2458  2458 W A01c06/ICON: AppIconWeatherModel --> initWeatherListener, retryTimes: 4
09-10 01:19:31.389   490  2348 E C01707/CONCUR: [Interface] task 2348 apply qos failed, errno = 4
09-10 01:19:31.390   490  2348 E C01611/QosManager: QosManager: Failed to set thread QoS to QOS_USER_INTERACTIVE, ret: -1
09-10 01:19:31.390   782  1040 W C01123/BMSCommon: bundle not exist -n com.huawei.hmsapp.totemweather -u 100 -i 0 -f 32
09-10 01:19:31.390   782  1040 W C01121/BMSQuery: GetBundleInfo failed -n com.huawei.hmsapp.totemweather -u 100
09-10 01:19:31.390   490  2348 E C01651/BundleMgrProxy: GetBundleInfoFromBMS: GetBundleInfo failed!bundleName is com.huawei.hmsapp.totemweather, userId is 100
09-10 01:19:31.390   490  2348 E C01651/DataProviderConfig: GetFromProxyData: Get bundleInfo failed! bundleName:com.huawei.hmsapp.totemweather, userId:100, visitedId:100, uri:******icIconInfo
09-10 01:19:31.390   490  2348 E C01651/DataShareServiceImpl: GetBMSAndMetaDataStatus: CalledInfo failed! token:0x2002a7c3,ret:1001,uri:******icIconInfo
09-10 01:19:31.390   490  2348 E C01651/DataShareServiceImpl: GetSilentProxyStatus: BMS or metaData not ready to complete, token:0x2002a7c3, uri:******icIconInfo
09-10 01:19:31.390  2458  2458 E A01c06/ICON: AppIconWeatherModel --> get weather info failed, code: 15700010, message: The DataShareHelper is not initialized successfully.
09-10 01:19:31.536   125   125 I C01800/SAMGR: NF SA:65962,832_12101
09-10 01:19:31.739   125   125 I C01800/SAMGR: NF SA:65962,832_12102
09-10 01:19:31.909 24818 24818 W C02c02/PARAM: Selinux check name persist.init.debug.loglevel in u:object_r:startup_init_param:s0 [24818 2000 2000] failed
09-10 01:19:31.909 24818 24818 W C02c02/PARAM: Selinux check name persist.init.debug.loglevel in u:object_r:startup_init_param:s0 [24818 2000 2000] failed
09-10 01:19:31.909 24818 24818 W C02c02/PARAM: SystemReadParam failed!name is:persist.init.debug.loglevel,err:1002
09-10 01:19:31.912 24818 24818 W C02c02/PARAM: Selinux check name persist.init.debug.loglevel in u:object_r:startup_init_param:s0 [24818 2000 2000] failed
09-10 01:19:31.912 24818 24818 W C02c02/PARAM: Selinux check name persist.init.debug.loglevel in u:object_r:startup_init_param:s0 [24818 2000 2000] failed
09-10 01:19:31.912 24818 24818 W C02c02/PARAM: SystemReadParam failed!name is:persist.init.debug.loglevel,err:1002
09-10 01:19:31.939   125   125 I C01800/SAMGR: NF SA:65962,832_12103
09-10 01:19:32.147   125   125 I C01800/SAMGR: NF SA:65962,832_12104
09-10 01:19:32.165 24821 24821 W C02c02/PARAM: Selinux check name persist.init.debug.loglevel in u:object_r:startup_init_param:s0 [24821 2000 2000] failed
09-10 01:19:32.165 24821 24821 W C02c02/PARAM: Selinux check name persist.init.debug.loglevel in u:object_r:startup_init_param:s0 [24821 2000 2000] failed
09-10 01:19:32.165 24821 24821 W C02c02/PARAM: SystemReadParam failed!name is:persist.init.debug.loglevel,err:1002
09-10 01:19:32.168 24824 24824 W C02c02/PARAM: Selinux check name persist.init.debug.loglevel in u:object_r:startup_init_param:s0 [24824 2000 2000] failed
09-10 01:19:32.168 24824 24824 W C02c02/PARAM: Selinux check name persist.init.debug.loglevel in u:object_r:startup_init_param:s0 [24824 2000 2000] failed
09-10 01:19:32.168 24824 24824 W C02c02/PARAM: SystemReadParam failed!name is:persist.init.debug.loglevel,err:1002
09-10 01:19:32.168 24825 24825 W C02c02/PARAM: Selinux check name persist.init.debug.loglevel in u:object_r:startup_init_param:s0 [24825 2000 2000] failed
09-10 01:19:32.168 24825 24825 W C02c02/PARAM: Selinux check name persist.init.debug.loglevel in u:object_r:startup_init_param:s0 [24825 2000 2000] failed
09-10 01:19:32.168 24825 24825 W C02c02/PARAM: SystemReadParam failed!name is:persist.init.debug.loglevel,err:1002
09-10 01:19:32.168 24823 24823 W C02c02/PARAM: Selinux check name persist.init.debug.loglevel in u:object_r:startup_init_param:s0 [24823 2000 2000] failed
09-10 01:19:32.168 24823 24823 W C02c02/PARAM: Selinux check name persist.init.debug.loglevel in u:object_r:startup_init_param:s0 [24823 2000 2000] failed
09-10 01:19:32.168 24823 24823 W C02c02/PARAM: SystemReadParam failed!name is:persist.init.debug.loglevel,err:1002
09-10 01:19:32.173 24827 24827 W C02c02/PARAM: Selinux check name persist.init.debug.loglevel in u:object_r:startup_init_param:s0 [24827 2000 2000] failed
09-10 01:19:32.173 24827 24827 W C02c02/PARAM: Selinux check name persist.init.debug.loglevel in u:object_r:startup_init_param:s0 [24827 2000 2000] failed
09-10 01:19:32.173 24827 24827 W C02c02/PARAM: SystemReadParam failed!name is:persist.init.debug.loglevel,err:1002
09-10 01:19:32.173 24826 24826 W C02c02/PARAM: Selinux check name persist.init.debug.loglevel in u:object_r:startup_init_param:s0 [24826 2000 2000] failed
09-10 01:19:32.173 24826 24826 W C02c02/PARAM: Selinux check name persist.init.debug.loglevel in u:object_r:startup_init_param:s0 [24826 2000 2000] failed
09-10 01:19:32.173 24826 24826 W C02c02/PARAM: SystemReadParam failed!name is:persist.init.debug.loglevel,err:1002
09-10 01:19:32.348   125   125 I C01800/SAMGR: NF SA:65962,832_12105
09-10 01:19:32.378 24829 24829 W C02c02/PARAM: Selinux check name persist.init.debug.loglevel in u:object_r:startup_init_param:s0 [24829 2000 2000] failed
09-10 01:19:32.378 24829 24829 W C02c02/PARAM: Selinux check name persist.init.debug.loglevel in u:object_r:startup_init_param:s0 [24829 2000 2000] failed
09-10 01:19:32.378 24829 24829 W C02c02/PARAM: SystemReadParam failed!name is:persist.init.debug.loglevel,err:1002
09-10 01:19:32.380 24831 24831 W C02c02/PARAM: Selinux check name persist.init.debug.loglevel in u:object_r:startup_init_param:s0 [24831 2000 2000] failed
09-10 01:19:32.380 24831 24831 W C02c02/PARAM: Selinux check name persist.init.debug.loglevel in u:object_r:startup_init_param:s0 [24831 2000 2000] failed
09-10 01:19:32.380 24831 24831 W C02c02/PARAM: SystemReadParam failed!name is:persist.init.debug.loglevel,err:1002
09-10 01:19:32.383 24832 24832 W C02c02/PARAM: Selinux check name persist.init.debug.loglevel in u:object_r:startup_init_param:s0 [24832 2000 2000] failed
09-10 01:19:32.383 24832 24832 W C02c02/PARAM: Selinux check name persist.init.debug.loglevel in u:object_r:startup_init_param:s0 [24832 2000 2000] failed
09-10 01:19:32.383 24832 24832 W C02c02/PARAM: SystemReadParam failed!name is:persist.init.debug.loglevel,err:1002
09-10 01:19:32.392  2458  2458 W A01c06/ICON: AppIconWeatherModel --> initWeatherListener, retryTimes: 4
09-10 01:19:32.393   490  2348 E C01707/CONCUR: [Interface] task 2348 apply qos failed, errno = 4
09-10 01:19:32.393   490  2348 E C01611/QosManager: QosManager: Failed to set thread QoS to QOS_USER_INTERACTIVE, ret: -1
09-10 01:19:32.393   782  1040 W C01123/BMSCommon: bundle not exist -n com.huawei.hmsapp.totemweather -u 100 -i 0 -f 32
09-10 01:19:32.393   782  1040 W C01121/BMSQuery: GetBundleInfo failed -n com.huawei.hmsapp.totemweather -u 100
09-10 01:19:32.394   490  2348 E C01651/BundleMgrProxy: GetBundleInfoFromBMS: GetBundleInfo failed!bundleName is com.huawei.hmsapp.totemweather, userId is 100
09-10 01:19:32.394   490  2348 E C01651/DataProviderConfig: GetFromProxyData: Get bundleInfo failed! bundleName:com.huawei.hmsapp.totemweather, userId:100, visitedId:100, uri:******icIconInfo
09-10 01:19:32.394   490  2348 E C01651/DataShareServiceImpl: GetBMSAndMetaDataStatus: CalledInfo failed! token:0x2002a7c3,ret:1001,uri:******icIconInfo
09-10 01:19:32.394   490  2348 E C01651/DataShareServiceImpl: GetSilentProxyStatus: BMS or metaData not ready to complete, token:0x2002a7c3, uri:******icIconInfo
09-10 01:19:32.394  2458  2458 E A01c06/ICON: AppIconWeatherModel --> get weather info failed, code: 15700010, message: The DataShareHelper is not initialized successfully.
09-10 01:19:32.551   125   125 I C01800/SAMGR: NF SA:65962,832_12106
09-10 01:19:32.752   125   125 I C01800/SAMGR: NF SA:65962,832_12107
09-10 01:19:32.752   832   925 E C01810/SA_CLIENT: GetSaWrap SA:65962 not start
09-10 01:19:32.752   832   925 I C01409/APS_MANAGER: request system service object is not ready yet!
09-10 01:19:32.801  1292 24655 I C02300/FenceExtension: start connectAbility,userId:-1
09-10 01:19:32.801  1292 24655 I C02300/FenceExtension: ConnectAbility
09-10 01:19:32.801  1292 24655 I C01342/ServiceExt: [AMC590]name:com.huawei.hmos.location SAFeatureServiceExtensionAbility, userId:-1
09-10 01:19:32.801   782  1040 I C01342/ServiceExt: [a92ab19524c3b9d, 1500893, 0] [ABMS5452]element: com.huawei.hmos.location/SAFeatureServiceExtensionAbility
09-10 01:19:32.801   782  1040 W C01123/BMSCommon: [a92ab19524c3b9d, 1500893, 0] uid(1021) invalid
09-10 01:19:32.802   782  1040 I C01336/AMS: [a92ab19524c3b9d, 1500893, 0] [start_ability_utils.cpp54]appIndex:-1
09-10 01:19:32.802   782  1040 I C01121/BMSQuery: [a92ab19524c3b9d, 1500893, 0] ExplicitQueryAbility no match -n com.huawei.hmos.location -a SAFeatureServiceExtensionAbility -u 100 -i 0
09-10 01:19:32.802   782  1040 W C01121/BMSQuery: [a92ab19524c3b9d, 1500893, 0] bundle_data_mgr.cpp:ExplicitQueryExtensionInfo:7082 extensionAbility not found or disabled
09-10 01:19:32.802   782  1040 I C01121/BMSQuery: [a92ab19524c3b9d, 1500893, 0] ExplicitQueryExtension size:0 -n com.huawei.hmos.location -e SAFeatureServiceExtensionAbility -u 100 -i 0
09-10 01:19:32.802   782  1040 W C01121/BMSQuery: [a92ab19524c3b9d, 1500893, 0] bundle_mgr_host_impl.cpp:QueryExtensionAbilityInfos:3360 no valid extension info can be inquired
09-10 01:19:32.802   782  1040 E C01336/AMS: [a92ab19524c3b9d, 1500893, 0] [start_ability_utils.cpp290]extensionInfo empty
09-10 01:19:32.802   782  1040 E C01342/ServiceExt: [a92ab19524c3b9d, 1500893, 0] [ABMS5755]generate request error
09-10 01:19:32.802  1292 24655 E C02300/FenceExtension: [(DoConnect:153)]CONNECT_ABILITY_FAILED,ret:2097152
09-10 01:19:32.802  1292 24655 I C02300/FenceExtension: start connectAbility,userId:-1
09-10 01:19:32.802  1292 24655 I C02300/FenceExtension: ConnectAbility
09-10 01:19:32.802  1292 24655 I C01342/ServiceExt: [AMC590]name:com.huawei.hmos.location SAFeatureServiceExtensionAbility, userId:-1
09-10 01:19:32.802   782  1040 I C01342/ServiceExt: [a92ab29524c3e75, 2bff703, 0] [ABMS5452]element: com.huawei.hmos.location/SAFeatureServiceExtensionAbility
09-10 01:19:32.802   782  1040 W C01123/BMSCommon: [a92ab29524c3e75, 2bff703, 0] uid(1021) invalid
09-10 01:19:32.802   782  1040 I C01336/AMS: [a92ab29524c3e75, 2bff703, 0] [start_ability_utils.cpp54]appIndex:-1
09-10 01:19:32.802   782  1040 I C01121/BMSQuery: [a92ab29524c3e75, 2bff703, 0] ExplicitQueryAbility no match -n com.huawei.hmos.location -a SAFeatureServiceExtensionAbility -u 100 -i 0
09-10 01:19:32.802   782  1040 W C01121/BMSQuery: [a92ab29524c3e75, 2bff703, 0] bundle_data_mgr.cpp:ExplicitQueryExtensionInfo:7082 extensionAbility not found or disabled
09-10 01:19:32.802   782  1040 I C01121/BMSQuery: [a92ab29524c3e75, 2bff703, 0] ExplicitQueryExtension size:0 -n com.huawei.hmos.location -e SAFeatureServiceExtensionAbility -u 100 -i 0
09-10 01:19:32.802   782  1040 W C01121/BMSQuery: [a92ab29524c3e75, 2bff703, 0] bundle_mgr_host_impl.cpp:QueryExtensionAbilityInfos:3360 no valid extension info can be inquired
09-10 01:19:32.802   782  1040 E C01336/AMS: [a92ab29524c3e75, 2bff703, 0] [start_ability_utils.cpp290]extensionInfo empty
09-10 01:19:32.802   782  1040 E C01342/ServiceExt: [a92ab29524c3e75, 2bff703, 0] [ABMS5755]generate request error
09-10 01:19:32.803  1292 24655 E C02300/FenceExtension: [(DoConnect:153)]CONNECT_ABILITY_FAILED,ret:2097152
09-10 01:19:32.803  1292 24655 W C02300/FenceExtension: connect failed,retry again
09-10 01:19:32.832  3290  3290 I C02500/Qemud: Guest heartbeat success.
09-10 01:19:32.918 24834 24834 W C02c02/PARAM: Selinux check name persist.init.debug.loglevel in u:object_r:startup_init_param:s0 [24834 2000 2000] failed
09-10 01:19:32.918 24834 24834 W C02c02/PARAM: Selinux check name persist.init.debug.loglevel in u:object_r:startup_init_param:s0 [24834 2000 2000] failed
09-10 01:19:32.918 24834 24834 W C02c02/PARAM: SystemReadParam failed!name is:persist.init.debug.loglevel,err:1002
09-10 01:19:32.921 24834 24834 W C02c02/PARAM: Selinux check name persist.init.debug.loglevel in u:object_r:startup_init_param:s0 [24834 2000 2000] failed
09-10 01:19:32.921 24834 24834 W C02c02/PARAM: Selinux check name persist.init.debug.loglevel in u:object_r:startup_init_param:s0 [24834 2000 2000] failed
09-10 01:19:32.921 24834 24834 W C02c02/PARAM: SystemReadParam failed!name is:persist.init.debug.loglevel,err:1002
09-10 01:19:33.169 24837 24837 W C02c02/PARAM: Selinux check name persist.init.debug.loglevel in u:object_r:startup_init_param:s0 [24837 2000 2000] failed
09-10 01:19:33.169 24837 24837 W C02c02/PARAM: Selinux check name persist.init.debug.loglevel in u:object_r:startup_init_param:s0 [24837 2000 2000] failed
09-10 01:19:33.169 24837 24837 W C02c02/PARAM: SystemReadParam failed!name is:persist.init.debug.loglevel,err:1002
09-10 01:19:33.172 24841 24841 W C02c02/PARAM: Selinux check name persist.init.debug.loglevel in u:object_r:startup_init_param:s0 [24841 2000 2000] failed
09-10 01:19:33.172 24841 24841 W C02c02/PARAM: Selinux check name persist.init.debug.loglevel in u:object_r:startup_init_param:s0 [24841 2000 2000] failed
09-10 01:19:33.172 24841 24841 W C02c02/PARAM: SystemReadParam failed!name is:persist.init.debug.loglevel,err:1002
09-10 01:19:33.172 24839 24839 W C02c02/PARAM: Selinux check name persist.init.debug.loglevel in u:object_r:startup_init_param:s0 [24839 2000 2000] failed
09-10 01:19:33.172 24839 24839 W C02c02/PARAM: Selinux check name persist.init.debug.loglevel in u:object_r:startup_init_param:s0 [24839 2000 2000] failed
09-10 01:19:33.172 24839 24839 W C02c02/PARAM: SystemReadParam failed!name is:persist.init.debug.loglevel,err:1002
09-10 01:19:33.172 24840 24840 W C02c02/PARAM: Selinux check name persist.init.debug.loglevel in u:object_r:startup_init_param:s0 [24840 2000 2000] failed
09-10 01:19:33.173 24840 24840 W C02c02/PARAM: Selinux check name persist.init.debug.loglevel in u:object_r:startup_init_param:s0 [24840 2000 2000] failed
09-10 01:19:33.173 24840 24840 W C02c02/PARAM: SystemReadParam failed!name is:persist.init.debug.loglevel,err:1002
09-10 01:19:33.177 24842 24842 W C02c02/PARAM: Selinux check name persist.init.debug.loglevel in u:object_r:startup_init_param:s0 [24842 2000 2000] failed
09-10 01:19:33.177 24842 24842 W C02c02/PARAM: Selinux check name persist.init.debug.loglevel in u:object_r:startup_init_param:s0 [24842 2000 2000] failed
09-10 01:19:33.177 24842 24842 W C02c02/PARAM: SystemReadParam failed!name is:persist.init.debug.loglevel,err:1002
09-10 01:19:33.177 24843 24843 W C02c02/PARAM: Selinux check name persist.init.debug.loglevel in u:object_r:startup_init_param:s0 [24843 2000 2000] failed
09-10 01:19:33.177 24843 24843 W C02c02/PARAM: Selinux check name persist.init.debug.loglevel in u:object_r:startup_init_param:s0 [24843 2000 2000] failed
09-10 01:19:33.177 24843 24843 W C02c02/PARAM: SystemReadParam failed!name is:persist.init.debug.loglevel,err:1002
09-10 01:19:33.383 24845 24845 W C02c02/PARAM: Selinux check name persist.init.debug.loglevel in u:object_r:startup_init_param:s0 [24845 2000 2000] failed
09-10 01:19:33.383 24845 24845 W C02c02/PARAM: Selinux check name persist.init.debug.loglevel in u:object_r:startup_init_param:s0 [24845 2000 2000] failed
09-10 01:19:33.383 24845 24845 W C02c02/PARAM: SystemReadParam failed!name is:persist.init.debug.loglevel,err:1002
09-10 01:19:33.386 24847 24847 W C02c02/PARAM: Selinux check name persist.init.debug.loglevel in u:object_r:startup_init_param:s0 [24847 2000 2000] failed
09-10 01:19:33.386 24847 24847 W C02c02/PARAM: Selinux check name persist.init.debug.loglevel in u:object_r:startup_init_param:s0 [24847 2000 2000] failed
09-10 01:19:33.386 24847 24847 W C02c02/PARAM: SystemReadParam failed!name is:persist.init.debug.loglevel,err:1002
09-10 01:19:33.389 24848 24848 W C02c02/PARAM: Selinux check name persist.init.debug.loglevel in u:object_r:startup_init_param:s0 [24848 2000 2000] failed
09-10 01:19:33.389 24848 24848 W C02c02/PARAM: Selinux check name persist.init.debug.loglevel in u:object_r:startup_init_param:s0 [24848 2000 2000] failed
09-10 01:19:33.389 24848 24848 W C02c02/PARAM: SystemReadParam failed!name is:persist.init.debug.loglevel,err:1002
09-10 01:19:33.395  2458  2458 W A01c06/ICON: AppIconWeatherModel --> initWeatherListener, retryTimes: 4
09-10 01:19:33.397   490  2348 E C01707/CONCUR: [Interface] task 2348 apply qos failed, errno = 4
09-10 01:19:33.397   490  2348 E C01611/QosManager: QosManager: Failed to set thread QoS to QOS_USER_INTERACTIVE, ret: -1
09-10 01:19:33.397   782  1040 W C01123/BMSCommon: bundle not exist -n com.huawei.hmsapp.totemweather -u 100 -i 0 -f 32
09-10 01:19:33.397   782  1040 W C01121/BMSQuery: GetBundleInfo failed -n com.huawei.hmsapp.totemweather -u 100
09-10 01:19:33.397   490  2348 E C01651/BundleMgrProxy: GetBundleInfoFromBMS: GetBundleInfo failed!bundleName is com.huawei.hmsapp.totemweather, userId is 100
09-10 01:19:33.397   490  2348 E C01651/DataProviderConfig: GetFromProxyData: Get bundleInfo failed! bundleName:com.huawei.hmsapp.totemweather, userId:100, visitedId:100, uri:******icIconInfo
09-10 01:19:33.397   490  2348 E C01651/DataShareServiceImpl: GetBMSAndMetaDataStatus: CalledInfo failed! token:0x2002a7c3,ret:1001,uri:******icIconInfo
09-10 01:19:33.397   490  2348 E C01651/DataShareServiceImpl: GetSilentProxyStatus: BMS or metaData not ready to complete, token:0x2002a7c3, uri:******icIconInfo
09-10 01:19:33.397  2458  2458 E A01c06/ICON: AppIconWeatherModel --> get weather info failed, code: 15700010, message: The DataShareHelper is not initialized successfully.
09-10 01:19:33.435   474  1280 E C02d66/XPerf: [InquiryOhImpl::ExtractStringValue] Canonical FilePath: /sys/class/ithermal/lpm/lpm_freq failed.
09-10 01:19:33.435   474  1280 E C02d66/XPerf: [InquiryOhImpl::ExtractStringValue] Canonical FilePath: /sys/class/power_supply/Battery/status failed.
09-10 01:19:33.914 24851 24851 W C02c02/PARAM: Selinux check name persist.init.debug.loglevel in u:object_r:startup_init_param:s0 [24851 2000 2000] failed
09-10 01:19:33.914 24851 24851 W C02c02/PARAM: Selinux check name persist.init.debug.loglevel in u:object_r:startup_init_param:s0 [24851 2000 2000] failed
09-10 01:19:33.914 24851 24851 W C02c02/PARAM: SystemReadParam failed!name is:persist.init.debug.loglevel,err:1002
09-10 01:19:33.916 24851 24851 W C02c02/PARAM: Selinux check name persist.init.debug.loglevel in u:object_r:startup_init_param:s0 [24851 2000 2000] failed
09-10 01:19:33.916 24851 24851 W C02c02/PARAM: Selinux check name persist.init.debug.loglevel in u:object_r:startup_init_param:s0 [24851 2000 2000] failed
09-10 01:19:33.917 24851 24851 W C02c02/PARAM: SystemReadParam failed!name is:persist.init.debug.loglevel,err:1002
09-10 01:19:34.167 24854 24854 W C02c02/PARAM: Selinux check name persist.init.debug.loglevel in u:object_r:startup_init_param:s0 [24854 2000 2000] failed
09-10 01:19:34.167 24854 24854 W C02c02/PARAM: Selinux check name persist.init.debug.loglevel in u:object_r:startup_init_param:s0 [24854 2000 2000] failed
09-10 01:19:34.167 24854 24854 W C02c02/PARAM: SystemReadParam failed!name is:persist.init.debug.loglevel,err:1002
09-10 01:19:34.170 24857 24857 W C02c02/PARAM: Selinux check name persist.init.debug.loglevel in u:object_r:startup_init_param:s0 [24857 2000 2000] failed
09-10 01:19:34.170 24857 24857 W C02c02/PARAM: Selinux check name persist.init.debug.loglevel in u:object_r:startup_init_param:s0 [24857 2000 2000] failed
09-10 01:19:34.170 24858 24858 W C02c02/PARAM: Selinux check name persist.init.debug.loglevel in u:object_r:startup_init_param:s0 [24858 2000 2000] failed
09-10 01:19:34.170 24857 24857 W C02c02/PARAM: SystemReadParam failed!name is:persist.init.debug.loglevel,err:1002
09-10 01:19:34.170 24858 24858 W C02c02/PARAM: Selinux check name persist.init.debug.loglevel in u:object_r:startup_init_param:s0 [24858 2000 2000] failed
09-10 01:19:34.170 24858 24858 W C02c02/PARAM: SystemReadParam failed!name is:persist.init.debug.loglevel,err:1002
09-10 01:19:34.172 24856 24856 W C02c02/PARAM: Selinux check name persist.init.debug.loglevel in u:object_r:startup_init_param:s0 [24856 2000 2000] failed
09-10 01:19:34.172 24856 24856 W C02c02/PARAM: Selinux check name persist.init.debug.loglevel in u:object_r:startup_init_param:s0 [24856 2000 2000] failed
09-10 01:19:34.172 24856 24856 W C02c02/PARAM: SystemReadParam failed!name is:persist.init.debug.loglevel,err:1002
09-10 01:19:34.176 24859 24859 W C02c02/PARAM: Selinux check name persist.init.debug.loglevel in u:object_r:startup_init_param:s0 [24859 2000 2000] failed
09-10 01:19:34.176 24860 24860 W C02c02/PARAM: Selinux check name persist.init.debug.loglevel in u:object_r:startup_init_param:s0 [24860 2000 2000] failed
09-10 01:19:34.176 24860 24860 W C02c02/PARAM: Selinux check name persist.init.debug.loglevel in u:object_r:startup_init_param:s0 [24860 2000 2000] failed
09-10 01:19:34.176 24860 24860 W C02c02/PARAM: SystemReadParam failed!name is:persist.init.debug.loglevel,err:1002
09-10 01:19:34.176 24859 24859 W C02c02/PARAM: Selinux check name persist.init.debug.loglevel in u:object_r:startup_init_param:s0 [24859 2000 2000] failed
09-10 01:19:34.176 24859 24859 W C02c02/PARAM: SystemReadParam failed!name is:persist.init.debug.loglevel,err:1002
09-10 01:19:34.381 24862 24862 W C02c02/PARAM: Selinux check name persist.init.debug.loglevel in u:object_r:startup_init_param:s0 [24862 2000 2000] failed
09-10 01:19:34.381 24862 24862 W C02c02/PARAM: Selinux check name persist.init.debug.loglevel in u:object_r:startup_init_param:s0 [24862 2000 2000] failed
09-10 01:19:34.381 24862 24862 W C02c02/PARAM: SystemReadParam failed!name is:persist.init.debug.loglevel,err:1002
09-10 01:19:34.384 24864 24864 W C02c02/PARAM: Selinux check name persist.init.debug.loglevel in u:object_r:startup_init_param:s0 [24864 2000 2000] failed
09-10 01:19:34.384 24864 24864 W C02c02/PARAM: Selinux check name persist.init.debug.loglevel in u:object_r:startup_init_param:s0 [24864 2000 2000] failed
09-10 01:19:34.384 24864 24864 W C02c02/PARAM: SystemReadParam failed!name is:persist.init.debug.loglevel,err:1002
09-10 01:19:34.387 24865 24865 W C02c02/PARAM: Selinux check name persist.init.debug.loglevel in u:object_r:startup_init_param:s0 [24865 2000 2000] failed
09-10 01:19:34.387 24865 24865 W C02c02/PARAM: Selinux check name persist.init.debug.loglevel in u:object_r:startup_init_param:s0 [24865 2000 2000] failed
09-10 01:19:34.387 24865 24865 W C02c02/PARAM: SystemReadParam failed!name is:persist.init.debug.loglevel,err:1002
09-10 01:19:34.400  2458  2458 W A01c06/ICON: AppIconWeatherModel --> initWeatherListener, retryTimes: 4
09-10 01:19:34.402   490  2348 E C01707/CONCUR: [Interface] task 2348 apply qos failed, errno = 4
09-10 01:19:34.402   490  2348 E C01611/QosManager: QosManager: Failed to set thread QoS to QOS_USER_INTERACTIVE, ret: -1
09-10 01:19:34.402   782  1040 W C01123/BMSCommon: bundle not exist -n com.huawei.hmsapp.totemweather -u 100 -i 0 -f 32
09-10 01:19:34.402   782  1040 W C01121/BMSQuery: GetBundleInfo failed -n com.huawei.hmsapp.totemweather -u 100
09-10 01:19:34.402   490  2348 E C01651/BundleMgrProxy: GetBundleInfoFromBMS: GetBundleInfo failed!bundleName is com.huawei.hmsapp.totemweather, userId is 100
09-10 01:19:34.402   490  2348 E C01651/DataProviderConfig: GetFromProxyData: Get bundleInfo failed! bundleName:com.huawei.hmsapp.totemweather, userId:100, visitedId:100, uri:******icIconInfo
09-10 01:19:34.402   490  2348 E C01651/DataShareServiceImpl: GetBMSAndMetaDataStatus: CalledInfo failed! token:0x2002a7c3,ret:1001,uri:******icIconInfo
09-10 01:19:34.402   490  2348 E C01651/DataShareServiceImpl: GetSilentProxyStatus: BMS or metaData not ready to complete, token:0x2002a7c3, uri:******icIconInfo
09-10 01:19:34.402  2458  2458 E A01c06/ICON: AppIconWeatherModel --> get weather info failed, code: 15700010, message: The DataShareHelper is not initialized successfully.
09-10 01:19:34.620   592   812 W C02943/ThermalHdi: Read node failed, title = brightness
09-10 01:19:34.621   592   812 W C02943/ThermalHdi: Read node failed, title = 
09-10 01:19:34.621   592   812 W C02943/ThermalHdi: Read node failed, title = 
09-10 01:19:34.621   592   812 W C02943/ThermalHdi: Read node failed, title = 
09-10 01:19:34.621   592   812 W C02943/ThermalHdi: Read node failed, title = 
09-10 01:19:34.621   592   812 W C02943/ThermalHdi: Read node failed, title = 
09-10 01:19:34.621   592   812 W C02943/ThermalHdi: Read node failed, title = 
09-10 01:19:34.621   592   812 W C02943/ThermalHdi: Read node failed, title = 
09-10 01:19:34.621   592   812 W C02943/ThermalHdi: Read node failed, title = 
09-10 01:19:34.621   592   812 W C02943/ThermalHdi: Read node failed, title = 
09-10 01:19:34.621   592   812 W C02943/ThermalHdi: Read node failed, title = 
09-10 01:19:34.621   592   812 W C02943/ThermalHdi: Read node failed, title = 
09-10 01:19:34.621   592   812 W C02943/ThermalHdi: Read node failed, title = 
09-10 01:19:34.621   592   812 W C02943/ThermalHdi: Read node failed, title = 
09-10 01:19:34.621   592   812 W C02943/ThermalHdi: Read node failed, title = 
09-10 01:19:34.621   592   812 W C02943/ThermalHdi: Read node failed, title = 
09-10 01:19:34.621   592   812 W C02943/ThermalHdi: Read node failed, title = 
09-10 01:19:34.621   592   812 W C02943/ThermalHdi: Read node failed, title = 
09-10 01:19:34.621   592   812 W C02943/ThermalHdi: Read node failed, title = 
09-10 01:19:34.621   592   812 W C02943/ThermalHdi: Read node failed, title = 
09-10 01:19:34.621   592   812 W C02943/ThermalHdi: Read node failed, title = 
09-10 01:19:34.621   592   812 W C02943/ThermalHdi: Read node failed, title = 
09-10 01:19:34.621   592   812 W C02943/ThermalHdi: Read node failed, title = 
09-10 01:19:34.621   592   812 W C02943/ThermalHdi: Read node failed, title = 
09-10 01:19:34.621   592   812 W C02943/ThermalHdi: Read node failed, title = 
09-10 01:19:34.621   592   812 W C02943/ThermalHdi: Read node failed, title = ambient
09-10 01:19:34.621   592   812 W C02943/ThermalHdi: Read node failed, title = ibat
09-10 01:19:34.621   592   812 W C02943/ThermalHdi: Read node failed, title = vbat
09-10 01:19:34.621   592   812 W C02943/ThermalHdi: Read node failed, title = cpu0_min_freq
09-10 01:19:34.621   592   812 W C02943/ThermalHdi: Read node failed, title = cpu0_cur_freq
09-10 01:19:34.621   592   812 W C02943/ThermalHdi: Read node failed, title = cpu0_max_freq
09-10 01:19:34.621   592   812 W C02943/ThermalHdi: Read node failed, title = cpu4_min_freq
09-10 01:19:34.621   592   812 W C02943/ThermalHdi: Read node failed, title = cpu4_cur_freq
09-10 01:19:34.621   592   812 W C02943/ThermalHdi: Read node failed, title = cpu4_max_freq
09-10 01:19:34.621   592   812 W C02943/ThermalHdi: Read node failed, title = cpu7_min_freq
09-10 01:19:34.621   592   812 W C02943/ThermalHdi: Read node failed, title = cpu7_cur_freq
09-10 01:19:34.621   592   812 W C02943/ThermalHdi: Read node failed, title = cpu7_max_freq
09-10 01:19:34.621   592   812 W C02943/ThermalHdi: Read node failed, title = gpu_min_freq
09-10 01:19:34.621   592   812 W C02943/ThermalHdi: Read node failed, title = gpu_cur_freq
09-10 01:19:34.621   592   812 W C02943/ThermalHdi: Read node failed, title = gpu_max_freq
09-10 01:19:34.621   592   812 W C02943/ThermalHdi: Read node failed, title = ddr_cur_freq
09-10 01:19:34.621   592   812 W C02943/ThermalHdi: Read node failed, title = set_IPApower
09-10 01:19:34.621   592   812 W C02943/ThermalHdi: Read node failed, title = cur_IPApower
09-10 01:19:34.621   592   812 W C02943/ThermalHdi: get node failed
09-10 01:19:34.621   592   812 W C02943/ThermalHdi: get node failed
09-10 01:19:34.621   592   812 W C02943/ThermalHdi: get node failed
09-10 01:19:34.754   125   125 I C01800/SAMGR: NF SA:65962,832_12108
09-10 01:19:34.924 24867 24867 W C02c02/PARAM: Selinux check name persist.init.debug.loglevel in u:object_r:startup_init_param:s0 [24867 2000 2000] failed
09-10 01:19:34.924 24867 24867 W C02c02/PARAM: Selinux check name persist.init.debug.loglevel in u:object_r:startup_init_param:s0 [24867 2000 2000] failed
09-10 01:19:34.924 24867 24867 W C02c02/PARAM: SystemReadParam failed!name is:persist.init.debug.loglevel,err:1002
09-10 01:19:34.927 24867 24867 W C02c02/PARAM: Selinux check name persist.init.debug.loglevel in u:object_r:startup_init_param:s0 [24867 2000 2000] failed
09-10 01:19:34.927 24867 24867 W C02c02/PARAM: Selinux check name persist.init.debug.loglevel in u:object_r:startup_init_param:s0 [24867 2000 2000] failed
09-10 01:19:34.927 24867 24867 W C02c02/PARAM: SystemReadParam failed!name is:persist.init.debug.loglevel,err:1002
09-10 01:19:34.955   125   125 I C01800/SAMGR: NF SA:65962,832_12109
09-10 01:19:35.155   125   125 I C01800/SAMGR: NF SA:65962,832_12110
09-10 01:19:35.170 24870 24870 W C02c02/PARAM: Selinux check name persist.init.debug.loglevel in u:object_r:startup_init_param:s0 [24870 2000 2000] failed
09-10 01:19:35.170 24870 24870 W C02c02/PARAM: Selinux check name persist.init.debug.loglevel in u:object_r:startup_init_param:s0 [24870 2000 2000] failed
09-10 01:19:35.170 24870 24870 W C02c02/PARAM: SystemReadParam failed!name is:persist.init.debug.loglevel,err:1002
09-10 01:19:35.173 24873 24873 W C02c02/PARAM: Selinux check name persist.init.debug.loglevel in u:object_r:startup_init_param:s0 [24873 2000 2000] failed
09-10 01:19:35.173 24873 24873 W C02c02/PARAM: Selinux check name persist.init.debug.loglevel in u:object_r:startup_init_param:s0 [24873 2000 2000] failed
09-10 01:19:35.173 24873 24873 W C02c02/PARAM: SystemReadParam failed!name is:persist.init.debug.loglevel,err:1002
09-10 01:19:35.173 24874 24874 W C02c02/PARAM: Selinux check name persist.init.debug.loglevel in u:object_r:startup_init_param:s0 [24874 2000 2000] failed
09-10 01:19:35.173 24874 24874 W C02c02/PARAM: Selinux check name persist.init.debug.loglevel in u:object_r:startup_init_param:s0 [24874 2000 2000] failed
09-10 01:19:35.173 24874 24874 W C02c02/PARAM: SystemReadParam failed!name is:persist.init.debug.loglevel,err:1002
09-10 01:19:35.173 24872 24872 W C02c02/PARAM: Selinux check name persist.init.debug.loglevel in u:object_r:startup_init_param:s0 [24872 2000 2000] failed
09-10 01:19:35.174 24872 24872 W C02c02/PARAM: Selinux check name persist.init.debug.loglevel in u:object_r:startup_init_param:s0 [24872 2000 2000] failed
09-10 01:19:35.174 24872 24872 W C02c02/PARAM: SystemReadParam failed!name is:persist.init.debug.loglevel,err:1002
09-10 01:19:35.178 24875 24875 W C02c02/PARAM: Selinux check name persist.init.debug.loglevel in u:object_r:startup_init_param:s0 [24875 2000 2000] failed
09-10 01:19:35.178 24876 24876 W C02c02/PARAM: Selinux check name persist.init.debug.loglevel in u:object_r:startup_init_param:s0 [24876 2000 2000] failed
09-10 01:19:35.178 24876 24876 W C02c02/PARAM: Selinux check name persist.init.debug.loglevel in u:object_r:startup_init_param:s0 [24876 2000 2000] failed
09-10 01:19:35.178 24876 24876 W C02c02/PARAM: SystemReadParam failed!name is:persist.init.debug.loglevel,err:1002
09-10 01:19:35.179 24875 24875 W C02c02/PARAM: Selinux check name persist.init.debug.loglevel in u:object_r:startup_init_param:s0 [24875 2000 2000] failed
09-10 01:19:35.179 24875 24875 W C02c02/PARAM: SystemReadParam failed!name is:persist.init.debug.loglevel,err:1002
09-10 01:19:35.361   125   125 I C01800/SAMGR: NF SA:65962,832_12111
09-10 01:19:35.378 24878 24878 W C02c02/PARAM: Selinux check name persist.init.debug.loglevel in u:object_r:startup_init_param:s0 [24878 2000 2000] failed
09-10 01:19:35.378 24878 24878 W C02c02/PARAM: Selinux check name persist.init.debug.loglevel in u:object_r:startup_init_param:s0 [24878 2000 2000] failed
09-10 01:19:35.378 24878 24878 W C02c02/PARAM: SystemReadParam failed!name is:persist.init.debug.loglevel,err:1002
09-10 01:19:35.381 24880 24880 W C02c02/PARAM: Selinux check name persist.init.debug.loglevel in u:object_r:startup_init_param:s0 [24880 2000 2000] failed
09-10 01:19:35.381 24880 24880 W C02c02/PARAM: Selinux check name persist.init.debug.loglevel in u:object_r:startup_init_param:s0 [24880 2000 2000] failed
09-10 01:19:35.381 24880 24880 W C02c02/PARAM: SystemReadParam failed!name is:persist.init.debug.loglevel,err:1002
09-10 01:19:35.384 24881 24881 W C02c02/PARAM: Selinux check name persist.init.debug.loglevel in u:object_r:startup_init_param:s0 [24881 2000 2000] failed
09-10 01:19:35.384 24881 24881 W C02c02/PARAM: Selinux check name persist.init.debug.loglevel in u:object_r:startup_init_param:s0 [24881 2000 2000] failed
09-10 01:19:35.384 24881 24881 W C02c02/PARAM: SystemReadParam failed!name is:persist.init.debug.loglevel,err:1002
09-10 01:19:35.404  2458  2458 W A01c06/ICON: AppIconWeatherModel --> initWeatherListener, retryTimes: 4
09-10 01:19:35.405   490  2348 E C01707/CONCUR: [Interface] task 2348 apply qos failed, errno = 4
09-10 01:19:35.405   490  2348 E C01611/QosManager: QosManager: Failed to set thread QoS to QOS_USER_INTERACTIVE, ret: -1
09-10 01:19:35.405   782  1040 W C01123/BMSCommon: bundle not exist -n com.huawei.hmsapp.totemweather -u 100 -i 0 -f 32
09-10 01:19:35.405   782  1040 W C01121/BMSQuery: GetBundleInfo failed -n com.huawei.hmsapp.totemweather -u 100
09-10 01:19:35.406   490  2348 E C01651/BundleMgrProxy: GetBundleInfoFromBMS: GetBundleInfo failed!bundleName is com.huawei.hmsapp.totemweather, userId is 100
09-10 01:19:35.406   490  2348 E C01651/DataProviderConfig: GetFromProxyData: Get bundleInfo failed! bundleName:com.huawei.hmsapp.totemweather, userId:100, visitedId:100, uri:******icIconInfo
09-10 01:19:35.406   490  2348 E C01651/DataShareServiceImpl: GetBMSAndMetaDataStatus: CalledInfo failed! token:0x2002a7c3,ret:1001,uri:******icIconInfo
09-10 01:19:35.406   490  2348 E C01651/DataShareServiceImpl: GetSilentProxyStatus: BMS or metaData not ready to complete, token:0x2002a7c3, uri:******icIconInfo
09-10 01:19:35.406  2458  2458 E A01c06/ICON: AppIconWeatherModel --> get weather info failed, code: 15700010, message: The DataShareHelper is not initialized successfully.
09-10 01:19:35.560  1796  1796 E C02c11/APPSPAWN: [appspawn_kickdog.c:29]open /sys/kernel/hungtask/userlist fail,errno:2
09-10 01:19:35.562   125   125 I C01800/SAMGR: NF SA:65962,832_12112
09-10 01:19:35.762   125   125 I C01800/SAMGR: NF SA:65962,832_12113
09-10 01:19:35.838  3290  3290 I C02500/Qemud: Guest heartbeat success.
09-10 01:19:35.910 24883 24883 W C02c02/PARAM: Selinux check name persist.init.debug.loglevel in u:object_r:startup_init_param:s0 [24883 2000 2000] failed
09-10 01:19:35.910 24883 24883 W C02c02/PARAM: Selinux check name persist.init.debug.loglevel in u:object_r:startup_init_param:s0 [24883 2000 2000] failed
09-10 01:19:35.910 24883 24883 W C02c02/PARAM: SystemReadParam failed!name is:persist.init.debug.loglevel,err:1002
09-10 01:19:35.912 24883 24883 W C02c02/PARAM: Selinux check name persist.init.debug.loglevel in u:object_r:startup_init_param:s0 [24883 2000 2000] failed
09-10 01:19:35.913 24883 24883 W C02c02/PARAM: Selinux check name persist.init.debug.loglevel in u:object_r:startup_init_param:s0 [24883 2000 2000] failed
09-10 01:19:35.913 24883 24883 W C02c02/PARAM: SystemReadParam failed!name is:persist.init.debug.loglevel,err:1002
09-10 01:19:35.963   125   125 I C01800/SAMGR: NF SA:65962,832_12114
09-10 01:19:35.963   832   925 E C01810/SA_CLIENT: GetSaWrap SA:65962 not start
09-10 01:19:35.963   832   925 I C01409/APS_MANAGER: request system service object is not ready yet!
09-10 01:19:36.166 24886 24886 W C02c02/PARAM: Selinux check name persist.init.debug.loglevel in u:object_r:startup_init_param:s0 [24886 2000 2000] failed
09-10 01:19:36.166 24886 24886 W C02c02/PARAM: Selinux check name persist.init.debug.loglevel in u:object_r:startup_init_param:s0 [24886 2000 2000] failed
09-10 01:19:36.166 24886 24886 W C02c02/PARAM: SystemReadParam failed!name is:persist.init.debug.loglevel,err:1002
09-10 01:19:36.169 24889 24889 W C02c02/PARAM: Selinux check name persist.init.debug.loglevel in u:object_r:startup_init_param:s0 [24889 2000 2000] failed
09-10 01:19:36.169 24889 24889 W C02c02/PARAM: Selinux check name persist.init.debug.loglevel in u:object_r:startup_init_param:s0 [24889 2000 2000] failed
09-10 01:19:36.169 24890 24890 W C02c02/PARAM: Selinux check name persist.init.debug.loglevel in u:object_r:startup_init_param:s0 [24890 2000 2000] failed
09-10 01:19:36.169 24889 24889 W C02c02/PARAM: SystemReadParam failed!name is:persist.init.debug.loglevel,err:1002
09-10 01:19:36.169 24890 24890 W C02c02/PARAM: Selinux check name persist.init.debug.loglevel in u:object_r:startup_init_param:s0 [24890 2000 2000] failed
09-10 01:19:36.169 24890 24890 W C02c02/PARAM: SystemReadParam failed!name is:persist.init.debug.loglevel,err:1002
09-10 01:19:36.169 24888 24888 W C02c02/PARAM: Selinux check name persist.init.debug.loglevel in u:object_r:startup_init_param:s0 [24888 2000 2000] failed
09-10 01:19:36.169 24888 24888 W C02c02/PARAM: Selinux check name persist.init.debug.loglevel in u:object_r:startup_init_param:s0 [24888 2000 2000] failed
09-10 01:19:36.169 24888 24888 W C02c02/PARAM: SystemReadParam failed!name is:persist.init.debug.loglevel,err:1002
09-10 01:19:36.174 24891 24891 W C02c02/PARAM: Selinux check name persist.init.debug.loglevel in u:object_r:startup_init_param:s0 [24891 2000 2000] failed
09-10 01:19:36.174 24891 24891 W C02c02/PARAM: Selinux check name persist.init.debug.loglevel in u:object_r:startup_init_param:s0 [24891 2000 2000] failed
09-10 01:19:36.174 24891 24891 W C02c02/PARAM: SystemReadParam failed!name is:persist.init.debug.loglevel,err:1002
09-10 01:19:36.174 24892 24892 W C02c02/PARAM: Selinux check name persist.init.debug.loglevel in u:object_r:startup_init_param:s0 [24892 2000 2000] failed
09-10 01:19:36.174 24892 24892 W C02c02/PARAM: Selinux check name persist.init.debug.loglevel in u:object_r:startup_init_param:s0 [24892 2000 2000] failed
09-10 01:19:36.174 24892 24892 W C02c02/PARAM: SystemReadParam failed!name is:persist.init.debug.loglevel,err:1002
09-10 01:19:36.196 24894 24894 W C02c02/PARAM: Selinux check name persist.init.debug.loglevel in u:object_r:startup_init_param:s0 [24894 2000 2000] failed
09-10 01:19:36.196 24894 24894 W C02c02/PARAM: Selinux check name persist.init.debug.loglevel in u:object_r:startup_init_param:s0 [24894 2000 2000] failed
09-10 01:19:36.196 24894 24894 W C02c02/PARAM: SystemReadParam failed!name is:persist.init.debug.loglevel,err:1002
09-10 01:19:36.200 24896 24896 I C02d20/DumperService: SetCmdArgs# hidumper cmd:hidumper -s 1201 -a -p Faultlogger -LogSuffixWithMs , calllingUid=2000, calllingPid=24896, ppid:24894.
09-10 01:19:36.200 24896 24897 W C057c1/IPCWorkThread: ThreadHandler: proto:0 policy:1 name:OS_IPC_0_24897 invoker:2210424064
09-10 01:19:36.200 24896 24898 W C057c1/IPCWorkThread: ThreadHandler: proto:0 policy:0 name:OS_IPC_1_24898 invoker:2235917824
09-10 01:19:36.201  3904  3905 I C02d20/DumperService: DelayUnloadTask# recieve new request, delay unload task begin, calllingPid=24896
09-10 01:19:36.202   474 29681 I C02d11/Faultlogger: DumpByCommands: DumpRequest: detail:0, list:0, file:, name:, time:-1
09-10 01:19:36.202  3904  3905 I C02d20/DumperService: GetData# SA name:1201 dump success, cmd:-p Faultlogger -LogSuffixWithMs , calllingPid=24896!
09-10 01:19:36.370 24900 24900 W C02c02/PARAM: Selinux check name persist.init.debug.loglevel in u:object_r:startup_init_param:s0 [24900 2000 2000] failed
09-10 01:19:36.370 24900 24900 W C02c02/PARAM: Selinux check name persist.init.debug.loglevel in u:object_r:startup_init_param:s0 [24900 2000 2000] failed
09-10 01:19:36.370 24900 24900 W C02c02/PARAM: SystemReadParam failed!name is:persist.init.debug.loglevel,err:1002
09-10 01:19:36.373 24902 24902 W C02c02/PARAM: Selinux check name persist.init.debug.loglevel in u:object_r:startup_init_param:s0 [24902 2000 2000] failed
09-10 01:19:36.373 24902 24902 W C02c02/PARAM: Selinux check name persist.init.debug.loglevel in u:object_r:startup_init_param:s0 [24902 2000 2000] failed
09-10 01:19:36.373 24902 24902 W C02c02/PARAM: SystemReadParam failed!name is:persist.init.debug.loglevel,err:1002
09-10 01:19:36.376 24903 24903 W C02c02/PARAM: Selinux check name persist.init.debug.loglevel in u:object_r:startup_init_param:s0 [24903 2000 2000] failed
09-10 01:19:36.376 24903 24903 W C02c02/PARAM: Selinux check name persist.init.debug.loglevel in u:object_r:startup_init_param:s0 [24903 2000 2000] failed
09-10 01:19:36.376 24903 24903 W C02c02/PARAM: SystemReadParam failed!name is:persist.init.debug.loglevel,err:1002
09-10 01:19:36.408  2458  2458 W A01c06/ICON: AppIconWeatherModel --> initWeatherListener, retryTimes: 4
09-10 01:19:36.409   490  2348 E C01707/CONCUR: [Interface] task 2348 apply qos failed, errno = 4
09-10 01:19:36.409   490  2348 E C01611/QosManager: QosManager: Failed to set thread QoS to QOS_USER_INTERACTIVE, ret: -1
09-10 01:19:36.409   782  1040 W C01123/BMSCommon: bundle not exist -n com.huawei.hmsapp.totemweather -u 100 -i 0 -f 32
09-10 01:19:36.410   782  1040 W C01121/BMSQuery: GetBundleInfo failed -n com.huawei.hmsapp.totemweather -u 100
09-10 01:19:36.410   490  2348 E C01651/BundleMgrProxy: GetBundleInfoFromBMS: GetBundleInfo failed!bundleName is com.huawei.hmsapp.totemweather, userId is 100
09-10 01:19:36.410   490  2348 E C01651/DataProviderConfig: GetFromProxyData: Get bundleInfo failed! bundleName:com.huawei.hmsapp.totemweather, userId:100, visitedId:100, uri:******icIconInfo
09-10 01:19:36.410   490  2348 E C01651/DataShareServiceImpl: GetBMSAndMetaDataStatus: CalledInfo failed! token:0x2002a7c3,ret:1001,uri:******icIconInfo
09-10 01:19:36.410   490  2348 E C01651/DataShareServiceImpl: GetSilentProxyStatus: BMS or metaData not ready to complete, token:0x2002a7c3, uri:******icIconInfo
09-10 01:19:36.410  2458  2458 E A01c06/ICON: AppIconWeatherModel --> get weather info failed, code: 15700010, message: The DataShareHelper is not initialized successfully.
09-10 01:19:36.911 24905 24905 W C02c02/PARAM: Selinux check name persist.init.debug.loglevel in u:object_r:startup_init_param:s0 [24905 2000 2000] failed
09-10 01:19:36.911 24905 24905 W C02c02/PARAM: Selinux check name persist.init.debug.loglevel in u:object_r:startup_init_param:s0 [24905 2000 2000] failed
09-10 01:19:36.911 24905 24905 W C02c02/PARAM: SystemReadParam failed!name is:persist.init.debug.loglevel,err:1002
09-10 01:19:36.914 24905 24905 W C02c02/PARAM: Selinux check name persist.init.debug.loglevel in u:object_r:startup_init_param:s0 [24905 2000 2000] failed
09-10 01:19:36.914 24905 24905 W C02c02/PARAM: Selinux check name persist.init.debug.loglevel in u:object_r:startup_init_param:s0 [24905 2000 2000] failed
09-10 01:19:36.914 24905 24905 W C02c02/PARAM: SystemReadParam failed!name is:persist.init.debug.loglevel,err:1002
09-10 01:19:37.168 24909 24909 W C02c02/PARAM: Selinux check name persist.init.debug.loglevel in u:object_r:startup_init_param:s0 [24909 2000 2000] failed
09-10 01:19:37.168 24909 24909 W C02c02/PARAM: Selinux check name persist.init.debug.loglevel in u:object_r:startup_init_param:s0 [24909 2000 2000] failed
09-10 01:19:37.168 24909 24909 W C02c02/PARAM: SystemReadParam failed!name is:persist.init.debug.loglevel,err:1002
09-10 01:19:37.171 24912 24912 W C02c02/PARAM: Selinux check name persist.init.debug.loglevel in u:object_r:startup_init_param:s0 [24912 2000 2000] failed
09-10 01:19:37.171 24913 24913 W C02c02/PARAM: Selinux check name persist.init.debug.loglevel in u:object_r:startup_init_param:s0 [24913 2000 2000] failed
09-10 01:19:37.171 24913 24913 W C02c02/PARAM: Selinux check name persist.init.debug.loglevel in u:object_r:startup_init_param:s0 [24913 2000 2000] failed
09-10 01:19:37.171 24912 24912 W C02c02/PARAM: Selinux check name persist.init.debug.loglevel in u:object_r:startup_init_param:s0 [24912 2000 2000] failed
09-10 01:19:37.171 24913 24913 W C02c02/PARAM: SystemReadParam failed!name is:persist.init.debug.loglevel,err:1002
09-10 01:19:37.171 24912 24912 W C02c02/PARAM: SystemReadParam failed!name is:persist.init.debug.loglevel,err:1002
09-10 01:19:37.171 24911 24911 W C02c02/PARAM: Selinux check name persist.init.debug.loglevel in u:object_r:startup_init_param:s0 [24911 2000 2000] failed
09-10 01:19:37.171 24911 24911 W C02c02/PARAM: Selinux check name persist.init.debug.loglevel in u:object_r:startup_init_param:s0 [24911 2000 2000] failed
09-10 01:19:37.171 24911 24911 W C02c02/PARAM: SystemReadParam failed!name is:persist.init.debug.loglevel,err:1002
09-10 01:19:37.176 24914 24914 W C02c02/PARAM: Selinux check name persist.init.debug.loglevel in u:object_r:startup_init_param:s0 [24914 2000 2000] failed
09-10 01:19:37.176 24914 24914 W C02c02/PARAM: Selinux check name persist.init.debug.loglevel in u:object_r:startup_init_param:s0 [24914 2000 2000] failed
09-10 01:19:37.176 24914 24914 W C02c02/PARAM: SystemReadParam failed!name is:persist.init.debug.loglevel,err:1002
09-10 01:19:37.176 24915 24915 W C02c02/PARAM: Selinux check name persist.init.debug.loglevel in u:object_r:startup_init_param:s0 [24915 2000 2000] failed
09-10 01:19:37.177 24915 24915 W C02c02/PARAM: Selinux check name persist.init.debug.loglevel in u:object_r:startup_init_param:s0 [24915 2000 2000] failed
09-10 01:19:37.177 24915 24915 W C02c02/PARAM: SystemReadParam failed!name is:persist.init.debug.loglevel,err:1002
09-10 01:19:37.371 24917 24917 W C02c02/PARAM: Selinux check name persist.init.debug.loglevel in u:object_r:startup_init_param:s0 [24917 2000 2000] failed
09-10 01:19:37.371 24917 24917 W C02c02/PARAM: Selinux check name persist.init.debug.loglevel in u:object_r:startup_init_param:s0 [24917 2000 2000] failed
09-10 01:19:37.371 24917 24917 W C02c02/PARAM: SystemReadParam failed!name is:persist.init.debug.loglevel,err:1002
09-10 01:19:37.374 24919 24919 W C02c02/PARAM: Selinux check name persist.init.debug.loglevel in u:object_r:startup_init_param:s0 [24919 2000 2000] failed
09-10 01:19:37.374 24919 24919 W C02c02/PARAM: Selinux check name persist.init.debug.loglevel in u:object_r:startup_init_param:s0 [24919 2000 2000] failed
09-10 01:19:37.374 24919 24919 W C02c02/PARAM: SystemReadParam failed!name is:persist.init.debug.loglevel,err:1002
09-10 01:19:37.377 24920 24920 W C02c02/PARAM: Selinux check name persist.init.debug.loglevel in u:object_r:startup_init_param:s0 [24920 2000 2000] failed
09-10 01:19:37.377 24920 24920 W C02c02/PARAM: Selinux check name persist.init.debug.loglevel in u:object_r:startup_init_param:s0 [24920 2000 2000] failed
09-10 01:19:37.377 24920 24920 W C02c02/PARAM: SystemReadParam failed!name is:persist.init.debug.loglevel,err:1002
09-10 01:19:37.412  2458  2458 W A01c06/ICON: AppIconWeatherModel --> initWeatherListener, retryTimes: 4
09-10 01:19:37.413   490  2348 E C01707/CONCUR: [Interface] task 2348 apply qos failed, errno = 4
09-10 01:19:37.413   490  2348 E C01611/QosManager: QosManager: Failed to set thread QoS to QOS_USER_INTERACTIVE, ret: -1
09-10 01:19:37.413   782  1040 W C01123/BMSCommon: bundle not exist -n com.huawei.hmsapp.totemweather -u 100 -i 0 -f 32
09-10 01:19:37.413   782  1040 W C01121/BMSQuery: GetBundleInfo failed -n com.huawei.hmsapp.totemweather -u 100
09-10 01:19:37.413   490  2348 E C01651/BundleMgrProxy: GetBundleInfoFromBMS: GetBundleInfo failed!bundleName is com.huawei.hmsapp.totemweather, userId is 100
09-10 01:19:37.414   490  2348 E C01651/DataProviderConfig: GetFromProxyData: Get bundleInfo failed! bundleName:com.huawei.hmsapp.totemweather, userId:100, visitedId:100, uri:******icIconInfo
09-10 01:19:37.414   490  2348 E C01651/DataShareServiceImpl: GetBMSAndMetaDataStatus: CalledInfo failed! token:0x2002a7c3,ret:1001,uri:******icIconInfo
09-10 01:19:37.414   490  2348 E C01651/DataShareServiceImpl: GetSilentProxyStatus: BMS or metaData not ready to complete, token:0x2002a7c3, uri:******icIconInfo
09-10 01:19:37.414  2458  2458 E A01c06/ICON: AppIconWeatherModel --> get weather info failed, code: 15700010, message: The DataShareHelper is not initialized successfully.
09-10 01:19:37.469   490 24747 I C01651/RdbAdaptor: ~RdbDelegate: Destruct. BundleName: com.ohos.settingsdata. StoreName: sett***data. user: 0
09-10 01:19:37.918 24922 24922 W C02c02/PARAM: Selinux check name persist.init.debug.loglevel in u:object_r:startup_init_param:s0 [24922 2000 2000] failed
09-10 01:19:37.918 24922 24922 W C02c02/PARAM: Selinux check name persist.init.debug.loglevel in u:object_r:startup_init_param:s0 [24922 2000 2000] failed
09-10 01:19:37.918 24922 24922 W C02c02/PARAM: SystemReadParam failed!name is:persist.init.debug.loglevel,err:1002
09-10 01:19:37.923 24922 24922 W C02c02/PARAM: Selinux check name persist.init.debug.loglevel in u:object_r:startup_init_param:s0 [24922 2000 2000] failed
09-10 01:19:37.924 24922 24922 W C02c02/PARAM: Selinux check name persist.init.debug.loglevel in u:object_r:startup_init_param:s0 [24922 2000 2000] failed
09-10 01:19:37.924 24922 24922 W C02c02/PARAM: SystemReadParam failed!name is:persist.init.debug.loglevel,err:1002
09-10 01:19:37.965   125   125 I C01800/SAMGR: NF SA:65962,832_12115
09-10 01:19:38.166   125   125 I C01800/SAMGR: NF SA:65962,832_12116
09-10 01:19:38.175 24926 24926 W C02c02/PARAM: Selinux check name persist.init.debug.loglevel in u:object_r:startup_init_param:s0 [24926 2000 2000] failed
09-10 01:19:38.175 24926 24926 W C02c02/PARAM: Selinux check name persist.init.debug.loglevel in u:object_r:startup_init_param:s0 [24926 2000 2000] failed
09-10 01:19:38.175 24926 24926 W C02c02/PARAM: SystemReadParam failed!name is:persist.init.debug.loglevel,err:1002
09-10 01:19:38.178 24929 24929 W C02c02/PARAM: Selinux check name persist.init.debug.loglevel in u:object_r:startup_init_param:s0 [24929 2000 2000] failed
09-10 01:19:38.178 24929 24929 W C02c02/PARAM: Selinux check name persist.init.debug.loglevel in u:object_r:startup_init_param:s0 [24929 2000 2000] failed
09-10 01:19:38.178 24929 24929 W C02c02/PARAM: SystemReadParam failed!name is:persist.init.debug.loglevel,err:1002
09-10 01:19:38.178 24930 24930 W C02c02/PARAM: Selinux check name persist.init.debug.loglevel in u:object_r:startup_init_param:s0 [24930 2000 2000] failed
09-10 01:19:38.178 24930 24930 W C02c02/PARAM: Selinux check name persist.init.debug.loglevel in u:object_r:startup_init_param:s0 [24930 2000 2000] failed
09-10 01:19:38.178 24930 24930 W C02c02/PARAM: SystemReadParam failed!name is:persist.init.debug.loglevel,err:1002
09-10 01:19:38.178 24928 24928 W C02c02/PARAM: Selinux check name persist.init.debug.loglevel in u:object_r:startup_init_param:s0 [24928 2000 2000] failed
09-10 01:19:38.178 24928 24928 W C02c02/PARAM: Selinux check name persist.init.debug.loglevel in u:object_r:startup_init_param:s0 [24928 2000 2000] failed
09-10 01:19:38.178 24928 24928 W C02c02/PARAM: SystemReadParam failed!name is:persist.init.debug.loglevel,err:1002
09-10 01:19:38.182 24931 24931 W C02c02/PARAM: Selinux check name persist.init.debug.loglevel in u:object_r:startup_init_param:s0 [24931 2000 2000] failed
09-10 01:19:38.182 24931 24931 W C02c02/PARAM: Selinux check name persist.init.debug.loglevel in u:object_r:startup_init_param:s0 [24931 2000 2000] failed
09-10 01:19:38.182 24931 24931 W C02c02/PARAM: SystemReadParam failed!name is:persist.init.debug.loglevel,err:1002
09-10 01:19:38.182 24932 24932 W C02c02/PARAM: Selinux check name persist.init.debug.loglevel in u:object_r:startup_init_param:s0 [24932 2000 2000] failed
09-10 01:19:38.183 24932 24932 W C02c02/PARAM: Selinux check name persist.init.debug.loglevel in u:object_r:startup_init_param:s0 [24932 2000 2000] failed
09-10 01:19:38.183 24932 24932 W C02c02/PARAM: SystemReadParam failed!name is:persist.init.debug.loglevel,err:1002
09-10 01:19:38.334   132   132 E C02c11/APPSPAWN: [appspawn_kickdog.c:29]open /sys/kernel/hungtask/userlist fail,errno:2
09-10 01:19:38.368   125   125 I C01800/SAMGR: NF SA:65962,832_12117
09-10 01:19:38.378 24934 24934 W C02c02/PARAM: Selinux check name persist.init.debug.loglevel in u:object_r:startup_init_param:s0 [24934 2000 2000] failed
09-10 01:19:38.378 24934 24934 W C02c02/PARAM: Selinux check name persist.init.debug.loglevel in u:object_r:startup_init_param:s0 [24934 2000 2000] failed
09-10 01:19:38.378 24934 24934 W C02c02/PARAM: SystemReadParam failed!name is:persist.init.debug.loglevel,err:1002
09-10 01:19:38.384 24936 24936 W C02c02/PARAM: Selinux check name persist.init.debug.loglevel in u:object_r:startup_init_param:s0 [24936 2000 2000] failed
09-10 01:19:38.384 24936 24936 W C02c02/PARAM: Selinux check name persist.init.debug.loglevel in u:object_r:startup_init_param:s0 [24936 2000 2000] failed
09-10 01:19:38.384 24936 24936 W C02c02/PARAM: SystemReadParam failed!name is:persist.init.debug.loglevel,err:1002
09-10 01:19:38.388 24937 24937 W C02c02/PARAM: Selinux check name persist.init.debug.loglevel in u:object_r:startup_init_param:s0 [24937 2000 2000] failed
09-10 01:19:38.388 24937 24937 W C02c02/PARAM: Selinux check name persist.init.debug.loglevel in u:object_r:startup_init_param:s0 [24937 2000 2000] failed
09-10 01:19:38.388 24937 24937 W C02c02/PARAM: SystemReadParam failed!name is:persist.init.debug.loglevel,err:1002
09-10 01:19:38.402  2458  2640 I C03f05/NAPI: taskpool:: A:3, R:0, I:3, O:0
09-10 01:19:38.415  2458  2458 W A01c06/ICON: AppIconWeatherModel --> initWeatherListener, retryTimes: 4
09-10 01:19:38.417   490  2348 E C01707/CONCUR: [Interface] task 2348 apply qos failed, errno = 4
09-10 01:19:38.417   490  2348 E C01611/QosManager: QosManager: Failed to set thread QoS to QOS_USER_INTERACTIVE, ret: -1
09-10 01:19:38.418   782  1040 W C01123/BMSCommon: bundle not exist -n com.huawei.hmsapp.totemweather -u 100 -i 0 -f 32
09-10 01:19:38.418   782  1040 W C01121/BMSQuery: GetBundleInfo failed -n com.huawei.hmsapp.totemweather -u 100
09-10 01:19:38.418   490  2348 E C01651/BundleMgrProxy: GetBundleInfoFromBMS: GetBundleInfo failed!bundleName is com.huawei.hmsapp.totemweather, userId is 100
09-10 01:19:38.418   490  2348 E C01651/DataProviderConfig: GetFromProxyData: Get bundleInfo failed! bundleName:com.huawei.hmsapp.totemweather, userId:100, visitedId:100, uri:******icIconInfo
09-10 01:19:38.418   490  2348 E C01651/DataShareServiceImpl: GetBMSAndMetaDataStatus: CalledInfo failed! token:0x2002a7c3,ret:1001,uri:******icIconInfo
09-10 01:19:38.418   490  2348 E C01651/DataShareServiceImpl: GetSilentProxyStatus: BMS or metaData not ready to complete, token:0x2002a7c3, uri:******icIconInfo
09-10 01:19:38.418  2458  2458 E A01c06/ICON: AppIconWeatherModel --> get weather info failed, code: 15700010, message: The DataShareHelper is not initialized successfully.
09-10 01:19:38.454   474  6595 E C02d66/XPerf: [InquiryOhImpl::ExtractStringValue] Canonical FilePath: /sys/class/ithermal/lpm/lpm_freq failed.
09-10 01:19:38.454   474  6595 E C02d66/XPerf: [InquiryOhImpl::ExtractStringValue] Canonical FilePath: /sys/class/power_supply/Battery/status failed.
09-10 01:19:38.570   125   125 I C01800/SAMGR: NF SA:65962,832_12118
09-10 01:19:38.774   125   125 I C01800/SAMGR: NF SA:65962,832_12119
09-10 01:19:38.839  3290  3290 I C02500/Qemud: Guest heartbeat success.
09-10 01:19:38.951 24940 24940 W C02c02/PARAM: Selinux check name persist.init.debug.loglevel in u:object_r:startup_init_param:s0 [24940 2000 2000] failed
09-10 01:19:38.951 24940 24940 W C02c02/PARAM: Selinux check name persist.init.debug.loglevel in u:object_r:startup_init_param:s0 [24940 2000 2000] failed
09-10 01:19:38.951 24940 24940 W C02c02/PARAM: SystemReadParam failed!name is:persist.init.debug.loglevel,err:1002
09-10 01:19:38.953 24940 24940 W C02c02/PARAM: Selinux check name persist.init.debug.loglevel in u:object_r:startup_init_param:s0 [24940 2000 2000] failed
09-10 01:19:38.953 24940 24940 W C02c02/PARAM: Selinux check name persist.init.debug.loglevel in u:object_r:startup_init_param:s0 [24940 2000 2000] failed
09-10 01:19:38.953 24940 24940 W C02c02/PARAM: SystemReadParam failed!name is:persist.init.debug.loglevel,err:1002
09-10 01:19:38.974   125   125 I C01800/SAMGR: NF SA:65962,832_12120
09-10 01:19:39.169 24943 24943 W C02c02/PARAM: Selinux check name persist.init.debug.loglevel in u:object_r:startup_init_param:s0 [24943 2000 2000] failed
09-10 01:19:39.169 24943 24943 W C02c02/PARAM: Selinux check name persist.init.debug.loglevel in u:object_r:startup_init_param:s0 [24943 2000 2000] failed
09-10 01:19:39.169 24943 24943 W C02c02/PARAM: SystemReadParam failed!name is:persist.init.debug.loglevel,err:1002
09-10 01:19:39.172 24946 24946 W C02c02/PARAM: Selinux check name persist.init.debug.loglevel in u:object_r:startup_init_param:s0 [24946 2000 2000] failed
09-10 01:19:39.172 24946 24946 W C02c02/PARAM: Selinux check name persist.init.debug.loglevel in u:object_r:startup_init_param:s0 [24946 2000 2000] failed
09-10 01:19:39.172 24946 24946 W C02c02/PARAM: SystemReadParam failed!name is:persist.init.debug.loglevel,err:1002
09-10 01:19:39.172 24945 24945 W C02c02/PARAM: Selinux check name persist.init.debug.loglevel in u:object_r:startup_init_param:s0 [24945 2000 2000] failed
09-10 01:19:39.172 24945 24945 W C02c02/PARAM: Selinux check name persist.init.debug.loglevel in u:object_r:startup_init_param:s0 [24945 2000 2000] failed
09-10 01:19:39.172 24945 24945 W C02c02/PARAM: SystemReadParam failed!name is:persist.init.debug.loglevel,err:1002
09-10 01:19:39.173 24947 24947 W C02c02/PARAM: Selinux check name persist.init.debug.loglevel in u:object_r:startup_init_param:s0 [24947 2000 2000] failed
09-10 01:19:39.173 24947 24947 W C02c02/PARAM: Selinux check name persist.init.debug.loglevel in u:object_r:startup_init_param:s0 [24947 2000 2000] failed
09-10 01:19:39.173 24947 24947 W C02c02/PARAM: SystemReadParam failed!name is:persist.init.debug.loglevel,err:1002
09-10 01:19:39.174   125   125 I C01800/SAMGR: NF SA:65962,832_12121
09-10 01:19:39.174   832   925 E C01810/SA_CLIENT: GetSaWrap SA:65962 not start
09-10 01:19:39.174   832   925 I C01409/APS_MANAGER: request system service object is not ready yet!
09-10 01:19:39.178 24949 24949 W C02c02/PARAM: Selinux check name persist.init.debug.loglevel in u:object_r:startup_init_param:s0 [24949 2000 2000] failed
09-10 01:19:39.178 24949 24949 W C02c02/PARAM: Selinux check name persist.init.debug.loglevel in u:object_r:startup_init_param:s0 [24949 2000 2000] failed
09-10 01:19:39.178 24949 24949 W C02c02/PARAM: SystemReadParam failed!name is:persist.init.debug.loglevel,err:1002
09-10 01:19:39.178 24948 24948 W C02c02/PARAM: Selinux check name persist.init.debug.loglevel in u:object_r:startup_init_param:s0 [24948 2000 2000] failed
09-10 01:19:39.178 24948 24948 W C02c02/PARAM: Selinux check name persist.init.debug.loglevel in u:object_r:startup_init_param:s0 [24948 2000 2000] failed
09-10 01:19:39.178 24948 24948 W C02c02/PARAM: SystemReadParam failed!name is:persist.init.debug.loglevel,err:1002
09-10 01:19:39.275   316 24216 W C01f04/MultiSimontroller: [GetSimAccountInfo-(multi_sim_controller.cpp:1141)] slotId 0 is invalid
09-10 01:19:39.275   316 24216 E C01f04/TelephonySubsystem: GetSimAccountInfo fail!
09-10 01:19:39.389 24952 24952 W C02c02/PARAM: Selinux check name persist.init.debug.loglevel in u:object_r:startup_init_param:s0 [24952 2000 2000] failed
09-10 01:19:39.389 24952 24952 W C02c02/PARAM: Selinux check name persist.init.debug.loglevel in u:object_r:startup_init_param:s0 [24952 2000 2000] failed
09-10 01:19:39.389 24952 24952 W C02c02/PARAM: SystemReadParam failed!name is:persist.init.debug.loglevel,err:1002
09-10 01:19:39.398 24954 24954 W C02c02/PARAM: Selinux check name persist.init.debug.loglevel in u:object_r:startup_init_param:s0 [24954 2000 2000] failed
09-10 01:19:39.401 24954 24954 W C02c02/PARAM: Selinux check name persist.init.debug.loglevel in u:object_r:startup_init_param:s0 [24954 2000 2000] failed
09-10 01:19:39.402 24954 24954 W C02c02/PARAM: SystemReadParam failed!name is:persist.init.debug.loglevel,err:1002
09-10 01:19:39.405 24955 24955 W C02c02/PARAM: Selinux check name persist.init.debug.loglevel in u:object_r:startup_init_param:s0 [24955 2000 2000] failed
09-10 01:19:39.405 24955 24955 W C02c02/PARAM: Selinux check name persist.init.debug.loglevel in u:object_r:startup_init_param:s0 [24955 2000 2000] failed
09-10 01:19:39.405 24955 24955 W C02c02/PARAM: SystemReadParam failed!name is:persist.init.debug.loglevel,err:1002
09-10 01:19:39.420  2458  2458 W A01c06/ICON: AppIconWeatherModel --> initWeatherListener, retryTimes: 4
09-10 01:19:39.422   490  2348 E C01707/CONCUR: [Interface] task 2348 apply qos failed, errno = 4
09-10 01:19:39.422   490  2348 E C01611/QosManager: QosManager: Failed to set thread QoS to QOS_USER_INTERACTIVE, ret: -1
09-10 01:19:39.422   782  1040 W C01123/BMSCommon: bundle not exist -n com.huawei.hmsapp.totemweather -u 100 -i 0 -f 32
09-10 01:19:39.422   782  1040 W C01121/BMSQuery: GetBundleInfo failed -n com.huawei.hmsapp.totemweather -u 100
09-10 01:19:39.422   490  2348 E C01651/BundleMgrProxy: GetBundleInfoFromBMS: GetBundleInfo failed!bundleName is com.huawei.hmsapp.totemweather, userId is 100
09-10 01:19:39.422   490  2348 E C01651/DataProviderConfig: GetFromProxyData: Get bundleInfo failed! bundleName:com.huawei.hmsapp.totemweather, userId:100, visitedId:100, uri:******icIconInfo
09-10 01:19:39.422   490  2348 E C01651/DataShareServiceImpl: GetBMSAndMetaDataStatus: CalledInfo failed! token:0x2002a7c3,ret:1001,uri:******icIconInfo
09-10 01:19:39.422   490  2348 E C01651/DataShareServiceImpl: GetSilentProxyStatus: BMS or metaData not ready to complete, token:0x2002a7c3, uri:******icIconInfo
09-10 01:19:39.422  2458  2458 E A01c06/ICON: AppIconWeatherModel --> get weather info failed, code: 15700010, message: The DataShareHelper is not initialized successfully.
09-10 01:19:39.624   592   812 W C02943/ThermalHdi: Read node failed, title = brightness
09-10 01:19:39.624   592   812 W C02943/ThermalHdi: Read node failed, title = 
09-10 01:19:39.624   592   812 W C02943/ThermalHdi: Read node failed, title = 
09-10 01:19:39.624   592   812 W C02943/ThermalHdi: Read node failed, title = 
09-10 01:19:39.624   592   812 W C02943/ThermalHdi: Read node failed, title = 
09-10 01:19:39.624   592   812 W C02943/ThermalHdi: Read node failed, title = 
09-10 01:19:39.624   592   812 W C02943/ThermalHdi: Read node failed, title = 
09-10 01:19:39.624   592   812 W C02943/ThermalHdi: Read node failed, title = 
09-10 01:19:39.624   592   812 W C02943/ThermalHdi: Read node failed, title = 
09-10 01:19:39.624   592   812 W C02943/ThermalHdi: Read node failed, title = 
09-10 01:19:39.624   592   812 W C02943/ThermalHdi: Read node failed, title = 
09-10 01:19:39.624   592   812 W C02943/ThermalHdi: Read node failed, title = 
09-10 01:19:39.624   592   812 W C02943/ThermalHdi: Read node failed, title = 
09-10 01:19:39.624   592   812 W C02943/ThermalHdi: Read node failed, title = 
09-10 01:19:39.624   592   812 W C02943/ThermalHdi: Read node failed, title = 
09-10 01:19:39.624   592   812 W C02943/ThermalHdi: Read node failed, title = 
09-10 01:19:39.624   592   812 W C02943/ThermalHdi: Read node failed, title = 
09-10 01:19:39.624   592   812 W C02943/ThermalHdi: Read node failed, title = 
09-10 01:19:39.624   592   812 W C02943/ThermalHdi: Read node failed, title = 
09-10 01:19:39.624   592   812 W C02943/ThermalHdi: Read node failed, title = 
09-10 01:19:39.624   592   812 W C02943/ThermalHdi: Read node failed, title = 
09-10 01:19:39.624   592   812 W C02943/ThermalHdi: Read node failed, title = 
09-10 01:19:39.624   592   812 W C02943/ThermalHdi: Read node failed, title = 
09-10 01:19:39.624   592   812 W C02943/ThermalHdi: Read node failed, title = 
09-10 01:19:39.624   592   812 W C02943/ThermalHdi: Read node failed, title = 
09-10 01:19:39.624   592   812 W C02943/ThermalHdi: Read node failed, title = ambient
09-10 01:19:39.624   592   812 W C02943/ThermalHdi: Read node failed, title = ibat
09-10 01:19:39.624   592   812 W C02943/ThermalHdi: Read node failed, title = vbat
09-10 01:19:39.624   592   812 W C02943/ThermalHdi: Read node failed, title = cpu0_min_freq
09-10 01:19:39.624   592   812 W C02943/ThermalHdi: Read node failed, title = cpu0_cur_freq
09-10 01:19:39.624   592   812 W C02943/ThermalHdi: Read node failed, title = cpu0_max_freq
09-10 01:19:39.624   592   812 W C02943/ThermalHdi: Read node failed, title = cpu4_min_freq
09-10 01:19:39.624   592   812 W C02943/ThermalHdi: Read node failed, title = cpu4_cur_freq
09-10 01:19:39.624   592   812 W C02943/ThermalHdi: Read node failed, title = cpu4_max_freq
09-10 01:19:39.624   592   812 W C02943/ThermalHdi: Read node failed, title = cpu7_min_freq
09-10 01:19:39.624   592   812 W C02943/ThermalHdi: Read node failed, title = cpu7_cur_freq
09-10 01:19:39.624   592   812 W C02943/ThermalHdi: Read node failed, title = cpu7_max_freq
09-10 01:19:39.624   592   812 W C02943/ThermalHdi: Read node failed, title = gpu_min_freq
09-10 01:19:39.624   592   812 W C02943/ThermalHdi: Read node failed, title = gpu_cur_freq
09-10 01:19:39.624   592   812 W C02943/ThermalHdi: Read node failed, title = gpu_max_freq
09-10 01:19:39.624   592   812 W C02943/ThermalHdi: Read node failed, title = ddr_cur_freq
09-10 01:19:39.624   592   812 W C02943/ThermalHdi: Read node failed, title = set_IPApower
09-10 01:19:39.624   592   812 W C02943/ThermalHdi: Read node failed, title = cur_IPApower
09-10 01:19:39.624   592   812 W C02943/ThermalHdi: get node failed
09-10 01:19:39.624   592   812 W C02943/ThermalHdi: get node failed
09-10 01:19:39.624   592   812 W C02943/ThermalHdi: get node failed
09-10 01:19:39.632   474  1280 I C02d10/CpuCollector: CalculateProcessCpuStatInfos: startTime=1788974369621, endTime=1788974379632, startBootTime=264774800, endBootTime=264784811, period=10011, isNeedUpdate=1
09-10 01:19:39.756 24957 24957 W C02c02/PARAM: Selinux check name persist.init.debug.loglevel in u:object_r:startup_init_param:s0 [24957 2000 2000] failed
09-10 01:19:39.756 24957 24957 W C02c02/PARAM: Selinux check name persist.init.debug.loglevel in u:object_r:startup_init_param:s0 [24957 2000 2000] failed
09-10 01:19:39.756 24957 24957 W C02c02/PARAM: SystemReadParam failed!name is:persist.init.debug.loglevel,err:1002
09-10 01:19:39.758 24957 24957 W C02c02/PARAM: Selinux check name persist.init.debug.loglevel in u:object_r:startup_init_param:s0 [24957 2000 2000] failed
09-10 01:19:39.758 24957 24957 W C02c02/PARAM: Selinux check name persist.init.debug.loglevel in u:object_r:startup_init_param:s0 [24957 2000 2000] failed
09-10 01:19:39.758 24957 24957 W C02c02/PARAM: SystemReadParam failed!name is:persist.init.debug.loglevel,err:1002
