08-23 16:51:48.261     0     0 I I00000/HiLog: ========Zeroth log of type: init
08-23 16:51:53.048   403   403 I I02c01/CustCarrierMount: UpdateCotaOpkeyLink start
08-23 16:51:53.048   403   403 W I02c01/CustCarrierMount: not exsit CUST_GLOBAL_CARRIER_DIR or COTA_PARAM_CARRIER_DIR
08-23 16:52:00.653   403   403 I I02c01/CustCarrierMount: success to update cota carrier
08-29 23:32:33.362 21767 21767 W A01b01/HOME: PageDesktopViewModel --> no cards in layout!
08-29 23:32:33.394 21767 21767 I A04200/WINDOW: [a92ab1fb9150e58, 1f693d0, 27412aa] SCBRootSceneSession: SCBRootSceneSession pendingSceneSessionActivation begin
08-29 23:32:33.395 21767 21767 E A04200/WINDOW: [a92ab1fb9150e58, 1f693d0, 27412aa] [SCBMission]SCBSceneMissionManager: findMainSessionGlobalById error, not exist.
08-29 23:32:33.396 21767 21767 E A04222/WMSMission: [a92ab1fb9150e58, 1f693d0, 27412aa] [Screen:0][Panel:1] invalid persistentId
08-29 23:32:33.397 21767 21767 E A0420a/WMSLife: [a92ab1fb9150e58, 1f693d0, 27412aa] error items in container session.
08-29 23:32:33.397 21767 21767 I A04222/WMSMission: [a92ab1fb9150e58, 1f693d0, 27412aa] [Screen:0][Panel:1] get none existing session.
08-29 23:32:33.397 21767 21767 E A04222/WMSMission: [a92ab1fb9150e58, 1f693d0, 27412aa] [Screen:0][Panel:2] invalid persistentId
08-29 23:32:33.397 21767 21767 I A04222/WMSMission: [a92ab1fb9150e58, 1f693d0, 27412aa] [Screen:0][Panel:2] get none existing session.
08-29 23:32:33.397 21767 21767 I A04223/SCBMain: [a92ab1fb9150e58, 1f693d0, 27412aa] no exist container session match the info to be found.
08-29 23:32:33.398 21767 21767 I A04200/WINDOW: [a92ab1fb9150e58, 1f693d0, 27412aa] SCBRootSceneSession: onPendingSceneSessionActivation sceneInfo.persistentId:63 callState: 0 callerPersistentId: 0 windowMode: 0 appIndex: 0 needClearInNotShowRecent: falsedeviceTypes:  resizable: 0 supportWindowMode:  isPreloadStart: undefined
08-29 23:32:33.398 21767 21767 I A04200/WINDOW: [a92ab1fb9150e58, 1f693d0, 27412aa] SCBRootSceneSession: onPendingSceneSessionActivation sceneInfo.screenName:UNKNOWN
08-29 23:32:33.404 21767 21767 I A04200/WINDOW: [a92ab1fb9150e58, 1f693d0, 27412aa] SCBRootSceneSession: fileManagerMode: , extraFormIdentity: 
08-29 23:32:33.408 21767 21767 W A04223/SCBMain: [a92ab1fb9150e58, 1f693d0, 27412aa] startSceneFromOther:{persistentId:63, screenId: 0, bundleInfo:EntryAbility/io.reader.harmonyos/entry/0, unclearableSession:undefined, callerPersistentId:0, callerAbilityName: , toPersistentId:0, launchType:0, isNewInstance:false, fullScreenStart:false, _windowMode:1, isAppUseControl:undefined, isUnclearableInRecent:undefined, focusedOnShow:true, isAtomicService:falseisStartupInstallFree:false, isNewAppInstance:false, appInstanceKey:}, startMode:1, forceStart:null, forceNewWant:null
08-29 23:32:33.408 21767 21767 W A04200/WINDOW: [a92ab1fb9150e58, 1f693d0, 27412aa] SCBSSM: isExclusion, app startup detect
08-29 23:32:33.409 21767 21767 I A01b01/HOME: [a92ab1fb9150e58, 1f693d0, 27412aa] SampleManager: isSampleMg: false
08-29 23:32:33.409 21767 21767 I A04200/WINDOW: [a92ab1fb9150e58, 1f693d0, 27412aa] SCBSSM: SCBSSM
08-29 23:32:33.409 21767 21767 I A04200/WINDOW: [a92ab1fb9150e58, 1f693d0, 27412aa] SCBSSM: SCBSSM
08-29 23:32:33.409 21767 21767 I A04200/WINDOW: [a92ab1fb9150e58, 1f693d0, 27412aa] SCBSSM: Start scene on screen with screenId: 0!
08-29 23:32:33.409 21767 21767 W A01b01/HOME: [a92ab1fb9150e58, 1f693d0, 27412aa] SCBSPVM: [SCBMain][id:63][sceneInfo:io.reader.harmonyos/entry/EntryAbility/0][screenId:0]onStartSceneFromOther.
08-29 23:32:33.409 21767 21767 I A04200/WINDOW: [a92ab1fb9150e58, 1f693d0, 27412aa] SCBMultiWindowUtils: interceptStartSceneFromDockForCompatibleMultiWindow skip, not start from dock to float
08-29 23:32:33.409 21767 21767 I A04200/WINDOW: [a92ab1fb9150e58, 1f693d0, 27412aa] [SCBMission]SCBSceneMissionManager: Not find mainSession tuple global by persistentId
08-29 23:32:33.409 21767 21767 I A04222/WMSMission: [a92ab1fb9150e58, 1f693d0, 27412aa] [Screen:0][Panel:1] get none existing session.
08-29 23:32:33.410 21767 21767 E A0420a/WMSLife: [a92ab1fb9150e58, 1f693d0, 27412aa] error items in container session.
08-29 23:32:33.410 21767 21767 I A04222/WMSMission: [a92ab1fb9150e58, 1f693d0, 27412aa] [Screen:0][Panel:1] get none existing session.
08-29 23:32:33.410 21767 21767 I A04222/WMSMission: [a92ab1fb9150e58, 1f693d0, 27412aa] [Screen:0][Panel:2] get none existing session.
08-29 23:32:33.410 21767 21767 I A04222/WMSMission: [a92ab1fb9150e58, 1f693d0, 27412aa] [Screen:0][Panel:2] get none existing session.
08-29 23:32:33.410 21767 21767 I A04223/SCBMain: [a92ab1fb9150e58, 1f693d0, 27412aa] no exist container session match the info to be found.
08-29 23:32:33.410 21767 21767 I A04200/WINDOW: [a92ab1fb9150e58, 1f693d0, 27412aa] [SCBMission]SCBTvCastMissionHandler: null session not on cast, ignore intercept
08-29 23:32:33.410 21767 21767 I A04222/WMSMission: [a92ab1fb9150e58, 1f693d0, 27412aa] [Screen:0][Panel:1] get none existing session.
08-29 23:32:33.410 21767 21767 E A0420a/WMSLife: [a92ab1fb9150e58, 1f693d0, 27412aa] error items in container session.
08-29 23:32:33.410 21767 21767 I A04222/WMSMission: [a92ab1fb9150e58, 1f693d0, 27412aa] [Screen:0][Panel:1] get none existing session.
08-29 23:32:33.410 21767 21767 I A04222/WMSMission: [a92ab1fb9150e58, 1f693d0, 27412aa] [Screen:0][Panel:2] get none existing session.
08-29 23:32:33.410 21767 21767 I A04222/WMSMission: [a92ab1fb9150e58, 1f693d0, 27412aa] [Screen:0][Panel:2] get none existing session.
08-29 23:32:33.410 21767 21767 I A04223/SCBMain: [a92ab1fb9150e58, 1f693d0, 27412aa] no exist container session match the info to be found.
08-29 23:32:33.410 21767 21767 E A04222/WMSMission: [a92ab1fb9150e58, 1f693d0, 27412aa] [Screen:0][Panel:1] invalid persistentId
08-29 23:32:33.410 21767 21767 E A0420a/WMSLife: [a92ab1fb9150e58, 1f693d0, 27412aa] error items in container session.
08-29 23:32:33.410 21767 21767 I A04222/WMSMission: [a92ab1fb9150e58, 1f693d0, 27412aa] [Screen:0][Panel:1] get none existing session.
08-29 23:32:33.410 21767 21767 E A04222/WMSMission: [a92ab1fb9150e58, 1f693d0, 27412aa] [Screen:0][Panel:2] invalid persistentId
08-29 23:32:33.410 21767 21767 I A04222/WMSMission: [a92ab1fb9150e58, 1f693d0, 27412aa] [Screen:0][Panel:2] get none existing session.
08-29 23:32:33.410 21767 21767 I A04223/SCBMain: [a92ab1fb9150e58, 1f693d0, 27412aa] no exist container session match the info to be found.
08-29 23:32:33.411 21767 21767 W A01b09/RECENT: [a92ab1fb9150e58, 1f693d0, 27412aa] SCBScenePanelSession: setBgBlurEnable, isBlurEnable: true, caller function name: showWallpaperAfterRotate
08-29 23:32:33.414 21767 21767 W A01b01/HOME: [a92ab1fb9150e58, 1f693d0, 27412aa] SCBSPVM: onStartSceneFromOther cardId empty isStartCard=false
08-29 23:32:33.414 21767 21767 I A04223/SCBMain: [a92ab1fb9150e58, 1f693d0, 27412aa] [id:63][screenId:0]requestSceneSession, callerPersistentId:0, needLinkCaller:true
08-29 23:32:33.414 21767 21767 I A04223/SCBMain: [a92ab1fb9150e58, 1f693d0, 27412aa] find sceneSession from other screen
08-29 23:32:33.415 21767 21767 I A04222/WMSMission: [a92ab1fb9150e58, 1f693d0, 27412aa] [Screen:0][Panel:1] get none existing session.
08-29 23:32:33.415 21767 21767 E A0420a/WMSLife: [a92ab1fb9150e58, 1f693d0, 27412aa] error items in container session.
08-29 23:32:33.415 21767 21767 I A04222/WMSMission: [a92ab1fb9150e58, 1f693d0, 27412aa] [Screen:0][Panel:1] get none existing session.
08-29 23:32:33.415 21767 21767 I A04222/WMSMission: [a92ab1fb9150e58, 1f693d0, 27412aa] [Screen:0][Panel:2] get none existing session.
08-29 23:32:33.415 21767 21767 I A04222/WMSMission: [a92ab1fb9150e58, 1f693d0, 27412aa] [Screen:0][Panel:2] get none existing session.
08-29 23:32:33.415 21767 21767 I A04223/SCBMain: [a92ab1fb9150e58, 1f693d0, 27412aa] no exist container session match the info to be found.
08-29 23:32:33.415 21767 21767 I A04200/WINDOW: [a92ab1fb9150e58, 1f693d0, 27412aa] SCBSSM: popSceneFromOtherScreen toScreen: 0, needBackground: trueneedRefreshFocus: true, needUpdateScreenId: true,persistentId:63
08-29 23:32:33.415 21767 21767 E A04200/WINDOW: [a92ab1fb9150e58, 1f693d0, 27412aa] [SCBMission]SCBSceneMissionManager: findMainSessionGlobalById error, not exist.
08-29 23:32:33.415 21767 21767 I A04200/WINDOW: [a92ab1fb9150e58, 1f693d0, 27412aa] [SCBMission]SCBSceneMissionManager: popSceneFromOtherScreenByPersistentId not found target session
08-29 23:32:33.415 21767 21767 I A04200/WINDOW: [a92ab1fb9150e58, 1f693d0, 27412aa] SCBSSM: isProjectionBundleName bundleName = io.reader.harmonyos, screenId = 0
08-29 23:32:33.415 21767 21767 I A04223/SCBMain: [a92ab1fb9150e58, 1f693d0, 27412aa] requestSceneSession using exist persistentId: 63
08-29 23:32:33.415 21767 21767 W A04200/WINDOW: [a92ab1fb9150e58, 1f693d0, 27412aa] SCBSPVM: getSceneSessionByPersistentId find nothing, id 63
08-29 23:32:33.415 21767 21767 W A04223/SCBMain: [a92ab1fb9150e58, 1f693d0, 27412aa] [id:63][sceneInfo:io.reader.harmonyos/entry/EntryAbility/0][screenId:0]request New SceneSession.
08-29 23:32:33.416 21767 21767 W A04200/WINDOW: [a92ab1fb9150e58, 1f693d0, 27412aa] [SCBMission]SCBSceneMissionManager: getTargetAppCountOldestSceneSession:session is new.
08-29 23:32:33.416 21767 21767 I A04223/SCBMain: [a92ab1fb9150e58, 1f693d0, 27412aa] set isAbilityHook false
08-29 23:32:33.416 21767 21767 I A04200/WINDOW: [a92ab1fb9150e58, 1f693d0, 27412aa] SCBSSM: isAncoApplication bundleName: io.reader.harmonyos, isAnco: false
08-29 23:32:33.416 21767 21767 I A01b00/SCB: [a92ab1fb9150e58, 1f693d0, 27412aa] SCBCategoryResourceManager: getPageConfig io.reader.harmonyos config len:0
08-29 23:32:33.416 21767 21767 I A01b00/SCB: [a92ab1fb9150e58, 1f693d0, 27412aa] SCBLogicalDeviceResourceManager: [getLogicalDeviceConfigByBundleName] bundleName:io.reader.harmonyos, config:{}
08-29 23:32:33.419 21767 21767 I A04223/SCBMain: [a92ab1fb9150e58, 1f693d0, 27412aa] [id:63][sceneInfo:io.reader.harmonyos/entry/EntryAbility/0][screenId:0]requestSceneSession suceess, udpate persistentId from 63 to 63, udpate appInstanceKey from  to 
08-29 23:32:33.420 21767 21767 I A04200/WINDOW: [a92ab1fb9150e58, 1f693d0, 27412aa] SCBSSM: isAncoApplication bundleName: io.reader.harmonyos, isAnco: false
08-29 23:32:33.421 21767 21767 I A04200/WINDOW: [a92ab1fb9150e58, 1f693d0, 27412aa] ContainerSessionInitBasicStrategy: Initialize the basic data state and mission management data status of the sceneSession.
08-29 23:32:33.421 21767 21767 I A04200/WINDOW: [a92ab1fb9150e58, 1f693d0, 27412aa] SCBSceneSession: SCBSceneSession registerData category:0.
08-29 23:32:33.421 21767 21767 I A04200/WINDOW: [a92ab1fb9150e58, 1f693d0, 27412aa] SCBSceneSession: SCBSceneSession registerData category:1.
08-29 23:32:33.421 21767 21767 I A04200/WINDOW: [a92ab1fb9150e58, 1f693d0, 27412aa] SCBSceneSession: SCBSceneSession registerState category:0.
08-29 23:32:33.422 21767 21767 I A04200/WINDOW: [a92ab1fb9150e58, 1f693d0, 27412aa] SCBSSM: isAncoApplication bundleName: io.reader.harmonyos, isAnco: false
08-29 23:32:33.422 21767 21767 I A01b00/SCB: [a92ab1fb9150e58, 1f693d0, 27412aa] SCBCategoryResourceManager: isSpecificSystemBarInvisible bundleName: io.reader.harmonyos isSpecificSystemBarInvisible: false
08-29 23:32:33.422 21767 21767 I A01b00/SCB: [a92ab1fb9150e58, 1f693d0, 27412aa] SCBCategoryResourceManager: isOrientationLandscape bundleName: io.reader.harmonyos isOrientationLandscape: false
08-29 23:32:33.422 21767 21767 E A01b00/SCB: [a92ab1fb9150e58, 1f693d0, 27412aa] SCBCategoryResourceManager: isLayoutFullScreen is not pcMode
08-29 23:32:33.422 21767 21767 I A04200/WINDOW: [a92ab1fb9150e58, 1f693d0, 27412aa] SCBSceneSession: requestOrientation: 0 queryKey: io.reader.harmonyosentryEntryAbility
08-29 23:32:33.422 21767 21767 I A04200/WINDOW: [a92ab1fb9150e58, 1f693d0, 27412aa] SCBSceneSession: getSupportWindowModes: bundleName: io.reader.harmonyos supportWindowModes [0,1,2]queryKey:io.reader.harmonyosentryEntryAbility
08-29 23:32:33.437 21767 21767 I A04223/SCBMain: [a92ab1fb9150e58, 1f693d0, 27412aa] cacheNewSceneSession of id: 63, exist: false.
08-29 23:32:33.437 21767 21767 I A04200/WINDOW: [a92ab1fb9150e58, 1f693d0, 27412aa] SCBSceneSession: create SCBSceneSessoin success, id:63.
08-29 23:32:33.438 21767 21767 W A04200/WINDOW: [a92ab1fb9150e58, 1f693d0, 27412aa] SCBSPVM: Failed to get scene containerSession with session id: 63
08-29 23:32:33.438 21767 21767 I A01b01/HOME: [a92ab1fb9150e58, 1f693d0, 27412aa] SCBSPVM: postStartSceneFromOtherEvent: io.reader.harmonyos + EntryAbility
08-29 23:32:33.438 21767 21767 I A01a01/NC: [a92ab1fb9150e58, 1f693d0, 27412aa] DropdownPanelView: OnStartSceneFromOtherEvent. for io.reader.harmonyos isStartingByNtfItemClick
08-29 23:32:33.438 21767 21767 I A01a00/SYS_UI: [a92ab1fb9150e58, 1f693d0, 27412aa] ViewManagerAdapter: isViewShowing viewType 20
08-29 23:32:33.438 21767 21767 W A04200/WINDOW: [a92ab1fb9150e58, 1f693d0, 27412aa] SCBSplitViewAnimationManager: BackAndOneSplitAnimationBreak containerSession is not availiable
08-29 23:32:33.438 21767 21767 I A04200/WINDOW: [a92ab1fb9150e58, 1f693d0, 27412aa] SCBSPVM: GuidanceLog set unNeedKnowMore
08-29 23:32:33.439 21767 21767 I A04200/WINDOW: [a92ab1fb9150e58, 1f693d0, 27412aa] SCBMultiWindowUtils: CUBE GuidanceLog isNeedKnowMore false
08-29 23:32:33.439 21767 21767 I A04200/WINDOW: [a92ab1fb9150e58, 1f693d0, 27412aa] SCBSplitManager: interruptStartSceneForSplit scenePanelState is 0 not SPLIT
08-29 23:32:33.493 21767 21767 W A04200/WINDOW: [a92ab1fb9150e58, 1f693d0, 27412aa] SCBSPVM: Failed to get scene containerSession with session id: 63
08-29 23:32:33.493 21767 21767 W A04200/WINDOW: [a92ab1fb9150e58, 1f693d0, 27412aa] SCBSPVM: Failed to getSessionFromFloatingScene with session id: 63
08-29 23:32:33.493 21767 21767 I A04200/WINDOW: [a92ab1fb9150e58, 1f693d0, 27412aa] SCBSPVM: Get containerSession with id:63 from special scene list
08-29 23:32:33.493 21767 21767 I A01b01/HOME: [a92ab1fb9150e58, 1f693d0, 27412aa] SCBTM: findTransitionController. bundleName: io.reader.harmonyos, overlayBundleName: undefined
08-29 23:32:33.493 21767 21767 W A01b01/HOME: [a92ab1fb9150e58, 1f693d0, 27412aa] PageDesktopModel: findTransitionController shortcutId empty bundleName:io.reader.harmonyos
08-29 23:32:33.493 21767 21767 W A01b01/HOME: [a92ab1fb9150e58, 1f693d0, 27412aa] PageDesktopModel: findTransitionController bundleName: io.reader.harmonyos, abilityName: EntryAbility, startType: 0, formCardId: undefined, cardId: undefined, extraId: undefined, appIndex: 0, shortcutId: undefined, appInstanceKey: %{public}s
08-29 23:32:33.493 21767 21767 W A01b01/HOME: [a92ab1fb9150e58, 1f693d0, 27412aa] SCBTM: Find controller success ? true, findData: {"bundleName":"io.reader.harmonyos","abilityName":"EntryAbility","appIndex":0,"appIconId":"","iconRadius":0,"appIconNumber":0,"startAppType":0,"isOpenFolder":false}
08-29 23:32:33.494 21767 21767 I A04200/WINDOW: [a92ab1fb9150e58, 1f693d0, 27412aa] SCBFloatManager: isAtomicServiceFloatScene: notSupportAtomicServiceFloatScene
08-29 23:32:33.494 21767 21767 I A01b00/SCB: [a92ab1fb9150e58, 1f693d0, 27412aa] LuoShuStateManager --> getLuoShuStateInfo: report {"luoShuState":0,"scenePanelState":0,"eventType":7,"screenInfo":{"isLandscape":false,"foldState":1},"screenId":0,"holdingHandStatus":1}
08-29 23:32:33.495 21767 21767 W A01b01/HOME: [a92ab1fb9150e58, 1f693d0, 27412aa] SCBSPVM: [SCBMain]onStartSceneFromOther isNewWant false. StartApp:io.reader.harmonyos
08-29 23:32:33.498 21767 21767 I A04200/WINDOW: [a92ab1fb9150e58, 1f693d0, 27412aa] ContainerSessionInitBasicStrategy: Initialize the basic data state and mission management data status of the containerSession.
08-29 23:32:33.498 21767 21767 I A0420a/WMSLife: [a92ab1fb9150e58, 1f693d0, 27412aa] registerData category:0.
08-29 23:32:33.498 21767 21767 I A0420a/WMSLife: [a92ab1fb9150e58, 1f693d0, 27412aa] registerData category:1.
08-29 23:32:33.498 21767 21767 I A0420a/WMSLife: [a92ab1fb9150e58, 1f693d0, 27412aa] registerState category:1.
08-29 23:32:33.498 21767 21767 I A0420a/WMSLife: [a92ab1fb9150e58, 1f693d0, 27412aa] registerState category:0.
08-29 23:32:33.498 21767 21767 I A01b01/HOME: [a92ab1fb9150e58, 1f693d0, 27412aa] SCBSCS: set NeedRenderClip clipWidth from 0 to 1320
08-29 23:32:33.498 21767 21767 I A01b01/HOME: [a92ab1fb9150e58, 1f693d0, 27412aa] SCBSCS: set NeedRenderClip clipHeight from 0 to 2856
08-29 23:32:33.498 21767 21767 I A04200/WINDOW: [a92ab1fb9150e58, 1f693d0, 27412aa] SCBSSM: isAncoApplication bundleName: io.reader.harmonyos, isAnco: false
08-29 23:32:33.498 21767 21767 I A04200/WMS: [a92ab1fb9150e58, 1f693d0, 27412aa] create container success: isAnco:false, EntryAbility/io.reader.harmonyos/entry/0(persistentId: 63)(containerId: 18)
08-29 23:32:33.562 21767 21767 I A04200/WINDOW: [a92ab1fb9150e58, 1f693d0, 27412aa] SCBSPM: Add scene container session, id: 18
08-29 23:32:33.562 21767 21767 I A01b01/HOME: [a92ab1fb9150e58, 1f693d0, 27412aa] SCBSPVM: [SCBMain]onStartSceneFromOther add new session: 18
08-29 23:32:33.562 21767 21767 I A01b00/SCB: [a92ab1fb9150e58, 1f693d0, 27412aa] LuoShuStateManager --> getLuoShuStateInfo: SCBSPVM {"luoShuState":0,"scenePanelState":0,"eventType":7,"screenInfo":{"isLandscape":false,"foldState":1},"screenId":0,"holdingHandStatus":1}
08-29 23:32:33.562 21767 21767 I A04223/SCBMain: [a92ab1fb9150e58, 1f693d0, 27412aa] [id:63][screenId:0]requestSceneSession, callerPersistentId:0, needLinkCaller:true
08-29 23:32:33.562 21767 21767 I A04223/SCBMain: [a92ab1fb9150e58, 1f693d0, 27412aa] find sceneSession from other screen
08-29 23:32:33.562 21767 21767 I A04222/WMSMission: [a92ab1fb9150e58, 1f693d0, 27412aa] [Screen:0][Panel:1] get existing session from usage-total list.
08-29 23:32:33.562 21767 21767 I A04200/WINDOW: [a92ab1fb9150e58, 1f693d0, 27412aa] SCBSSM: popSceneFromOtherScreen toScreen: 0, needBackground: trueneedRefreshFocus: true, needUpdateScreenId: true,persistentId:63
08-29 23:32:33.562 21767 21767 I A04200/WINDOW: [a92ab1fb9150e58, 1f693d0, 27412aa] [SCBMission]SCBSceneMissionManager: popSceneFromOtherScreenByPersistentId sceneSession on targetScreen, ignored
08-29 23:32:33.562 21767 21767 I A04200/WINDOW: [a92ab1fb9150e58, 1f693d0, 27412aa] SCBSSM: isProjectionBundleName bundleName = io.reader.harmonyos, screenId = 0
08-29 23:32:33.562 21767 21767 I A04223/SCBMain: [a92ab1fb9150e58, 1f693d0, 27412aa] requestSceneSession using exist persistentId: 63
08-29 23:32:33.562 21767 21767 I A04223/SCBMain: [a92ab1fb9150e58, 1f693d0, 27412aa] getSceneSessionByPersistentId from containerSessionList id: 63
08-29 23:32:33.563 21767 21767 I A04200/WINDOW: [a92ab1fb9150e58, 1f693d0, 27412aa] SCBSPVM: getSceneContainerSessionWithPersistentId from containerSessionList id: 63
08-29 23:32:33.563 21767 21767 I A04223/SCBMain: [a92ab1fb9150e58, 1f693d0, 27412aa] [id:63][screenId:0]requestSceneSession, callerPersistentId:0, needLinkCaller:true
08-29 23:32:33.563 21767 21767 I A04223/SCBMain: [a92ab1fb9150e58, 1f693d0, 27412aa] find sceneSession from other screen
08-29 23:32:33.563 21767 21767 I A04222/WMSMission: [a92ab1fb9150e58, 1f693d0, 27412aa] [Screen:0][Panel:1] get existing session from usage-total list.
08-29 23:32:33.563 21767 21767 I A04200/WINDOW: [a92ab1fb9150e58, 1f693d0, 27412aa] SCBSSM: popSceneFromOtherScreen toScreen: 0, needBackground: trueneedRefreshFocus: true, needUpdateScreenId: true,persistentId:63
08-29 23:32:33.563 21767 21767 I A04200/WINDOW: [a92ab1fb9150e58, 1f693d0, 27412aa] [SCBMission]SCBSceneMissionManager: popSceneFromOtherScreenByPersistentId sceneSession on targetScreen, ignored
08-29 23:32:33.563 21767 21767 I A04200/WINDOW: [a92ab1fb9150e58, 1f693d0, 27412aa] SCBSSM: isProjectionBundleName bundleName = io.reader.harmonyos, screenId = 0
08-29 23:32:33.563 21767 21767 I A04223/SCBMain: [a92ab1fb9150e58, 1f693d0, 27412aa] requestSceneSession using exist persistentId: 63
08-29 23:32:33.563 21767 21767 I A04223/SCBMain: [a92ab1fb9150e58, 1f693d0, 27412aa] getSceneSessionByPersistentId from containerSessionList id: 63
08-29 23:32:33.563 21767 21767 I A04200/WINDOW: [a92ab1fb9150e58, 1f693d0, 27412aa] SCBSPVM: getSceneContainerSessionWithPersistentId from containerSessionList id: 63
08-29 23:32:33.563 21767 21767 I A01b01/HOME: [a92ab1fb9150e58, 1f693d0, 27412aa] SCBTM: findTransitionController. bundleName: io.reader.harmonyos, overlayBundleName: undefined
08-29 23:32:33.563 21767 21767 W A01b01/HOME: [a92ab1fb9150e58, 1f693d0, 27412aa] PageDesktopModel: findTransitionController shortcutId empty bundleName:io.reader.harmonyos
08-29 23:32:33.563 21767 21767 W A01b01/HOME: [a92ab1fb9150e58, 1f693d0, 27412aa] PageDesktopModel: findTransitionController bundleName: io.reader.harmonyos, abilityName: EntryAbility, startType: 0, formCardId: undefined, cardId: undefined, extraId: undefined, appIndex: 0, shortcutId: undefined, appInstanceKey: %{public}s
08-29 23:32:33.563 21767 21767 W A01b01/HOME: [a92ab1fb9150e58, 1f693d0, 27412aa] SCBTM: Find controller success ? true, findData: {"bundleName":"io.reader.harmonyos","abilityName":"EntryAbility","appIndex":0,"appIconId":"","iconRadius":0,"appIconNumber":0,"startAppType":0,"isOpenFolder":false}
08-29 23:32:33.563 21767 21767 E A01b01/HOME: [a92ab1fb9150e58, 1f693d0, 27412aa] SCBSPVM: overlayCardInfo is invalid
08-29 23:32:33.563 21767 21767 W A01b01/HOME: [a92ab1fb9150e58, 1f693d0, 27412aa] SCBSPVM: onStartSceneFromOther cardId empty isStartCard=false
08-29 23:32:33.563 21767 21767 I A01b01/HOME: [a92ab1fb9150e58, 1f693d0, 27412aa] SCBTM: findTransitionController. bundleName: io.reader.harmonyos, overlayBundleName: undefined
08-29 23:32:33.563 21767 21767 W A01b01/HOME: [a92ab1fb9150e58, 1f693d0, 27412aa] PageDesktopModel: findTransitionController shortcutId empty bundleName:io.reader.harmonyos
08-29 23:32:33.563 21767 21767 W A01b01/HOME: [a92ab1fb9150e58, 1f693d0, 27412aa] PageDesktopModel: findTransitionController bundleName: io.reader.harmonyos, abilityName: EntryAbility, startType: 0, formCardId: undefined, cardId: undefined, extraId: undefined, appIndex: 0, shortcutId: undefined, appInstanceKey: %{public}s
08-29 23:32:33.563 21767 21767 W A01b01/HOME: [a92ab1fb9150e58, 1f693d0, 27412aa] SCBTM: Find controller success ? true, findData: {"bundleName":"io.reader.harmonyos","abilityName":"EntryAbility","appIndex":0,"appIconId":"","iconRadius":0,"appIconNumber":0,"startAppType":0,"isOpenFolder":false}
08-29 23:32:33.563 21767 21767 W A01b01/HOME: [a92ab1fb9150e58, 1f693d0, 27412aa] SCBSPVM: onStartSceneFromOther cardId empty isStartCard=false
08-29 23:32:33.563 21767 21767 I A04223/SCBMain: [a92ab1fb9150e58, 1f693d0, 27412aa] [id:63][screenId:0]requestSceneSession, callerPersistentId:0, needLinkCaller:true
08-29 23:32:33.563 21767 21767 I A04223/SCBMain: [a92ab1fb9150e58, 1f693d0, 27412aa] find sceneSession from other screen
08-29 23:32:33.563 21767 21767 I A04222/WMSMission: [a92ab1fb9150e58, 1f693d0, 27412aa] [Screen:0][Panel:1] get existing session from usage-total list.
08-29 23:32:33.563 21767 21767 I A04200/WINDOW: [a92ab1fb9150e58, 1f693d0, 27412aa] SCBSSM: popSceneFromOtherScreen toScreen: 0, needBackground: trueneedRefreshFocus: true, needUpdateScreenId: true,persistentId:63
08-29 23:32:33.563 21767 21767 I A04200/WINDOW: [a92ab1fb9150e58, 1f693d0, 27412aa] [SCBMission]SCBSceneMissionManager: popSceneFromOtherScreenByPersistentId sceneSession on targetScreen, ignored
08-29 23:32:33.563 21767 21767 I A04200/WINDOW: [a92ab1fb9150e58, 1f693d0, 27412aa] SCBSSM: isProjectionBundleName bundleName = io.reader.harmonyos, screenId = 0
08-29 23:32:33.563 21767 21767 I A04223/SCBMain: [a92ab1fb9150e58, 1f693d0, 27412aa] requestSceneSession using exist persistentId: 63
08-29 23:32:33.563 21767 21767 I A04223/SCBMain: [a92ab1fb9150e58, 1f693d0, 27412aa] getSceneSessionByPersistentId from containerSessionList id: 63
08-29 23:32:33.563 21767 21767 I A04200/WINDOW: [a92ab1fb9150e58, 1f693d0, 27412aa] SCBSPVM: getSceneContainerSessionWithPersistentId from containerSessionList id: 63
08-29 23:32:33.563 21767 21767 W A01b01/HOME: [a92ab1fb9150e58, 1f693d0, 27412aa] SCBSPVM: isSceneContainerStartOther: true
08-29 23:32:33.563 21767 21767 I A01b00/SCB: [a92ab1fb9150e58, 1f693d0, 27412aa] LuoShuStateManager --> getLuoShuStateInfo: SCBWindowRotateController {"luoShuState":0,"scenePanelState":0,"eventType":7,"screenInfo":{"isLandscape":false,"foldState":1},"screenId":0,"holdingHandStatus":1}
08-29 23:32:33.563 21767 21767 I A0421d/WMSRotation: [a92ab1fb9150e58, 1f693d0, 27412aa] [isNonHook] luoShuState: 0
08-29 23:32:33.563 21767 21767 E A0421d/WMSRotation: [a92ab1fb9150e58, 1f693d0, 27412aa] [needRotateWithFlowLight] no need add rotation
08-29 23:32:33.563 21767 21767 W A0421d/WMSRotation: [a92ab1fb9150e58, 1f693d0, 27412aa] [getRotatedScreenProperty] this.rotation: 0; getRotatedScreenProperty: {rect: [0, 0, 1320, 2856], rotation: 0}
08-29 23:32:33.564 21767 21767 W A01b01/HOME: [a92ab1fb9150e58, 1f693d0, 27412aa] SCBSPVM: [onStartSceneFromOther] isNeed: false, windowAnimation: true
08-29 23:32:33.564 21767 21767 I A0421d/WMSRotation: [a92ab1fb9150e58, 1f693d0, 27412aa] [startSceneWithRotationIfNeed] containerSession EntryAbility/io.reader.harmonyos/entry/0(persistentId: 63)(containerId: 18), needAnimation false isFromRecent false fromUser false isPageRotation false
08-29 23:32:33.564 21767 21767 I A0421d/WMSRotation: [a92ab1fb9150e58, 1f693d0, 27412aa] [startSceneWithRotationIfNeed] containerSession EntryAbility/io.reader.harmonyos/entry/0(persistentId: 63)(containerId: 18)needAnimation false isFromRecent false fromUser false isPageRotation false
08-29 23:32:33.564 21767 21767 I A0421d/WMSRotation: [a92ab1fb9150e58, 1f693d0, 27412aa] [coverSensorRotation] cover sensor rotation.
08-29 23:32:33.564 21767 21767 I A01b00/SCB: [a92ab1fb9150e58, 1f693d0, 27412aa] SCBCompatibilityModeController: [addInvertedPortraitOrientationIfNeeded] requestOrientation:undefined
08-29 23:32:33.564 21767 21767 I A01b00/SCB: [a92ab1fb9150e58, 1f693d0, 27412aa] SCBCompatibilityModeResourceManager: [isCurrentSupportAddInvertedPortraitOrientation] isSupportAddInvertedPortraitOrientation: false
08-29 23:32:33.564 21767 21767 I A01b00/SCB: [a92ab1fb9150e58, 1f693d0, 27412aa] SCBCompatibilityModeResourceManager: [isNeedAddInvertedPortraitOrientation] current device status is not support adding inverted portrait orientation
08-29 23:32:33.564 21767 21767 I A04200/WINDOW: [a92ab1fb9150e58, 1f693d0, 27412aa] SCBScreenSM: screenRotationLocked value:true
08-29 23:32:33.564 21767 21767 W A0421d/WMSRotation: [a92ab1fb9150e58, 1f693d0, 27412aa] [getTargetRotation] bundleName:io.reader.harmonyos requestOrientation:0 isScreenLocked:true isPlacedRotateFriendlyDevicePlaced:false fixedRotation: -1 rotationCommand: {"isIgnorePlacedState":false,"isFromDropDown":false}
08-29 23:32:33.564 21767 21767 I A04200/WINDOW: [a92ab1fb9150e58, 1f693d0, 27412aa] SCBSSM: targetOrientation does not belong to the userOrientation type
08-29 23:32:33.564 21767 21767 I A0421d/WMSRotation: [a92ab1fb9150e58, 1f693d0, 27412aa] [notifySupportRotationChange] container requestOrientation: 0 scene requestOrientation: 0
08-29 23:32:33.564 21767 21767 I A0421d/WMSRotation: [a92ab1fb9150e58, 1f693d0, 27412aa] [notifySupportRotationChange] displayId: 0 persistentId: 63 container: [true,false,false,false] scene: [true,false,false,false] reason: ContainerRequestedOrientationChange
08-29 23:32:33.564 21767 21767 I A04200/WINDOW: [a92ab1fb9150e58, 1f693d0, 27412aa] SCBSSM: notifySupportRotationChange
08-29 23:32:33.564 21767 21767 I A0421d/WMSRotation: [a92ab1fb9150e58, 1f693d0, 27412aa] [startSceneWithRotationIfNeed] before rotate with targetRotation=0, sensorRotation=0, currentScreenRotation=0, currentContainerRotation=0, tempRotation=, name=io.reader.harmonyos
08-29 23:32:33.564 21767 21767 I A0421d/WMSRotation: [a92ab1fb9150e58, 1f693d0, 27412aa] [rotateWindowPolicy] no need to rotate with same targetRotation
08-29 23:32:33.564 21767 21767 W A01b01/HOME: [a92ab1fb9150e58, 1f693d0, 27412aa] SCBSPVM: [SCBMain]onStartSceneFromOther EntryAbility/io.reader.harmonyos/entry/0(persistentId: 63)(containerId: 18) isActive:false isStartCard:false needBlurAnimation:true scenePanelState:0
08-29 23:32:33.564 21767 21767 I A01b09/RECENT: [a92ab1fb9150e58, 1f693d0, 27412aa] RecentPanelViewModel: [SCBMain]onStartSceneFromOther com.huawei.hmos.settings.MainAbility/com.huawei.hmos.settings/phone_settings/0(persistentId: 50)(containerId: 5) notShowSessionDestroy
08-29 23:32:33.564 21767 21767 I A01b00/SCB: [a92ab1fb9150e58, 1f693d0, 27412aa] LuoShuStateManager --> getLuoShuStateInfo: SCBSPVM {"luoShuState":0,"scenePanelState":0,"eventType":7,"screenInfo":{"isLandscape":false,"foldState":1},"screenId":0,"holdingHandStatus":1}
08-29 23:32:33.564 21767 21767 I A0421d/WMSRotation: [a92ab1fb9150e58, 1f693d0, 27412aa] no active session return!
08-29 23:32:33.564 21767 21767 W A01b01/HOME: [a92ab1fb9150e58, 1f693d0, 27412aa] SCBSPVM: [SCBMain]onStartSceneFromOther do not need minimize former scene, activeContainer is null? true
08-29 23:32:33.564 21767 21767 I A04200/WINDOW: [a92ab1fb9150e58, 1f693d0, 27412aa] SCBSPM: Remove container id: 18, 63
08-29 23:32:33.565 21767 21767 I A01b09/RECENT: [a92ab1fb9150e58, 1f693d0, 27412aa] RecentDockRefreshAlarm: start alarm recent dock: EntryAbility/io.reader.harmonyos/entry/0(persistentId: 63)(containerId: 18)
08-29 23:32:33.565 21767 21767 W A0420a/WMSLife: [a92ab1fb9150e58, 1f693d0, 27412aa] Request scene container session activation, name: EntryAbility/io.reader.harmonyos/entry/0(persistentId: 63)(containerId: 18) isNewActive: false, isPersist: true, reason: undefined
08-29 23:32:33.565 21767 21767 I A01b00/SCB: [a92ab1fb9150e58, 1f693d0, 27412aa] LuoShuStateManager --> getLuoShuStateInfo: SCBScreenSM {"luoShuState":0,"scenePanelState":0,"eventType":7,"screenInfo":{"isLandscape":false,"foldState":1},"screenId":0,"holdingHandStatus":1}
08-29 23:32:33.565 21767 21767 I A04200/WINDOW: [a92ab1fb9150e58, 1f693d0, 27412aa] SCBSceneRecentMissionManager: add id 63 to recentMissionIdSet
08-29 23:32:33.565 21767 21767 W A04223/SCBMain: [a92ab1fb9150e58, 1f693d0, 27412aa] requestSessionActivation primarySession priNewActive: false
08-29 23:32:33.565 21767 21767 I A04223/SCBMain: [a92ab1fb9150e58, 1f693d0, 27412aa] requestSceneSessionActivation: isNewActive: false, isPersist: true, reason: undefined, name: EntryAbility/io.reader.harmonyos/entry/0(persistentId: 63), containerRotation: 0
08-29 23:32:33.565 21767 21767 I A0420a/WMSLife: [a92ab1fb9150e58, 1f693d0, 27412aa] [id:63]requestSceneSessionActivation.
08-29 23:32:33.565 21767 21767 I A0420a/WMSLife: [a92ab1fb9150e58, 1f693d0, 27412aa] setIsPendingToBackgroundState, state:false
08-29 23:32:33.565 21767 21767 I A0420a/WMSLife: [a92ab1fb9150e58, 1f693d0, 27412aa] setIsActivatedAfterScreenLocked, isScreenLocked: false
08-29 23:32:33.566 21767 21767 E A01b00/SCB: [a92ab1fb9150e58, 1f693d0, 27412aa] SCBCategoryResourceManager: isSupportFullScreenInForceSplit: io.reader.harmonyos is not in featureMap
08-29 23:32:33.566 21767 21767 I A01b00/SCB: [a92ab1fb9150e58, 1f693d0, 27412aa] SCBCategoryResourceManager: updateFullScreenInForceSplitStatusIfNeed: isFullScreenInForceSplit no change
08-29 23:32:33.566 21767 21767 I A04223/SCBMain: [a92ab1fb9150e58, 1f693d0, 27412aa] isForegroundAndActive: sessionState: 0, isActive: true
08-29 23:32:33.566 21767 21767 I A04200/WINDOW: [a92ab1fb9150e58, 1f693d0, 27412aa] SCBSSM: isInOutdoorExploreMode: false
08-29 23:32:33.566 21767 21767 I A04200/WMS: [a92ab1fb9150e58, 1f693d0, 27412aa] modifyPersistentMap, bundleName: io.reader.harmonyos
08-29 23:32:33.566 21767 21767 I A01b01/HOME: [a92ab1fb9150e58, 1f693d0, 27412aa] SCBSPVM: enter FULLSCENE
08-29 23:32:33.566 21767 21767 I A01b09/RECENT: [a92ab1fb9150e58, 1f693d0, 27412aa] RecentPanel: RecentViewParam init
08-29 23:32:33.567 21767 21767 W A01b01/HOME: [a92ab1fb9150e58, 1f693d0, 27412aa] SCBSCS: [SCBSCS] border radius from topLeft: 0, topRight: 0, bottomLeft: 0, bottomRight: 0 to 36. reason: init, extra: EntryAbility/io.reader.harmonyos/entry/0(persistentId: 63)(containerId: 18)
08-29 23:32:33.567 21767 21767 W A01b01/HOME: [a92ab1fb9150e58, 1f693d0, 27412aa] SCBSCS: [SCBSCS] sceneAlpha from 0 to 1. reason: init, extra: EntryAbility/io.reader.harmonyos/entry/0(persistentId: 63)(containerId: 18)
08-29 23:32:33.569 21767 21767 I A04200/WINDOW: [a92ab1fb9150e58, 1f693d0, 27412aa] SCBSPVM: updateScenePanelState from 0 to 1
08-29 23:32:33.569 21767 21767 I A01b00/SCB: [a92ab1fb9150e58, 1f693d0, 27412aa] SCBDesktop --> scenePanelState change 1
08-29 23:32:33.570 21767 21767 I A01b00/SCB: [a92ab1fb9150e58, 1f693d0, 27412aa] SCBDesktop --> updateScenePanelState, sceneState:1
08-29 23:32:33.570 21767 21767 I A01c05/FORM: [a92ab1fb9150e58, 1f693d0, 27412aa] PageDesktopViewModel --> localEventListener receive event: launcher.event.REQUEST_FORM_RECYCLE
08-29 23:32:33.571 21767 21767 I A01c05/FORM: [a92ab1fb9150e58, 1f693d0, 27412aa] PageDesktopViewModel --> current recycleFormEventHandler, state = true, currentStartApp = false
08-29 23:32:33.571 32257 32257 I A000ff/ThemeEngine: [a92ab1fb9150e58, 1dc9340, 6e217] EngineProxy --> Receiving IPC call with matched key sceneState
08-29 23:32:33.571 32257 32257 I A000ff/ThemeEngine: [a92ab1fb9150e58, 1dc9340, 6e217] EngineProxy --> onWindowScbStateChange preSceneState: 0, currentSceneState: 1
08-29 23:32:33.572 21767 21767 I A01b01/HOME: [a92ab1fb9150e58, 1f693d0, 27412aa] SCBDesktopAddViewModel --> closeDesktopAddDialog event:isBackGesture: false isKeyboardShowing: undefined isSearchPage: false
08-29 23:32:33.572 21767 21767 I A01c05/FORM: [a92ab1fb9150e58, 1f693d0, 27412aa] FormStackExpandView: formstack expand onScenePanelStateChange: 1
08-29 23:32:33.572 21767 21767 I A0ff00/SEARCH: [a92ab1fb9150e58, 1f693d0, 27412aa] [HiSearch]: HiSearchComponent, onScenePanelStateChange, 0, 1
08-29 23:32:33.573 21767 21767 I A0ff00/SEARCH: [a92ab1fb9150e58, 1f693d0, 27412aa] [HiSearch]: SearchInput, onScenePanelStateChange 1
08-29 23:32:33.573 21767 21767 I A01a00/SYS_UI: [a92ab1fb9150e58, 1f693d0, 27412aa] SystemUIView: onScenePanelStateChange: 1
08-29 23:32:33.573 21767 21767 I A01b00/SCB: [a92ab1fb9150e58, 1f693d0, 27412aa] LuoShuStateFSM --> setScenePanelState: 1
08-29 23:32:33.574 21767 21767 I A01b0a/GESTURE: [a92ab1fb9150e58, 1f693d0, 27412aa] AIBarView --> ScenepanelState has change to 1
08-29 23:32:33.574 21767 21767 I A01b0a/GESTURE: [a92ab1fb9150e58, 1f693d0, 27412aa] FloatingNavigationManager --> setScenePanelState 1
08-29 23:32:33.574 21767 21767 I A01b0a/GESTURE: [a92ab1fb9150e58, 1f693d0, 27412aa] FloatingNavigationManager --> sendFloatingIsInApp true
08-29 23:32:33.574 21767 21767 I A01b0a/GESTURE: [a92ab1fb9150e58, 1f693d0, 27412aa] FloatingNavigationManager --> sendFloatingNavIsInApp switch is closed
08-29 23:32:33.574 21767 21767 I A01b09/RECENT: [a92ab1fb9150e58, 1f693d0, 27412aa] RecentPanel: is scrolling value is  false  state is  1 
08-29 23:32:33.574 21767 21767 I A01b00/SCB: [a92ab1fb9150e58, 1f693d0, 27412aa] PerformanceReporter: Enter calledScene:32, currentMemScene:32
08-29 23:32:33.629 21767 21767 I A04200/WINDOW: [a92ab1fb9150e58, 1f693d0, 27412aa] SCBScenePanel: [scenePanelCanvasStyles] set Scale to: 1
08-29 23:32:33.648 21767 21767 W A01a01/NC: [a92ab1fb9150e58, 1ff3cd2, 1f693d0] DropdownPanelView: onStartSceneFromOtherEvent return. event: io.reader.harmonyos isViewShowing:false
08-29 23:32:33.650 21767 21767 I A04200/WINDOW: [a92ab1fb9150e58, 1f693d0, 27412aa] SCBSpecialScenePanel: isBgBlurEnable, isEnableBlur, isTripleAnimBlur, isBgBlurAboveKeyguardEnabled: true, true, false, false
08-29 23:32:33.650 21767 21767 I A01b0a/GESTURE: [a92ab1fb9150e58, 1f693d0, 27412aa] AIBarView --> checkShowAiBar. isShowingAiBar:true
08-29 23:32:33.651 21767 21767 I A01b0a/GESTURE: [a92ab1fb9150e58, 1f693d0, 27412aa] aiBarViewData --> powerMode:600 thermalLevel:1 isEnterDeliver:false
08-29 23:32:33.654 21767 21767 I A01b01/HOME: [a92ab1fb9150e58, 1f693d0, 27412aa] SCBSceneContainer: init.
08-29 23:32:33.654 21767 21767 I A0420b/WMSKeyboard: [a92ab1fb9150e58, 1f693d0, 27412aa] registerkeyboardGravityChangeCallbacks
08-29 23:32:33.654 21767 21767 I A0420b/WMSKeyboard: [a92ab1fb9150e58, 1f693d0, 27412aa] registerKeyboardShowCallback
08-29 23:32:33.654 21767 21767 I A01b0a/GESTURE: [a92ab1fb9150e58, 1f693d0, 27412aa] SCBEventExclusiveManager: registerEventExclusive, caller:SPLIT_GESTURE
08-29 23:32:33.682 21767 21767 I A04200/WINDOW: [a92ab1fb9150e58, 1f693d0, 27412aa] SCBScreenSM: priority: 0 regScreenRotateat aboutToAppear (SCBSceneContainer.ts:1349:47)
08-29 23:32:33.682 21767 21767 I A04200/WINDOW: [a92ab1fb9150e58, 1f693d0, 27412aa] SCBScreenSM: regScreenRotate screenId: 0 9
08-29 23:32:33.685 21767 21767 I A01b00/SCB: [a92ab1fb9150e58, 1f693d0, 27412aa] IconResourceManager: getCombIcon is penglai false, **.reader.harmonyos, entry, EntryAbility, 0, CombIcon_AppIconParam, undefined, false
08-29 23:32:33.685 21767 21767 I A01b00/SCB: [a92ab1fb9150e58, 328d54d, 1f693d0] MemoryCache --> getCombIcon cacheKey io.reader.harmonyos#entryEntryAbility0
08-29 23:32:33.685 21767 21767 W A01b00/SCB: [a92ab1fb9150e58, 234e5be, 328d54d] IconResourceManager: combIcon is empty: false, bundleName: **.reader.harmonyos
08-29 23:32:33.695 21767 21767 W A01b01/HOME: [a92ab1fb9150e58, 1f693d0, 27412aa] SCBSceneContainer: [SCBMain] EntryAbility/io.reader.harmonyos/entry/0(persistentId: 63)(containerId: 18) enableShow change from false to true. Detail:isPrebuildStageEnableShow:false, showInRecent:false, sceneContainerSession.enableShow:true, showInScrolling:false
08-29 23:32:33.697 21767 21767 I A01b01/HOME: [a92ab1fb9150e58, 1f693d0, 27412aa] SCBSceneContainer: issShowTransitionIconOrCard state is 0, isCombinationIcon:false
08-29 23:32:33.700 21767 21767 I A01b01/HOME: [a92ab1fb9150e58, 1f693d0, 27412aa] SCBSceneContainer: isAnimSnapshotShow false, isShowContainerSnapshot.
08-29 23:32:33.702 21767 21767 I A01c06/ICON: [a92ab1fb9150e58, 1f693d0, 27412aa] CompanionIcon: isCustom isShortWidth:false isShortHeight:false
08-29 23:32:33.702 21767 21767 I A01c06/ICON: [a92ab1fb9150e58, 1f693d0, 27412aa] CompanionIcon: aboutToAppear moduleName: undefined, bundleName: undefined, startAppType: undefined
08-29 23:32:33.702 21767 21767 I A04200/WINDOW: [a92ab1fb9150e58, 1f693d0, 27412aa] SCBSSM: Register func type: 23 with screenId: 0 success.
08-29 23:32:33.702 21767 21767 I A04200/WINDOW: [a92ab1fb9150e58, 1f693d0, 27412aa] SCBSSM: Register func type: 14 with screenId: 0 success.
08-29 23:32:33.702 21767 21767 I A04200/WINDOW: [a92ab1fb9150e58, 1f693d0, 27412aa] SCBSceneViewModel: init.
08-29 23:32:33.702 21767 21767 I A04200/WINDOW: [a92ab1fb9150e58, 1f693d0, 27412aa] SCBSceneSession: registerOnUpdateSessionIconCallback
08-29 23:32:33.702 21767 21767 W A04200/WINDOW: [a92ab1fb9150e58, 1f693d0, 27412aa] SCBSceneSession: registerCreateSubSessionCallback, id: 63, on panel: undefined
08-29 23:32:33.702 21767 21767 I A04200/WINDOW: [a92ab1fb9150e58, 1f693d0, 27412aa] SCBSceneSession: [SCBDialog] registerCreateDialogCallback, id: 63, on panel: undefined
08-29 23:32:33.702 21767 21767 I A04200/WINDOW: [a92ab1fb9150e58, 1f693d0, 27412aa] SCBSceneSession: registerSessionTouchableChangeCallback
08-29 23:32:33.702 21767 21767 I A04200/WINDOW: [a92ab1fb9150e58, 1f693d0, 27412aa] SCBSceneSession: registerSessionSystemBarPropertyCallback
08-29 23:32:33.702 21767 21767 I A04200/WINDOW: [a92ab1fb9150e58, 1f693d0, 27412aa] SCBSceneSession: registerUpdatePiPTemplateInfoCallback, persistentId: 63
08-29 23:32:33.702 21767 21767 I A04200/WINDOW: [a92ab1fb9150e58, 1f693d0, 27412aa] SCBKioskModeManager: sceneType=SCBScene63 registerKioskModeChangeEvent success.
08-29 23:32:33.705 21767 21767 I A01b00/SCB: [a92ab1fb9150e58, 1f693d0, 27412aa] LuoShuStateManager --> getLuoShuStateInfo: WMUtils {"luoShuState":0,"scenePanelState":1,"eventType":7,"screenInfo":{"isLandscape":false,"foldState":1},"screenId":0,"holdingHandStatus":1}
08-29 23:32:33.707 21767 21767 I A04200/WINDOW: [a92ab1fb9150e58, 1f693d0, 27412aa] SCBSPM: onBlurTransitionActive blurScale:1 source:SCBScenePanel > startBlurAnimation leg 1 isForegroundBlurActive:false
08-29 23:32:33.707 21767 21767 W A01b09/RECENT: [a92ab1fb9150e58, 1f693d0, 27412aa] SCBScenePanelSession: setBgBlurScale, blurScale: 0 to 1,caller function name: SCBScenePanel > startBlurAnimation leg 1
08-29 23:32:33.707 21767 21767 I A01b00/SCB: [a92ab1fb9150e58, 1f693d0, 27412aa] PerformanceReporter: exitScene:64, currentMemScene:32
08-29 23:32:33.707 21767 21767 I A01b09/RECENT: [a92ab1fb9150e58, 1f693d0, 27412aa] RecentPanelViewModel: setScenePanelTouchableByNavigation is false, scenePanelState is 1 isTouchableByNavBar:false isTouchable:undefined
08-29 23:32:33.707 21767 21767 I A04204/WMSScb: [a92ab1fb9150e58, 1f693d0, 27412aa] setSessionTouchable:false this.sessionChangeCallback:undefined
08-29 23:32:33.707 21767 21767 I A04223/SCBMain: [a92ab1fb9150e58, 1f693d0, 27412aa] notifyForegroundInteractiveStatus, persistentId:63 interactive:true
08-29 23:32:33.708 21767 21767 I A01b01/HOME: [a92ab1fb9150e58, 1f693d0, 27412aa] SCBSPVM: close formservice and managerview when fullscene
08-29 23:32:33.708 21767 21767 I A01b0a/GESTURE: [a92ab1fb9150e58, 1f693d0, 27412aa] FlowLightManager --> SCBSPVM updateFlowLightOpacity 1
08-29 23:32:33.708 21767 21767 I A01a00/SYS_UI: [a92ab1fb9150e58, 1f693d0, 27412aa] OverlayStartAnimHelper: checkStartOverlayTransitionIn
08-29 23:32:33.708 21767 21767 E A01a00/SYS_UI: [a92ab1fb9150e58, 1f693d0, 27412aa] OverlayStartAnimHelper: overlayCardInfo is invalid
08-29 23:32:33.708 21767 21767 I A04200/WINDOW: [a92ab1fb9150e58, 1f693d0, 27412aa] SCBSSM: resetStartingSceneFromPiP
08-29 23:32:33.708 21767 21767 I A01b01/HOME: [a92ab1fb9150e58, 1f693d0, 27412aa] SCBSPVM: Not SmartKey quickAccessMenu
08-29 23:32:33.708 21767 21767 W A01b01/HOME: [a92ab1fb9150e58, 1f693d0, 27412aa] SCBSPVM: [SCBMain]onStartSceneFromOther !isActive call sceneContainerZoomIn
08-29 23:32:33.708 21767 21767 I A04200/WINDOW: [a92ab1fb9150e58, 1f693d0, 27412aa] SCBFloatManager: minimizeAllFloatContainer reason:minimizeAllFloatWindowFromFullScreen
08-29 23:32:33.708 21767 21767 W A01c06/ICON: [a92ab1fb9150e58, 1f693d0, 27412aa] CompanionIcon: isNeedUpdateIcon name is Empty, return false
08-29 23:32:33.708 21767 21767 W A01c06/ICON: [a92ab1fb9150e58, 1f693d0, 27412aa] CompanionIcon: isNeedUpdateIcon name is Empty, return false
08-29 23:32:33.709 21767 21767 W A01b01/HOME: [a92ab1fb9150e58, 1f693d0, 27412aa] SCBSCS: [SCBScenePanelViewModel] sceneAlpha from 1 to 0. reason: sceneContainerZoomIn, extra: EntryAbility/io.reader.harmonyos/entry/0(persistentId: 63)(containerId: 18)
08-29 23:32:33.709 21767 21767 W A04202/WMSMain: [a92ab1fb9150e58, 1f693d0, 27412aa] add failed. EntryAbility/io.reader.harmonyos/entry/0(persistentId: 63)(containerId: 18) already existed in array
08-29 23:32:33.709 21767 21767 I A04200/WINDOW: [a92ab1fb9150e58, 1f693d0, 27412aa] SCBSceneRecentMissionManager: add id 63 to recentMissionIdSet
08-29 23:32:33.709 21767 21767 I A04200/WINDOW: [a92ab1fb9150e58, 1f693d0, 27412aa] SCBSPM: Remove container id: 18, 63
08-29 23:32:33.709 21767 21767 I A01b09/RECENT: [a92ab1fb9150e58, 1f693d0, 27412aa] RecentDockRefreshAlarm: refresh recent dock: EntryAbility/io.reader.harmonyos/entry/0(persistentId: 63)(containerId: 18)
08-29 23:32:33.709 21767 21767 I A01b09/RECENT: [a92ab1fb9150e58, 1f693d0, 27412aa] RecentDockRefreshAlarm: start alarm recent dock: EntryAbility/io.reader.harmonyos/entry/0(persistentId: 63)(containerId: 18)
08-29 23:32:33.709 21767 21767 W A01b01/HOME: [a92ab1fb9150e58, 1f693d0, 27412aa] SCBSCS: Add count 18, 0
08-29 23:32:33.709 21767 21767 I A01b01/HOME: [a92ab1fb9150e58, 1f693d0, 27412aa] SCBTM: Add count 18, 0
08-29 23:32:33.709 21767 21767 W A01b01/HOME: [a92ab1fb9150e58, 1f693d0, 27412aa] SCBSCS: getTransitionCount from session 18, 1
08-29 23:32:33.709 21767 21767 W A01b01/HOME: [a92ab1fb9150e58, 1f693d0, 27412aa] SCBTM: getTransitionCount from animationMap 18, 1
08-29 23:32:33.712 21767 21767 I A01b01/HOME: [a92ab1fb9150e58, 1f693d0, 27412aa] SCBScenePanelAnimator: persistentId: 63 callerPersistentId: 0 activePersistentId: undefined
08-29 23:32:33.712 21767 21767 I A01b00/SCB: [a92ab1fb9150e58, 1f693d0, 27412aa] LuoShuStateManager --> getLuoShuStateInfo: SCBScenePanelAnimator {"luoShuState":0,"scenePanelState":1,"eventType":7,"screenInfo":{"isLandscape":false,"foldState":1},"screenId":0,"holdingHandStatus":1}
08-29 23:32:33.712 21767 21767 I A01b01/HOME: [a92ab1fb9150e58, 1f693d0, 27412aa] SCBScenePanelAnimator: sceneContainerZoomIn
08-29 23:32:33.712 21767 21767 W A01b01/HOME: [a92ab1fb9150e58, 1f693d0, 27412aa] SCBTM: notifySceneTransitionIn isTransitionInFromOther: true
08-29 23:32:33.712 21767 21767 I A01b01/HOME: [a92ab1fb9150e58, 1f693d0, 27412aa] SCBTM: cancelAndResetCloseAppAnimate change currentTransitionController
08-29 23:32:33.712 21767 21767 I A01b01/HOME: [a92ab1fb9150e58, 1f693d0, 27412aa] SCBTM: cleanTransition ignore
08-29 23:32:33.712 21767 21767 I A0001b/AA: [a92ab1fb9150e58, 1f693d0, 27412aa] OutSideWindowManager: globalSearchStatus: 0
08-29 23:32:33.712 21767 21767 I A01b01/HOME: [a92ab1fb9150e58, 1f693d0, 27412aa] SCBSceneContainer: issShowTransitionIconOrCard state is 0, isCombinationIcon:false
08-29 23:32:33.713 21767 21767 I A01b01/HOME: [a92ab1fb9150e58, 1f693d0, 27412aa] SCBSceneContainer: isAnimSnapshotShow false, isShowContainerSnapshot.
08-29 23:32:33.713 21767 21767 I A01b00/SCB: [a92ab1fb9150e58, 1f693d0, 27412aa] LuoShuStateManager --> getLuoShuStateInfo: WMUtils {"luoShuState":0,"scenePanelState":1,"eventType":7,"screenInfo":{"isLandscape":false,"foldState":1},"screenId":0,"holdingHandStatus":1}
08-29 23:32:33.714 21767 21767 I A01b0f/TE: [a92ab1fb9150e58, 1f693d0, 27412aa] WallpaperManager --> updateDeskTopWallpaperScale scale = 1.1;
08-29 23:32:33.714 21767 21767 I A0001b/AA: [a92ab1fb9150e58, 1f693d0, 27412aa] OutSideWindowManager: globalSearchStatus: 0
08-29 23:32:33.714 21767 21767 W A01b00/SCB: [a92ab1fb9150e58, 1f693d0, 27412aa] SCBDesktop --> onDesktopAnimateScaleChanged changeScale to 0.88, due to:onActive
08-29 23:32:33.714 21767 21767 I A0001b/AA: [a92ab1fb9150e58, 1f693d0, 27412aa] OutSideWindowManager: globalSearchStatus: 0
08-29 23:32:33.715 21767 21767 I A01b00/SCB: [a92ab1fb9150e58, 1f693d0, 27412aa] LuoShuStateManager --> getLuoShuStateInfo: SCBWindowRotateController {"luoShuState":0,"scenePanelState":1,"eventType":7,"screenInfo":{"isLandscape":false,"foldState":1},"screenId":0,"holdingHandStatus":1}
08-29 23:32:33.715 21767 21767 I A0421d/WMSRotation: [a92ab1fb9150e58, 1f693d0, 27412aa] [isNonHook] luoShuState: 0
08-29 23:32:33.715 21767 21767 E A0421d/WMSRotation: [a92ab1fb9150e58, 1f693d0, 27412aa] [needRotateWithFlowLight] no need add rotation
08-29 23:32:33.715 21767 21767 W A0421d/WMSRotation: [a92ab1fb9150e58, 1f693d0, 27412aa] [getRotatedScreenProperty] this.rotation: 0; getRotatedScreenProperty: {rect: [0, 0, 1320, 2856], rotation: 0}
08-29 23:32:33.715 21767 21767 I A0421d/WMSRotation: [a92ab1fb9150e58, 1f693d0, 27412aa] [startSceneWithRotationIfNeed] containerSession EntryAbility/io.reader.harmonyos/entry/0(persistentId: 63)(containerId: 18)needAnimation false isFromRecent false fromUser false isPageRotation false
08-29 23:32:33.715 21767 21767 I A0421d/WMSRotation: [a92ab1fb9150e58, 1f693d0, 27412aa] [coverSensorRotation] cover sensor rotation.
08-29 23:32:33.715 21767 21767 I A01b00/SCB: [a92ab1fb9150e58, 1f693d0, 27412aa] SCBCompatibilityModeController: [addInvertedPortraitOrientationIfNeeded] requestOrientation:undefined
08-29 23:32:33.715 21767 21767 I A01b00/SCB: [a92ab1fb9150e58, 1f693d0, 27412aa] SCBCompatibilityModeResourceManager: [isCurrentSupportAddInvertedPortraitOrientation] isSupportAddInvertedPortraitOrientation: false
08-29 23:32:33.715 21767 21767 I A01b00/SCB: [a92ab1fb9150e58, 1f693d0, 27412aa] SCBCompatibilityModeResourceManager: [isNeedAddInvertedPortraitOrientation] current device status is not support adding inverted portrait orientation
08-29 23:32:33.715 21767 21767 I A04200/WINDOW: [a92ab1fb9150e58, 1f693d0, 27412aa] SCBScreenSM: screenRotationLocked value:true
08-29 23:32:33.715 21767 21767 W A0421d/WMSRotation: [a92ab1fb9150e58, 1f693d0, 27412aa] [getTargetRotation] bundleName:io.reader.harmonyos requestOrientation:0 isScreenLocked:true isPlacedRotateFriendlyDevicePlaced:false fixedRotation: -1 rotationCommand: {"isIgnorePlacedState":false,"isFromDropDown":false}
08-29 23:32:33.715 21767 21767 I A04200/WINDOW: [a92ab1fb9150e58, 1f693d0, 27412aa] SCBSSM: targetOrientation does not belong to the userOrientation type
08-29 23:32:33.715 21767 21767 I A0421d/WMSRotation: [a92ab1fb9150e58, 1f693d0, 27412aa] [notifySupportRotationChange] container requestOrientation: 0 scene requestOrientation: 0
08-29 23:32:33.715 21767 21767 I A0421d/WMSRotation: [a92ab1fb9150e58, 1f693d0, 27412aa] [notifySupportRotationChange] displayId: 0 persistentId: 63 container: [true,false,false,false] scene: [true,false,false,false] reason: ContainerRequestedOrientationChange
08-29 23:32:33.715 21767 21767 I A04200/WINDOW: [a92ab1fb9150e58, 1f693d0, 27412aa] SCBSSM: notifySupportRotationChange
08-29 23:32:33.715 21767 21767 I A0421d/WMSRotation: [a92ab1fb9150e58, 1f693d0, 27412aa] [startSceneWithRotationIfNeed] before rotate with targetRotation=0, sensorRotation=0, currentScreenRotation=0, currentContainerRotation=0, tempRotation=, name=io.reader.harmonyos
08-29 23:32:33.715 21767 21767 I A0421d/WMSRotation: [a92ab1fb9150e58, 1f693d0, 27412aa] [rotateWindowPolicy] no need to rotate with same targetRotation
08-29 23:32:33.715 21767 21767 I A01b00/SCB: [a92ab1fb9150e58, 1f693d0, 27412aa] LuoShuStateManager --> getLuoShuStateInfo: SCBScreenSM {"luoShuState":0,"scenePanelState":1,"eventType":7,"screenInfo":{"isLandscape":false,"foldState":1},"screenId":0,"holdingHandStatus":1}
08-29 23:32:33.715 21767 21767 I A01b01/HOME: [a92ab1fb9150e58, 1f693d0, 27412aa] SCBSCS: [SCBSCS] scaleX from 1 to 0.035. reason: startOther, extra: EntryAbility/io.reader.harmonyos/entry/0(persistentId: 63)(containerId: 18)
08-29 23:32:33.715 21767 21767 I A01b01/HOME: [a92ab1fb9150e58, 1f693d0, 27412aa] SCBSCS: [SCBSCS] scaleY from 1 to 0.035. reason: startOther, extra: EntryAbility/io.reader.harmonyos/entry/0(persistentId: 63)(containerId: 18)
08-29 23:32:33.716 21767 21767 W A01b01/HOME: [a92ab1fb9150e58, 1f693d0, 27412aa] SCBSCS: [SCBSCS] translateY from 0 to -163.20000000000002. reason: startOther, extra: EntryAbility/io.reader.harmonyos/entry/0(persistentId: 63)(containerId: 18)
08-29 23:32:33.716 21767 21767 W A01b01/HOME: [a92ab1fb9150e58, 1f693d0, 27412aa] StartAndExitUtil: get screenStateKey: F_portrait, responseType: 1, response: 0.3
08-29 23:32:33.716 21767 21767 W A04200/WINDOW: [a92ab1fb9150e58, 1f693d0, 27412aa] WindowAnimation: [SCBAnimation] start animation with type ZOOM_IN param {"curve":{"__curveString":"responsive-spring-motion(0.300000,1.157000,0.000000)"}}
08-29 23:32:33.716 21767 21767 I A01b01/HOME: [a92ab1fb9150e58, 1f693d0, 27412aa] SCBSCS: [SCBSCS] scaleX from 0.035 to 1. reason: onTransitionInactive, extra: EntryAbility/io.reader.harmonyos/entry/0(persistentId: 63)(containerId: 18)
08-29 23:32:33.716 21767 21767 I A01b01/HOME: [a92ab1fb9150e58, 1f693d0, 27412aa] SCBSCS: [SCBSCS] scaleY from 0.035 to 1. reason: onTransitionInactive, extra: EntryAbility/io.reader.harmonyos/entry/0(persistentId: 63)(containerId: 18)
08-29 23:32:33.716 21767 21767 W A01b01/HOME: [a92ab1fb9150e58, 1f693d0, 27412aa] SCBSCS: [SCBSCS] translateY from -163.20000000000002 to 0. reason: onTransitionInactive, extra: EntryAbility/io.reader.harmonyos/entry/0(persistentId: 63)(containerId: 18)
08-29 23:32:33.716 21767 21767 I A04200/WINDOW: [a92ab1fb9150e58, 1f693d0, 27412aa] SCBSPM: onBlurTransitionActive blurScale:1 source:SCBScenePanel > sceneContainerZoomIn isForegroundBlurActive:false
08-29 23:32:33.717 21767 21767 W A01b01/HOME: [a92ab1fb9150e58, 1f693d0, 27412aa] SCBSCS: [SCBScenePanelViewModel] sceneAlpha from 0 to 1. reason: sceneContainerZoomIn, extra: EntryAbility/io.reader.harmonyos/entry/0(persistentId: 63)(containerId: 18)
08-29 23:32:33.717 21767 21767 I A01b01/HOME: [a92ab1fb9150e58, 1f693d0, 27412aa] SCBSCS: setMotionBlurRadius: 0.5, caller: sceneContainerZoomIn
08-29 23:32:33.717 21767 21767 I A01b00/SCB: [a92ab1fb9150e58, 1f693d0, 27412aa] LocalEventManager: sendLocalEvent, send local event with no receiver
08-29 23:32:33.717 21767 21767 I A0001b/AA: [a92ab1fb9150e58, 1f693d0, 27412aa] OutSideWindowManager: globalSearchStatus: 0
08-29 23:32:33.717 21767 21767 I A01b09/RECENT: [a92ab1fb9150e58, 1f693d0, 27412aa] QuickSwitchRaiseTopAlarm: cancel alarm, reason: start scene from other
08-29 23:32:33.717 21767 21767 I A04200/WINDOW: [a92ab1fb9150e58, 1f693d0, 27412aa] [SCBMission]SCBSceneMissionManager: startSceneFromOther, to: EntryAbility/io.reader.harmonyos/entry/0 on screen 0
08-29 23:32:33.717 21767 21767 I A04200/WINDOW: [a92ab1fb9150e58, 1f693d0, 27412aa] [SCBMission]SCBSceneMissionManager: no need defer start
08-29 23:32:33.717 21767 21767 I A04222/WMSMission: [a92ab1fb9150e58, 1f693d0, 27412aa] switch to onStartSceneTransition activeSessionId:63, toSessionId:63
08-29 23:32:33.717 21767 21767 W A04222/WMSMission: [a92ab1fb9150e58, 1f693d0, 27412aa] [Screen:0][Panel:1]getMissionProcessor null, fallback to empty default
08-29 23:32:33.717 21767 21767 W A04222/WMSMission: [a92ab1fb9150e58, 1f693d0, 27412aa] [Screen:0][Panel:2]getMissionProcessor null, fallback to empty default
08-29 23:32:33.717 21767 21767 I A01b00/SCB: [a92ab1fb9150e58, 1f693d0, 27412aa] LuoShuStateManager --> getLuoShuStateInfo: WMUtils {"luoShuState":0,"scenePanelState":1,"eventType":7,"screenInfo":{"isLandscape":false,"foldState":1},"screenId":0,"holdingHandStatus":1}
08-29 23:32:33.721 21767 21767 I A04200/WINDOW: [a92ab1fb9150e58, 15f254, 2ed7f] SCBSceneSession: onSessionWindowLimitsChange
08-29 23:32:33.721 21767 21767 I A04200/WINDOW: [a92ab1fb9150e58, a31442, 748058] SCBSceneSession: SceneOutlineParamsChangeCallbackList length:0, on scene outline params change: { enabled=false, color=4284791644, width=4vp, shape=1, isOutterLine=true, isShowOutline=false }
08-29 23:32:33.722 21767 21767 I A04200/WINDOW: [a92ab1fb9150e58, 1438e13, 2e35071] SCBSceneSession: persistentId: 63 snapshot skip change to false!
08-29 23:32:33.722 21767 21767 I A01a00/SYS_UI: [a92ab1fb9150e58, 2680a2, 112fd6a] PhoneAppManager: ability[io.reader.harmonyos|undefined|EntryAbility] state change to 0
08-29 23:32:33.722 21767 21767 I A04200/WINDOW: SCBSSM: onShiftFocus id: 10 -> 63, displayGroupId: 0
08-29 23:32:33.722 21767 21767 I A01b00/SCB: ViewManagerPolicy --> 10 notifyViewLoseFocus
08-29 23:32:33.722 21767 21767 I A01b0a/GESTURE: SCBGestureManager: onLoseFocus
08-29 23:32:33.722 21767 21767 I A01b00/SCB: SCBDesktop --> Desktop lose focus, the scenePanelState is 1
08-29 23:32:33.722 21767 21767 I A01a00/SYS_UI: SystemUIView: onDeskTopChange: false
08-29 23:32:33.722 21767 21767 W A01b01/HOME: ExposureManager --> desktop exposure desktopExposureTimeStart: 538554047, lastTime: 2339
08-29 23:32:33.723 21767 21767 I A04200/WINDOW: SCBWindowFocusController: setFocusedSession, displayGroupId: 0, sessionId: 63, displayId: 0, screenId: 0
08-29 23:32:33.728 21767 21767 I A01b00/SCB: TaskpoolUtil: task sequenceExecute
08-29 23:32:33.728 21767 21767 I A01b00/SCB: TaskpoolUtil: task sequenceExecute finally
08-29 23:32:33.728 21767 21767 I A01a00/SYS_UI: SCBStatusBarView: clearDelayAwakeDismiss
08-29 23:32:33.728 21767 21767 I A01a00/SYS_UI: SCBStatusBarView: not receive touch during last 2250 ms, dismiss panel
08-29 23:32:33.728 21767 21767 I A04200/WINDOW: SCBSSM: setIsShowStatusBarTemporary 63 false
08-29 23:32:33.728 21767 21767 I A04200/WINDOW: [a92ab1fb9150e58, 3fb18ff, 1f693d0] SCBMultiWindowUtils: [SCBMultiWindowGuideUtils.preferenceFlush]: Succeeded in flushing.
08-29 23:32:33.728 21767 21767 E A01b01/HOME: [a92ab1fb9150e58, 2ab78a6, 3707a27] ResourceManager: getAppName error: {"code":9001001,"message":"GetStringById failed state"}
08-29 23:32:33.733 21767 21767 I A01b01/HOME: [a92ab1fb9150e58, 2ab78a6, 3707a27] ResourceManager: getBundleAppNameFromBms for io.reader.harmonyos resMgrName: Reader
08-29 23:32:33.733 21767 21767 I A01b01/HOME: [a92ab1fb9150e58, 2ab78a6, 3707a27] ResourceManager: setBundleAppNameCache cacheKey:io.reader.harmonyos, value: Reader
08-29 23:32:33.733 21767 21767 W A01b01/HOME: [a92ab1fb9150e58, 2ab78a6, 3707a27] ResourceManager: get appName by bundle, appname is Reader
08-29 23:32:33.733 21767 21767 I A04223/SCBMain: [a92ab1fb9150e58, 207e59f, 2ab78a6] get app name: Reader
08-29 23:32:33.733 21767 21767 I A04223/SCBMain: [a92ab1fb9150e58, 207e59f, 2ab78a6] setLabel, label:Reader
08-29 23:32:33.734 21767 21767 I A01b00/SCB: TaskpoolUtil: task sequenceExecute
08-29 23:32:33.734 21767 21767 I A01b00/SCB: TaskpoolUtil: task sequenceExecute finally
08-29 23:32:33.736 21767 21767 I A0001b/AA: SubscriberController --> subscribe, success: DESKTOP
08-29 23:32:33.736 21767 21767 I A0001b/AA: SubscriberController --> onDeskTopEvent event: SCENE_PANEL_EVENT
08-29 23:32:33.736 21767 21767 I A0001b/AA: SubscriberController --> onDeskTopEvent CUSTOM_SCENE_PANEL_EVENT: true
08-29 23:32:33.736 21767 21767 I A04200/WINDOW: SCBMultiWindowManager: receive custom scenePanel event to: 1
08-29 23:32:33.736 21767 21767 I A04200/WINDOW: SCBSceneSessionManagerSubscriber --> subscribe, success: SCBSceneSessionManager
08-29 23:32:33.737 21767 21767 I A04200/WINDOW: SCBSSM: handleScenePanelStateChange state: 1
08-29 23:32:33.810 21767 21767 I A01b09/RECENT: RecentDockRefreshAlarm: refresh recent dock: EntryAbility/io.reader.harmonyos/entry/0(persistentId: 63)(containerId: 18)
08-29 23:32:33.821 21767 21767 I A04200/WINDOW: SCBSceneSession: onSessionShowWhenLockedChange, status:false of id:63 ignored.
08-29 23:32:33.937  3349  3349 I A06666/PafLog_CPP: [LogBridge.cpp(RegisterCallback:419)] Register getPsNameFormJsFun success
08-29 23:32:33.998 21767 21767 I A01b01/HOME: SCBSCS: setMotionBlurRadius: 0, caller: sceneContainerZoomIn end
08-29 23:32:33.998 21767 21767 I A01b00/SCB: LuoShuStateManager --> getLuoShuStateInfo: SCBScreenSM {"luoShuState":0,"scenePanelState":1,"eventType":7,"screenInfo":{"isLandscape":false,"foldState":1},"screenId":0,"holdingHandStatus":1}
08-29 23:32:34.077 21767 21767 I A01b0d/HICAR: TopAppManager --> COMMON_EVENT_TOP_APP_CHANGE success
08-29 23:32:34.220 21767 21767 W A01c06/ICON: AppIconWeatherModel --> initWeatherListener, retryTimes: 4
08-29 23:32:34.229 21767 21767 E A01c06/ICON: AppIconWeatherModel --> get weather info failed, code: 15700010, message: The DataShareHelper is not initialized successfully.
08-29 23:32:34.299 21767 21767 I A01b09/RECENT: SCBDesktopCacheManager: FreezeTrack setWallPaperScale old:1, new:1.1, reason:onActive
08-29 23:32:34.333 21767 21767 I A04200/WINDOW: WindowAnimation: [SCBAnimation] finish conatainerId 18, type ZOOM_IN
08-29 23:32:34.333 21767 21767 W A01b01/HOME: SCBSCS: getTransitionCount from session 18, 1
08-29 23:32:34.333 21767 21767 W A01b01/HOME: SCBTM: getTransitionCount from animationMap 18, 1
08-29 23:32:34.333 21767 21767 I A01b01/HOME: SCBScenePanelAnimator: startSceneFromOther animation count: before 1,
08-29 23:32:34.333 21767 21767 I A01b01/HOME:         current 1
08-29 23:32:34.333 21767 21767 W A01b01/HOME: SCBSCS: getTransitionCount from session 18, 1
08-29 23:32:34.333 21767 21767 W A01b01/HOME: SCBTM: getTransitionCount from animationMap 18, 1
08-29 23:32:34.333 21767 21767 I A01b01/HOME: SCBScenePanelAnimator: capsule animating is false
08-29 23:32:34.333 21767 21767 I A01b00/SCB: LuoShuStateManager --> getLuoShuStateInfo: SCBScenePanelViewModel {"luoShuState":0,"scenePanelState":1,"eventType":7,"screenInfo":{"isLandscape":false,"foldState":1},"screenId":0,"holdingHandStatus":1}
08-29 23:32:34.333 21767 21767 W A01b01/HOME: SCBSCS: [SCBScenePanelViewModel] border radius from topLeft: 36, topRight: 36, bottomLeft: 36, bottomRight: 36 to 0. reason: sceneContainerZoomIn, extra: EntryAbility/io.reader.harmonyos/entry/0(persistentId: 63)(containerId: 18)
08-29 23:32:34.333 21767 21767 W A01b01/HOME: SCBSCS: clearTransitionCount 18, 1
08-29 23:32:34.333 21767 21767 I A01b01/HOME: SCBTM: clearTransitionCount 18, 1
08-29 23:32:34.333 21767 21767 I A01b00/SCB: AnimateToScheduleUtils: raiseAppStartToCPUPriority: 1
08-29 23:32:34.522  3349  3349 I A00000/AKI: [INFO:DownloadService.cpp(464)] register AKI addon: network-filedownload-service
08-29 23:32:34.581  3349  3349 I A00000/AKI: [INFO:napi_init.cpp(99)] begin to initial AKI with version: 1.2.20
08-29 23:32:34.582  3349  3349 I A00001/NK_DOWNLOAD_TS: Download Engine start, buildVersion:8.0.9-200 buildType:RelWithDebInfo isLite:false
08-29 23:32:34.582  3349  3349 I A00001/NK_COMM_TS: NetworkStatus set callback to cpp start
08-29 23:32:34.582  3349  3349 I A00000/chromium: [0829/233234.582507:INFO:network_change_notifier_napi.cpp(199)] SetInitCallback in master JS thread, thread id:3349
08-29 23:32:34.793  3349  3349 I A00000/AKI: [INFO:napi_init.cpp(99)] begin to initial AKI with version: 1.2.20
08-29 23:32:34.794  3349  3349 I A00001/NK_URL_TS: Url Engine start, buildVersion:8.0.9-200 buildType:RelWithDebInfo isLite:false
08-29 23:32:34.794  3349  3349 I A00001/NK_COMM_TS: NetworkStatus set callback to cpp start
08-29 23:32:34.794  3349  3349 I A00000/chromium: [0829/233234.794278:INFO:network_change_notifier_napi.cpp(199)] SetInitCallback in master JS thread, thread id:3349
08-29 23:32:34.848 21767 21767 I A0001b/AA: RecentlyUseController --> buildRecentlyUseInfo {"bundleName":"io.reader.harmonyos","moduleName":"entry","abilityName":"EntryAbility","pid":14063,"uid":20020073,"state":2,"abilityType":1,"isAtomicService":false,"callerBundleName":""}
08-29 23:32:34.848 21767 21767 I A0001b/AA: RecentlyUseController --> buildRecentlyUseInfo abilityStateData is exit
08-29 23:32:34.848 21767 21767 I A01a00/SYS_UI: PhoneAppManager: ability[io.reader.harmonyos|undefined|EntryAbility] state change to 2
08-29 23:32:34.851 21767 21767 I A01a00/SYS_UI: PhoneAppManager: checkAbilityForegroundChange change: 2, io.reader.harmonyos
08-29 23:32:34.851 21767 21767 I A01a01/NC: BannerNotificationEntryVm --> onForegroundAppEvent. io.reader.harmonyos
08-29 23:32:34.852 21767 21767 I A01a00/SYS_UI: AppLifeCycleManager: Ability state changed, uid: 20020073, key: io.reader.harmonyos_entry_EntryAbility_14063, isForeground: true, state 2
08-29 23:32:34.852 21767 21767 I A01a00/SYS_UI: AppLifeCycleManager: Ability state change: new foregroundAbilities: 20020073: io.reader.harmonyos_entry_EntryAbility_14063
08-29 23:32:34.852 21767 21767 I A01a00/SYS_UI: AppLifeCycleManager: App foreground state changed, uid: 20020073, true
08-29 23:32:34.853 21767 21767 W A01a00/SYS_UI: LiveCapsuleListVm: onAppForegroundStateChange foreground: true, uid: 20020073, bundleName: io.reader.harmonyos, orientation: 0
08-29 23:32:34.855 21767 21767 W A01a00/SYS_UI: LiveCapsuleListVm: start to toggleCapsuleList, param:  {"isUpwards":false,"isUpdateImmediately":false,"needAnimation":true,"needShowStatusBar":false}
08-29 23:32:34.855 21767 21767 W A01a00/SYS_UI: LiveCapsuleListVm: Visible is not changed, stop toggleCapsuleList. isForceUpdate: undefined
08-29 23:32:34.856 21767 21767 I A01a00/SYS_UI: StatusBarColorPickerVm --> App 20020073, foreground: true
08-29 23:32:34.949 21767 21767 I A0420a/WMSLife: onSessionStateChange state:1
08-29 23:32:34.953 21767 21767 I A04200/WINDOW: SCBScene: [SCBKeyboard] keyboard session is null, no need update keyboard offset
08-29 23:32:34.953 21767 21767 I A04200/WINDOW: SCBSceneSession: onSessionWindowLimitsChange
08-29 23:32:34.963 21767 21767 I A04200/WINDOW: SCBSSM: onStatusBarEnableChange screenId: 0 statusBarEnable: true
08-29 23:32:35.000 21767 21767 I A04200/WINDOW: SCBSceneSession: onSessionWindowLimitsChange
08-29 23:32:35.000 21767 21767 I A0420a/WMSLife: onSessionStateChange state:2
08-29 23:32:35.000 21767 21767 I A04200/WINDOW: SCBScreenSM: regScreenPropChange: at onSessionStateChange (SCBSceneSession.ts:3294:55)
08-29 23:32:35.000 21767 21767 I A04200/WINDOW: SCBScreenSM: recordEventFromScb
08-29 23:32:35.004 21767 21767 I A04200/WINDOW: SCBScreenSM: regScreenPropChange screenId: 0 true null false false25
08-29 23:32:35.004 21767 21767 I A04209/WMSImms: win:63 foreground
08-29 23:32:35.004 21767 21767 I A01b00/SCB: SCBSSM: updateNavigationBarProperty navigationBarEnable: true
08-29 23:32:35.004 21767 21767 I A01b00/SCB: SCBSSM: updateNavigationBarProperty 0
08-29 23:32:35.005 21767 21767 I A01b0a/GESTURE: FloatingNavigationManager --> checkShowFloatingNavigation switch is closed
08-29 23:32:35.005 21767 21767 I A01b0a/GESTURE: GestureDockPreferenceUtil --> onSceneStateChange,isForegroud:true,bundleName:io.reader.harmonyos,appIndex:0 sceneInfo.abilityName:EntryAbility
08-29 23:32:35.005 21767 21767 I A01b0a/GESTURE: GestureDockPreferenceUtil --> addGestureDockRecentPreference
08-29 23:32:35.005 21767 21767 I A01b01/HOME: AppModel: currentBundleInfoList length: 7
08-29 23:32:35.005 21767 21767 I A01b0a/GESTURE: GestureDockPreferenceUtil --> addGestureDockRecentPreference, bundleName:io.reader.harmonyos appIndex:0 abilityName:EntryAbility.
08-29 23:32:35.005 21767 21767 I A01b09/RECENT: RecentGestureEventManager: onSceneStateChange,isForegroud:true,bundleName:io.reader.harmonyos abilityName:EntryAbility
08-29 23:32:35.005 21767 21767 I A01b0a/GESTURE: AIBarView --> bundleName:io.reader.harmonyos isEnterDeliver:false
08-29 23:32:35.005 21767 21767 I A0420a/WMSLife: onSessionStateChange state:3
08-29 23:32:35.005 21767 21767 I A01b0a/GESTURE: GestureDockPreferenceUtil --> Index is 0
08-29 23:32:35.005 21767 21767 I A01b0a/GESTURE: GestureDockPreferenceUtil --> app is already first in recent dock
08-29 23:32:35.011 21767 21767 I A0001b/AA: RecentlyUseController --> buildRecentlyUseInfo {"bundleName":"io.reader.harmonyos","moduleName":"entry","abilityName":"EntryAbility","pid":14063,"uid":20020073,"state":2,"abilityType":1,"isAtomicService":false,"callerBundleName":""}
08-29 23:32:35.011 21767 21767 I A0001b/AA: RecentlyUseController --> buildRecentlyUseInfo abilityStateData is exit
08-29 23:32:35.011 21767 21767 I A01a00/SYS_UI: PhoneAppManager: ability[io.reader.harmonyos|undefined|EntryAbility] state change to 2
08-29 23:32:35.048 21767 21767 I A04200/WINDOW: SCBSceneSession: on IsLayoutFullScreenChange:true
08-29 23:32:35.048 21767 21767 I A01b00/SCB: SCBSSM: updateNavigationBarProperty navigationBarEnable: true
08-29 23:32:35.048 21767 21767 I A01b00/SCB: SCBSSM: updateNavigationBarProperty 0
08-29 23:32:35.049 21767 21767 I A01b0a/GESTURE: FloatingNavigationManager --> checkShowFloatingNavigation switch is closed
08-29 23:32:35.049 21767 21767 I A04200/WINDOW: SCBSSM: onStatusBarEnableChange screenId: 0 statusBarEnable: true
08-29 23:32:35.049 21767 21767 I A01b00/SCB: SCBSSM: updateNavigationBarProperty navigationBarEnable: true
08-29 23:32:35.049 21767 21767 I A01b00/SCB: SCBSSM: updateNavigationBarProperty 0
08-29 23:32:35.049 21767 21767 I A01b0a/GESTURE: FloatingNavigationManager --> checkShowFloatingNavigation switch is closed
08-29 23:32:35.049 21767 21767 I A04200/WINDOW: SCBSSM: onStatusBarEnableChange screenId: 0 statusBarEnable: true
08-29 23:32:35.049 21767 21767 I A01b00/SCB: SCBSSM: updateNavigationBarProperty navigationBarEnable: true
08-29 23:32:35.049 21767 21767 I A01b00/SCB: SCBSSM: updateNavigationBarProperty 0
08-29 23:32:35.049 21767 21767 I A01b0a/GESTURE: FloatingNavigationManager --> checkShowFloatingNavigation switch is closed
08-29 23:32:35.049 21767 21767 I A04200/WINDOW: SCBSSM: onStatusBarEnableChange screenId: 0 statusBarEnable: true
08-29 23:32:35.050 21767 21767 I A01b00/SCB: SCBSSM: updateNavigationBarProperty navigationBarEnable: true
08-29 23:32:35.050 21767 21767 I A01b00/SCB: SCBSSM: updateNavigationBarProperty 0
08-29 23:32:35.050 21767 21767 I A01b0a/GESTURE: FloatingNavigationManager --> checkShowFloatingNavigation switch is closed
08-29 23:32:35.050 21767 21767 I A04200/WINDOW: SCBSSM: onStatusBarEnableChange screenId: 0 statusBarEnable: true
08-29 23:32:35.050 21767 21767 I A01b00/SCB: SCBSSM: updateNavigationBarProperty navigationBarEnable: true
08-29 23:32:35.050 21767 21767 I A01b00/SCB: SCBSSM: updateNavigationBarProperty 0
08-29 23:32:35.050 21767 21767 I A01b0a/GESTURE: FloatingNavigationManager --> checkShowFloatingNavigation switch is closed
08-29 23:32:35.050 21767 21767 I A04200/WINDOW: SCBSSM: onStatusBarEnableChange screenId: 0 statusBarEnable: true
08-29 23:32:35.050 21767 21767 I A04200/WINDOW: SCBSceneSession: onSessionShowWhenLockedChange, status:false of id:63 ignored.
08-29 23:32:35.071  3349  3349 W A06666/FLayout/Reusable: card block do not support reusable
08-29 23:32:35.071  3349  3349 W A06666/FLayout/Reusable: card scrollbar do not support reusable
08-29 23:32:35.071  3349  3349 W A06666/FLayout/Reusable: card dynamicchildren do not support reusable
08-29 23:32:35.101   126   129 I C02c03/PARAM_WATCHER: SendLocalChange start keyPrefix debug.graphic.frame remoteWatcherId 1027
08-29 23:32:35.102   126   129 I C02c03/PARAM_WATCHER: [watcher_manager.cpp:187]Add watcher debug.graphic.frame remoteWatcherId: 1027 groupId 104 success
08-29 23:32:35.102 14063 14063 I C02c03/PARAM_WATCHER: Add watcher keyPrefix debug.graphic.frame remoteWatcherId 1027 success
08-29 23:32:35.102   833  1017 I C01f10/CallManager: OnRegisterCallBack entry
08-29 23:32:35.102 14063 14063 E C03900/Ace: [(100000:100000:scope)] ERROR EACCES
08-29 23:32:35.102 14063 14063 E C03900/Ace: [(100000:100000:scope)] ERROR EACCES
08-29 23:32:35.102   833  1017 E C01f10/CallManager: Permission denied.
08-29 23:32:35.102 14063 14063 I C03900/Ace: [(100000:100000:scope)] ArkUIInvisibleFreeze: 0
08-29 23:32:35.102 14063 14063 I C03900/Ace: [(100000:100000:scope)] [io.reader.harmonyos][entry][100000]: SetMinPlatformVersion is 60100023
08-29 23:32:35.102 14063 14063 I C04209/WMSImms: RegisterAvoidAreaChangeListener: win 63
08-29 23:32:35.103   833  1017 W C04201/DMS: screen_cutout_controller.cpp GetCutoutArea: display:[ID: 0, W: 1320, H: 2856, R: 0,Mode 0]
08-29 23:32:35.104 14063 14063 I C03917/AceSafeArea: [(100000:100000:scope)] InitializeSafeArea systemInsets:SafeAreaInsets left_: [start: 0, end: 0], top_: [start: 0, end: 136], right_: [start: 0, end: 0], bottom_: [start: 0, end: 0], cutoutInsets:SafeAreaInsets left_: [start: 0, end: 0], top_: [start: 45, end: 148], right_: [start: 0, end: 0], bottom_: [start: 0, end: 0], navInsets:SafeAreaInsets left_: [start: 0, end: 0], top_: [start: 0, end: 0], right_: [start: 0, end: 0], bottom_: [start: 2758, end: 2856]
08-29 23:32:35.104   833  1017 I C04201/DMS:  RegisterDisplayManagerAgent: type: 8, pid: 14063
08-29 23:32:35.104 14063 14063 I C0394e/AceWindow: [(100000:100000:scope)] Initialize displayId: 0, availableRect: [0, 0, 1320, 2856]
08-29 23:32:35.104 14063 14063 I C03900/Ace: [(100000:100000:scope)] Failed to open libthp_extra_innerapi.z.so, reason: Error loading shared library /system/lib64/libthp_extra_innerapi.z.so: No such file or directory
08-29 23:32:35.104 14063 14063 I C03900/Ace: [(-2:100000:singleton)] [io.reader.harmonyos][entry][100000]: Initialize: pages/Index
08-29 23:32:35.105  3349  3349 W C03f04/MMG: [NMM:1267] First: failed do_dlsym failed: Symbol not found: napi_onLoad, version: null so=/system/lib64/module/arkui/advanced/libsubheader.z.so.Second: failed /system/lib64/module/libbase_napi.z.so not exist.load /system/etc/abc/base.abc failed
08-29 23:32:35.105  3349  3349 W C03f04/MMG: [NMM:1267] First: failed /system/lib64/module/app/ability/libcommon.z.so not exist.Second: failed /system/lib64/module/app/ability/libcommon_napi.z.so not exist.load /system/etc/abc/app/ability/common.abc failed
08-29 23:32:35.107 14063 14063 I C03900/Ace: [(100000:100000:scope)] RunPage:pages/Index
08-29 23:32:35.107 14063 14063 W C03900/Ace: [(100000:100000:scope)] GetAsset failed: manifest.json
08-29 23:32:35.108 14063 14063 I C04200/WMS: InitUIContent: [0, 0]
08-29 23:32:35.108 14063 14063 I C04208/WMSLayout: SetUIContentInner: single hand, id:63, posX:0, posY:0, scaleX:1.000000, scaleY:1.000000
08-29 23:32:35.108 14063 14254 I C03951/InputKeyFlow: [(-1:100000:singleton)] Subscribe touch.events.pass.through Event
08-29 23:32:35.108 14063 14063 I C04209/WMSImms: SetLayoutFullScreenByApiVersion: win 63 status 1
08-29 23:32:35.108 14063 14063 I C03917/AceSafeArea: [(-2:100000:singleton)] [io.reader.harmonyos][entry][100000]: SetIgnoreViewSafeArea:1
08-29 23:32:35.108 14063 14063 I C03917/AceSafeArea: [(100000:100000:scope)] SetIgnoreSafeArea 1
08-29 23:32:35.108 14063 14063 I C04219/WMSDecor: UpdateDecorEnable: decorVisible:0, id: 63
08-29 23:32:35.108 14063 14063 I C03900/Ace: [(-2:100000:singleton)] [io.reader.harmonyos][entry][100000]: UpdateWindowVisible: 0, hasDecor: 0
08-29 23:32:35.108 14063 14063 I C03900/Ace: [(-2:100000:singleton)] [io.reader.harmonyos][entry][100000]: NotifyWindowMode mode = 1
08-29 23:32:35.108 14063 14063 I C04200/WMS: OnModeChange: 1
08-29 23:32:35.108   126   129 I C02c03/PARAM_WATCHER: SendLocalChange start keyPrefix persist.ace.trace.layout.enabled remoteWatcherId 1027
08-29 23:32:35.108 21767 32471 I C04202/WMSMain: NotifyRSSWindowModeTypeUpdate: Notify RSS Window Mode Type Update, type : 3
08-29 23:32:35.108   833 14039 I C01202/Subscriber: Subscribe io.reader.harmonyos(userId = 100, subId = 14063_20020073_-1_5025_538557771, ffrtCost 0 ms, taskCost 0 ms)
08-29 23:32:35.108   126   129 I C02c03/PARAM_WATCHER: [watcher_manager.cpp:187]Add watcher persist.ace.trace.layout.enabled remoteWatcherId: 1027 groupId 105 success
08-29 23:32:35.108   282  1042 I C04202/WMSMain: NotifyWindowModeChange: WindowManager::Impl UpdateWindowModeTypeInfo type: 3
08-29 23:32:35.108 14063 14258 I C02c03/PARAM_WATCHER: Add watcher keyPrefix persist.ace.trace.layout.enabled remoteWatcherId 1027 success
08-29 23:32:35.108   126   129 I C02c03/PARAM_WATCHER: SendLocalChange start keyPrefix persist.ace.trace.inputevent.enabled remoteWatcherId 1027
08-29 23:32:35.108 21767  7004 E C04200/WMS: UpdateSessionPropertyByAction: permission denied! action: 262144
08-29 23:32:35.108   179 14012 I C01d00/accessibility: [(WindowUpdateAll:1027)]WindowUpdateAll start activeWindowId_: 63
08-29 23:32:35.108 14063 14063 I C03900/Ace: [(-2:100000:singleton)] [io.reader.harmonyos][entry][100000]: window foreground
08-29 23:32:35.108   179 14012 I C01d00/accessibility: [(SetActiveWindow:398)]windowId is 63, activeWindowId_: -1
08-29 23:32:35.108 14063 14063 I C03900/Ace: [(100000:100000:scope)] Update application state , state: ON_SHOW
08-29 23:32:35.108   179 14012 I C01d00/accessibility: [(WindowUpdateAll:1079)]WindowUpdateAll end activeWindowId_: 63
08-29 23:32:35.108   126   129 I C02c03/PARAM_WATCHER: [watcher_manager.cpp:187]Add watcher persist.ace.trace.inputevent.enabled remoteWatcherId: 1027 groupId 106 success
08-29 23:32:35.108 14063 14063 I C01406/OHOS::RS: RSSurfaceNode::SetAbilityState, surfaceNodeId:[60400125083650], ability state: foreground
08-29 23:32:35.108 14063 14063 I C03900/Ace: [(100000:100000:scope)] ArkUI requests first Vsync.
08-29 23:32:35.108 14063 14063 I C04202/WMSMain: RequestVsync: First vsync has requested, nodeId: 60400125083650
08-29 23:32:35.109 14063 14258 I C02c03/PARAM_WATCHER: Add watcher keyPrefix persist.ace.trace.inputevent.enabled remoteWatcherId 1027 success
08-29 23:32:35.109   126   129 I C02c03/PARAM_WATCHER: SendLocalChange start keyPrefix const.security.developermode.state remoteWatcherId 1027
08-29 23:32:35.109   126   129 I C02c03/PARAM_WATCHER: [watcher_manager.cpp:187]Add watcher const.security.developermode.state remoteWatcherId: 1027 groupId 107 success
08-29 23:32:35.109 14063 14258 I C02c03/PARAM_WATCHER: Add watcher keyPrefix const.security.developermode.state remoteWatcherId 1027 success
08-29 23:32:35.109   126   129 I C02c03/PARAM_WATCHER: SendLocalChange start keyPrefix persist.ace.debug.statemgr.enabled remoteWatcherId 1027
08-29 23:32:35.109   126   129 I C02c03/PARAM_WATCHER: [watcher_manager.cpp:187]Add watcher persist.ace.debug.statemgr.enabled remoteWatcherId: 1027 groupId 108 success
08-29 23:32:35.109 14063 14258 I C02c03/PARAM_WATCHER: Add watcher keyPrefix persist.ace.debug.statemgr.enabled remoteWatcherId 1027 success
08-29 23:32:35.109   126   129 I C02c03/PARAM_WATCHER: SendLocalChange start keyPrefix persist.ace.debug.boundary.enabled remoteWatcherId 1027
08-29 23:32:35.109   832  5279 I C01400/Vsync: RequestNextVSync: First vsync is requested, name: WM_14063
08-29 23:32:35.109   832  5279 I C01400/Vsync: RequestNextVSync: First vsync RequestNextVSync conn:WM_14063, rate:0, highPriorityRate:1
08-29 23:32:35.109 14063 14063 I C03959/AceLayout: [(-2:100000:singleton)] [io.reader.harmonyos][entry][100000]: UpdateViewportConfig Viewport config: size: (1320, 2856) orientation: 0 density: 3.500000 position: (0, 0) transformHint: 0 displayId: 0, windowSizeChangeReason 0, is rsTransaction nullptr 1, , keyboardInfo is null
08-29 23:32:35.109   126   129 I C02c03/PARAM_WATCHER: [watcher_manager.cpp:187]Add watcher persist.ace.debug.boundary.enabled remoteWatcherId: 1027 groupId 109 success
08-29 23:32:35.109 14063 14063 I C0394e/AceWindow: [(100000:100000:scope)] Update displayWindowRect in UpdateViewportConfig to : Rect (0.00, 0.00) - [0.00 x 0.00]
08-29 23:32:35.109 14063 14258 I C02c03/PARAM_WATCHER: Add watcher keyPrefix persist.ace.debug.boundary.enabled remoteWatcherId 1027 success
08-29 23:32:35.109 14063 14063 I C04208/WMSLayout: UpdateViewportConfig: Id: 63, reason: 0, windowRect: [0 0 1320 2856], displayOrientation: 0, config[0, 0, 0, 3.500000]
08-29 23:32:35.109 14063 14063 I C03900/Ace: [(-2:100000:singleton)] [io.reader.harmonyos][entry][100000]: window focus
08-29 23:32:35.109   126   129 I C02c03/PARAM_WATCHER: SendLocalChange start keyPrefix persist.ace.performance.monitor.enabled remoteWatcherId 1027
08-29 23:32:35.109 14063 14063 I C03900/Ace: [(-2:100000:singleton)] [io.reader.harmonyos][entry][100000]:window active
08-29 23:32:35.109   126   129 I C02c03/PARAM_WATCHER: [watcher_manager.cpp:187]Add watcher persist.ace.performance.monitor.enabled remoteWatcherId: 1027 groupId 110 success
08-29 23:32:35.109 14063 14258 I C02c03/PARAM_WATCHER: Add watcher keyPrefix persist.ace.performance.monitor.enabled remoteWatcherId 1027 success
08-29 23:32:35.115   832   953 I C01400/Vsync: OnVSyncTrigger: F send
08-29 23:32:35.115   832   953 I C01400/Vsync: PostEvent: First vsync has send to : WM_14063
08-29 23:32:35.115   832   832 I C01406/OHOS::RS: RSSurfaceRenderNode::SetAbilityState, surfaceNodeId:[60400125083650] ability state: foreground
08-29 23:32:35.115   832   832 E C01406/RSScreenManager: IsAllScreensPowerOff: screenPowerStatus_ is empty.
08-29 23:32:35.117   607 16705 W C02515/DISP: [SetLayerMaskInfo:495] <private> is not supported
08-29 23:32:35.117   607 16705 I C02515/DISP: [CommitComposeLayer:67] CommitComposeLayer! 10
08-29 23:32:35.135   607 16705 W C02515/DISP: [SetLayerMaskInfo:495] <private> is not supported
08-29 23:32:35.135   607 16705 I C02515/DISP: [CommitComposeLayer:67] CommitComposeLayer! 10
08-29 23:32:35.139  3349  3349 I C01324/JsNapi: [js_error_manager.cpp1526]called
08-29 23:32:35.142 14063 14063 W C01320/JsEnv: [source_map.cpp145]the stack without line info
08-29 23:32:35.142 14063 14063 I C04200/JsWindowStage: Window [63, harmonyos0] load content end, ret=0
08-29 23:32:35.142 14063 14063 I C01356/Recovery: [app_recovery.cpp468]fileDir: /data/storage/el2/base/files
08-29 23:32:35.142 14063 14063 I C04208/WMSLayout: OnSizeChange: wh[1320, 2856], reason=0
08-29 23:32:35.142 14063 14063 I C04209/WMSImms: NotifyAvoidAreaChange: win 63 api 23 type 0 area top [0 0 1320 136] 
08-29 23:32:35.142 14063 14063 I C04209/WMSImms: NotifyAvoidAreaChange: win 63 api 23 type 1 area top [517 45 285 103] 
08-29 23:32:35.142 14063 14063 I C04209/WMSImms: NotifyAvoidAreaChange: win 63 api 23 type 2 area empty
08-29 23:32:35.142 14063 14063 I C04209/WMSImms: NotifyAvoidAreaChange: win 63 api 23 type 3 area empty
08-29 23:32:35.142 14063 14063 I C04209/WMSImms: NotifyAvoidAreaChange: win 63 api 23 type 4 area bottom [429 2758 462 98] 
08-29 23:32:35.142 14063 14063 I C04208/WMSLayout: UpdateViewportConfig: Id: 63, reason: 0, windowRect: [0 0 1320 2856], displayOrientation: 0, config[0, 0, 0, 3.500000]
08-29 23:32:35.143   833  1017 W C04201/DMS: screen_cutout_controller.cpp GetCutoutArea: display:[ID: 0, W: 1320, H: 2856, R: 0,Mode 0]
08-29 23:32:35.143 21767 32471 I C0420b/WMSKeyboard: CheckEmptyKeyboardAvoidAreaIfNeeded: check keyboard avoid area, isPhoneNotFreeMultiWindow: 1, isPadNotFreeMultiWindow: 0
08-29 23:32:35.144  3349  3349 I C01120/BMS: [native_module.cpp(FreeInstallExport:46)]init js free install success
08-29 23:32:35.144   833  1017 W C04201/DMS: screen_cutout_controller.cpp GetCutoutArea: display:[ID: 0, W: 1320, H: 2856, R: 0,Mode 0]
08-29 23:32:35.145 21767 32471 I C0420b/WMSKeyboard: CheckEmptyKeyboardAvoidAreaIfNeeded: check keyboard avoid area, isPhoneNotFreeMultiWindow: 1, isPadNotFreeMultiWindow: 0
08-29 23:32:35.145   833  1017 W C04201/DMS: screen_cutout_controller.cpp GetCutoutArea: display:[ID: 0, W: 1320, H: 2856, R: 0,Mode 0]
08-29 23:32:35.146 21767 32471 I C0420b/WMSKeyboard: CheckEmptyKeyboardAvoidAreaIfNeeded: check keyboard avoid area, isPhoneNotFreeMultiWindow: 1, isPadNotFreeMultiWindow: 0
08-29 23:32:35.147   833  1017 W C04201/DMS: screen_cutout_controller.cpp GetCutoutArea: display:[ID: 0, W: 1320, H: 2856, R: 0,Mode 0]
08-29 23:32:35.147 21767 32471 I C0420b/WMSKeyboard: CheckEmptyKeyboardAvoidAreaIfNeeded: check keyboard avoid area, isPhoneNotFreeMultiWindow: 1, isPadNotFreeMultiWindow: 0
08-29 23:32:35.148  3349  3349 W C02d07/Verify: invalid configName=
08-29 23:32:35.148  3349  3349 I C02d07/ObserverMgr: register processor=1 exit
08-29 23:32:35.148   833  1017 W C04201/DMS: screen_cutout_controller.cpp GetCutoutArea: display:[ID: 0, W: 1320, H: 2856, R: 0,Mode 0]
08-29 23:32:35.149 21767 32471 I C0420b/WMSKeyboard: CheckEmptyKeyboardAvoidAreaIfNeeded: check keyboard avoid area, isPhoneNotFreeMultiWindow: 1, isPadNotFreeMultiWindow: 0
08-29 23:32:35.150   833  1017 W C04201/DMS: screen_cutout_controller.cpp GetCutoutArea: display:[ID: 0, W: 1320, H: 2856, R: 0,Mode 0]
08-29 23:32:35.150 21767 32471 I C0420b/WMSKeyboard: CheckEmptyKeyboardAvoidAreaIfNeeded: check keyboard avoid area, isPhoneNotFreeMultiWindow: 1, isPadNotFreeMultiWindow: 0
08-29 23:32:35.150  3349  3349 W C03f04/MMG: [NMM:1289] Name mismatch: core.appgalleryservice.appinfoManager != core.appgalleryservice.appInfoManager
08-29 23:32:35.151 14063 14063 I C04208/WMSLayout: UpdateViewportConfig: Id: 63, reason: 23, windowRect: [0 0 1320 2856], displayOrientation: 0, config[0, 0, 0, 3.500000]
08-29 23:32:35.151 14063 14063 I C03900/Ace: [(100000:100000:scope)] Update application state , state: ON_ACTIVE
08-29 23:32:35.151 14063 14063 I C01d02/accessibility_asacfwk: [(SubscribeStateObserver:652)]Observer has subscribed!
08-29 23:32:35.151 14063 14063 I C01d02/accessibility_asacfwk: [(SubscribeStateObserver:652)]Observer has subscribed!
08-29 23:32:35.151 14063 14063 I C01d02/accessibility_asacfwk: [(SubscribeStateObserver:652)]Observer has subscribed!
08-29 23:32:35.151 14063 14063 I C0391c/AceFocus: [(100000:100000:scope)] Window: 63 get focus.
08-29 23:32:35.151  3349  3349 W C03f04/MMG: [NMM:1289] Name mismatch: bundle.ecologicalRuleDataManager != bundle.ecologicalruledatamanager
08-29 23:32:35.151 14063 14063 W C0391c/AceFocus: [(100000:100000:scope)] Current focus view can not found!
08-29 23:32:35.151 14063 14063 I C0391c/AceFocus: [(100000:100000:scope)] Request focus on rootFocusHub: root/0
08-29 23:32:35.151  3349  3349 W C03f04/MMG: [NMM:1267] First: failed do_dlsym failed: Symbol not found: NAPI_bundle_ecologicalRuleDataManager_GetABCCode, version: null so=/system/lib64/module/hms/bundle/libecologicalruledatamanager.z.so.Second: failed /system/lib64/module/libpenglai_service_napi_napi.z.so not exist.load /system/etc/abc/penglai_service_napi.abc failed
08-29 23:32:35.151 14063 14063 I C03925/AceRouter: [(100000:100000:scope)] Page router manager is creating page[1]: url: pages/Index path: pages/Index.js, recoverable: yes, namedRouter: no
08-29 23:32:35.151  3349  3349 E C03f00/ArkCompiler: [ecmascript] export objects of native so is undefined, so name is @ohos:penglai_service_napi
08-29 23:32:35.151   282 13949 E C01704/TagSched: [a92abafb9324fed] [OpenQosCtrl]Failed to open qos_ctrl device
08-29 23:32:35.151   282 13949 E C01704/TagSched: [a92abafb9324fed] [IsQosHandleOpen]get qosSetHandle_ fail
08-29 23:32:35.151   282 13949 E C01704/TagSched: [a92abafb9324fed] [SetUclamp]qosSetHandle open fail
08-29 23:32:35.152   282 13919 E C01717/APP_TYPE_MGR: [a92abbfb9325052] App type manager service is not ready, RequestApplicationType failed
08-29 23:32:35.152   282 13919 I C01720/SmartGC: [a92abbfb9325052] [GetAppType]bundleName io.reader.harmonyos type -1
08-29 23:32:35.152   282 13951 I C01705/EXACT_PREREAD: [a92abafb9324fed] [(HandlePushPageStart):511] Push page info <bundleName: io.reader.harmonyos abilityName: EntryAbility pageUrl: pages.Index>;
08-29 23:32:35.152   282 13951 I C01705/EXACT_PREREAD: [a92abafb9324fed] [(HandlePushPageStart):518] ContinueAppStartupCollectWork uid: 20020073 pid: 14063 sceneName:io.reader.harmonyos/io.reader.harmonyos
08-29 23:32:35.157   127  7450 E C02d66/XPerf: [InquiryOhImpl::ExtractStringValue] Canonical FilePath: /sys/class/ithermal/lpm/lpm_freq failed.
08-29 23:32:35.157   127  7450 E C02d66/XPerf: [InquiryOhImpl::ExtractStringValue] Canonical FilePath: /sys/class/power_supply/Battery/status failed.
08-29 23:32:35.172 14063 14063 I C03f04/MMG: [NMM:322]Tail:default/reader_bookturn_napi
08-29 23:32:35.209 14063 14063 I C04500/webview: JsConstructor: NapiWebviewController::JsConstructor start
08-29 23:32:35.210 14063 14063 I C04500/webview: Init: [webview]: init load resources bundle path /data/storage/el1/bundle
08-29 23:32:35.210 14063 14063 I C04500/webview: GetArkwebLibPath: get arkweb lib path: /data/storage/el1/bundle/arkwebcore/libs/arm64
08-29 23:32:35.210 14063 14063 I C04500/webview: GetArkwebNameSpace: get arkweb name space: nweb_ns
08-29 23:32:35.210 14063 14063 E C04500/webview: ArkWebBridgeHelperLoadLibFile: dlns_create failed for '/data/storage/el1/bundle/arkwebcore/libs/arm64': No error information (errno=17)
08-29 23:32:35.210 14063 14063 I C04500/webview: ArkWebBridgeHelperLoadLibFile: succeed to load lib file /data/storage/el1/bundle/arkwebcore/libs/arm64/libarkweb_engine.so
08-29 23:32:35.210 14063 14063 I C04500/webview: ArkWebBridgeHelperSharedInit: g_webEngineInitFlag set to true. setActiveWebEngineVersion will be ignored.
08-29 23:32:35.213   282 13919 E C01704/TagSched: [a92abcfb9333f8e] [OpenQosCtrl]Failed to open qos_ctrl device
08-29 23:32:35.213   282 13919 E C01704/TagSched: [a92abcfb9333f8e] [IsQosHandleOpen]get qosSetHandle_ fail
08-29 23:32:35.213   282 13919 E C01704/TagSched: [a92abcfb9333f8e] [SetUclamp]qosSetHandle open fail
08-29 23:32:35.213 14063 14063 I C04500/webview: GetWebEngine: call func NotifyProcessDependedOnWeb and return code is 0
08-29 23:32:35.213   282 13950 I C01705/EXACT_PREREAD: [a92abcfb9333f8e] [(HandlePushPageComplete):548] Startup scene, SendDelayCollectTimeoutEvent uid: 20020073 pid: 14063 sceneName:io.reader.harmonyos/io.reader.harmonyos
08-29 23:32:35.227 14063 14063 E C04500/webview: GetWebEngine: api level of arkweb core is 0
08-29 23:32:35.227 14063 14063 I C04500/webview: GetWebEngine: web engine libraryloaded
08-29 23:32:35.231 21767 21767 W A01c06/ICON: AppIconWeatherModel --> initWeatherListener, retryTimes: 4
08-29 23:32:35.231   468   468 E C01707/CONCUR: [Interface] task 468 apply qos failed, errno = 4
08-29 23:32:35.231   468   468 E C01611/QosManager: QosManager: Failed to set thread QoS to QOS_USER_INTERACTIVE, ret: -1
08-29 23:32:35.232   833  1017 W C01123/BMSCommon: bundle not exist -n com.huawei.hmsapp.totemweather -u 100 -i 0 -f 32
08-29 23:32:35.232   833  1017 W C01121/BMSQuery: GetBundleInfo failed -n com.huawei.hmsapp.totemweather -u 100
08-29 23:32:35.232   468   468 E C01651/BundleMgrProxy: GetBundleInfoFromBMS: GetBundleInfo failed!bundleName is com.huawei.hmsapp.totemweather, userId is 100
08-29 23:32:35.232   468   468 E C01651/DataProviderConfig: GetFromProxyData: Get bundleInfo failed! bundleName:com.huawei.hmsapp.totemweather, userId:100, visitedId:100, uri:******icIconInfo
08-29 23:32:35.232   468   468 E C01651/DataShareServiceImpl: GetBMSAndMetaDataStatus: CalledInfo failed! token:0x200ba470,ret:1001,uri:******icIconInfo
08-29 23:32:35.232   468   468 E C01651/DataShareServiceImpl: GetSilentProxyStatus: BMS or metaData not ready to complete, token:0x200ba470, uri:******icIconInfo
08-29 23:32:35.232 21767 21767 E A01c06/ICON: AppIconWeatherModel --> get weather info failed, code: 15700010, message: The DataShareHelper is not initialized successfully.
08-29 23:32:35.236 14063 14063 E C02c02/PARAM: Failed to connect server /dev/unix/socket/paramservice 13
08-29 23:32:35.236 14063 14063 E C02c02/PARAM: connect param server failed!
08-29 23:32:35.236 14063 14063 I C02c02/PARAM: SystemSetParameter name web.flowbuffer.maxfd id:5 ret:114
08-29 23:32:35.236 14063 14063 E C02c0b/BEGET: [param_request.c:217]SystemSetParameter failed! name is :web.flowbuffer.maxfd, the errNum is:114
08-29 23:32:35.236 14063 14063 I C04500/webview: JsConstructor: new webview controller webname:reader-source-executor
08-29 23:32:35.237 14063 14063 I C0391b/AceWeb: [(100000:100000:scope)] InitMagnifier
08-29 23:32:35.237 14063 14063 I C0391b/AceWeb: [(100000:100000:scope)] WebDomDocument::WebDomDocument
08-29 23:32:35.237   832  5279 I C01406/RSClientToServiceConnection: CreateNodeAndSurface node id:60400125083657 name:RosenWeb surface id:3573412790773 name:RosenWeb
08-29 23:32:35.240   832   832 I C01406/RSClientToServiceConnection: CreateNodeAndSurface RegisterRenderNode id:60400125083657, name:RosenWeb
08-29 23:32:35.240  3349 14104 I C02d07/ObserverMgr: register processor=1 exit
08-29 23:32:35.240  3349  3349 W C03f04/MMG: [NMM:1267] First: failed do_dlsym failed: Symbol not found: NAPI_hidebug_GetABCCode, version: null so=/system/lib64/module/libhidebug.z.so.Second: failed /system/lib64/module/libhmos_fusion_manager_napi_napi.z.so not exist.load /system/etc/abc/hmos_fusion_manager_napi.abc failed
08-29 23:32:35.240  3349  3349 E C03f00/ArkCompiler: [ecmascript] export objects of native so is undefined, so name is @ohos:hmos_fusion_manager_napi
08-29 23:32:35.240  3349  3349 W C03f00/ArkCompiler: [ecmascript] Load native module failed: @ohos:hmos_fusion_manager_napi
08-29 23:32:35.240 14063 14063 I C0391b/AceWeb: [(100000:100000:scope)] WebPattern::OnAttachToFrameNode, web id = -1
08-29 23:32:35.241   832   864 I C01406/RSClientToServiceConnection: CreateNodeAndSurface node id:60400125083658 name:RosenWebPopup surface id:3573412790774 name:RosenWebPopup
08-29 23:32:35.241   832   832 I C01406/RSClientToServiceConnection: CreateNodeAndSurface RegisterRenderNode id:60400125083658, name:RosenWebPopup
08-29 23:32:35.241   266   545 E C01700/RSS: [a92abefb933ad8f] DeliverResource, PluginMgr resType 1002 no lib register!
08-29 23:32:35.241 14063 14063 I C03900/Ace: [(100000:100000:scope)] AddTranslateListener WebView nodeId:13
08-29 23:32:35.241   282 13951 E C01704/TagSched: [a92abefb933ad8f] [ExecutorCheckTidIsInPid][Executor] ExecutorCheckTidIsInPid get reply is invalied
08-29 23:32:35.241 14063 14063 I C0391b/AceWeb: [(100000:100000:scope)] SetNestedScrollExt nestedScroll: NestedScrollOptionsExt scrollUp: 1, scrollDown: 1, scrollLeft: 1, scrollRight: 1
08-29 23:32:35.241   282 13951 I C01704/TagSched: [a92abefb933ad8f] [SetQosRealtimeTask]ThreadModifyQos,setQos 832 tid[864],  qos[7]
08-29 23:32:35.241   282 13951 E C01704/TagSched: [a92abefb933ad8f] [OpenQosCtrl]Failed to open qos_ctrl device
08-29 23:32:35.241   282 13951 E C01704/TagSched: [a92abefb933ad8f] [IsQosHandleOpen]get qosSetHandle_ fail
08-29 23:32:35.241   282 13951 E C01704/TagSched: [a92abefb933ad8f] [SetQosInternal]qosSetHandle open fail
08-29 23:32:35.241 14063 14063 I C0391b/AceWeb: [(100000:100000:scope)] renderMode is 0
08-29 23:32:35.241   282 13951 E C01704/TagSched: [a92abefb933ad8f] [OpenQosCtrl]Failed to open qos_ctrl device
08-29 23:32:35.241   282 13951 E C01704/TagSched: [a92abefb933ad8f] [IsQosHandleOpen]get qosSetHandle_ fail
08-29 23:32:35.241   282 13951 E C01704/TagSched: [a92abefb933ad8f] [SetQosInternal]qosSetHandle open fail
08-29 23:32:35.241   282 13951 E C01704/TagSched: [a92abefb933ad8f] [OpenQosCtrl]Failed to open qos_ctrl device
08-29 23:32:35.241 14063 14063 I C0391b/AceWeb: [(100000:100000:scope)] WebDelegate::onNativeMessage connect 
08-29 23:32:35.241   282 13951 E C01704/TagSched: [a92abefb933ad8f] [IsQosHandleOpen]get qosSetHandle_ fail
08-29 23:32:35.241 14063 14063 I C0391b/AceWeb: [(100000:100000:scope)] WebDelegate::onNativeMessage DisconnectFunction
08-29 23:32:35.241   282 13951 E C01704/TagSched: [a92abefb933ad8f] [SetQosInternal]qosSetHandle open fail
08-29 23:32:35.241   282 13951 E C01704/TagSched: [a92abefb933ad8f] [OpenQosCtrl]Failed to open qos_ctrl device
08-29 23:32:35.241   282 13951 E C01704/TagSched: [a92abefb933ad8f] [IsQosHandleOpen]get qosSetHandle_ fail
08-29 23:32:35.241 14063 14063 I C0391b/AceWeb: [(100000:100000:scope)] WebModelNG::SetOnMediaCastEnter
08-29 23:32:35.241   282 13951 E C01704/TagSched: [a92abefb933ad8f] [SetQosInternal]qosSetHandle open fail
08-29 23:32:35.241   282 13951 E C01704/TagSched: [a92abefb933ad8f] [OpenQosCtrl]Failed to open qos_ctrl device
08-29 23:32:35.241   282 13951 E C01704/TagSched: [a92abefb933ad8f] [IsQosHandleOpen]get qosSetHandle_ fail
08-29 23:32:35.241 14063 14063 I C0391b/AceWeb: [(100000:100000:scope)] WebviewController::innerCanIUse
08-29 23:32:35.241   282 13951 E C01704/TagSched: [a92abefb933ad8f] [SetQosInternal]qosSetHandle open fail
08-29 23:32:35.241   282 13951 E C01704/TagSched: [a92abefb933ad8f] [OpenQosCtrl]Failed to open qos_ctrl device
08-29 23:32:35.241   282 13951 E C01704/TagSched: [a92abefb933ad8f] [IsQosHandleOpen]get qosSetHandle_ fail
08-29 23:32:35.241   282 13951 E C01704/TagSched: [a92abefb933ad8f] [SetQosInternal]qosSetHandle open fail
08-29 23:32:35.241   282 13951 E C01704/TagSched: [a92abefb933ad8f] [OpenQosCtrl]Failed to open qos_ctrl device
08-29 23:32:35.241   282 13951 E C01704/TagSched: [a92abefb933ad8f] [IsQosHandleOpen]get qosSetHandle_ fail
08-29 23:32:35.241   282 13951 E C01704/TagSched: [a92abefb933ad8f] [SetQosInternal]qosSetHandle open fail
08-29 23:32:35.241 14063 14063 E C02c0b/BEGET: [init_syscap.c:52]Failed get paramName.
08-29 23:32:35.241   282 13951 E C01704/TagSched: [a92abefb933ad8f] [OpenQosCtrl]Failed to open qos_ctrl device
08-29 23:32:35.241   282 13951 E C01704/TagSched: [a92abefb933ad8f] [IsQosHandleOpen]get qosSetHandle_ fail
08-29 23:32:35.241   282 13951 E C01704/TagSched: [a92abefb933ad8f] [SetQosInternal]qosSetHandle open fail
08-29 23:32:35.241   282 13951 E C01704/TagSched: [a92abefb933ad8f] [OpenQosCtrl]Failed to open qos_ctrl device
08-29 23:32:35.241   282 13951 E C01704/TagSched: [a92abefb933ad8f] [IsQosHandleOpen]get qosSetHandle_ fail
08-29 23:32:35.241   282 13951 E C01704/TagSched: [a92abefb933ad8f] [SetQosInternal]qosSetHandle open fail
08-29 23:32:35.241   282 13951 E C01704/TagSched: [a92abefb933ad8f] [OpenQosCtrl]Failed to open qos_ctrl device
08-29 23:32:35.241   282 13951 E C01704/TagSched: [a92abefb933ad8f] [IsQosHandleOpen]get qosSetHandle_ fail
08-29 23:32:35.241   282 13951 E C01704/TagSched: [a92abefb933ad8f] [SetQosInternal]qosSetHandle open fail
08-29 23:32:35.241   282 13951 E C01704/TagSched: [a92abefb933ad8f] [OpenQosCtrl]Failed to open qos_ctrl device
08-29 23:32:35.241   282 13951 E C01704/TagSched: [a92abefb933ad8f] [IsQosHandleOpen]get qosSetHandle_ fail
08-29 23:32:35.241   282 13951 E C01704/TagSched: [a92abefb933ad8f] [SetQosInternal]qosSetHandle open fail
08-29 23:32:35.241   282 13951 E C01704/TagSched: [a92abefb933ad8f] [OpenQosCtrl]Failed to open qos_ctrl device
08-29 23:32:35.241   282 13951 E C01704/TagSched: [a92abefb933ad8f] [IsQosHandleOpen]get qosSetHandle_ fail
08-29 23:32:35.241   282 13951 E C01704/TagSched: [a92abefb933ad8f] [SetQosInternal]qosSetHandle open fail
08-29 23:32:35.241   282 13951 E C01704/TagSched: [a92abefb933ad8f] [OpenQosCtrl]Failed to open qos_ctrl device
08-29 23:32:35.241   282 13951 E C01704/TagSched: [a92abefb933ad8f] [IsQosHandleOpen]get qosSetHandle_ fail
08-29 23:32:35.241   282 13951 E C01704/TagSched: [a92abefb933ad8f] [SetQosInternal]qosSetHandle open fail
08-29 23:32:35.241   282 13951 E C01704/TagSched: [a92abefb933ad8f] [OpenQosCtrl]Failed to open qos_ctrl device
08-29 23:32:35.241   282 13951 E C01704/TagSched: [a92abefb933ad8f] [IsQosHandleOpen]get qosSetHandle_ fail
08-29 23:32:35.241   282 13951 E C01704/TagSched: [a92abefb933ad8f] [SetQosInternal]qosSetHandle open fail
08-29 23:32:35.241   282 13951 E C01704/TagSched: [a92abefb933ad8f] [OpenQosCtrl]Failed to open qos_ctrl device
08-29 23:32:35.241   282 13951 E C01704/TagSched: [a92abefb933ad8f] [IsQosHandleOpen]get qosSetHandle_ fail
08-29 23:32:35.241   282 13951 E C01704/TagSched: [a92abefb933ad8f] [SetQosInternal]qosSetHandle open fail
08-29 23:32:35.241   282 13951 E C01704/TagSched: [a92abefb933ad8f] [OpenQosCtrl]Failed to open qos_ctrl device
08-29 23:32:35.241   282 13951 E C01704/TagSched: [a92abefb933ad8f] [IsQosHandleOpen]get qosSetHandle_ fail
08-29 23:32:35.241   282 13951 E C01704/TagSched: [a92abefb933ad8f] [SetQosInternal]qosSetHandle open fail
08-29 23:32:35.241   282 13951 E C01704/TagSched: [a92abefb933ad8f] [OpenQosCtrl]Failed to open qos_ctrl device
08-29 23:32:35.241   282 13951 E C01704/TagSched: [a92abefb933ad8f] [IsQosHandleOpen]get qosSetHandle_ fail
08-29 23:32:35.241   282 13951 E C01704/TagSched: [a92abefb933ad8f] [SetQosInternal]qosSetHandle open fail
08-29 23:32:35.241 14063 14063 I C01406/RSNode: RSNode::AddChild, Id: 60400125083656, SurfaceNode:[Id: 60400125083657, name: RosenWeb]
08-29 23:32:35.242 14063 14063 W C0391b/AceWeb: [(100000:100000:scope)] web controller is nullptr
08-29 23:32:35.242 14063 14063 I C0391b/AceWeb: [(100000:100000:scope)] Web isInit 1
08-29 23:32:35.242 14063 14063 I C0391b/AceWeb: [(100000:100000:scope)] WebPattern::RegisterWebDomNativeInterface
08-29 23:32:35.242  3349  3349 W C02d07/Verify: invalid configName=
08-29 23:32:35.242  3349  3349 I C02d07/ObserverMgr: register processor=1 exit
08-29 23:32:35.242 14063 14063 I C0391b/AceWeb: [(100000:100000:scope)] WebPattern::UpdateBackgroundColorRightNow, color=#FFFFFFFF, web id = -1
08-29 23:32:35.243   833 13954 W C01202/Subscriber: Subscribe usual.event.CLICK_STATUSBAR, without any restrict subid = 14063_20020073_-1_5026_538557906
08-29 23:32:35.243   833 13954 I C01202/Subscriber: Subscribe io.reader.harmonyos(userId = 100, subId = 14063_20020073_-1_5026_538557906, ffrtCost 0 ms, taskCost 0 ms)
08-29 23:32:35.243 14063 14063 I C0391b/AceWeb: [(100000:100000:scope)] DragDrop WebEventHub init drag event ok
08-29 23:32:35.243 14063 14063 I C0391b/AceWeb: [(100000:100000:scope)] DragDrop, init drag event done, isReceivedArkDrag_ is 0
08-29 23:32:35.243 14063 14063 I C0391b/AceWeb: [(100000:100000:scope)] WebPattern::CheckAndSetWebNestedScrollExisted
08-29 23:32:35.243 14063 14063 I C0391b/AceWeb: [(100000:100000:scope)] WebPattern::CheckAndSetWebNestedScrollExisted
08-29 23:32:35.243 14063 14063 I C0391b/AceWeb: [(100000:100000:scope)] WebDelegate::OnRenderToForeground
08-29 23:32:35.243 14063 14063 I C0391c/AceFocus: [(100000:100000:scope)] view: page/2 show
08-29 23:32:35.243  3349  3349 I C01320/JsEnv: [JSENV299]timing: 3020
08-29 23:32:35.243 14063 14063 I C03922/AceNavigation: [(100000:100000:scope)] can't find inner navigation
08-29 23:32:35.244 14063 14063 I C03933/AceKeyboard: [(100000:100000:scope)] StageManager FrameNode notNeedSoftKeyboard.
08-29 23:32:35.244 14063 14063 I C03933/AceKeyboard: [(100000:100000:scope)] Container not SceneBoardWindow.
08-29 23:32:35.244 14063 14063 I C03925/AceRouter: [(100000:100000:scope)] LoadPage Success
08-29 23:32:35.244 14063 14063 I C03917/AceSafeArea: [(-2:100000:singleton)] SetIsFullScreen 1
08-29 23:32:35.244 14063 14063 I C0392a/AceUiExtensionComponent: [(-2:100000:singleton)] NotifyWindowMode aliveUIExtensions = 0
08-29 23:32:35.244 14063 14063 I C0391b/AceWeb: [(100000:100000:scope)] WebRotateRenderEffect, type: 0, renderFit_: 5, isRotating_: 0 isCoverRotating_: 0, webId: -1.
08-29 23:32:35.244   282 13948 W C01727/SceneRecognizeExt: [a92ab0fb933bb8c] [HandlePageReport]smart scan get config page info error, bundleName: io.reader.harmonyos
08-29 23:32:35.245  3349  3349 I A00001/AppGallery: initLog called
08-29 23:32:35.245 14063 14063 I C03900/Ace: [(100000:100000:scope)] Root node request first frame.
08-29 23:32:35.245 14063 14063 I C03900/Ace: [(100000:100000:scope)] Update application state , state: ON_ACTIVE
08-29 23:32:35.245  3349  3349 W A06666/PafLog_TS: The callInfoMaxLength must be a number. Use 0 instead.
08-29 23:32:35.245  3349  3349 I A06666/PafLog_TS: call PafLogNode init, enableFlush option is false
08-29 23:32:35.245  3349  3349 I A06666/PafLog_TS: PafLogNode global init success, and sendMessage To Native
08-29 23:32:35.245  3349  3349 I A06666/PafLog_TS: setConfig start nodeType:paf_logger appTag:AG level:3
08-29 23:32:35.245 14063 14063 I C01d02/accessibility_asacfwk: [(SubscribeStateObserver:652)]Observer has subscribed!
08-29 23:32:35.245 14063 14063 I C01d02/accessibility_asacfwk: [(SubscribeStateObserver:652)]Observer has subscribed!
08-29 23:32:35.245 14063 14063 I C01d02/accessibility_asacfwk: [(SubscribeStateObserver:652)]Observer has subscribed!
08-29 23:32:35.245 14063 14063 I C0391c/AceFocus: [(100000:100000:scope)] Window: 63 get focus.
08-29 23:32:35.245 14063 14063 I C03900/Ace: [(100000:100000:scope)] Update application state , state: ON_ACTIVE
08-29 23:32:35.245  3349  3349 I C01653/PreferencesJsKit: GetContextMode: set gContextNode: 1, status: 0,
08-29 23:32:35.245 14063 14063 I C01d02/accessibility_asacfwk: [(SubscribeStateObserver:652)]Observer has subscribed!
08-29 23:32:35.245 14063 14063 I C01d02/accessibility_asacfwk: [(SubscribeStateObserver:652)]Observer has subscribed!
08-29 23:32:35.245 14063 14063 I C01d02/accessibility_asacfwk: [(SubscribeStateObserver:652)]Observer has subscribed!
08-29 23:32:35.246   833 13944 W C01202/Subscriber: Subscribe event.CONFIG_MANAGER_EVENT, without any restrict subid = 3349_20020011_-1_5027_538557909
08-29 23:32:35.246   833 13944 I C01202/Subscriber: Subscribe com.huawei.hmsapp.appgallery(userId = 100, subId = 3349_20020011_-1_5027_538557909, ffrtCost 0 ms, taskCost 0 ms)
08-29 23:32:35.246 14063 14063 E C02c02/PARAM: Failed to connect server /dev/unix/socket/paramservice 13
08-29 23:32:35.246 14063 14063 E C02c02/PARAM: connect param server failed!
08-29 23:32:35.246 14063 14063 I C02c02/PARAM: SystemSetParameter name web.flowbuffer.maxfd id:6 ret:114
08-29 23:32:35.246 14063 14063 E C02c0b/BEGET: [param_request.c:217]SystemSetParameter failed! name is :web.flowbuffer.maxfd, the errNum is:114
08-29 23:32:35.246   468   468 I C01610/KvStoreDataService: operator(): bundle:com.huawei.hmsapp.appgallery, feature:relational_store, uid:20020011, pid:3349, emplace:success.
08-29 23:32:35.246  3349  3349 I C01631/GaussPD:  [0] [ADAPTER] [548625523984] Not support app_gallery_preferences_store.db.map file enable del monitor sysno = 25
08-29 23:32:35.246   468   468 I C01655/RdbServiceStub: OnRemoteRequest: code:1, callingPid:3349
08-29 23:32:35.247  3349  3349 I C01631/GaussPD:  [1162101162] [STORAGE] [548625523984] db index 0 init shared writable mode first process 1 fileTag 4164255006, app_gallery_preferences_store
08-29 23:32:35.247  3349  3349 I C01631/GaussPD:  [1162101162] [SERVICE] [548625523984] |server| Configuration item configured succ. |deviceSize:4096, pageSize:4, maxSeMem:1048576, instanceId:1, heapTupleAddrMode:10|
08-29 23:32:35.247  3349  3349 I C01631/GaussPD:  [1162101162] [ADAPTER] [548625523984] Not support app_gallery_preferences_store.db.redo file enable del monitor sysno = 25
08-29 23:32:35.247   468   468 I C01655/RdbServiceImpl: InitNotifier: success tokenId:20057eef, pid=3349
08-29 23:32:35.247  3349  3349 I C01631/GaussPD:  [1162101162] [ADAPTER] [548625523984] Not support app_gallery_preferences_store.db.safe file enable del monitor sysno = 25
08-29 23:32:35.247  3349  3349 I C01631/GaussPD:  [1162101162] [ADAPTER] [548625523984] Not support app_gallery_preferences_store.db file enable del monitor sysno = 25
08-29 23:32:35.247   468   468 I C01655/RdbServiceStub: OnRemoteRequest: code:16, callingPid:3349
08-29 23:32:35.247  3349  3349 I C01631/GaussPD:  [1162101162] [ADAPTER] [548625523984] Not support app_gallery_preferences_store.db.undo file enable del monitor sysno = 25
08-29 23:32:35.247  3349  3349 I C01631/GaussPD:  [1162101162] [ADAPTER] [548625523984] Not support app_gallery_preferences_store.db.ctrl.dwr file enable del monitor sysno = 25
08-29 23:32:35.247  3349  3349 I C01631/GaussPD:  [1162101162] [ADAPTER] [548625523984] Not support app_gallery_preferences_store.db.ctrl file enable del monitor sysno = 25
08-29 23:32:35.247  3349  3349 I C01631/GaussPD:  [1162101162] [STORAGE] [548625523984] pages = 546386477728, segid = 1162101162, offset = 2151677994, size = 3128
08-29 23:32:35.247  3349  3349 I C01631/GaussPD:  [1162101162] [STORAGE] [548625523984] |space| init ctrl 2
08-29 23:32:35.247  3349  3349 I C01631/GaussPD:  [1162101162] [ADAPTER] [548625523984] Not support app_gallery_preferences_store.db.ctrl file enable del monitor sysno = 25
08-29 23:32:35.247  3349  3349 I C01631/GaussPD:  [1162101162] [ADAPTER] [548625523984] Not support app_gallery_preferences_store.db.ctrl.dwr file enable del monitor sysno = 25
08-29 23:32:35.247  3349  3349 I C01631/GaussPD:  [1162101162] [ADAPTER] [548625523984] Not support app_gallery_preferences_store.db.ctrl file enable del monitor sysno = 25
08-29 23:32:35.247  3349  3349 I C01631/GaussPD:  [1162101162] [ADAPTER] [548625523984] Not support app_gallery_preferences_store.db.redo file enable del monitor sysno = 25
08-29 23:32:35.248  3349  3349 I C01631/GaussPD:  [1162101162] [ADAPTER] [548625523984] Not support app_gallery_preferences_store.db file enable del monitor sysno = 25
08-29 23:32:35.248  3349  3349 I C01631/GaussPD:  [1162101162] [ADAPTER] [548625523984] Not support app_gallery_preferences_store.db.undo file enable del monitor sysno = 25
08-29 23:32:35.248  3349  3349 I C01631/GaussPD:  [1162101162] [ADAPTER] [548625523984] Not support app_gallery_preferences_store.db file enable del monitor sysno = 25
08-29 23:32:35.248  3349  3349 I C01631/GaussPD:  [1162101162] [ADAPTER] [548625523984] Not support app_gallery_preferences_store.db.undo file enable del monitor sysno = 25
08-29 23:32:35.248  3349  3349 I C01631/GaussPD:  [1162101162] [ADAPTER] [548625523984] Not support app_gallery_preferences_store.db.safe file enable del monitor sysno = 25
08-29 23:32:35.248  3349  3349 I C01631/GaussPD:  [1162101162] [STORAGE] [548625523984] |SE-Transaction| Create txrMgr, Addr(segId: 1162101162, offset: 2151694846)
08-29 23:32:35.248  3349  3349 I C01631/GaussPD:  [1162101162] [STORAGE] [548625523984] |UNDO| undo space created |fileId: 1, rseg dev: 1, rseg blk: 1|
08-29 23:32:35.248   468   468 I C01655/RdbServiceStub: OnRemoteRequest: code:25, callingPid:3349
08-29 23:32:35.248  3349  3349 I C01631/GaussPD:  [1162101162] [ADAPTER] [548625523984] Check dir exist unsucc, 1013000, path:/data/storage***ferences/temp, sysno:2
08-29 23:32:35.249  3349  3349 I C01631/GaussPD:  [1162101162] [STORAGE] [548625523984] recovery begin!
08-29 23:32:35.249  3349  3349 I C01631/GaussPD:  [1162101162] [STORAGE] [548625523984] ready to recovery redo
08-29 23:32:35.249  3349 14231 I C01650/Config: Log:Error(283) recovered 25 frames from WAL file /dat***/sto***/e**/database/r**/net***ame.db-wal 
08-29 23:32:35.250   468   468 I C01655/RdbServiceStub: OnRemoteRequest: code:21, callingPid:3349
08-29 23:32:35.251   282 13949 E C01704/TagSched: [a92abefb9300313] [OpenQosCtrl]Failed to open qos_ctrl device
08-29 23:32:35.251   282 13949 E C01704/TagSched: [a92abefb9300313] [IsQosHandleOpen]get qosSetHandle_ fail
08-29 23:32:35.251   282 13949 E C01704/TagSched: [a92abefb9300313] [SetUclamp]qosSetHandle open fail
08-29 23:32:35.251   468   468 I C01655/RdbServiceStub: OnRemoteRequest: code:24, callingPid:3349
08-29 23:32:35.252  3349 14231 I C01650/ConnectionPool: Create:code:0 app[com.huawei.hmsapp.appgallery:] area[el2] cfg[0,0,0,2,1,0,0]net***.db:<DB,0xc96ad,24576,100660><DWR,0xc96ae,12288,100660><SHM,0xc96b0,32768,100660><WAL,0xc96af,440872,100660>, pathSize:47
08-29 23:32:35.252   468   468 I C01655/RdbServiceStub: OnRemoteRequest: code:17, callingPid:3349
08-29 23:32:35.304 14262 14262 W C02c02/PARAM: Selinux check name persist.init.debug.loglevel in u:object_r:startup_init_param:s0 [14262 2000 2000] failed
08-29 23:32:35.304 14262 14262 W C02c02/PARAM: Selinux check name persist.init.debug.loglevel in u:object_r:startup_init_param:s0 [14262 2000 2000] failed
08-29 23:32:35.304 14262 14262 W C02c02/PARAM: SystemReadParam failed!name is:persist.init.debug.loglevel,err:1002
08-29 23:32:35.310 14264 14264 I C02d20/DumperService: SetCmdArgs# hidumper cmd:hidumper -s 1201 -a -p Faultlogger -LogSuffixWithMs , calllingUid=2000, calllingPid=14264, ppid:14262.
08-29 23:32:35.310 14264 14265 W C057c1/IPCWorkThread: ThreadHandler: proto:0 policy:1 name:OS_IPC_0_14265 invoker:2539676288
08-29 23:32:35.310 14264 14266 W C057c1/IPCWorkThread: ThreadHandler: proto:0 policy:0 name:OS_IPC_1_14266 invoker:2567269760
08-29 23:32:35.311  7033 24707 I C02d20/DumperService: DelayUnloadTask# recieve new request, delay unload task begin, calllingPid=14264
08-29 23:32:35.311   127  7005 I C02d11/Faultlogger: DumpByCommands: DumpRequest: detail:0, list:0, file:, name:, time:-1
08-29 23:32:35.312  7033 24707 I C02d20/DumperService: GetData# SA name:1201 dump success, cmd:-p Faultlogger -LogSuffixWithMs , calllingPid=14264!
08-29 23:32:35.314   468 14127 E C01613/CloudServiceImpl: GetCloudInfoFromMeta: no exist meta, user:100 times:1788017555314.
08-29 23:32:35.319 14063 14063 I C04500/webview: GetArkwebLibPath: get arkweb lib path: /data/storage/el1/bundle/arkwebcore/libs/arm64
08-29 23:32:35.319 14063 14063 I C04500/webview: GetArkwebNameSpace: get arkweb name space: nweb_ns
08-29 23:32:35.319 14063 14063 E C04500/webview: ArkWebBridgeHelperLoadLibFile: dlns_create failed for '/data/storage/el1/bundle/arkwebcore/libs/arm64': Invalid argument (errno=17)
08-29 23:32:35.319 14063 14063 I C04500/webview: ArkWebBridgeHelperLoadLibFile: succeed to load lib file /data/storage/el1/bundle/arkwebcore/libs/arm64/libarkweb_engine.so
08-29 23:32:35.319 14063 14063 I C04500/webview: ArkWebBridgeHelperSharedInit: g_webEngineInitFlag set to true. setActiveWebEngineVersion will be ignored.
08-29 23:32:35.319   126   129 I C02c03/PARAM_WATCHER: SendLocalChange start keyPrefix web.debug.trace remoteWatcherId 1027
08-29 23:32:35.319   126   129 I C02c03/PARAM_WATCHER: [watcher_manager.cpp:187]Add watcher web.debug.trace remoteWatcherId: 1027 groupId 394 success
08-29 23:32:35.321   126   314 I C02c03/PARAM_WATCHER: [watcher_manager.cpp:298]add key web.debug.trace groupId 394 success
08-29 23:32:35.321 14063 14063 I C02c03/PARAM_WATCHER: Add watcher keyPrefix web.debug.trace remoteWatcherId 1027 success
08-29 23:32:35.321   126   129 I C02c03/PARAM_WATCHER: SendLocalChange start keyPrefix web.render.dump remoteWatcherId 1027
08-29 23:32:35.321   126   129 I C02c03/PARAM_WATCHER: [watcher_manager.cpp:187]Add watcher web.render.dump remoteWatcherId: 1027 groupId 395 success
08-29 23:32:35.321 14063 14063 I C02c03/PARAM_WATCHER: Add watcher keyPrefix web.render.dump remoteWatcherId 1027 success
08-29 23:32:35.321 14063 14185 I C04500/webadapter: DispatchAllWatcherInfo: no observers in this key: web.debug.trace
08-29 23:32:35.321 14063 14063 I C04500/webadapter: AttachSysPropObserver: properties key invalid in attach
08-29 23:32:35.323   126   314 I C02c03/PARAM_WATCHER: [watcher_manager.cpp:298]add key web.render.dump groupId 395 success
08-29 23:32:35.330  3349  3349 I C01631/GaussPD:  [1162101162] [STORAGE] [548625523984] ready to init systbl
08-29 23:32:35.331   833  1017 I C011fc/BMSExt: [GetBundleInfo:523]GetBundleInfo ret 0
08-29 23:32:35.331   833  1017 I C011fc/BMSExt: [GetCompatibleDeviceType:65]calc deviceType bundleName: io.reader.harmonyos, deviceType: 
08-29 23:32:35.375  3349  3349 I C01631/GaussPD:  [1162101162] [STORAGE] [548625523984] |SE-Index|alloc wanna load index type: 10
08-29 23:32:35.375 14063 14063 W C01409/APS_MANAGER: redo Connect
08-29 23:32:35.375 14063 14063 I C01409/APS_MANAGER: Start to ConnectService
08-29 23:32:35.375 14063 14063 I C01409/APS_MANAGER: GetSystemAbilityManager success
08-29 23:32:35.375 14063 14063 I C01409/APS_MANAGER: GetSystemAbility success
08-29 23:32:35.376 14063 14063 E C057c2/IPCObjectProxy: PrintErrorDetailedInfo: failed, handle:26 error:-1 desc:*.IApsManager proxy:2705165184 time:538558039330918
08-29 23:32:35.376 14063 14063 E C01409/APS_MANAGER: [ApsManagerProxy::GetEvent] SendRequest is failed, error code: <private>
08-29 23:32:35.376 14063 14063 E C01409/APS_MANAGER: [GetEvent] write errorCode failed
08-29 23:32:35.376  3349  3349 I C01631/GaussPD:  [1162101162] [STORAGE] [548625523984] ready to recovery undo
08-29 23:32:35.376  3349  3349 I C01631/GaussPD:  [1162101162] [STORAGE] [548625523984] ready to rebuild index
08-29 23:32:35.376  3349  3349 I C01631/GaussPD:  [1162101162] [STORAGE] [548625523984] ready to flush ckpt
08-29 23:32:35.377   833  1017 I C04201/DMS:  RegisterDisplayManagerAgent: type: 3, pid: 14063
08-29 23:32:35.381  3349  3349 I C01631/GaussPD:  [1162101162] [STORAGE] [548625523984] recovery done!
08-29 23:32:35.382  3349  3349 I C01631/GaussPD:  [1162101162] [STORAGE] [548625523984] |SE-Index|alloc wanna load index type: 1
08-29 23:32:35.383  3349  3349 I C01653/NativePreferences: RegisterObserver: The local observer subscribed succeeded.
08-29 23:32:35.383  3349  3349 I C015b5/NetMgrEnhanced: Register event = netSceneChange
08-29 23:32:35.384  3349  3349 I A00000/moduleframework: save module cache:account
08-29 23:32:35.384   120  2002 I C04300/StorageManager: [GetSizeOfPath:124] StorageStatusManager::GetSizeOfPath path is /data, type is free space, size is 2780876800.
08-29 23:32:35.384   120  2002 E C04300/StorageManager: [GetFreeSize:88] StorageTotalStatusService::GetFreeSize success, (/data)freeSize=2780876800
08-29 23:32:35.384  3349 14104 I C02d07/Config: get free size=2780876800
08-29 23:32:35.401   282 13950 W C01704/TagSched: [a92abafb9324fed] [operator()]The removed task is being executed, execute stop, Task = minUtilSched#10:14063:9
08-29 23:32:35.408  3349 14104 I C02d07/ObserverMgr: init watchers
08-29 23:32:35.408  3349  3349 W C03f04/MMG: [NMM:1463]Module path conflict: core.account.extendservice
08-29 23:32:35.408  3349  3349 I C04705/huaweiId_framewrok_base: Init:362# begin Init
08-29 23:32:35.408  3349  3349 I C04705/huaweiId_framewrok_base: DefineIdTypeEnumClass:178# begin defineIdTypeClass
08-29 23:32:35.408  3349  3349 I C04705/huaweiId_framewrok_base: DefineIdTypeEnumClass:216# end defineIdTypeClass
08-29 23:32:35.408  3349  3349 I C04705/huaweiId_framewrok_base: DefineRiskLevelEnumClass:144# begin defineRiskLevelEnumClass
08-29 23:32:35.408  3349  3349 I C04705/huaweiId_framewrok_base: DefineRiskLevelEnumClass:173# end defineRiskLevelEnumClass
08-29 23:32:35.408  3349  3349 I C04705/huaweiId_framewrok_base: DefineErrorCodeEnumClass:57# begin defineErrorCodeEnumClass
08-29 23:32:35.408  3349  3349 I C04705/huaweiId_framewrok_base: DefineErrorCodeEnumClass:111# callResultSum is 0
08-29 23:32:35.408  3349  3349 I C04705/huaweiId_framewrok_base: DefineClassAndSetProperty:52# end defineErrorCodeEnumClass
08-29 23:32:35.408  3349  3349 I C04705/huaweiId_framewrok_base: DefineAspectRatioEnumClass:221# begin AspectRatio defineIdTypeClass
08-29 23:32:35.408  3349  3349 I C04705/huaweiId_framewrok_base: DefineAspectRatioEnumClass:266# end AspectRatio defineIdTypeClass
08-29 23:32:35.408  3349  3349 I C04705/huaweiId_framewrok_base: DefineBiometricTypeEnumClass:271# begin DefineBiometricTypeEnumClass
08-29 23:32:35.408  3349  3349 I C04705/huaweiId_framewrok_base: DefineBiometricTypeEnumClass:308# end DefineBiometricTypeEnumClass
08-29 23:32:35.408  3349  3349 I C04705/huaweiId_framewrok_base: DefineVerificationStatusEnumClass:313# begin DefineVerificationStatusEnumClass
08-29 23:32:35.408  3349  3349 I C04705/huaweiId_framewrok_base: DefineVerificationStatusEnumClass:357# end DefineVerificationStatusEnumClass
08-29 23:32:35.408  3349  3349 I C04705/huaweiId_framewrok_base: Init:369# end Init
08-29 23:32:35.408  3349  3349 I C04705/huaweiId_framewrok_base: ExportNapiFunc:131# enter DefineNapi
08-29 23:32:35.408  3349  3349 I C04705/huaweiId_framewrok_base: ExportNapiFunc:147# exit DefineNapi
08-29 23:32:35.408  3349  3349 I C04705/huaweiId_framewrok_base: ExportNapiFunc:131# enter DefineNapi
08-29 23:32:35.408  3349  3349 I C04705/huaweiId_framewrok_base: ExportNapiFunc:147# exit DefineNapi
08-29 23:32:35.408  3349  3349 I C04705/huaweiId_framewrok_base: ExportNapiFunc:131# enter DefineNapi
08-29 23:32:35.408  3349  3349 I C04705/huaweiId_framewrok_base: ExportNapiFunc:147# exit DefineNapi
08-29 23:32:35.408  3349  3349 I C04705/huaweiId_framewrok_base: ExportNapiFunc:131# enter DefineNapi
08-29 23:32:35.408  3349  3349 I C04705/huaweiId_framewrok_base: ExportNapiFunc:147# exit DefineNapi
08-29 23:32:35.408  3349  3349 I C04705/huaweiId_framewrok_base: ExportNapiFunc:131# enter DefineNapi
08-29 23:32:35.408  3349  3349 I C04705/huaweiId_framewrok_base: ExportNapiFunc:147# exit DefineNapi
08-29 23:32:35.408  3349  3349 I C04705/huaweiId_framewrok_base: ExportNapiFunc:131# enter DefineNapi
08-29 23:32:35.408  3349  3349 I C04705/huaweiId_framewrok_base: ExportNapiFunc:147# exit DefineNapi
08-29 23:32:35.408  3349  3349 I C04705/huaweiId_framewrok_base: ExportNapiFunc:131# enter DefineNapi
08-29 23:32:35.408  3349  3349 I C04705/huaweiId_framewrok_base: ExportNapiFunc:147# exit DefineNapi
08-29 23:32:35.412  3349  3349 W C03f04/MMG: [NMM:1267]key:default/downloadinstallmanage First: failed Error loading shared library libdownloadinstallmanage.so: No such file or directory.Second: load module default/downloadinstallmanage failed..load  failed
08-29 23:32:35.412  3349  3349 E C03f00/ArkCompiler: [ecmascript] export objects of native so is undefined, so name is @normalized:Y&&&libdownloadinstallmanage.so&
08-29 23:32:35.413  3349  3349 I C03f05/NAPI: taskpool:: construct seqRunner name is , seqRunnerid 548162491264.
08-29 23:32:35.413  3349  3349 I A00000/moduleframework: save module cache:upgrade
08-29 23:32:35.413   468   468 I C01655/RdbServiceStub: OnRemoteRequest: code:16, callingPid:3349
08-29 23:32:35.413   833 14038 I C01202/Subscriber: Subscribe com.huawei.hmsapp.appgallery(userId = 100, subId = 3349_20020011_-1_5028_538558077, ffrtCost 1 ms, taskCost 0 ms)
08-29 23:32:35.413   833 14038 I C01202/Subscriber: Subscribe com.huawei.hmsapp.appgallery(userId = 100, subId = 3349_20020011_-1_5029_538558077, ffrtCost 1 ms, taskCost 0 ms)
08-29 23:32:35.413   833 14038 I C01202/Subscriber: Subscribe com.huawei.hmsapp.appgallery(userId = 100, subId = 3349_20020011_-1_5030_538558077, ffrtCost 0 ms, taskCost 0 ms)
08-29 23:32:35.414   833 14038 I C01202/Subscriber: Subscribe com.huawei.hmsapp.appgallery(userId = 100, subId = 3349_20020011_-1_5031_538558077, ffrtCost 0 ms, taskCost 0 ms)
08-29 23:32:35.414   833 14039 I C01202/Subscriber: Subscribe com.huawei.hmsapp.appgallery(userId = 100, subId = 3349_20020011_-1_5032_538558077, ffrtCost 0 ms, taskCost 0 ms)
08-29 23:32:35.415  3349  3349 I C03f00/ArkCompiler: [ecmascript] start to execute module buffer with secure memory: /data/storage/el1/bundle/service/ets/MarketStaticSubscriberExtAbility/MarketStaticSubscriberExtAbility.abc
08-29 23:32:35.415  3349  3349 I C01320/JsEnv: [JSENV299]timing: 0
08-29 23:32:35.438  3349  3349 I C01202/CesNapi: Init end.
08-29 23:32:35.438   833   903 I C01336/AMS: [ABMS7095]AttachAbilityThread
08-29 23:32:35.438   833   903 I C01336/AMS: [ABR535]RemoveLoadTimeoutTask:429
08-29 23:32:35.438   833   903 W C01300/AAFwk: [event_handler_wrap.cpp126]event: 8_429, timecost: 3811, delay: 5000
08-29 23:32:35.438   833   903 W C01300/AAFwk: [event_handler_wrap.cpp126]event: 0_429, timecost: 3811, delay: 10000
08-29 23:32:35.438   833   903 W C01336/AMS: [ABR2795]null sessionInfo
08-29 23:32:35.438  3349  3349 I C02d06/XCollie: BlockMonitor event name: MainThread:LaunchAbility, Duration Time: 3262 ms
08-29 23:32:35.438  3349  3349 I C01340/Ext: [extension_impl.cpp79]MarketStaticSubscriberExtAbility; 0; 1; 0
08-29 23:32:35.439   833   903 I C01336/AMS: [ABMS7705]Lifecycle: ability:/com.huawei.hmsapp.appgallery/service/MarketStaticSubscriberExtAbility
08-29 23:32:35.439   833   903 I C01340/Ext: [ABCM770]com.huawei.hmsapp.appgallery/MarketStaticSubscriberExtAbility, INACTIVE
08-29 23:32:35.439   833   903 I C01342/ServiceExt: [base_extension_record.cpp305]ConnectAbility called.
08-29 23:32:35.439   240 13837 I C02699/MM: UpdatePriorityLocked EXT_CRE: 3349, 20020011, 0, [], 13000
08-29 23:32:35.440   833   903 I C01340/Ext: [ABCM826]com.huawei.hmsapp.appgallery/MarketStaticSubscriberExtAbility
08-29 23:32:35.440   282 13949 E C01702/CgroupAdjuster: [a92ab3fb936b581] ApplyProcessGroup set 3349 to group 0 failed, ret=-1!
08-29 23:32:35.440   282 13949 E C01702/CgroupAdjuster: [a92ab3fb936b581] ApplyProcessGroup set 3349 to group 0 failed, ret=-1!
08-29 23:32:35.440   833   903 I C01336/AMS: [CONN340]CancelConnectTimeoutTask:343
08-29 23:32:35.440   833   903 I C01336/AMS: [CONN154]Connect,MarketStaticSubscriberExtAbility
08-29 23:32:35.441   833   903 I C01335/Connection: [CONN190]connectState:2
08-29 23:32:35.441   240 13976 I C02699/MM: UpdatePriorityLocked BIND: 3349, 20020011, 100, [(833-0)], 11000
08-29 23:32:35.441   282 13951 E C01731/SUSPEND_MSG: [a92ab4fb936bad1] [(UpdateServiceExtensionMap):148] not support type:7, pid=3349
08-29 23:32:35.441  3349  3349 W C03f01/NAPI: [AddCleanupHook] AddCleanupHook Failed, data cannot register multiple times, enable cross-thread check for more information.
08-29 23:32:35.442  3349  3349 W C03f01/NAPI: [AddCleanupHook] AddCleanupHook Failed, data cannot register multiple times, enable cross-thread check for more information.
08-29 23:32:35.442  3349  3349 W C03f01/NAPI: [AddCleanupHook] AddCleanupHook Failed, data cannot register multiple times, enable cross-thread check for more information.
08-29 23:32:35.442  3349 14232 I C01650/RdbStoreImpl: HandleSchemaDDL:db:net***.db exe DDL schema<0->2>
08-29 23:32:35.443  3349 14228 I C01650/Config: Log:Error(283) recovered 21 frames from WAL file /dat***/sto***/e**/database/r**/Upg***.db-wal 
08-29 23:32:35.443  3349 14228 I C01650/ConnectionPool: Create:code:0 app[com.huawei.hmsapp.appgallery:] area[el2] cfg[0,0,0,2,1,0,0]Upg***.db:<DB,0xc96ce,4096,100660><DWR,0xc96cf,12288,100660><SHM,0xc96d6,32768,100660><WAL,0xc96d0,86552,100660>, pathSize:41
08-29 23:32:35.444   282 13948 E C01702/CgroupAdjuster: [a92ab5fb936bb14] ApplyProcessGroup set 3349 to group 0 failed, ret=-1!
08-29 23:32:35.444   282 13948 E C01702/CgroupAdjuster: [a92ab5fb936bb14] ApplyProcessGroup set 3349 to group 0 failed, ret=-1!
08-29 23:32:35.444   468   468 I C01655/RdbServiceStub: OnRemoteRequest: code:17, callingPid:3349
08-29 23:32:35.444   833 13944 I C01202/Static: called, /com.huawei.hmsapp.appgallery/service/MarketStaticSubscriberExtAbility
08-29 23:32:35.444   125   150 I C01800/SAMGR: SubscribeSA:3702,3349_20_3
08-29 23:32:35.444   125   150 I C01800/SAMGR: NotifyAddSA:3702,3349_3
08-29 23:32:35.444  3349 14097 W C01c41/TimeClient: OnAddSystemAbility# recoverTimer count:0
08-29 23:32:35.444  3349 14104 W C02d07/Verify: invalid configName=
08-29 23:32:35.444  3349 14104 I C02d07/ObserverMgr: register processor=1 exit
08-29 23:32:35.445   304   369 I C015b0/NetConnManager: Register net connect callback async, callUid[20020011], reqId[0], regType[1]
08-29 23:32:35.445   304   369 I C015b0/NetConnManager: New request [id:382]
08-29 23:32:35.445   304   369 I C015b0/NetConnManager: Match to optimal supplier:[1003 eth0] netId[100] score[80] reqId[382]
08-29 23:32:35.445   304   369 I C015b0/NetConnManager: Request[382] select [1003, eth0] as best network
08-29 23:32:35.445   304   369 E C015b0/NetConnManager: netController_ is nullptr
08-29 23:32:35.445  3349 14232 I C015b0/NetMgrSubSystem: Register result 0
08-29 23:32:35.446   833 13944 I C01202/Static: Notify usual.event.PACKAGE_CHANGED to com.huawei.hmsapp.appgallery_MarketStaticSubscriberExtAbility_100 end, code 0
08-29 23:32:35.446   833 13954 I C01202/Subscriber: Subscribe com.huawei.hmsapp.appgallery(userId = 100, subId = 3349_20020011_-1_5033_538558109, ffrtCost 0 ms, taskCost 0 ms)
08-29 23:32:35.446  3349  3349 I C03f05/NAPI: taskpool:: Task Allocation: 2686160897, 1
08-29 23:32:35.446  3349  3349 I C00501/Settings: n_g_v_sync
08-29 23:32:35.446  3349  3349 I C00501/Settings: str : secure
08-29 23:32:35.446   125   513 I C01800/SAMGR: SubscribeSA:200,3349_65_4
08-29 23:32:35.446   125   513 I C01800/SAMGR: NotifyAddSA:200,3349_4
08-29 23:32:35.446  3349 14269 I C03f05/NAPI: taskpool:: Task Perform: a, 2686160897, runningLoop: 546461036416
08-29 23:32:35.447  3349  3349 I C00501/Settings: Get key: basic_statement_agreed
08-29 23:32:35.447   125   513 I C01800/SAMGR: SubscribeSA:1301,3349_64_5
08-29 23:32:35.447   125   513 I C01800/SAMGR: NotifyAddSA:1301,3349_5
08-29 23:32:35.447  3349 14271 W C057c1/IPCWorkThread: ThreadHandler: proto:0 policy:0 name:OS_IPC_3_14271 invoker:1000376960
08-29 23:32:35.448   468 14267 E C01613/CloudServiceImpl: GetCloudInfoFromMeta: no exist meta, user:100 times:1788017555448.
08-29 23:32:35.448   468   468 I C01610/KvStoreDataService: operator(): bundle:com.huawei.hmsapp.appgallery, feature:data_share, uid:20020011, pid:3349, inserted:success.
08-29 23:32:35.448  3349  3349 E C01651/data_share_manager_impl: RegisterClientDeathObserver: RegisterClientDeathObserver failed, bundleName is com.huawei.hmsapp.appgallery
08-29 23:32:35.448  3349  3349 E C01651/data_share_manager_impl: GetDataShareServiceProxy: RegisterClientDeathObserver failed
08-29 23:32:35.448  3349 14097 I C01651/data_share_manager_impl: operator(): RecoverObs start
08-29 23:32:35.449   468   468 E C01707/CONCUR: [Interface] task 468 apply qos failed, errno = 4
08-29 23:32:35.449   468   468 E C01611/QosManager: QosManager: Failed to set thread QoS to QOS_USER_INTERACTIVE, ret: -1
08-29 23:32:35.450  3349  3349 I C00501/Settings: create global helper
08-29 23:32:35.450  3349  3349 I C01651/general_controller_service_impl: SetExtUri: SetExtUri old: ******, new: ******ataAbility
08-29 23:32:35.451   468   468 E C01707/CONCUR: [Interface] task 468 apply qos failed, errno = 4
08-29 23:32:35.451   468   468 E C01611/QosManager: QosManager: Failed to set thread QoS to QOS_USER_INTERACTIVE, ret: -1
08-29 23:32:35.453   468  1609 E C01707/CONCUR: [Interface] task 1609 apply qos failed, errno = 4
08-29 23:32:35.453   468  1609 E C01611/QosManager: QosManager: Failed to set thread QoS to QOS_USER_INTERACTIVE, ret: -1
08-29 23:32:35.453   468  1609 I C01651/DataShareServiceStub: OnRemoteRequest: code:25, callingPid:3349
08-29 23:32:35.453  3349  3349 I C00501/Settings: numRows 1, error code 0
08-29 23:32:35.454  3349  3349 I C00501/Settings: n_g_v_e 1******
08-29 23:32:35.454  3349  3349 W C03f01/NAPI: [AddCleanupHook] AddCleanupHook Failed, data cannot register multiple times, enable cross-thread check for more information.
08-29 23:32:35.454  3349 14228 I C01650/RdbStoreImpl: HandleSchemaDDL:db:Upg***.db exe DDL schema<0->6>
08-29 23:32:35.456  3349  3349 I A00000/moduleframework: strConfigKey: DynamicConfig_StaticPackageEvent
08-29 23:32:35.456  3349  3349 I A00000/moduleframework: hspInfo.name: account
08-29 23:32:35.457  3349 14269 I A06666/PafLog_TS: initConfig configChange:nodeType from hi_logger to paf_logger;level from 4 to 3;appTag from  to AG
08-29 23:32:35.457  3349 14269 W A06666/PafLog_TS: The callInfoMaxLength must be an integer. Use 0.
08-29 23:32:35.457  3349 14269 I A06666/PafLog_TS: initBundleInfo bundleInfo debug:false packageName:com.huawei.hmsapp.appgallery.
08-29 23:32:35.458  3349 14269 I A06666/PafLog_CPP: [paf_logger_impl.cpp(PafLoggerImpl:174)] PafLoggerImpl version:2504300
08-29 23:32:35.458  3349 14269 I A06666/PafLog_CPP: [LogServiceManager.cpp(CreateLogService:52)] CreateLogService enter
08-29 23:32:35.458  3349 14269 I A06666/PafLog_CPP: [LogService.cpp(InitHmsLog:68)] InitHmsLog logFileSize:1024, totalSize:20, pkgName:com.huawei.hmsapp.appgallery
08-29 23:32:35.458  3349 14269 I A06666/PafLog_CPP: [LogServiceManager.cpp(CreateLogService:64)] CreateLogService success
08-29 23:32:35.458  3349 14269 I A06666/PafLog_CPP: [LogServiceManager.cpp(SetDefaultLogService:39)] defaultLogService set success
08-29 23:32:35.458  3349 14269 I A06666/PafLog_TS: PafLogNode init success, packageName=com.huawei.hmsapp.appgallery result=0
08-29 23:32:35.458  3349 14269 I A06666/PafLog_TS: PafLogNode global init success, and sendMessage To Native
08-29 23:32:35.458  3349  3349 I A00000/moduleframework: getStringByNameSync error: {"code":"9001003"}
08-29 23:32:35.458  3349  3349 I A00000/moduleframework: hspInfo.name: appAssist4Developer
08-29 23:32:35.459  3349  3349 I A06666/PafLog_TS: getPsName leave psName:AppGalleryService
08-29 23:32:35.459  3349 14114 I A06666/PafLog_CPP: [Logcore.cpp(InitImp:26)] InitImp enter packageName:com.huawei.hmsapp.appgallery
08-29 23:32:35.459  3349 14114 I A06666/PafLog_CPP: [LogInfo.cpp(SetPsName:63)] SetPsName originalName:AppGalleryService ,correctedName:AppGalleryService ,nameSuffix: ,logFolderName:AppGalleryService
08-29 23:32:35.462 14063 14063 I C02800/InputManagerImpl: [][RegisterDevListener:1829] enter
08-29 23:32:35.462 14063 14063 I C02800/InputDeviceImpl: [|41]Register listener of change of input devices
08-29 23:32:35.462 14063 14063 I C02800/InputDeviceImpl: [|310]Start monitoring changes of input devices
08-29 23:32:35.462 14063 14277 I C04500/webadapter: ReportKeyThread: ReportKeyThread status: 0, uid: 20020073, pid: 14063, tid:14277, role: 0
08-29 23:32:35.462 14063 14063 I C02800/InputDeviceImpl: [|76]Succeed to register listener of change of input devices
08-29 23:32:35.462 14063 14063 I C02800/InputManagerImpl: [][RegisterDevListener] leave
08-29 23:32:35.462   266   545 E C01700/RSS: [a92ab7fb9370f02] DeliverResource, PluginMgr resType 1002 no lib register!
08-29 23:32:35.462   282 13951 E C01704/TagSched: [a92ab7fb9370f02] [ExecutorCheckTidIsInPid][Executor] ExecutorCheckTidIsInPid get reply is invalied
08-29 23:32:35.463   282 13950 I C01702/CgroupEventHandler: [a92ab7fb9370f02] HandleReportKeyThread : appName: io.reader.harmonyos, uid: 20020073, pid: 14063, keyTid: 14277
08-29 23:32:35.463  3349 14269 I C05540/CccsNAPI: CCCS Napi begin init.
08-29 23:32:35.463  3349 14269 I C05540/CccsNAPI: CCCS Napi finish init.
08-29 23:32:35.467  3349 14269 I C00501/Settings: napi_module Init start...
08-29 23:32:35.467  3349 14269 I C00501/Settings: InitNapiClass is called
08-29 23:32:35.467  3349 14269 I C00501/Settings: InitNetworkMap is called
08-29 23:32:35.467  3349 14269 I C00501/Settings: InitNetworkMap is end
08-29 23:32:35.467  3349 14269 I C00501/Settings: InitPhoneMap is called
08-29 23:32:35.467  3349 14269 I C00501/Settings: InitPhoneMap is end
08-29 23:32:35.467  3349 14269 I C00501/Settings: InitNapiClass is end
08-29 23:32:35.467  3349 14269 I C00501/Settings: napi_module Init end...
08-29 23:32:35.468   304   369 I C015b0/NetConnManager: Register net connect callback async, callUid[20020073], reqId[0], regType[1]
08-29 23:32:35.468   304   369 I C015b0/NetConnManager: New request [id:383]
08-29 23:32:35.468   304   369 I C015b0/NetConnManager: Match to optimal supplier:[1003 eth0] netId[100] score[80] reqId[383]
08-29 23:32:35.468   304   369 I C015b0/NetConnManager: Request[383] select [1003, eth0] as best network
08-29 23:32:35.468   304   369 E C015b0/NetConnManager: netController_ is nullptr
08-29 23:32:35.468  3349  3349 I A00000/moduleframework: configContent: #src/main/ets/impl/event/AppAssistInstallPackageEvent
08-29 23:32:35.468  3349  3349 I A00000/moduleframework: hspInfo.name: appInstall4Developer
08-29 23:32:35.469   833 14038 I C01202/Subscriber: Subscribe io.reader.harmonyos(userId = 100, subId = 14063_20020073_-1_5034_538558132, ffrtCost 0 ms, taskCost 0 ms)
08-29 23:32:35.470  3349 14269 I A06666/AG/AppGallery: random:1788017601425, index:0,[checkStartAbilityWhenDeviceLocked]:caller uid: 0, checked user locked status
08-29 23:32:35.474  3349 14114 I A06666/AG/AppGallery: random:1788017560370, index:0,[checkStartAbilityWhenDeviceLocked]:0 user unlocked status: unlocked
08-29 23:32:35.474  3349  3349 I A00000/moduleframework: getStringByNameSync error: {"code":"9001003"}
08-29 23:32:35.474  3349  3349 I A00000/moduleframework: hspInfo.name: appView4Developer
08-29 23:32:35.480  3349  3349 W C03f00/ArkCompiler: [ecmascript] When checking if module is in abc file, loading panda file failed. Current file is /data/storage/el1/bundle/appView4Developer/ets/modules.abc
08-29 23:32:35.480  3349  3349 W C03f00/ArkCompiler: [ecmascript] When checking if module is in abc file, loading panda file failed. Current file is /data/storage/el1/bundle/appView4Developer/ets/modules.abc
08-29 23:32:35.480  3349  3349 I A00000/moduleframework: getStringByNameSync error: {"code":"9001003"}
08-29 23:32:35.480  3349  3349 I A00000/moduleframework: hspInfo.name: attribution
08-29 23:32:35.481 14063 14063 I C04500/webadapter: RegNetProxyEvent: reg netproxy event
08-29 23:32:35.481 14063 14063 I C04500/webadapter: StartListen: start netproxy listen
08-29 23:32:35.481 14063 14063 I C04500/webadapter: Changed: start NetProxy changed
08-29 23:32:35.482 14063 14063 I C015b0/NetConnManager: registerCallback id:0.
08-29 23:32:35.482   833 14037 I C01202/Subscriber: Subscribe io.reader.harmonyos(userId = 100, subId = 14063_20020073_-1_5035_538558145, ffrtCost 0 ms, taskCost 0 ms)
08-29 23:32:35.482  3349  3349 I A00000/moduleframework: configContent: #src/main/ets/attribution/event/AttrStaticPackageEventImpl
08-29 23:32:35.482  3349  3349 I A00000/moduleframework: hspInfo.name: backgroundTaskFramework
08-29 23:32:35.484 14284 14284 W C02c02/PARAM: Selinux check name persist.init.debug.loglevel in u:object_r:startup_init_param:s0 [14284 2000 2000] failed
08-29 23:32:35.484 14284 14284 W C02c02/PARAM: Selinux check name persist.init.debug.loglevel in u:object_r:startup_init_param:s0 [14284 2000 2000] failed
08-29 23:32:35.484 14284 14284 W C02c02/PARAM: SystemReadParam failed!name is:persist.init.debug.loglevel,err:1002
08-29 23:32:35.485  3349  3349 I A00000/moduleframework: getStringByNameSync error: {"code":"9001003"}
08-29 23:32:35.485  3349  3349 I A00000/moduleframework: hspInfo.name: crossDevice
08-29 23:32:35.486 14063 14063 I C04500/webadapter: RegisterBackgroundTaskPolicyCallback: BackgroundTaskAdapterImpl:: applicationStateChangeCallback_ is registered.
08-29 23:32:35.487 14063 14063 I C04500/webadapter: ReportKeyThread: ReportKeyThread status: 0, uid: 20020073, pid: 14063, tid:14286, role: 2
08-29 23:32:35.489   266   544 E C01700/RSS: [a92ab8fb9377606] DeliverResource, PluginMgr resType 1002 no lib register!
08-29 23:32:35.489 14284 14284 W C02c02/PARAM: Selinux check name persist.init.debug.loglevel in u:object_r:startup_init_param:s0 [14284 2000 2000] failed
08-29 23:32:35.489 14284 14284 W C02c02/PARAM: Selinux check name persist.init.debug.loglevel in u:object_r:startup_init_param:s0 [14284 2000 2000] failed
08-29 23:32:35.489 14284 14284 W C02c02/PARAM: SystemReadParam failed!name is:persist.init.debug.loglevel,err:1002
08-29 23:32:35.489 14063 14063 I C04500/webadapter: ReportKeyThread: ReportKeyThread status: 0, uid: 20020073, pid: 14063, tid:14292, role: 4
08-29 23:32:35.489   282 13919 E C01704/TagSched: [a92ab8fb9377606] [ExecutorCheckTidIsInPid][Executor] ExecutorCheckTidIsInPid get reply is invalied
08-29 23:32:35.489   282 13949 I C01702/CgroupEventHandler: [a92ab8fb9377606] HandleReportKeyThread : appName: io.reader.harmonyos, uid: 20020073, pid: 14063, keyTid: 14286
08-29 23:32:35.489   266   545 E C01700/RSS: [a92ab9fb9377927] DeliverResource, PluginMgr resType 1002 no lib register!
08-29 23:32:35.489   282 13948 E C01704/TagSched: [a92ab9fb9377927] [ExecutorCheckTidIsInPid][Executor] ExecutorCheckTidIsInPid get reply is invalied
08-29 23:32:35.490   282 13921 I C01702/CgroupEventHandler: [a92ab9fb9377927] HandleReportKeyThread : appName: io.reader.harmonyos, uid: 20020073, pid: 14063, keyTid: 14292
08-29 23:32:35.490   126   129 I C02c03/PARAM_WATCHER: SendLocalChange start keyPrefix debug.graphic.debug_layer remoteWatcherId 1027
08-29 23:32:35.490   126   129 I C02c03/PARAM_WATCHER: [watcher_manager.cpp:187]Add watcher debug.graphic.debug_layer remoteWatcherId: 1027 groupId 76 success
08-29 23:32:35.491 14063 14286 I C02c03/PARAM_WATCHER: Add watcher keyPrefix debug.graphic.debug_layer remoteWatcherId 1027 success
08-29 23:32:35.491 14063 14286 E C01400/OpenGLWrapper: Failed to find system config path
08-29 23:32:35.491 14063 14286 E C01400/OpenGLWrapper: LoadLayers failed.
08-29 23:32:35.491 14063 14286 E C01400/OpenGLWrapper: EglWrapperLayer Init Failed.
08-29 23:32:35.491 14063 14286 E C01400/OpenGLWrapper: Failed to dlopen /system/lib64/libiGraphicsCore.z.so. error: Error loading shared library /system/lib64/libiGraphicsCore.z.so: No such file or directory.
08-29 23:32:35.491 14063 14286 E C01400/OpenGLWrapper: EglWrapperHookLayer init Failed!
08-29 23:32:35.491  3349  3349 I A00000/moduleframework: getStringByNameSync error: {"code":"9001003"}
08-29 23:32:35.491  3349  3349 I A00000/moduleframework: hspInfo.name: downloadInstall
08-29 23:32:35.507 21767 21767 I A01b0d/HICAR: TopAppManager --> COMMON_EVENT_TOP_APP_CHANGE success
08-29 23:32:35.507   833 14039 I C01202/Unordered: Pid 21767 publish COMMON_EVENT_TOP_APP_CHANGE to 100 end(0,0,0,0)
08-29 23:32:35.515 14063 14286 I C0470a/GameServicePerf: [(GameServicePlugin:13)]Load GameServicePlugin
08-29 23:32:35.515 14063 14286 I C0470a/GameServicePerf: [(CreateReportThread:101)]GameService-graphics: begin create thread
08-29 23:32:35.515 14063 14286 I C01409/APS_MANAGER: LoadApsPlugin
08-29 23:32:35.515 14063 14286 W C01409/APS_MANAGER: redo Connect
08-29 23:32:35.515 14063 14286 I C01409/APS_MANAGER: Start to ConnectService
08-29 23:32:35.515 14063 14286 I C01409/APS_MANAGER: GetSystemAbilityManager success
08-29 23:32:35.515 14063 14286 I C01409/APS_MANAGER: GetSystemAbility success
08-29 23:32:35.515 14063 14286 I C01409/APS_MANAGER: ApsCallbackClient add callback success!
08-29 23:32:35.516  3349  3349 I A00000/moduleframework: getStringByNameSync error: {"code":"9001003"}
08-29 23:32:35.516  3349  3349 I A00000/moduleframework: hspInfo.name: ecologicalRuleControl
08-29 23:32:35.516 14063 14063 I C04500/webadapter: ReportKeyThread: ReportKeyThread status: 0, uid: 20020073, pid: 14063, tid:14295, role: 0
08-29 23:32:35.517   266   544 E C01700/RSS: [a92abafb937e3b1] DeliverResource, PluginMgr resType 1002 no lib register!
08-29 23:32:35.517   282 13951 E C01704/TagSched: [a92abafb937e3b1] [ExecutorCheckTidIsInPid][Executor] ExecutorCheckTidIsInPid get reply is invalied
08-29 23:32:35.517   282 13950 I C01702/CgroupEventHandler: [a92abafb937e3b1] HandleReportKeyThread : appName: io.reader.harmonyos, uid: 20020073, pid: 14063, keyTid: 14295
08-29 23:32:35.518 14063 14286 E C057c6/BinderInvoker: GetDetailedErrorInfo: HMB_GET_DETAILED_ERROR failed, error:-22
08-29 23:32:35.518 14063 14286 E C057c2/IPCObjectProxy: PrintErrorDetailedInfo: failed, handle:27 error:29201 desc:*.IApsManager proxy:1030790528 time:538558182056876
08-29 23:32:35.518 14063 14286 E C01409/APS_MANAGER: [ApsManagerProxy::RegCommonCallback] SendRequest is failed, error code: <private>
08-29 23:32:35.518 14063 14286 I C01409/APS_MANAGER: RemoveCallbackFunc remove callback success!
08-29 23:32:35.518 14063 14286 W C01409/APS_MANAGER: RegCommonCallbackInner Register callback failed, delete callback
08-29 23:32:35.519 14063 14286 W C01409/APS_MANAGER: [ApsManagerProxy::RegisterGameFpsListener] Send Request faild code = 29201
08-29 23:32:35.519 14063 14286 E C01409/APS_MANAGER: ApsGameFpsController::RegisterGameFpsListener delete callback
08-29 23:32:35.519 14063 14286 I C02515/DGLES: [initialize@egl_display.cpp:126] Initialize display
08-29 23:32:35.519 14063 14286 I C02515/DGLES: [setProcName@egl_display.cpp:765] set process name eader.harmonyos
08-29 23:32:35.519 14063 14286 W C02515/DGLES: [recycle_resource_id@context_common.cpp:598] null gpu context, give up recycle ids
08-29 23:32:35.519 14063 14286 W C02515/DGLES: [recycle_resource_id@context_common.cpp:598] null gpu context, give up recycle ids
08-29 23:32:35.519 14063 14286 E C01400/OpenGLWrapper: eglSetBlobCacheFuncsANDROID not found.
08-29 23:32:35.520  3349  3349 I A00000/moduleframework: configContent: #src/main/ets/event/InstallStaticPackageEvent
08-29 23:32:35.520  3349  3349 I A00000/moduleframework: hspInfo.name: enhanceUIToolkit
08-29 23:32:35.523  3349  3349 I A00000/moduleframework: getStringByNameSync error: {"code":"9001003"}
08-29 23:32:35.523  3349  3349 I A00000/moduleframework: hspInfo.name: essentialToolkit
08-29 23:32:35.524 14063 14286 I C02d11/DfxUnwinder: UnwindLocal:: fpUnwind: 0
08-29 23:32:35.524  3349  3349 I A00000/moduleframework: getStringByNameSync error: {"code":"9001003"}
08-29 23:32:35.525  3349  3349 I A00000/moduleframework: hspInfo.name: maintenanceOperations
08-29 23:32:35.527  3349  3349 I A00000/moduleframework: getStringByNameSync error: {"code":"9001003"}
08-29 23:32:35.527  3349  3349 I A00000/moduleframework: hspInfo.name: networkFramework
08-29 23:32:35.541  3349  3349 I A00000/moduleframework: getStringByNameSync error: {"code":"9001003"}
08-29 23:32:35.541  3349  3349 I A00000/moduleframework: hspInfo.name: operationActivities
08-29 23:32:35.577   240   600 I C02699/MM: HandleLevelReport (1557)Psi trigger, L=0
08-29 23:32:35.577   240 13838 W C02699/MM: PsiHandlerInner level:0, skip.
08-29 23:32:35.577   240   600 I C02699/MM: ReadFile read fail: /dev/memcg/memory.zswapd_presure_show
08-29 23:32:35.577   240   600 E C02699/MM: GetPressureMbStrings kernel pressure miss: key=stability_rollup
08-29 23:32:35.577   240   600 E C02699/MM: ReadValuesFromFileWithoutLock Pressure fallback failed for key=stability_rollup
08-29 23:32:35.577   240   600 E C02699/MM: GetPressureKbLockedMap stoi fail for key=stability_rollup
08-29 23:32:35.577   240   600 E C02699/MM: IsBetaUser get logtype property fail
08-29 23:32:35.586  3349  3349 I A00000/moduleframework: configContent: #src/main/ets/impl/event/InstallPackageStaticEvent
08-29 23:32:35.586  3349  3349 I A00000/moduleframework: hspInfo.name: privacyCompliance
08-29 23:32:35.588  3349  3349 I A00000/moduleframework: getStringByNameSync error: {"code":"9001003"}
08-29 23:32:35.588  3349  3349 I A00000/moduleframework: hspInfo.name: sdkFacade
08-29 23:32:35.591  3349  3349 I A00000/moduleframework: getStringByNameSync error: {"code":"9001003"}
08-29 23:32:35.591  3349  3349 I A00000/moduleframework: hspInfo.name: upgrade
08-29 23:32:35.593  3349  3349 I A00000/moduleframework: configContent: #src/main/ets/impl/upgrademanager/commonevent/event/PackageChangedStaticEvent
08-29 23:32:35.593  3349  3349 I A00000/moduleframework: hspInfo.name: userInfo
08-29 23:32:35.597  3349  3349 I A00000/moduleframework: getStringByNameSync error: {"code":"9001003"}
08-29 23:32:35.597  3349  3349 I A00000/moduleframework: ohpmModuleName: app-Assist-4-Developer
08-29 23:32:35.597  3349  3349 I A00000/moduleframework: getConfigInstance full path:@normalized:N&appAssist4Developer&&@hw-ae-business/app-assist-4-developer/src/main/ets/impl/event/AppAssistInstallPackageEvent&
08-29 23:32:35.597  3349  3349 I A00000/moduleframework: getConfigInstance clazzName:AppAssistInstallPackageEvent
08-29 23:32:35.597  3349  3349 I A00000/moduleframework: ohpmModuleName: attribution
08-29 23:32:35.597  3349  3349 I A00000/moduleframework: getConfigInstance full path:@normalized:N&attribution&&@hw-ae-business/attribution/src/main/ets/attribution/event/AttrStaticPackageEventImpl&
08-29 23:32:35.597  3349  3349 I A00000/moduleframework: getConfigInstance clazzName:AttrStaticPackageEventImpl
08-29 23:32:35.597  3349  3349 I A00000/moduleframework: ohpmModuleName: ecological-Rule-Control
08-29 23:32:35.597  3349  3349 I A00000/moduleframework: getConfigInstance full path:@normalized:N&ecologicalRuleControl&&@hw-ae-business/ecological-rule-control/src/main/ets/event/InstallStaticPackageEvent&
08-29 23:32:35.597  3349  3349 I A00000/moduleframework: getConfigInstance clazzName:InstallStaticPackageEvent
08-29 23:32:35.597  3349  3349 I A00000/moduleframework: ohpmModuleName: operation-Activities
08-29 23:32:35.597  3349  3349 I A00000/moduleframework: getConfigInstance full path:@normalized:N&operationActivities&&@hw-ae-business/operation-activities/src/main/ets/impl/event/InstallPackageStaticEvent&
08-29 23:32:35.597  3349  3349 I A00000/moduleframework: getConfigInstance clazzName:InstallPackageStaticEvent
08-29 23:32:35.597  3349  3349 I A00000/moduleframework: ohpmModuleName: upgrade
08-29 23:32:35.597  3349  3349 I A00000/moduleframework: getConfigInstance full path:@normalized:N&upgrade&&@hw-ae-business/upgrade/src/main/ets/impl/upgrademanager/commonevent/event/PackageChangedStaticEvent&
08-29 23:32:35.597  3349  3349 I A00000/moduleframework: getConfigInstance clazzName:PackageChangedStaticEvent
08-29 23:32:35.600  3349  3349 I A00000/moduleframework: getConfigInstance import:AppAssistInstallPackageEvent
08-29 23:32:35.600  3349  3349 I A00000/moduleframework: getConfigInstance import:AttrStaticPackageEventImpl
08-29 23:32:35.600  3349  3349 I A00000/moduleframework: getConfigInstance import:InstallStaticPackageEvent
08-29 23:32:35.600  3349  3349 I A00000/moduleframework: getConfigInstance import:InstallPackageStaticEvento35
08-29 23:32:35.600  3349  3349 I A00000/moduleframework: getConfigInstance import:PackageChangedStaticEvent
08-29 23:32:35.601  3349  3349 I C01123/BMSCommon: NAPI GetBundleInfo call
08-29 23:32:35.601  3349  3349 I C01123/BMSCommon: NAPI GetBundleInfo done
08-29 23:32:35.602   468   550 I C01655/RdbServiceStub: OnRemoteRequest: code:16, callingPid:3349
08-29 23:32:35.603  3349 14230 I C01650/Config: Log:Error(283) recovered 45 frames from WAL file /dat***/sto***/e**/database/r**/a**-gal***.db-wal 
08-29 23:32:35.603  3349 14230 I C01650/ConnectionPool: Create:code:0 app[com.huawei.hmsapp.appgallery:] area[el2] cfg[0,0,0,2,1,0,0]app***.db:<DB,0xc96ed,135168,100660><DWR,0xc96ee,28672,100660><SHM,0xc96ef,32768,100660><WAL,0xc9544,420272,100660>, pathSize:45
08-29 23:32:35.603   468   550 I C01655/RdbServiceStub: OnRemoteRequest: code:17, callingPid:3349
08-29 23:32:35.605  3349 14228 I C01203/Ans: setBadge number:0
08-29 23:32:35.605  3349 14231 I C02f17/CertFramework: CfCreate[73]: enter: create object [0]
08-29 23:32:35.606   833 13954 I C01202/Subscriber: Subscribe com.huawei.hmsapp.appgallery(userId = 100, subId = 3349_20020011_-1_5036_538558269, ffrtCost 1 ms, taskCost 0 ms)
08-29 23:32:35.608   468 14267 E C01613/CloudServiceImpl: GetCloudInfoFromMeta: no exist meta, user:100 times:1788017555608.
08-29 23:32:35.609  3349  3349 W C03f01/NAPI: [AddCleanupHook] AddCleanupHook Failed, data cannot register multiple times, enable cross-thread check for more information.
08-29 23:32:35.610  3349  3349 I C03f05/NAPI: taskpool:: Task Allocation: 1001032706, 1
08-29 23:32:35.610  3349 14104 I C03f05/NAPI: taskpool:: Task Perform: getInstalledBundleInfo, 1001032706, runningLoop: 546461036416
08-29 23:32:35.611  3349 14104 I A06666/AG/AppGallery: random:1788018256564, index:0,[BundleManagerEx]:start get all installed bundle info for all user in taskPool.
08-29 23:32:35.611  3349 14230 I C01121/BMSQuery: begin to get bundleinfos
08-29 23:32:35.611  3349 14230 I C01121/BMSQuery: get bundleinfos end
08-29 23:32:35.611   833   903 I C01120/BMS: GetBundleInfosV9 -p:3349, -f:8321, -u:100
08-29 23:32:35.615   303   303 I C05a01/ATM: [GetPermissionFlag]TokenID: 537231087, permissionName: ohos.permission.GET_INSTALLED_BUNDLE_LIST
08-29 23:32:35.615   700   700 I C05a01/ATM: [GetPermissionFlag]Result is 0, flag is 4.
08-29 23:32:35.627 21767 32280 I C01203/Ans: BadgeChanged bundle:com.huawei.hmsapp.appgallery,uid:20020011,badgeNum:0
08-29 23:32:35.628 21767 21767 W A01c06/ICON: NumBadgeManager --> onBadgeChangedCallBack, badge: 0, com.huawei.hmsapp.appgallery, uid: 20020011 ,appInstanceKey:
08-29 23:32:35.628 21767 21767 I A01c06/ICON: NumBadgeManager --> add task, com.huawei.hmsapp.appgallery, uid: 20020011, badge: 0, appInstanceKey:
08-29 23:32:35.628 21767 21767 W A01c06/ICON: NumBadgeManager --> onBadgeChangedTask, badge:0, com.huawei.hmsapp.appgallery, 0 uid: 20020011
08-29 23:32:35.628 21767 21767 I A01c06/ICON: NumBadgeManager --> badge is not change! lastBadge: 0, com.huawei.hmsapp.appgallery, 0 uid: 20020011
08-29 23:32:35.639   833  1082 I C01203/Ans: get ntf auth status com.huawei.hmsapp.appgallery 20020011 1 0
08-29 23:32:35.639  3349 14232 I C01203/Ans: isNotificationEnabled code=0,allowed=1
08-29 23:32:35.646   700   700 I C05a02/PRIVACY: [Add]Add cost 31.
08-29 23:32:35.646   700   700 I C05a02/PRIVACY: [MergeOrInsertRecord]Add record, id 537231087, op 34, status: 2, sucCnt: 1, failCnt: 0, lockScreenStatus 1, timestamp 1788017555615, type 0.
08-29 23:32:35.646   700   700 I C05a02/PRIVACY: [Query]Query cost 0.
08-29 23:32:35.646   833   903 I C05a02/PRIVACY: [AddPermissionUsedRecord]Result is 0.
08-29 23:32:35.646   833   903 I C01120/BMS: GetBundleInfosV9 size:74
08-29 23:32:35.649   833   903 I C01120/BMS: [bundle_mgr_host.cpp(HandleGetBundleInfosWithIntFlagsV9:1196)]bundles 74, size 465204
08-29 23:32:35.651 21767 21767 I A01b0a/GESTURE: aiBarViewData --> setIsHideByWeaken true
08-29 23:32:35.655 14063 14286 I C02d11/DfxUnwinder: First enter fp step, pc: <private>
08-29 23:32:35.656  3349 14280 I A06666/AG/AppGallery: random:1788018024821, index:0,[BundleManagerEx]:BundleInfoHelper-generateAppIdMap getAllBundleInfo for any user, bundleArray size:74
08-29 23:32:35.656  3349 14280 W C03f04/MMG: [NMM:1267] First: failed /system/lib64/module/hms/security/libcodeprotect.z.so not exist.Second: failed /system/lib64/module/hms/security/libcodeprotect_napi.z.so not exist.load /system/etc/abc/security/codeprotect.abc failed
08-29 23:32:35.656  3349 14280 E C03f00/ArkCompiler: [ecmascript] export objects of native so is undefined, so name is @hms:security.codeProtect
08-29 23:32:35.657  3349 14280 W C02d07/Verify: invalid configName=
08-29 23:32:35.657  3349 14280 I C02d07/ObserverMgr: register processor=1 exit
08-29 23:32:35.662 14297 14297 W C02c02/PARAM: Selinux check name persist.init.debug.loglevel in u:object_r:startup_init_param:s0 [14297 2000 2000] failed
08-29 23:32:35.662 14297 14297 W C02c02/PARAM: Selinux check name persist.init.debug.loglevel in u:object_r:startup_init_param:s0 [14297 2000 2000] failed
08-29 23:32:35.662 14297 14297 W C02c02/PARAM: SystemReadParam failed!name is:persist.init.debug.loglevel,err:1002
08-29 23:32:35.666 21767 21767 I A01b0a/GESTURE: AIBarView --> checkShowAiBar. isShowingAiBar:true
08-29 23:32:35.666 14299 14299 W C02c02/PARAM: Selinux check name persist.init.debug.loglevel in u:object_r:startup_init_param:s0 [14299 2000 2000] failed
08-29 23:32:35.666 14299 14299 W C02c02/PARAM: Selinux check name persist.init.debug.loglevel in u:object_r:startup_init_param:s0 [14299 2000 2000] failed
08-29 23:32:35.666 21767 21767 I A01b0a/GESTURE: aiBarViewData --> powerMode:600 thermalLevel:1 isEnterDeliver:false
08-29 23:32:35.666 14299 14299 W C02c02/PARAM: SystemReadParam failed!name is:persist.init.debug.loglevel,err:1002
08-29 23:32:35.666 14300 14300 W C02c02/PARAM: Selinux check name persist.init.debug.loglevel in u:object_r:startup_init_param:s0 [14300 2000 2000] failed
08-29 23:32:35.666 14300 14300 W C02c02/PARAM: Selinux check name persist.init.debug.loglevel in u:object_r:startup_init_param:s0 [14300 2000 2000] failed
08-29 23:32:35.666 14300 14300 W C02c02/PARAM: SystemReadParam failed!name is:persist.init.debug.loglevel,err:1002
08-29 23:32:35.667 14063 14185 I C04200/WindowSessionImpl: NotifyTransformChange: in
08-29 23:32:35.668   833   903 W C04201/DMS: screen_cutout_controller.cpp GetCutoutArea: display:[ID: 0, W: 1320, H: 2856, R: 0,Mode 0]
08-29 23:32:35.668 21767 32471 I C0420b/WMSKeyboard: CheckEmptyKeyboardAvoidAreaIfNeeded: check keyboard avoid area, isPhoneNotFreeMultiWindow: 1, isPadNotFreeMultiWindow: 0
08-29 23:32:35.668 14063 14183 I C04208/WMSLayout: UpdateRect: id:63 name:harmonyos0 rect:[0 0 1320 2856]->[0 0 1320 2856] reason:23 displayId:0
08-29 23:32:35.668 21767 32471 E C04215/WMSHierarchy: SceneZOrderCheckProcess: ZOrderCheck start
08-29 23:32:35.668   179 14015 I C01d00/accessibility: [(WindowUpdateAll:1027)]WindowUpdateAll start activeWindowId_: 63
08-29 23:32:35.668   179 14015 I C01d00/accessibility: [(SetActiveWindow:398)]windowId is 63, activeWindowId_: -1
08-29 23:32:35.668   179 14015 I C01d00/accessibility: [(WindowUpdateAll:1079)]WindowUpdateAll end activeWindowId_: 63
08-29 23:32:35.672 14301 14301 W C02c02/PARAM: Selinux check name persist.init.debug.loglevel in u:object_r:startup_init_param:s0 [14301 2000 2000] failed
08-29 23:32:35.672 14301 14301 W C02c02/PARAM: Selinux check name persist.init.debug.loglevel in u:object_r:startup_init_param:s0 [14301 2000 2000] failed
08-29 23:32:35.672 14301 14301 W C02c02/PARAM: SystemReadParam failed!name is:persist.init.debug.loglevel,err:1002
08-29 23:32:35.672  3349 14228 I C01121/BMSQuery: begin to get bundleinfos
08-29 23:32:35.672  3349 14228 I C01121/BMSQuery: get bundleinfos end
08-29 23:32:35.672   833  1082 I C01120/BMS: GetBundleInfosV9 -p:3349, -f:129, -u:100
08-29 23:32:35.675   833  1082 I C01120/BMS: GetBundleInfosV9 size:74
08-29 23:32:35.677 14303 14303 W C02c02/PARAM: Selinux check name persist.init.debug.loglevel in u:object_r:startup_init_param:s0 [14303 2000 2000] failed
08-29 23:32:35.677 14303 14303 W C02c02/PARAM: Selinux check name persist.init.debug.loglevel in u:object_r:startup_init_param:s0 [14303 2000 2000] failed
08-29 23:32:35.677 14302 14302 W C02c02/PARAM: Selinux check name persist.init.debug.loglevel in u:object_r:startup_init_param:s0 [14302 2000 2000] failed
08-29 23:32:35.677 14303 14303 W C02c02/PARAM: SystemReadParam failed!name is:persist.init.debug.loglevel,err:1002
08-29 23:32:35.677 14302 14302 W C02c02/PARAM: Selinux check name persist.init.debug.loglevel in u:object_r:startup_init_param:s0 [14302 2000 2000] failed
08-29 23:32:35.677 14302 14302 W C02c02/PARAM: SystemReadParam failed!name is:persist.init.debug.loglevel,err:1002
08-29 23:32:35.678   833  1082 I C01120/BMS: [bundle_mgr_host.cpp(HandleGetBundleInfosWithIntFlagsV9:1196)]bundles 74, size 465204
08-29 23:32:35.681   832   832 E C01406/RSScreenManager: IsAllScreensPowerOff: screenPowerStatus_ is empty.
08-29 23:32:35.697   832   832 E C01406/RSScreenManager: IsAllScreensPowerOff: screenPowerStatus_ is empty.
08-29 23:32:35.700   607 16705 W C02515/DISP: [SetLayerMaskInfo:495] <private> is not supported
08-29 23:32:35.700   607 16705 I C02515/DISP: [CommitComposeLayer:67] CommitComposeLayer! 10
08-29 23:32:35.709 14063 14191 I C03f00/ArkCompiler: [gc] SmartGC: app cold start just finished
08-29 23:32:35.713   832   832 E C01406/RSScreenManager: IsAllScreensPowerOff: screenPowerStatus_ is empty.
08-29 23:32:35.715   282 13948 E C01720/SmartGC: [a92ab1fb9150e58, 1769b1c, 1592f47] [ExitGCPauseSceneInner]ExitGCPauseSceneInner 538556159 538558378
08-29 23:32:35.715   607 16705 W C02515/DISP: [SetLayerMaskInfo:495] <private> is not supported
08-29 23:32:35.715   607 16705 I C02515/DISP: [CommitComposeLayer:67] CommitComposeLayer! 10
08-29 23:32:35.715 21767 32280 I C03f00/ArkEtsVm: [a92ab1fb9150e58, 2de5cef, faf27f] gc: App cold start finished
08-29 23:32:35.720 21767 21767 I C03f00/ArkCompiler: [gc] IdleGCTrigger: trigger local remark
08-29 23:32:35.728   832   832 E C01406/RSScreenManager: IsAllScreensPowerOff: screenPowerStatus_ is empty.
08-29 23:32:35.731   607 16705 W C02515/DISP: [SetLayerMaskInfo:495] <private> is not supported
08-29 23:32:35.731   607 16705 I C02515/DISP: [CommitComposeLayer:67] CommitComposeLayer! 10
08-29 23:32:35.745   832   832 E C01406/RSScreenManager: IsAllScreensPowerOff: screenPowerStatus_ is empty.
08-29 23:32:35.747   607 16705 W C02515/DISP: [SetLayerMaskInfo:495] <private> is not supported
08-29 23:32:35.747   607 16705 I C02515/DISP: [CommitComposeLayer:67] CommitComposeLayer! 10
08-29 23:32:35.760   832   832 E C01406/RSScreenManager: IsAllScreensPowerOff: screenPowerStatus_ is empty.
08-29 23:32:35.764   607 16705 W C02515/DISP: [SetLayerMaskInfo:495] <private> is not supported
08-29 23:32:35.764   607 16705 I C02515/DISP: [CommitComposeLayer:67] CommitComposeLayer! 10
08-29 23:32:35.775   832   832 E C01406/RSScreenManager: IsAllScreensPowerOff: screenPowerStatus_ is empty.
08-29 23:32:35.778   607 16705 W C02515/DISP: [SetLayerMaskInfo:495] <private> is not supported
08-29 23:32:35.778   607 16705 I C02515/DISP: [CommitComposeLayer:67] CommitComposeLayer! 10
08-29 23:32:35.792   832   832 E C01406/RSScreenManager: IsAllScreensPowerOff: screenPowerStatus_ is empty.
08-29 23:32:35.793   607 16705 W C02515/DISP: [SetLayerMaskInfo:495] <private> is not supported
08-29 23:32:35.793   607 16705 I C02515/DISP: [CommitComposeLayer:67] CommitComposeLayer! 10
08-29 23:32:35.797 14063 14286 I C02d11/DfxBacktrace: GetBacktrace elapsed time: 277 ms
08-29 23:32:35.797 14063 14286 I C02515/DGLES: [init_process_static_context_values@context_common.cpp:102] StaticValues size 56945
08-29 23:32:35.797 14063 14286 W C02515/DGLES: [recycle_resource_id@context_common.cpp:598] null gpu context, give up recycle ids
08-29 23:32:35.797 14063 14286 I C02515/DGLES: [init_process_static_context_values@context_common.cpp:118] static_values_local->major_version: 3:
08-29 23:32:35.797 14063 14286 I C02515/DGLES: [init_process_static_context_values@context_common.cpp:119] static_values_local: ARM
08-29 23:32:35.797 14063 14286 I C02515/DGLES: [init_process_static_context_values@context_common.cpp:120] static_values_local->vendor: ARM
08-29 23:32:35.797 14063 14286 I C02515/DGLES: [init_process_static_context_values@context_common.cpp:121] static_values_local->version: OpenGL ES 3.0 (4.1 Metal - 90.5)
08-29 23:32:35.797 14063 14286 I C02515/DGLES: [init_process_static_context_values@context_common.cpp:122] static_values_local->renderer: Mali-G77
08-29 23:32:35.797 14063 14286 I C02515/DGLES: [init_process_static_context_values@context_common.cpp:123] static_values_local->num_extensions: 74
08-29 23:32:35.797 14063 14286 I C02515/DGLES: [init_process_static_context_values@context_common.cpp:124] shading_language_version: OpenGL ES GLSL ES 3.0
08-29 23:32:35.797 14063 14286 I C02515/DGLES: [init_process_static_context_values@context_common.cpp:130] static_values_local->num_extensions index: 0, value: GL_OES_EGL_image
08-29 23:32:35.797 14063 14286 I C02515/DGLES: [init_process_static_context_values@context_common.cpp:130] static_values_local->num_extensions index: 1, value: GL_OES_EGL_image_external
08-29 23:32:35.797 14063 14286 I C02515/DGLES: [init_process_static_context_values@context_common.cpp:130] static_values_local->num_extensions index: 2, value: GL_OES_EGL_sync
08-29 23:32:35.797 14063 14286 I C02515/DGLES: [init_process_static_context_values@context_common.cpp:130] static_values_local->num_extensions index: 3, value: GL_OES_depth24
08-29 23:32:35.797 14063 14286 I C02515/DGLES: [init_process_static_context_values@context_common.cpp:130] static_values_local->num_extensions index: 4, value: GL_OES_depth32
08-29 23:32:35.797 14063 14286 I C02515/DGLES: [init_process_static_context_values@context_common.cpp:130] static_values_local->num_extensions index: 5, value: GL_OES_texture_float
08-29 23:32:35.797 14063 14286 I C02515/DGLES: [init_process_static_context_values@context_common.cpp:130] static_values_local->num_extensions index: 6, value: GL_OES_texture_float_linear
08-29 23:32:35.797 14063 14286 I C02515/DGLES: [init_process_static_context_values@context_common.cpp:130] static_values_local->num_extensions index: 7, value: GL_OES_texture_half_float
08-29 23:32:35.797 14063 14286 I C02515/DGLES: [init_process_static_context_values@context_common.cpp:130] static_values_local->num_extensions index: 8, value: GL_OES_texture_half_float_linear
08-29 23:32:35.797 14063 14286 I C02515/DGLES: [init_process_static_context_values@context_common.cpp:130] static_values_local->num_extensions index: 9, value: GL_OES_depth_texture
08-29 23:32:35.797 14063 14286 I C02515/DGLES: [init_process_static_context_values@context_common.cpp:130] static_values_local->num_extensions index: 10, value: GL_OES_EGL_image_external_essl3
08-29 23:32:35.797 14063 14286 I C02515/DGLES: [init_process_static_context_values@context_common.cpp:130] static_values_local->num_extensions index: 11, value: GL_KHR_texture_compression_astc_ldr
08-29 23:32:35.797 14063 14286 I C02515/DGLES: [init_process_static_context_values@context_common.cpp:130] static_values_local->num_extensions index: 12, value: GL_KHR_texture_compression_astc_hdr
08-29 23:32:35.797 14063 14286 I C02515/DGLES: [init_process_static_context_values@context_common.cpp:130] static_values_local->num_extensions index: 13, value: GL_OES_vertex_array_object
08-29 23:32:35.797 14063 14286 I C02515/DGLES: [init_process_static_context_values@context_common.cpp:130] static_values_local->num_extensions index: 14, value: GL_EXT_color_buffer_float
08-29 23:32:35.797 14063 14286 I C02515/DGLES: [init_process_static_context_values@context_common.cpp:130] static_values_local->num_extensions index: 15, value: GL_EXT_color_buffer_half_float
08-29 23:32:35.797 14063 14286 I C02515/DGLES: [init_process_static_context_values@context_common.cpp:130] static_values_local->num_extensions index: 16, value: GL_OES_element_index_uint
08-29 23:32:35.797 14063 14286 I C02515/DGLES: [init_process_static_context_values@context_common.cpp:130] static_values_local->num_extensions index: 17, value: GL_OES_texture_float_linear
08-29 23:32:35.797 14063 14286 I C02515/DGLES: [init_process_static_context_values@context_common.cpp:130] static_values_local->num_extensions index: 18, value: GL_OES_compressed_paletted_texture
08-29 23:32:35.797 14063 14286 I C02515/DGLES: [init_process_static_context_values@context_common.cpp:130] static_values_local->num_extensions index: 19, value: GL_OES_packed_depth_stencil
08-29 23:32:35.797 14063 14286 I C02515/DGLES: [init_process_static_context_values@context_common.cpp:130] static_values_local->num_extensions index: 20, value: GL_OES_texture_npot
08-29 23:32:35.797 14063 14286 I C02515/DGLES: [init_process_static_context_values@context_common.cpp:130] static_values_local->num_extensions index: 21, value: GL_OES_rgb8_rgba8
08-29 23:32:35.797 14063 14286 I C02515/DGLES: [init_process_static_context_values@context_common.cpp:130] static_values_local->num_extensions index: 22, value: GL_OES_framebuffer_object
08-29 23:32:35.797 14063 14286 I C02515/DGLES: [init_process_static_context_values@context_common.cpp:130] static_values_local->num_extensions index: 23, value: GL_ARB_texture_non_power_of_two
08-29 23:32:35.797 14063 14286 I C02515/DGLES: [init_process_static_context_values@context_common.cpp:130] static_values_local->num_extensions index: 24, value: GL_OES_blend_func_separate
08-29 23:32:35.797 14063 14286 I C02515/DGLES: [init_process_static_context_values@context_common.cpp:130] static_values_local->num_extensions index: 25, value: GL_OES_blend_equation_separate
08-29 23:32:35.797 14063 14286 I C02515/DGLES: [init_process_static_context_values@context_common.cpp:130] static_values_local->num_extensions index: 26, value: GL_OES_blend_subtract
08-29 23:32:35.797 14063 14286 I C02515/DGLES: [init_process_static_context_values@context_common.cpp:130] static_values_local->num_extensions index: 27, value: GL_OES_byte_coordinates
08-29 23:32:35.797 14063 14286 I C02515/DGLES: [init_process_static_context_values@context_common.cpp:130] static_values_local->num_extensions index: 28, value: GL_OES_point_size_array
08-29 23:32:35.797 14063 14286 I C02515/DGLES: [init_process_static_context_values@context_common.cpp:130] static_values_local->num_extensions index: 29, value: GL_OES_point_sprite
08-29 23:32:35.797 14063 14286 I C02515/DGLES: [init_process_static_context_values@context_common.cpp:130] static_values_local->num_extensions index: 30, value: GL_OES_single_precision
08-29 23:32:35.797 14063 14286 I C02515/DGLES: [init_process_static_context_values@context_common.cpp:130] static_values_local->num_extensions index: 31, value: GL_OES_stencil_wrap
08-29 23:32:35.797 14063 14286 I C02515/DGLES: [init_process_static_context_values@context_common.cpp:130] static_values_local->num_extensions index: 32, value: GL_OES_texture_env_crossbar
08-29 23:32:35.797 14063 14286 I C02515/DGLES: [init_process_static_context_values@context_common.cpp:130] static_values_local->num_extensions index: 33, value: GL_OES_texture_mirrored_repeat
08-29 23:32:35.797 14063 14286 I C02515/DGLES: [init_process_static_context_values@context_common.cpp:130] static_values_local->num_extensions index: 34, value: GL_OES_texture_cube_map
08-29 23:32:35.797 14063 14286 I C02515/DGLES: [init_process_static_context_values@context_common.cpp:130] static_values_local->num_extensions index: 35, value: GL_OES_draw_texture
08-29 23:32:35.797 14063 14286 I C02515/DGLES: [init_process_static_context_values@context_common.cpp:130] static_values_local->num_extensions index: 36, value: GL_OES_fbo_render_mipmap
08-29 23:32:35.797 14063 14286 I C02515/DGLES: [init_process_static_context_values@context_common.cpp:130] static_values_local->num_extensions index: 37, value: GL_OES_stencil8
08-29 23:32:35.797 14063 14286 I C02515/DGLES: [init_process_static_context_values@context_common.cpp:130] static_values_local->num_extensions index: 38, value: GL_EXT_blend_minmax
08-29 23:32:35.797 14063 14286 I C02515/DGLES: [init_process_static_context_values@context_common.cpp:130] static_values_local->num_extensions index: 39, value: GL_OES_standard_derivatives
08-29 23:32:35.797 14063 14286 I C02515/DGLES: [init_process_static_context_values@context_common.cpp:130] static_values_local->num_extensions index: 40, value: GL_EXT_robustness
08-29 23:32:35.797 14063 14286 I C02515/DGLES: [init_process_static_context_values@context_common.cpp:130] static_values_local->num_extensions index: 41, value: GL_EXT_copy_image
08-29 23:32:35.797 14063 14286 I C02515/DGLES: [init_process_static_context_values@context_common.cpp:130] static_values_local->num_extensions index: 42, value: GL_EXT_texture_buffer
08-29 23:32:35.797 14063 14286 I C02515/DGLES: [init_process_static_context_values@context_common.cpp:130] static_values_local->num_extensions index: 43, value: GL_OES_vertex_half_float
08-29 23:32:35.797 14063 14286 I C02515/DGLES: [init_process_static_context_values@context_common.cpp:130] static_values_local->num_extensions index: 44, value: GL_KHR_blend_equation_advanced
08-29 23:32:35.797 14063 14286 I C02515/DGLES: [init_process_static_context_values@context_common.cpp:130] static_values_local->num_extensions index: 45, value: GL_EXT_shader_io_blocks
08-29 23:32:35.797 14063 14286 I C02515/DGLES: [init_process_static_context_values@context_common.cpp:130] static_values_local->num_extensions index: 46, value: GL_EXT_texture_sRGB_decode
08-29 23:32:35.797 14063 14286 I C02515/DGLES: [init_process_static_context_values@context_common.cpp:130] static_values_local->num_extensions index: 47, value: GL_KHR_debug
08-29 23:32:35.797 14063 14286 I C02515/DGLES: [init_process_static_context_values@context_common.cpp:130] static_values_local->num_extensions index: 48, value: GL_OES_sample_shading
08-29 23:32:35.797 14063 14286 I C02515/DGLES: [init_process_static_context_values@context_common.cpp:130] static_values_local->num_extensions index: 49, value: GL_OES_sample_variables
08-29 23:32:35.797 14063 14286 I C02515/DGLES: [init_process_static_context_values@context_common.cpp:130] static_values_local->num_extensions index: 50, value: GL_OES_texture_stencil8
08-29 23:32:35.797 14063 14286 I C02515/DGLES: [init_process_static_context_values@context_common.cpp:130] static_values_local->num_extensions index: 51, value: GL_EXT_geometry_shader
08-29 23:32:35.797 14063 14286 I C02515/DGLES: [init_process_static_context_values@context_common.cpp:130] static_values_local->num_extensions index: 52, value: GL_EXT_gpu_shader5
08-29 23:32:35.797 14063 14286 I C02515/DGLES: [init_process_static_context_values@context_common.cpp:130] static_values_local->num_extensions index: 53, value: GL_OES_shader_multisample_interpolation
08-29 23:32:35.797 14063 14286 I C02515/DGLES: [init_process_static_context_values@context_common.cpp:130] static_values_local->num_extensions index: 54, value: GL_EXT_tessellation_shader
08-29 23:32:35.797 14063 14286 I C02515/DGLES: [init_process_static_context_values@context_common.cpp:130] static_values_local->num_extensions index: 55, value: GL_EXT_texture_border_clamp
08-29 23:32:35.797 14063 14286 I C02515/DGLES: [init_process_static_context_values@context_common.cpp:130] static_values_local->num_extensions index: 56, value: GL_EXT_texture_cube_map_array
08-29 23:32:35.797 14063 14286 I C02515/DGLES: [init_process_static_context_values@context_common.cpp:130] static_values_local->num_extensions index: 57, value: GL_OES_shader_image_atomic
08-29 23:32:35.797 14063 14286 I C02515/DGLES: [init_process_static_context_values@context_common.cpp:130] static_values_local->num_extensions index: 58, value: GL_EXT_draw_buffers_indexed
08-29 23:32:35.797 14063 14286 I C02515/DGLES: [init_process_static_context_values@context_common.cpp:130] static_values_local->num_extensions index: 59, value: GL_OES_texture_storage_multisample_2d_array
08-29 23:32:35.797 14063 14286 I C02515/DGLES: [init_process_static_context_values@context_common.cpp:130] static_values_local->num_extensions index: 60, value: GL_EXT_primitive_bounding_box
08-29 23:32:35.797 14063 14286 I C02515/DGLES: [init_process_static_context_values@context_common.cpp:130] static_values_local->num_extensions index: 61, value: GL_OES_primitive_bounding_box
08-29 23:32:35.797 14063 14286 I C02515/DGLES: [init_process_static_context_values@context_common.cpp:130] static_values_local->num_extensions index: 62, value: GL_KHR_robustness
08-29 23:32:35.797 14063 14286 I C02515/DGLES: [init_process_static_context_values@context_common.cpp:130] static_values_local->num_extensions index: 63, value: GL_KHR_robust_buffer_access_behavior
08-29 23:32:35.797 14063 14286 I C02515/DGLES: [init_process_static_context_values@context_common.cpp:130] static_values_local->num_extensions index: 64, value: GL_OES_copy_image
08-29 23:32:35.797 14063 14286 I C02515/DGLES: [init_process_static_context_values@context_common.cpp:130] static_values_local->num_extensions index: 65, value: GL_EXT_draw_elements_base_vertex
08-29 23:32:35.797 14063 14286 I C02515/DGLES: [init_process_static_context_values@context_common.cpp:130] static_values_local->num_extensions index: 66, value: GL_OES_geometry_shader
08-29 23:32:35.797 14063 14286 I C02515/DGLES: [init_process_static_context_values@context_common.cpp:130] static_values_local->num_extensions index: 67, value: GL_OES_shader_io_blocks
08-29 23:32:35.797 14063 14286 I C02515/DGLES: [init_process_static_context_values@context_common.cpp:130] static_values_local->num_extensions index: 68, value: GL_OES_texture_border_clamp
08-29 23:32:35.797 14063 14286 I C02515/DGLES: [init_process_static_context_values@context_common.cpp:130] static_values_local->num_extensions index: 69, value: GL_OES_texture_buffer
08-29 23:32:35.797 14063 14286 I C02515/DGLES: [init_process_static_context_values@context_common.cpp:130] static_values_local->num_extensions index: 70, value: GL_OES_texture_cube_map_array
08-29 23:32:35.797 14063 14286 I C02515/DGLES: [init_process_static_context_values@context_common.cpp:130] static_values_local->num_extensions index: 71, value: GL_OES_surfaceless_context
08-29 23:32:35.797 14063 14286 I C02515/DGLES: [init_process_static_context_values@context_common.cpp:130] static_values_local->num_extensions index: 72, value: GL_OES_texture_compression_astc
08-29 23:32:35.797 14063 14286 I C02515/DGLES: [init_process_static_context_values@context_common.cpp:130] static_values_local->num_extensions index: 73, value: GL_EXT_texture_format_BGRA8888
08-29 23:32:35.797 14063 14286 W C02515/DGLES: [recycle_resource_id@context_common.cpp:598] null gpu context, give up recycle ids
08-29 23:32:35.807   832   832 E C01406/RSScreenManager: IsAllScreensPowerOff: screenPowerStatus_ is empty.
08-29 23:32:35.810   607 16705 W C02515/DISP: [SetLayerMaskInfo:495] <private> is not supported
08-29 23:32:35.810   607 16705 I C02515/DISP: [CommitComposeLayer:67] CommitComposeLayer! 10
08-29 23:32:35.823   832   832 E C01406/RSScreenManager: IsAllScreensPowerOff: screenPowerStatus_ is empty.
08-29 23:32:35.825   607 16705 W C02515/DISP: [SetLayerMaskInfo:495] <private> is not supported
08-29 23:32:35.826   607 16705 I C02515/DISP: [CommitComposeLayer:67] CommitComposeLayer! 10
08-29 23:32:35.838   832   832 E C01406/RSScreenManager: IsAllScreensPowerOff: screenPowerStatus_ is empty.
08-29 23:32:35.841   607 16705 W C02515/DISP: [SetLayerMaskInfo:495] <private> is not supported
08-29 23:32:35.842   607 16705 I C02515/DISP: [CommitComposeLayer:67] CommitComposeLayer! 10
08-29 23:32:35.854   832   832 E C01406/RSScreenManager: IsAllScreensPowerOff: screenPowerStatus_ is empty.
08-29 23:32:35.855   127   127 I C02d10/DailyController: UpdateCacheAndDb: event first exceeds threshold=100, domain=MEMMGR, name=APPMEMINFO_REPORT
08-29 23:32:35.856   607 16705 W C02515/DISP: [SetLayerMaskInfo:495] <private> is not supported
08-29 23:32:35.857   607 16705 I C02515/DISP: [CommitComposeLayer:67] CommitComposeLayer! 10
08-29 23:32:35.870   832   832 E C01406/RSScreenManager: IsAllScreensPowerOff: screenPowerStatus_ is empty.
08-29 23:32:35.872   607 16705 W C02515/DISP: [SetLayerMaskInfo:495] <private> is not supported
08-29 23:32:35.873   607 16705 I C02515/DISP: [CommitComposeLayer:67] CommitComposeLayer! 10
08-29 23:32:35.886   832   832 E C01406/RSScreenManager: IsAllScreensPowerOff: screenPowerStatus_ is empty.
08-29 23:32:35.901   832   832 E C01406/RSScreenManager: IsAllScreensPowerOff: screenPowerStatus_ is empty.
08-29 23:32:35.917   832   832 E C01406/RSScreenManager: IsAllScreensPowerOff: screenPowerStatus_ is empty.
08-29 23:32:35.954   607 16705 W C02515/DISP: [SetLayerMaskInfo:495] <private> is not supported
08-29 23:32:35.954   607   975 I C02515/DISP: [CommitComposeLayer:67] CommitComposeLayer! 10
08-29 23:32:35.956 14063 14286 W C02515/DGLES: [recycle_resource_id@context_common.cpp:598] null gpu context, give up recycle ids
08-29 23:32:35.956 14063 14286 W C02515/DGLES: [recycle_resource_id@context_common.cpp:598] null gpu context, give up recycle ids
08-29 23:32:35.960 14063 14286 I C02d11/DfxUnwinder: UnwindLocal:: fpUnwind: 0
08-29 23:32:35.961 14063 14286 I C02d11/DfxUnwinder: First enter fp step, pc: <private>
08-29 23:32:35.999 14322 14322 W C02c02/PARAM: Selinux check name persist.init.debug.loglevel in u:object_r:startup_init_param:s0 [14322 2000 2000] failed
08-29 23:32:35.999 14322 14322 W C02c02/PARAM: Selinux check name persist.init.debug.loglevel in u:object_r:startup_init_param:s0 [14322 2000 2000] failed
08-29 23:32:35.999 14322 14322 W C02c02/PARAM: SystemReadParam failed!name is:persist.init.debug.loglevel,err:1002
08-29 23:32:36.003 14323 14323 W C02c02/PARAM: Selinux check name persist.init.debug.loglevel in u:object_r:startup_init_param:s0 [14323 2000 2000] failed
08-29 23:32:36.003 14323 14323 W C02c02/PARAM: Selinux check name persist.init.debug.loglevel in u:object_r:startup_init_param:s0 [14323 2000 2000] failed
08-29 23:32:36.003 14323 14323 W C02c02/PARAM: SystemReadParam failed!name is:persist.init.debug.loglevel,err:1002
08-29 23:32:36.007 14324 14324 W C02c02/PARAM: Selinux check name persist.init.debug.loglevel in u:object_r:startup_init_param:s0 [14324 2000 2000] failed
08-29 23:32:36.007 14324 14324 W C02c02/PARAM: Selinux check name persist.init.debug.loglevel in u:object_r:startup_init_param:s0 [14324 2000 2000] failed
08-29 23:32:36.007 14324 14324 W C02c02/PARAM: SystemReadParam failed!name is:persist.init.debug.loglevel,err:1002
08-29 23:32:36.017   832   943 I C01406/skia: RSSurfaceRenderNodeDrawable::OnDraw name:com.ohos.sceneboardEngineServiceAbility, the number of total processedNodes: 9
08-29 23:32:36.017   607 16705 W C02515/DISP: [SetLayerMaskInfo:495] <private> is not supported
08-29 23:32:36.017   832   943 E C02515/DGLES: [d_eglSwapBuffers_special@egl_gpu.cpp:729] thread output size 73787 speed 68k/s API_num 1255
08-29 23:32:36.018   832   943 W C01406/OHOS::RS: RSJankStats::SetJankStats jank frames 6
08-29 23:32:36.018   832   832 E C01406/RSScreenManager: IsAllScreensPowerOff: screenPowerStatus_ is empty.
08-29 23:32:36.018   607 16705 I C02515/DISP: [CommitComposeLayer:67] CommitComposeLayer! 10
08-29 23:32:36.020   607 16705 W C02515/DISP: [SetLayerMaskInfo:495] <private> is not supported
08-29 23:32:36.020   607 16705 I C02515/DISP: [CommitComposeLayer:67] CommitComposeLayer! 10
08-29 23:32:36.028 14063 14063 I C01c02/PBS: PasteboardObserver# New Pasteboard Observer.
08-29 23:32:36.028 14063 14063 I C01c01/PBC: GetPasteboardService# GetPasteboardService start.
08-29 23:32:36.028 14063 14063 I C01c01/PBC: GetPasteboardService# Get PasteboardServiceProxy succeed.
08-29 23:32:36.029  2581 25238 I C01c02/PBS: CallbackEnter# pid:14063, uid:20020073, cmd:1
08-29 23:32:36.029  2581 25238 I C01c02/PBS: PasteboardDeathRecipient# Construct Pasteboard Client Death Recipient, pid: 14063
08-29 23:32:36.029  2581 25238 I C01c02/PBS: CallbackExit# pid:14063, uid:20020073, cmd:1, ret:0
08-29 23:32:36.029  2581 25238 I C01c02/PBS: CallbackEnter# pid:14063, uid:20020073, cmd:2
08-29 23:32:36.030   705   733 I C01c10/ImsaKit: line: 194, function: OnRemoteRequest,IMSA, code = 24, callingPid/Uid/timestamp: 2581/3816/1788017556030
08-29 23:32:36.030   705   733 I C01c10/ImsaKit: line: 2775, function: GetUserId,user 0
08-29 23:32:36.030   705   733 E C01c10/ImsaKit: line: 2089, function: IsCurrentImeByPid,ime not started!
08-29 23:32:36.030  2581 25238 I C01c02/PBS: AddObserver# observers->size = 1.
08-29 23:32:36.030  2581 25238 I C01c02/PBS: CallbackExit# pid:14063, uid:20020073, cmd:2, ret:0
08-29 23:32:36.030   125   513 I C01800/SAMGR: SubscribeSA:3701,14063_3_3
08-29 23:32:36.030   125   513 I C01800/SAMGR: NotifyAddSA:3701,14063_3
08-29 23:32:36.030 14063 14063 E C01c07/PBCA: OH_Pasteboard_Subscribe# subscribe observer failed
08-29 23:32:36.030 14063 14183 I C01c01/PBC: OnAddSystemAbility# pasteboard service started
08-29 23:32:36.031   833 14039 I C01202/Subscriber: Subscribe io.reader.harmonyos(userId = 100, subId = 14063_20020073_-1_5037_538558694, ffrtCost 0 ms, taskCost 1 ms)
08-29 23:32:36.032 14063 14063 I C04201/DMS: oh_display_manager.cpp OH_NativeDisplayManager_IsFoldable: [DMNDK] get display isFoldable=0.
08-29 23:32:36.033   607 16705 W C02515/DISP: [SetLayerMaskInfo:495] <private> is not supported
08-29 23:32:36.033   832   832 E C01406/RSScreenManager: IsAllScreensPowerOff: screenPowerStatus_ is empty.
08-29 23:32:36.034 14063 14063 E C02c02/PARAM: Failed to connect server /dev/unix/socket/paramservice 13
08-29 23:32:36.034 14063 14063 E C02c02/PARAM: connect param server failed!
08-29 23:32:36.034 14063 14063 I C02c02/PARAM: SystemSetParameter name web.flowbuffer.maxfd id:7 ret:114
08-29 23:32:36.034 14063 14063 E C02c0b/BEGET: [param_request.c:217]SystemSetParameter failed! name is :web.flowbuffer.maxfd, the errNum is:114
08-29 23:32:36.034 14063 14063 I C04500/webview: InitWebEngine: succeed to init web engine
08-29 23:32:36.034   607   975 I C02515/DISP: [CommitComposeLayer:67] CommitComposeLayer! 10
08-29 23:32:36.034   468   550 I C01610/KvStoreDataService: operator(): bundle:io.reader.harmonyos, feature:relational_store, uid:20020073, pid:14063, emplace:success.
08-29 23:32:36.035 14063 14063 I C02800/InputManagerImpl: [][GetMaxMultiTouchPointNum:2880] enter
08-29 23:32:36.035   468   550 I C01655/RdbServiceStub: OnRemoteRequest: code:1, callingPid:14063
08-29 23:32:36.035   468   550 I C01655/RdbServiceImpl: InitNotifier: success tokenId:200af201, pid=14063
08-29 23:32:36.035   468   550 I C01655/RdbServiceStub: OnRemoteRequest: code:16, callingPid:14063
08-29 23:32:36.037   468   550 I C01655/RdbServiceStub: OnRemoteRequest: code:25, callingPid:14063
08-29 23:32:36.047   635 13993 I C01560/EmlsrManager: CheckEmlsrSwitchStatus emlsrSwitchCond: ba, wifiLinkType: 0, wifiConnState: 0, isScreenOn:1, hotspot: 0, p2p: 0, powerSave: 0, HML: 0, throughputValid:0, foregroundAppValid: 1, networkQualityValid: 0, isWhiteApp_:0,isThermalValid: 1
08-29 23:32:36.051   607   975 W C02515/DISP: [SetLayerMaskInfo:495] <private> is not supported
08-29 23:32:36.051   607   975 I C02515/DISP: [CommitComposeLayer:67] CommitComposeLayer! 10
08-29 23:32:36.052 14063 14063 I C02802/MultimodalEventHandler: [|330]Config of touchscreen.MaxTouchPoints:10
08-29 23:32:36.052 14063 14063 I C02802/MultimodalEventHandler: [|342]touchscreen.MaxTouchPoints:10
08-29 23:32:36.052 14063 14063 I C02800/InputManagerImpl: [][GetMaxMultiTouchPointNum] leave
08-29 23:32:36.053 14063 14274 I C01630/DistributedDB: [Logger] init
08-29 23:32:36.053 14063 14274 I C01630/DistributedDB: [TimeHelper] init
08-29 23:32:36.054 14063 14274 I C01650/Config: Log:Error(283) recovered 9 frames from WAL file /dat***/sto***/e**/bas***/cac***/w**/r**/web***hot.db-wal 
08-29 23:32:36.054   468   550 I C01655/RdbServiceStub: OnRemoteRequest: code:21, callingPid:14063
08-29 23:32:36.055 14063 14063 I C04500/webview: OH_NativeArkWeb_BindWebTagToWebInstance: native OH_NativeArkWeb_BindWebTagToWebInstance webTag: reader-source-executor
08-29 23:32:36.055 14063 14063 I C04500/webview: OH_NativeArkWeb_GetJavaScriptProxyValidCallback: native OH_Web_GetValidCallback, webTag: reader-source-executor
08-29 23:32:36.055 14063 14063 W C04500/webview: SetWebId: native validCallback is null, callback nothing
08-29 23:32:36.055   468   550 I C01655/RdbServiceStub: OnRemoteRequest: code:24, callingPid:14063
08-29 23:32:36.055 14063 14063 I C0391b/AceWeb: [(100000:100000:scope)] device type does not satisfy.
08-29 23:32:36.055 14063 14063 I C0391b/AceWeb: [(100000:100000:scope)] Web register contextMenu life cycle callback.
08-29 23:32:36.056   282 13949 E C01704/TagSched: [a92abdfb940da4d] [OpenQosCtrl]Failed to open qos_ctrl device
08-29 23:32:36.056   282 13949 E C01704/TagSched: [a92abdfb940da4d] [IsQosHandleOpen]get qosSetHandle_ fail
08-29 23:32:36.056   282 13949 E C01704/TagSched: [a92abdfb940da4d] [SetQosInternal]qosSetHandle open fail
08-29 23:32:36.056   282 13949 E C01704/TagSched: [a92abdfb940da4d] [OpenQosCtrl]Failed to open qos_ctrl device
08-29 23:32:36.056   282 13949 E C01704/TagSched: [a92abdfb940da4d] [IsQosHandleOpen]get qosSetHandle_ fail
08-29 23:32:36.056   282 13949 E C01704/TagSched: [a92abdfb940da4d] [SetQosInternal]qosSetHandle open fail
08-29 23:32:36.056   282 13949 E C01704/TagSched: [a92abdfb940da4d] [OpenQosCtrl]Failed to open qos_ctrl device
08-29 23:32:36.056   282 13949 E C01704/TagSched: [a92abdfb940da4d] [IsQosHandleOpen]get qosSetHandle_ fail
08-29 23:32:36.056   282 13949 E C01704/TagSched: [a92abdfb940da4d] [SetQosInternal]qosSetHandle open fail
08-29 23:32:36.056 14063 14063 W C03926/AceTheme: [(100000:100000:scope)] style 125829872 not contains hyperlink_pattern!
08-29 23:32:36.056   282 13949 E C01704/TagSched: [a92abdfb940da4d] [OpenQosCtrl]Failed to open qos_ctrl device
08-29 23:32:36.056   282 13949 E C01704/TagSched: [a92abdfb940da4d] [IsQosHandleOpen]get qosSetHandle_ fail
08-29 23:32:36.056   282 13949 E C01704/TagSched: [a92abdfb940da4d] [SetQosInternal]qosSetHandle open fail
08-29 23:32:36.056 14063 14063 I C0391b/AceWeb: [(100000:100000:scope)] WebDataDetectorAdapter::UpdateDataDetectorConfig
08-29 23:32:36.056 14063 14063 I C0391b/AceWeb: [(100000:100000:scope)] WebDataDetectorAdapter::SetSelectDataDetectorConfig start
08-29 23:32:36.056 14063 14063 I C0391b/AceWeb: [(100000:100000:scope)] WebPattern::InitSelectDataDetector
08-29 23:32:36.056 14063 14063 I C0391b/AceWeb: [(100000:100000:scope)] Web InitAIDetectResult
08-29 23:32:36.056 14063 14274 I C01650/ConnectionPool: Create:code:0 app[io.reader.harmonyos:] area[el2] cfg[0,0,0,2,3,0,0]web***.db:<DB,0xc9f52,4096,100660><DWR,0xc9f53,12288,100660><SHM,0xc9f55,32768,100660><WAL,0xc9f54,37112,100660>, pathSize:52
08-29 23:32:36.056   468   550 I C01655/RdbServiceStub: OnRemoteRequest: code:17, callingPid:14063
08-29 23:32:36.057 14063 14063 I C0391b/AceWeb: [(100000:100000:scope)] RegisterNativeJavaScriptProxy arkMessager have 1 callback
08-29 23:32:36.057 14063 14063 I C0391b/AceWeb: [(100000:100000:scope)] RegisterNativeJavaScriptProxy ArkWebContentChangeDetector have 1 callback
08-29 23:32:36.057 14063 14063 I C0391b/AceWeb: [(100000:100000:scope)] RegisterNativeJavaScriptProxy _arkWebDomTree have 3 callback
08-29 23:32:36.057 14063 14063 I C0391b/AceWeb: [(100000:100000:scope)] WebDelegate::UpdateBypassVsyncCondition condition:0
08-29 23:32:36.059   832   832 E C01406/RSScreenManager: IsAllScreensPowerOff: screenPowerStatus_ is empty.
08-29 23:32:36.060 14063 14063 I C0391b/AceWeb: [(100000:100000:scope)] WebDelegate::UpdateGestureFocusMode mode:0
08-29 23:32:36.062 14063 14063 E C04500/webadapter: IsExistCaptureTask: cameraManager_ is nullptr
08-29 23:32:36.062 14063 14063 I C04208/WMSLayout: UpdateViewportConfig: Id: 63, reason: 23, windowRect: [0 0 1320 2856], displayOrientation: 0, config[0, 0, 0, 3.500000]
08-29 23:32:36.062 14063 14063 W C04202/WMSMain: OnVsyncTimeOut: in
08-29 23:32:36.062 14063 14063 I C0391b/AceWeb: [(100000:100000:scope)] WebDataDetectorAdapter::GetAIMenu getting menu from ai_engine
08-29 23:32:36.063   468 14267 E C01613/CloudServiceImpl: GetCloudInfoFromMeta: no exist meta, user:100 times:1788017556063.
08-29 23:32:36.067   607   975 W C02515/DISP: [SetLayerMaskInfo:495] <private> is not supported
08-29 23:32:36.067   607   975 I C02515/DISP: [CommitComposeLayer:67] CommitComposeLayer! 10
08-29 23:32:36.068 14063 14063 I C0391b/AceWeb: [(100000:100000:scope)] Get AI entity menu from ai_engine
08-29 23:32:36.068 14063 14063 W C01400/Vsync: PrintRequestTs: recv vsync timeout, from:WM_14063, now:538558731624001, fromRsTs:538557778033252, timeInterval:953590749ns
08-29 23:32:36.068 14063 14063 I C04202/WMSMain: VsyncCallbackInner: First vsync has come back, nodeId: 60400125083650
08-29 23:32:36.068 14063 14063 I C0391b/AceWeb: [(100000:100000:scope)] WebPattern::OnActive webId:1, isActive:1
08-29 23:32:36.068 14063 14063 I C0391b/AceWeb: [(100000:100000:scope)] WebPattern::SetActiveStatusInner webId:1, isActive_:1, isActive:1, isForce:0
08-29 23:32:36.068 14063 14063 I C0391b/AceWeb: [(100000:100000:scope)] Not safe area, drawsize_ : [4.00 x 4.00], web id : 1
08-29 23:32:36.068 14063 14063 I C0391b/AceWeb: [(100000:100000:scope)] WebPattern::UpdateImageOverlayStatus, event = 3, status = 0
08-29 23:32:36.068 14063 14063 I C03900/Ace: [(100000:100000:scope)] ArkUi flush first frame messages.
08-29 23:32:36.069 14063 14063 I C0391c/AceFocus: [(100000:100000:scope)] Request focus on focusView: page/2.
08-29 23:32:36.069 14063 14063 I C0391c/AceFocus: [(100000:100000:scope)] WinFocusMove end, root/secure_field onBlur, Stack/secure_field onFocus, start: 2, end: 1, update: 2
08-29 23:32:36.069 14063 14063 I C03933/AceKeyboard: [(100000:100000:scope)] current focus node: (Stack/5). isDynamic: 0
08-29 23:32:36.069 14063 14063 I C03933/AceKeyboard: [(100000:100000:scope)] Trigger Window Focus Callback
08-29 23:32:36.069 14063 14063 I C03933/AceKeyboard: [(100000:100000:scope)] need keyboard : 0.
08-29 23:32:36.069 14063 14063 I C0420b/WMSKeyboard: id: 63, isNeedKeyboard: 0, keepKeyboardFlag: 0
08-29 23:32:36.069   833  1082 W C01300/AAFwk: [permission_verification.cpp66]ohos.permission.GET_RUNNING_INFO: PERMISSION_DENIED
08-29 23:32:36.069   833  1082 E C01311/AppMS: [AMSI5540]permission verify fail
08-29 23:32:36.069 14063 14063 I C0420b/WMSKeyboard: RequestInputMethodCloseKeyboard: Notify InputMethod framework close keyboard start. id: 63, isUIEProc: 0, hostWindowId: 63
08-29 23:32:36.069   705   733 I C01c10/ImsaKit: line: 194, function: OnRemoteRequest,IMSA, code = 8, callingPid/Uid/timestamp: 14063/20020073/1788017556069
08-29 23:32:36.069   705   733 I C01c10/ImsaKit: line: 864, function: RequestHideInput,isFocusTriggered/windowId/displayId:0/63/0.
08-29 23:32:36.070 21767 32471 I C04207/WMSFocus: GetAllGroupInfo success
08-29 23:32:36.070 21767 32280 I C04207/WMSFocus: HandleGetAllGroupInfo: start reply
08-29 23:32:36.076   832   832 I C01406/OHOS::RS: RSRenderNode:: add child surfaceNode[id:60400125083657 name:] parent'S isOnTheTree_:0
08-29 23:32:36.076   832   832 I C01406/OHOS::RS: RSSurfaceRenderNode:SetIsOnTheTree, node:[name: RosenWeb, id: 60400125083657], on tree: 1, nodeType: 6, uniqueId: 3573412790773, screenNodeId: 3573412790272
08-29 23:32:36.076   832   832 E C01406/RSScreenManager: IsAllScreensPowerOff: screenPowerStatus_ is empty.
08-29 23:32:36.076   832   832 I C01406/OHOS::RS: RSSurfaceRenderNode::NotifyUIBufferAvailable nodeId = 60400125083650
08-29 23:32:36.076   832   832 I C01406/RSUniRenderVisitor: OcclusionInfo [SCBGestureBack22, 93488553132242, 0], [SCBStatusBar18, 93488553132230, 0], [SCBGestureNavBar16, 93488553132225, 0], [harmonyos0, 60400125083650, 0], [BackgroundBlurView2, 93488553132039, 2], [SCBFormCenter14, 93488553132215, 2], [SCBDesktop7, 93488553132059, 2], [SCBWallpaper5, 93488553132042, 2], 
08-29 23:32:36.076 21767  7004 I C0393b/AceWindowScene: [(-1:100000:singleton)] BufferAvailableCallback id:63
08-29 23:32:36.076 21767  7004 I C04202/WMSMain: NotifyCompleteFirstFrameDrawing:  id: 63, app info: [io.reader.harmonyos entry EntryAbility]
08-29 23:32:36.076 21767  7004 I C04200/WMS: Post CompleteFirstFrameDrawing task. Id: 63
08-29 23:32:36.076 21767  7004 I C04204/WMSScb: SetSkipSelfWhenShowOnVirtualScreen: surfaceNodeId: 63
08-29 23:32:36.076 21767 32471 I C04200/SessionListenerController: NotifySessionCreated: Id:63
08-29 23:32:36.076 21767 32471 I C0420a/WMSLife: operator(): start notify listeners, bundleName:io.reader.harmonyos, Id:63, event:0, reason: 0
08-29 23:32:36.076 21767 32471 I C04217/WMSAttribute: Visibility changed, size: 4, WindowVisibilityInfos [name, winId, visibleState]: [BackgroundBlurView2, 4, 2], [SCBWallpaper5, 7, 2], [SCBDesktop7, 10, 2], [SCBFormCenter14, 17, 2], 
08-29 23:32:36.076 21767  7004 I C0393b/AceWindowScene: [(-1:100000:singleton)] isAbilityHook: 0,BufferAvailableCallback id: 63,enableRemoveStartingWindow: 0, appBufferReady: 0
08-29 23:32:36.077 21767 21767 I A04200/WINDOW: SCBSceneSession: onBufferAvailableChange, isBufferAvailable: true, id: 63,      bundleName: io.reader.harmonyos
08-29 23:32:36.077 21767 21767 I A04200/WINDOW: SCBScenePersistent: Set persistentId = 63 isAlive to true
08-29 23:32:36.077   705   733 I C01c10/ImsaKit: line: 164, function: NotifyInputStop,enter.
08-29 23:32:36.077   705   733 I C01c10/ImsaKit: line: 61, function: GetListenerInfo,ImeEventListenerManager::GetListenerInfo enter
08-29 23:32:36.077   705   733 I C01c10/ImsaKit: line: 181, function: NotifyInputStop,NotifyInputStopToClients end
08-29 23:32:36.077 21767 32472 I C04217/WMSAttribute: operator(): memMgrWindowInfos size: 4
08-29 23:32:36.077 21767 32337 I C01631/GaussPD:  [0] [ADAPTER] [546439665952] Not support binlog_default.writeLock file enable del monitor sysno = 25
08-29 23:32:36.077 21767 32337 I C01631/GaussPD:  [0] [ADAPTER] [546439665952] Not support binlog_default.writeLock file enable del monitor sysno = 25
08-29 23:32:36.077 21767 32337 I C01631/GaussPD:  [0] [ADAPTER] [546439665952] Not support binlog_default.writeLock file enable del monitor sysno = 25
08-29 23:32:36.077 21767 21767 I A04200/WINDOW: SCBSceneSession: bufferAvailableCallbackList length: 0
08-29 23:32:36.077 21767 21767 I A04209/WMSImms: win:63 app prop is applied
08-29 23:32:36.078 21767 21767 I A04209/WMSImms: update prop to callbacks. screenId:0 mainscreenId:0 window:63, prop:[5,true,"#FFF8F4EC","#99000000",false,false,null], size:5 reason: sceneSession isSetEnable:true isSetColor:true isLand:false 
08-29 23:32:36.078 21767 21767 I A01a00/SYS_UI: SystemUI_BannerVm --> onSystemBarProperty
08-29 23:32:36.078 21767 21767 I A01a00/SYS_UI: TaskQueue: Add task SCBStatusBarVM_onSystemBarPropertyChange, count: 1
08-29 23:32:36.078 21767 21767 I A01a00/SYS_UI: TaskQueue: execute queueName SCBStatusBarVM, task onSystemBarPropertyChange, runningCount 1, startTime 1788017556078
08-29 23:32:36.078 21767 21767 I A01a00/SYS_UI: SCBStatusBarView: registerSystemBarPropertyCallbacks, enable: true, enableAnimation:false, isExitRecentTask: false
08-29 23:32:36.078 21767 21767 I A01a00/SYS_UI: TimeoutPromise: Create for SCBStatusBarView_isEnablePromise.
08-29 23:32:36.078 21767 21767 I A01a00/SYS_UI: TimeoutPromise: StartTimeout for SCBStatusBarView_isEnablePromise timeout 500
08-29 23:32:36.078 21767 21767 I A04200/WINDOW: SCBSSM: setIsShowStatusBarTemporary 63 false
08-29 23:32:36.078 21767 21767 I A01a00/SYS_UI: TimeoutPromise: Manually resolve fot SCBStatusBarView_isEnablePromise. reason: SCBStatusBarView_isEnablePromise
08-29 23:32:36.078 21767 21767 W A01a00/SYS_UI: SCBStatusBarView: isEnable changed: true, statusBarOpacity is 1, immersive is false, enable animation: false
08-29 23:32:36.078 21767 21767 W A01a00/SYS_UI: StatusBarVMV2: System bar property change from #FFFFFFFF to #99000000 #FFF8F4EC
08-29 23:32:36.078 21767 21767 I A01a00/SYS_UI: StatusBarVMV2: updateTintContentColor enable true, enableAnimation false contentColor #99000000
08-29 23:32:36.078 21767 21767 W A01a00/SYS_UI: StatusBarBridgeView: onPluginContentColorChange #99000000
08-29 23:32:36.079 21767 21767 I A01b00/SCB: SCBCategoryResourceManager: isForceFullScreenWithDock bundleName: io.reader.harmonyos
08-29 23:32:36.079 21767 21767 I A01b00/SCB:                   isForceFullScreenWithDock: false
08-29 23:32:36.079 21767 21767 I A01a00/SYS_UI: TaskQueue: Run task SCBStatusBarVM_onSystemBarPropertyChange, time: 1, count: 0
08-29 23:32:36.079 21767 21767 W A01a00/SYS_UI: TaskQueue: stop run task, queueName SCBStatusBarVM, isFreeze: false, runningCount: 0, tasks length: 0
08-29 23:32:36.079 21767 21767 I C0393b/AceWindowScene: [(100000:100000:scope)] BufferAvailableCallback id: 63, isWindowSizeEqual: 0
08-29 23:32:36.079   833 13944 I C01311/AppMS: [ARR2119]wnd call, com.ohos.sceneboard_21767, isEmpty_0, c_2 -> p_0
08-29 23:32:36.079 14063 14063 I C03903/AceSubWindow: [(100000:100000:scope)] hide menu ng exit, window not exist
08-29 23:32:36.079 14063 14063 I C03934/AceUIEvent: [(100000:100000:scope)] exp=1 ratio=1.000000 13-12 reason=1
08-29 23:32:36.079 14063 14063 I C0391b/AceWeb: [(100000:100000:scope)] WebPattern::OnVisibleAreaChange webId:1, isVisible:1, old_isVisible:1, isVisibleActiveEnable:1, isDialogNested:0, isFocus:0
08-29 23:32:36.080   282 13919 E C01702/CgroupAdjuster: [a92abefb9413658] ApplyProcessGroup set 21767 to group 4 failed, ret=-1!
08-29 23:32:36.080   833  1082 W C01336/AMS: [ability_start_with_wait_observer_manager.cpp139]invaid observerId
08-29 23:32:36.080   282 13919 E C01702/CgroupAdjuster: [a92abefb9413658] ApplyProcessGroup set 21767 to group 4 failed, ret=-1!
08-29 23:32:36.080   282 13919 E C01702/CgroupAdjuster: [a92abffb9413686] ApplyProcessGroup set 21767 to group 4 failed, ret=-1!
08-29 23:32:36.081   282 13919 E C01702/CgroupAdjuster: [a92abffb9413686] ApplyProcessGroup set 21767 to group 4 failed, ret=-1!
08-29 23:32:36.081   282 13919 E C01702/CgroupAdjuster: [a92ab0fb9413694] ApplyProcessGroup set 21767 to group 4 failed, ret=-1!
08-29 23:32:36.081   282 13919 E C01702/CgroupAdjuster: [a92ab0fb9413694] ApplyProcessGroup set 21767 to group 4 failed, ret=-1!
08-29 23:32:36.081   282 13919 E C01702/CgroupAdjuster: [a92ab1fb941369b] ApplyProcessGroup set 21767 to group 4 failed, ret=-1!
08-29 23:32:36.081   833  1082 W C04201/DMS: screen_cutout_controller.cpp GetCutoutArea: display:[ID: 0, W: 1320, H: 2856, R: 0,Mode 0]
08-29 23:32:36.081   282 13919 E C01702/CgroupAdjuster: [a92ab1fb941369b] ApplyProcessGroup set 21767 to group 4 failed, ret=-1!
08-29 23:32:36.081   833  1082 W C04201/DMS: screen_cutout_controller.cpp GetCutoutArea: display:[ID: 0, W: 1320, H: 2856, R: 0,Mode 0]
08-29 23:32:36.082 14063 14063 I C04209/WMSImms: RegisterAvoidAreaChangeListener: win 63
08-29 23:32:36.082 14063 14063 I C0391b/AceWeb: [(100000:100000:scope)] RegisterAvoidAreaChangeListener result:0
08-29 23:32:36.082 14063 14063 I C04216/WMSPattern: FlushLayoutSize: NotifyFrameLayoutFinishFromApp, id: 63, rect: [0 0 1320 2856], notifyListener: 0
08-29 23:32:36.082 21767 32280 I C04216/WMSPattern: NotifyFrameLayoutFinishFromApp: 0, [0 0 1320 2856]
08-29 23:32:36.082 14063 14063 I C02d66/Hiview-PerfMonitor: ProcessJank: JankFrameMonitor::ProcessJank jank >= threshold
08-29 23:32:36.083 14063 14063 I C02800/InputManagerImpl: [][GetMaxMultiTouchPointNum:2880] enter
08-29 23:32:36.083 14063 14063 I C02800/InputManagerImpl: [][GetMaxMultiTouchPointNum] leave
08-29 23:32:36.083 14063 14063 I C02800/InputManagerImpl: [][GetMaxMultiTouchPointNum:2880] enter
08-29 23:32:36.083 14063 14063 I C02800/InputManagerImpl: [][GetMaxMultiTouchPointNum] leave
08-29 23:32:36.083 14063 14063 I C02800/InputManagerImpl: [][GetMaxMultiTouchPointNum:2880] enter
08-29 23:32:36.083 14063 14063 I C02800/InputManagerImpl: [][GetMaxMultiTouchPointNum] leave
08-29 23:32:36.083 14063 14063 I C02800/InputManagerImpl: [][GetMaxMultiTouchPointNum:2880] enter
08-29 23:32:36.083 14063 14063 I C02800/InputManagerImpl: [][GetMaxMultiTouchPointNum] leave
08-29 23:32:36.084   832   980 E C01700/RSS: ResSchedClient::ReportData type not subscribed.
08-29 23:32:36.084   607   975 W C02515/DISP: [SetLayerMaskInfo:495] <private> is not supported
08-29 23:32:36.086   607 16705 I C02515/DISP: [CommitComposeLayer:67] CommitComposeLayer! 10
08-29 23:32:36.087   833 14038 I C01202/Subscriber: Subscribe io.reader.harmonyos(userId = 100, subId = 14063_20020073_-1_5038_538558751, ffrtCost 0 ms, taskCost 0 ms)
08-29 23:32:36.087 21767 21767 I C0393b/AceWindowScene: [(100000:100000:scope)] isAbilityHook: 0,BufferAvailableCallback id: 63,enableRemoveStartingWindow: 0, appBufferReady: 0
08-29 23:32:36.088 21767 21767 I C0393b/AceWindowScene: [(100000:100000:scope)] RemoveChild StartingWindow, 5504
08-29 23:32:36.088 21767 21767 I C0393b/AceWindowScene: [(100000:100000:scope)] Remove starting window finished, id: 63, node id: 5504, name: io.reader.harmonyos
08-29 23:32:36.088 14063 14063 I C02921/BatteryFwk: Connecting PowerMgrService success, pid=14063
08-29 23:32:36.089   598   860 W C02926/BatteryInfo: charger is not online, so no type return
08-29 23:32:36.089   701   823 E C02510/battery_interface_proxy: GetPluggedType_ failed, error code is -2
08-29 23:32:36.090 21767 21767 I A01a00/SYS_UI: StatusBarBridgeView: FrameCallback do
08-29 23:32:36.091 21767 21767 I A01a00/SYS_UI: StatusBarColorPickerVm --> on isImmersive change: false,color: #99000000--windowSetColor
08-29 23:32:36.091 21767 21767 I A01a00/SYS_UI: StatusBarColorPickerVm --> color enable false
08-29 23:32:36.091 21767 21767 I A01a00/SYS_UI: BatteryComponent-batteryIcon --> onContentColorChange #99000000 batterySocTextTop 0
08-29 23:32:36.091   179 14013 I C01d00/accessibility: [(WindowUpdateAll:1027)]WindowUpdateAll start activeWindowId_: 63
08-29 23:32:36.091   179 14013 I C01d00/accessibility: [(SetActiveWindow:398)]windowId is 63, activeWindowId_: -1
08-29 23:32:36.091   179 14013 I C01d00/accessibility: [(WindowUpdateAll:1079)]WindowUpdateAll end activeWindowId_: 63
08-29 23:32:36.092 21767 21767 I A01a00/SYS_UI: GroupBackgroundEffect --> LightNess: 0 colorStr: #99000000
08-29 23:32:36.092 21767 21767 I A01a00/SYS_UI: StatusBarHeightVm: clearShowHeight GroupBackgroundEffect
08-29 23:32:36.092 21767 21767 I A01a00/SYS_UI: StatusBarHeightVm: checkHeightChange: cacheUseHeight 39 maxHeight 39 maxHotArea: 39
08-29 23:32:36.092   179 14014 I C01d00/accessibility: [(WindowUpdateAll:1027)]WindowUpdateAll start activeWindowId_: 63
08-29 23:32:36.092   179 14014 I C01d00/accessibility: [(SetActiveWindow:398)]windowId is 63, activeWindowId_: -1
08-29 23:32:36.092   179 14014 I C01d00/accessibility: [(WindowUpdateAll:1079)]WindowUpdateAll end activeWindowId_: 63
08-29 23:32:36.092 21767 21767 I A01a00/SYS_UI: GroupBackgroundEffect --> LightNess: 0 colorStr: #99000000
08-29 23:32:36.092   179 13978 I C01d00/accessibility: [(WindowUpdateAll:1027)]WindowUpdateAll start activeWindowId_: 63
08-29 23:32:36.092   179 13978 I C01d00/accessibility: [(SetActiveWindow:398)]windowId is 63, activeWindowId_: -1
08-29 23:32:36.092   179 13978 I C01d00/accessibility: [(WindowUpdateAll:1079)]WindowUpdateAll end activeWindowId_: 63
08-29 23:32:36.092 21767 21767 I A01a00/SYS_UI: StatusBarHeightVm: clearShowHeight GroupBackgroundEffect
08-29 23:32:36.092 21767 21767 I A01a00/SYS_UI: StatusBarHeightVm: checkHeightChange: cacheUseHeight 39 maxHeight 39 maxHotArea: 39
08-29 23:32:36.092 21767 21767 I A01a00/SYS_UI: LiveCapsuleListVm: shadow capsule color = #4D000000
08-29 23:32:36.092   833  1082 W C04201/DMS: screen_cutout_controller.cpp GetCutoutArea: display:[ID: 0, W: 1320, H: 2856, R: 0,Mode 0]
08-29 23:32:36.093 21767 32471 I C0420b/WMSKeyboard: CheckEmptyKeyboardAvoidAreaIfNeeded: check keyboard avoid area, isPhoneNotFreeMultiWindow: 1, isPadNotFreeMultiWindow: 0
08-29 23:32:36.093   282 13949 E C01704/TagSched: [a92ab3fb9416d87] [OpenQosCtrl]Failed to open qos_ctrl device
08-29 23:32:36.093   282 13949 E C01704/TagSched: [a92ab3fb9416d87] [IsQosHandleOpen]get qosSetHandle_ fail
08-29 23:32:36.093   282 13949 E C01704/TagSched: [a92ab3fb9416d87] [SetQosInternal]qosSetHandle open fail
08-29 23:32:36.093   282 13949 E C01704/TagSched: [a92ab3fb9416d87] [OpenQosCtrl]Failed to open qos_ctrl device
08-29 23:32:36.093   282 13949 E C01704/TagSched: [a92ab3fb9416d87] [IsQosHandleOpen]get qosSetHandle_ fail
08-29 23:32:36.093   282 13949 E C01704/TagSched: [a92ab3fb9416d87] [SetQosInternal]qosSetHandle open fail
08-29 23:32:36.093   282 13949 E C01704/TagSched: [a92ab3fb9416d87] [OpenQosCtrl]Failed to open qos_ctrl device
08-29 23:32:36.093   282 13949 E C01704/TagSched: [a92ab3fb9416d87] [IsQosHandleOpen]get qosSetHandle_ fail
08-29 23:32:36.093   282 13949 E C01704/TagSched: [a92ab3fb9416d87] [SetQosInternal]qosSetHandle open fail
08-29 23:32:36.093   282 13949 E C01704/TagSched: [a92ab3fb9416d87] [OpenQosCtrl]Failed to open qos_ctrl device
08-29 23:32:36.093   282 13949 E C01704/TagSched: [a92ab3fb9416d87] [IsQosHandleOpen]get qosSetHandle_ fail
08-29 23:32:36.093   282 13949 E C01704/TagSched: [a92ab3fb9416d87] [SetQosInternal]qosSetHandle open fail
08-29 23:32:36.097 21767 21767 I A01b00/SCB: SCBSSM: updateNavigationBarProperty navigationBarEnable: true
08-29 23:32:36.097 21767 21767 I A01b00/SCB: SCBSSM: updateNavigationBarProperty 0
08-29 23:32:36.097 21767 21767 I A01b0a/GESTURE: FloatingNavigationManager --> checkShowFloatingNavigation switch is closed
08-29 23:32:36.097 14063 14286 I C02d11/DfxBacktrace: GetBacktrace elapsed time: 141 ms
08-29 23:32:36.097 21767 21767 I A04200/WINDOW: SCBSSM: onStatusBarEnableChange screenId: 0 statusBarEnable: true
08-29 23:32:36.098 14063 14286 W C02515/DGLES: [recycle_resource_id@context_common.cpp:598] null gpu context, give up recycle ids
08-29 23:32:36.098 21767 21767 I A01b00/SCB: SCBCategoryResourceManager: isForceFullScreenWithDock bundleName: io.reader.harmonyos
08-29 23:32:36.098 21767 21767 I A01b00/SCB:                   isForceFullScreenWithDock: false
08-29 23:32:36.098 21767 21767 I A01b00/SCB: SCBSSM: updateNavigationBarProperty navigationBarEnable: true
08-29 23:32:36.098 21767 21767 I A01b00/SCB: SCBSSM: updateNavigationBarProperty 0
08-29 23:32:36.098 21767 21767 I A01b0a/GESTURE: FloatingNavigationManager --> checkShowFloatingNavigation switch is closed
08-29 23:32:36.098 21767 21767 I A04200/WINDOW: SCBSSM: onStatusBarEnableChange screenId: 0 statusBarEnable: true
08-29 23:32:36.098 21767 21767 I A01b00/SCB: SCBCategoryResourceManager: isForceFullScreenWithDock bundleName: io.reader.harmonyos
08-29 23:32:36.098 21767 21767 I A01b00/SCB:                   isForceFullScreenWithDock: false
08-29 23:32:36.098 21767 21767 I A01b00/SCB: SCBSSM: updateNavigationBarProperty navigationBarEnable: true
08-29 23:32:36.098 21767 21767 I A01b00/SCB: SCBSSM: updateNavigationBarProperty 0
08-29 23:32:36.098 21767 21767 I A01b0a/GESTURE: FloatingNavigationManager --> checkShowFloatingNavigation switch is closed
08-29 23:32:36.098 21767 21767 I A04200/WINDOW: SCBSSM: onStatusBarEnableChange screenId: 0 statusBarEnable: true
08-29 23:32:36.098 21767 21767 I A01b00/SCB: SCBCategoryResourceManager: isForceFullScreenWithDock bundleName: io.reader.harmonyos
08-29 23:32:36.098 21767 21767 I A01b00/SCB:                   isForceFullScreenWithDock: false
08-29 23:32:36.098 14063 14286 W C02515/DGLES: [recycle_resource_id@context_common.cpp:598] null gpu context, give up recycle ids
08-29 23:32:36.098 14063 14286 W C02515/DGLES: [recycle_resource_id@context_common.cpp:598] null gpu context, give up recycle ids
08-29 23:32:36.100   607 16705 W C02515/DISP: [SetLayerMaskInfo:495] <private> is not supported
08-29 23:32:36.100   607 16705 I C02515/DISP: [CommitComposeLayer:67] CommitComposeLayer! 10
08-29 23:32:36.101 14063 14331 I C04500/webadapter: SaveBrowserConnect: AafwkAppMgrClientAdapterImpl SaveBrowserConnect success!
08-29 23:32:36.102 21767 32337 I C01631/GaussPD:  [0] [ADAPTER] [546439665952] Not support binlog_default.writeLock file enable del monitor sysno = 25
08-29 23:32:36.102 21767 32337 I C01631/GaussPD:  [0] [ADAPTER] [546439665952] Not support binlog_default.writeIndex file enable del monitor sysno = 25
08-29 23:32:36.102 21767 32337 I C01631/GaussPD:  [0] [ADAPTER] [546439665952] Not support binlog_default.writeIndex file enable del monitor sysno = 25
08-29 23:32:36.102 14063 14331 I C04500/webadapter: StartChildProcess: AafwkAppMgrClientAdapterImpl::StartChildProcess, renderParamNew = /system/bin/web_render#--type=renderer#--string-annotations#--enable-crash-reporter=,#--user-data-dir=/data/storage/el2/base#--user-data-dir=/data/storage/el2/base/cache/web#--log-severity=info#--ohos-scheme-handler-custom-scheme={}#--user-hap-path=/data/storage/el1/bundle/entry.hap#--no-sandbox#--enable-touch-drag-drop#--enable-viewport#--no-zygote#--use-mobile-user-agent#--ozone-platform=headless#--bundle-installation-dir=/data/storage/el1/bundle#--bundle-name=io.reader.harmonyos#--virtual-pixel-ratio=3.500000#--ohos-enable-gwp-asan-type=renderer#--disable-databases#--lang=zh-CN#--num-raster-threads=2#--gpu-rasterization-msaa-sample-count=1#--enable-main-frame-before-activation#--renderer-client-id=3#--time-ticks-at-unix-epoch=-1787478997336672#--launch-time-ticks=538558763468#--shared-files#--field-trial-handle=3,i,9978787070012287939,11194366943651881351,262144#--enable-features=ForceScrollbar,OverlayScrollbar,UseOzonePlatform#--disable-features=BackForwardCache,FencedFrames#--variations-seed-version#--enable-logging=stderr#--v=2#--v=2#--appEngineVersion=2#--appBundleName=io.reader.harmonyos#--appApiVersion=60100023#--appVersion=1.0.0, renderPid = 0
08-29 23:32:36.102   833  1082 I C01311/AppMS: [AMSI7000]hostPid:14063
08-29 23:32:36.102   833  1082 I C02c11/APPSPAWN_CLIENT: AppSpawnClientSendMsg reqId:501 msgLen:3228 fd:212 io.reader.harmonyos:render
08-29 23:32:36.103  1979  1979 I C02c11/APPSPAWN: connectionId:1 buffLen:3228
08-29 23:32:36.103  1979  1979 I C02c11/APPSPAWN: Recv msgHeader magic:0xef201234 type:0 id:126 len:3228 io.reader.harmonyos:render
08-29 23:32:36.103  1979  1979 E C02c11/APPSPAWN: [sandbox_core.cpp:1559]sandbox path already exist
08-29 23:32:36.103  1979  1979 E C02c11/APPSPAWN: [sandbox_core.cpp:1559]sandbox path already exist
08-29 23:32:36.103  1979  1979 E C02c11/APPSPAWN: [sandbox_core.cpp:1559]sandbox path already exist
08-29 23:32:36.103  1979  1979 E C02c11/APPSPAWN: [sandbox_core.cpp:1559]sandbox path already exist
08-29 23:32:36.103  1979  1979 E C02c11/APPSPAWN: [sandbox_core.cpp:1559]sandbox path already exist
08-29 23:32:36.103  1979  1979 I C02c11/APPSPAWN: AppSpawn msgId:126 msgLen:3228 tlvCount:9 processName:io.reader.harmonyos:render
08-29 23:32:36.103  1979  1979 I C02c11/APPSPAWN: io.reader.harmonyos:render App flags 0x8 0x100
08-29 23:32:36.103  1979  1979 I C02c11/APPSPAWN: io.reader.harmonyos:render App permission bits flags 0x0 0x0
08-29 23:32:36.103  1979  1979 I C02c11/APPSPAWN: uid:20100125 gid:20100125 count:2
08-29 23:32:36.103  1979  1979 I C02c11/APPSPAWN: io.reader.harmonyos index:0 apl:normal hapFlags:0x0
08-29 23:32:36.103  1979  1979 I C02c11/APPSPAWN: AppSpawnProcessMsg id:125 mode:1 sandboxNsFlags:0x60000000
08-29 23:32:36.105 14063 14063 I C0391c/AceFocus: [(100000:100000:scope)] Node: Web/secure_field RequestFocus.
08-29 23:32:36.106 14063 14063 I A05244/Reader: Core build identity: {"schemaVersion":1,"buildId":"39c5efde045d40380f410d470013a54ee92ae116c3d5ee3825dba66950543c4f","gitCommit":"d22c0b8c84997e58ed9e464b9b36534a3e9be21d","gitDirty":false,"cargoLockSha256":"4fced3e76d076f185d1b3211fcea7507a7cea4e07a9fadedf48787075f638025","protocolSha256":"1d2992f4b15e1556010b1b5162a871cbd85c79a4332b20505a00a6aeac4d85a2","rustProfile":"release"}
08-29 23:32:36.106 14063 14063 I C0391c/AceFocus: [(100000:100000:scope)] Web/secure_field RequestFocusImmediately isOnMainTree:1
08-29 23:32:36.106 14063 14063 I C0391b/AceWeb: [(100000:100000:scope)] WebPattern::HandleFocusEvent webId:1, needOnFocus: 0.
08-29 23:32:36.106 14063 14063 I C0391c/AceFocus: [(100000:100000:scope)] FocusSwitch end, Stack/secure_field onBlur, Web/secure_field onFocus, start: 2, end: 1, update: 2
08-29 23:32:36.106 14063 14063 I C03933/AceKeyboard: [(100000:100000:scope)] current focus node: (Web/13). isDynamic: 0
08-29 23:32:36.106 14063 14063 I C03933/AceKeyboard: [(100000:100000:scope)] FrameNode(Web/13) notNeedSoftKeyboard.
08-29 23:32:36.107   832   832 E C01406/RSScreenManager: IsAllScreensPowerOff: screenPowerStatus_ is empty.
08-29 23:32:36.107   282 13950 E C01720/SmartGC: [a92ab5fb941a3e8] [ExitGCPauseSceneInner]ExitGCPauseSceneInner 538557815 538558770
08-29 23:32:36.107 14063 14183 I C03f00/ArkEtsVm: [a92ab5fb941a3e8] gc: App cold start finished
08-29 23:32:36.108 14063 14332 I C04500/webadapter: ReportKeyThread: ReportKeyThread status: 0, uid: 20020073, pid: 14063, tid:14332, role: 2
08-29 23:32:36.108 14063 14286 I C04500/webadapter: ReportKeyThread: ReportKeyThread status: 0, uid: 20020073, pid: 14063, tid:14289, role: 0
08-29 23:32:36.108   266   544 E C01700/RSS: [a92ab6fb941a6ba] DeliverResource, PluginMgr resType 1002 no lib register!
08-29 23:32:36.108   282 13921 E C01704/TagSched: [a92ab6fb941a6ba] [ExecutorCheckTidIsInPid][Executor] ExecutorCheckTidIsInPid get reply is invalied
08-29 23:32:36.108   282 13948 I C01702/CgroupEventHandler: [a92ab6fb941a6ba] HandleReportKeyThread : appName: io.reader.harmonyos, uid: 20020073, pid: 14063, keyTid: 14332
08-29 23:32:36.108   266   545 E C01700/RSS: [a92ab7fb941a6da] DeliverResource, PluginMgr resType 1002 no lib register!
08-29 23:32:36.108   282 13921 E C01704/TagSched: [a92ab7fb941a6da] [ExecutorCheckTidIsInPid][Executor] ExecutorCheckTidIsInPid get reply is invalied
08-29 23:32:36.108   282 13948 I C01702/CgroupEventHandler: [a92ab7fb941a6da] HandleReportKeyThread : appName: io.reader.harmonyos, uid: 20020073, pid: 14063, keyTid: 14289
08-29 23:32:36.110 14063 14333 I C04500/webadapter: ReportKeyThread: ReportKeyThread status: 0, uid: 20020073, pid: 14063, tid:14333, role: 2
08-29 23:32:36.111   266   544 E C01700/RSS: [a92ab8fb941b168] DeliverResource, PluginMgr resType 1002 no lib register!
08-29 23:32:36.111   282 13921 E C01704/TagSched: [a92ab8fb941b168] [ExecutorCheckTidIsInPid][Executor] ExecutorCheckTidIsInPid get reply is invalied
08-29 23:32:36.111   282 13950 I C01702/CgroupEventHandler: [a92ab8fb941b168] HandleReportKeyThread : appName: io.reader.harmonyos, uid: 20020073, pid: 14063, keyTid: 14333
08-29 23:32:36.113 14063 14251 E C04388/file_api: [prop_n_exporter.cpp:311->operator()] Accesscore finish ret -2
08-29 23:32:36.115 14334     1 I C02c11/APPSPAWN: CloneNwebSpawn done
08-29 23:32:36.115 14334     1 I C02c11/APPSPAWN: AppSpawnChild id 125 flags:0xc
08-29 23:32:36.116 14334     1 I C02c02/PARAM: ResetParamSecurityLabel Fd:-1
08-29 23:32:36.117 14334     1 I C02d33/HitraceOption: FilterAppTrace io.reader.harmonyos:render 1
08-29 23:32:36.118 14334     1 W C02c11/APPSPAWN: errno:2 bind mount /system/etc/hosts to /mnt/sandbox/com.ohos.render/io.reader.harmonyos/data/service/el1/public/hosts_user/hosts
08-29 23:32:36.118 14334     1 W C02c11/APPSPAWN: errno:2 bind mount /data/app/el1/bundle/public/com.huawei.hmos.arkwebcorelegacy to /mnt/sandbox/com.ohos.render/io.reader.harmonyos/data/storage/el1/bundle/arkwebcorelegacy
08-29 23:32:36.118 14334     1 W C02c11/APPSPAWN: check dir /data/app/el1/bundle/public/com.huawei.hmos.arkwebcorelegacy failed,strerror:No such file or directory
08-29 23:32:36.118 14334     1 W C02c11/APPSPAWN: errno:2 bind mount /system/app/com.huawei.hmos.arkwebcore to /mnt/sandbox/com.ohos.render/io.reader.harmonyos/system/app/com.huawei.hmos.arkwebcore
08-29 23:32:36.118 14334     1 W C02c11/APPSPAWN: errno:2 bind mount /vendor/lib to /mnt/sandbox/com.ohos.render/io.reader.harmonyos/vendor/lib
08-29 23:32:36.118 14334     1 W C02c11/APPSPAWN: errno:2 bind mount /data/app/el1/bundle/public/com.huawei.hmos.arkwebcorelegacy to /mnt/sandbox/com.ohos.render/io.reader.harmonyos/data/app/el1/bundle/public/com.huawei.hmos.arkwebcorelegacy
08-29 23:32:36.118 14334     1 W C02c11/APPSPAWN: check dir /data/app/el1/bundle/public/com.huawei.hmos.arkwebcorelegacy failed,strerror:No such file or directory
08-29 23:32:36.118 14334     1 W C02c11/APPSPAWN: errno:2 bind mount /system/app/NWeb to /mnt/sandbox/com.ohos.render/io.reader.harmonyos/system/app/NWeb
08-29 23:32:36.118 14334     1 W C02c11/APPSPAWN: errno:2 bind mount /module_update/ArkWebCore/app/com.huawei.hmos.arkwebcore to /mnt/sandbox/com.ohos.render/io.reader.harmonyos/module_update/ArkWebCore/app/com.huawei.hmos.arkwebcore
08-29 23:32:36.118 14334     1 W C02c11/APPSPAWN: errno:2 bind mount /system/app/ArkWebCoreLegacy to /mnt/sandbox/com.ohos.render/io.reader.harmonyos/system/app/ArkWebCoreLegacy
08-29 23:32:36.118 14334     1 W C02c11/APPSPAWN: errno:2 bind mount /data/service/el1/100/for-all-app/fonts to /mnt/sandbox/com.ohos.render/io.reader.harmonyos/data/service/el1/public/for-all-app/fonts
08-29 23:32:36.120 14334     1 I C05a03/Selinux: Hap type for io.reader.harmonyos is changing from u:r:nwebspawn:s0 to u:r:isolated_render:s0
08-29 23:32:36.120 14334     1 I C05a03/Selinux: Hap setcon finish for io.reader.harmonyos
08-29 23:32:36.121 14063 14286 I C02d11/DfxUnwinder: UnwindLocal:: fpUnwind: 0
08-29 23:32:36.121 14063 14286 I C02d11/DfxUnwinder: First enter fp step, pc: <private>
08-29 23:32:36.122   832   832 E C01406/RSScreenManager: IsAllScreensPowerOff: screenPowerStatus_ is empty.
08-29 23:32:36.123 14063 14286 I C02d11/DfxBacktrace: GetBacktrace elapsed time: 7 ms
08-29 23:32:36.123 14063 14286 W C02515/DGLES: [recycle_resource_id@context_common.cpp:598] null gpu context, give up recycle ids
08-29 23:32:36.125   607 16705 W C02515/DISP: [SetLayerMaskInfo:495] <private> is not supported
08-29 23:32:36.125   607 16705 I C02515/DISP: [CommitComposeLayer:67] CommitComposeLayer! 10
08-29 23:32:36.125 14063 14063 I A05244/Reader: Core source-switch startup recovery count: 0
08-29 23:32:36.126 14334     1 I C02c11/APPSPAWN: NotifyResToParent:0
08-29 23:32:36.126  1979  1979 I C02c11/APPSPAWN: Child process:io.reader.harmonyos:render success pid:14334 appId:125 result:0
08-29 23:32:36.126  1979  1979 I C02c11/APPSPAWN: Add io.reader.harmonyos,pid=14334 success
08-29 23:32:36.126  1979  1979 I C02c11/APPSPAWN: SendMessageComplete connectionId:1 result:0 app:io.reader.harmonyos pid:14334
08-29 23:32:36.126 14334     1 I C02d0b/HICHECKER: hichecker param is empty.
08-29 23:32:36.126 14334     1 I C04501/webview: GetArkwebNameSpace: get arkweb name space: nweb_ns
08-29 23:32:36.126 14334     1 I C04501/webview: GetArkwebLibPath: get arkweb lib path: /data/storage/el1/bundle/arkwebcore/libs/arm64
08-29 23:32:36.127   833  1082 I C02c11/APPSPAWN_CLIENT: AppSpawnClientSendMsg reqId:501 fd:212 end result:0x0 pid:14334
08-29 23:32:36.127   833  1082 I C01311/AppMS: [ASC637]pid14334
08-29 23:32:36.127   833  1082 I C01311/AppMS: [AMSI7232]startRenderProcess success, hostPid:14063, hostUid:20020073, pid:14334, uid:20100125, userId:100, isPreload:0
08-29 23:32:36.128   240  1759 I C02699/MM: OnProcessCreated 20020073,14334,io.reader.harmonyos:render,io.reader.harmonyos,0,0,2,14063,20100125,-1
08-29 23:32:36.128   240 13838 I C02699/MM: AddBundleToOsAccount uid:20020073 already exist
08-29 23:32:36.128   240 13838 I C02699/MM: UpdatePriorityLocked REND_CRE: 14334, 20020073, 0, [], 00000
08-29 23:32:36.128   282 13951 I C01744/PerformanceEnhance: [a92ab9fb941f416] [HandleProcessStateChange]process create 14334
08-29 23:32:36.128   240 13976 I C02699/MM: HandleProcessCreateOnly succ. pid=14334 appId=20020073
08-29 23:32:36.128   282   350 I C01718/StandbyService: [OnProcessStatusChanged:938] process status change, uid: 20020073, pid: 14334, name: io.reader.harmonyos, alive: 1
08-29 23:32:36.129   282 13950 I C01731/SUSPEND_MSG: [a92ab9fb941f416] 20020073_io.reader.harmonyos_14334 create, type:2_255_14063
08-29 23:32:36.129   282 13950 W C01731/SUSPEND_MSG: [a92ab9fb941f416] [(ParasiticProcessCreateOrDied):282] can not found host freeze unit by pid:14334
08-29 23:32:36.129   282 13949 I C01706/ueaServer-IntelliSenseServer: [a92ab9fb941f416] ProcessInfo NewAppRecord
08-29 23:32:36.129   282 13949 I C01706/ueaServer-IntelliSenseServer: [a92ab9fb941f416] [NewAppRecord]pid 14334 already exist.
08-29 23:32:36.129   282 13949 I C01702/CgroupEventHandler: [a92ab9fb941f416] HandleProcessCreated : 20020073, 14334, 14063, 2, io.reader.harmonyos, 255, io.reader.harmonyos:render
08-29 23:32:36.129   833  1082 E C01120/BMS: GetNameForUid permission denied
08-29 23:32:36.129   188   188 E C01707/CONCUR: [a92ab9fb941f416] [TaskControllerInterface] ReportData failed, funcLoader_ load func failed
08-29 23:32:36.130 14063 14331 I C04500/webadapter: ReportKeyThread: ReportKeyThread status: 0, uid: 20020073, pid: 14334, tid:14334, role: 2
08-29 23:32:36.130 14063 14331 I C04500/webadapter: ReportStatusData: ReportWindowStatus status: 0, uid: 20020073, pid: 14334, windowId: 63, nwebId: 1, sn: 0
08-29 23:32:36.130   266   545 E C01700/RSS: [a92abafb941fc57] DeliverResource, PluginMgr resType 1002 no lib register!
08-29 23:32:36.130   282 13950 E C01704/TagSched: [a92abafb941fc57] [ExecutorCheckTidIsInPid][Executor] ExecutorCheckTidIsInPid get reply is invalied
08-29 23:32:36.130   282 13950 E C01704/TagSched: [a92abcfb941fc9b] [OpenQosCtrl]Failed to open qos_ctrl device
08-29 23:32:36.130   282 13950 E C01704/TagSched: [a92abcfb941fc9b] [IsQosHandleOpen]get qosSetHandle_ fail
08-29 23:32:36.130   282 13950 E C01704/TagSched: [a92abcfb941fc9b] [SetQosInternal]qosSetHandle open fail
08-29 23:32:36.130   282 13950 E C01704/TagSched: [a92abcfb941fc9b] [OpenQosCtrl]Failed to open qos_ctrl device
08-29 23:32:36.130   282 13950 E C01704/TagSched: [a92abcfb941fc9b] [IsQosHandleOpen]get qosSetHandle_ fail
08-29 23:32:36.130   282 13950 E C01704/TagSched: [a92abcfb941fc9b] [SetQosInternal]qosSetHandle open fail
08-29 23:32:36.130   282 13950 E C01704/TagSched: [a92abcfb941fc9b] [OpenQosCtrl]Failed to open qos_ctrl device
08-29 23:32:36.130   282 13950 E C01704/TagSched: [a92abcfb941fc9b] [IsQosHandleOpen]get qosSetHandle_ fail
08-29 23:32:36.130   282 13950 E C01704/TagSched: [a92abcfb941fc9b] [SetQosInternal]qosSetHandle open fail
08-29 23:32:36.130   282 13950 E C01704/TagSched: [a92abcfb941fc9b] [OpenQosCtrl]Failed to open qos_ctrl device
08-29 23:32:36.130   282 13950 E C01704/TagSched: [a92abcfb941fc9b] [IsQosHandleOpen]get qosSetHandle_ fail
08-29 23:32:36.130   282 13950 E C01704/TagSched: [a92abcfb941fc9b] [SetQosInternal]qosSetHandle open fail
08-29 23:32:36.130   282 13950 E C01704/TagSched: [a92abcfb941fc9b] [OpenQosCtrl]Failed to open qos_ctrl device
08-29 23:32:36.130   282 13950 E C01704/TagSched: [a92abcfb941fc9b] [IsQosHandleOpen]get qosSetHandle_ fail
08-29 23:32:36.130   282 13950 E C01704/TagSched: [a92abcfb941fc9b] [SetQosInternal]qosSetHandle open fail
08-29 23:32:36.130   282 13950 E C01704/TagSched: [a92abcfb941fc9b] [OpenQosCtrl]Failed to open qos_ctrl device
08-29 23:32:36.130   282 13950 E C01704/TagSched: [a92abcfb941fc9b] [IsQosHandleOpen]get qosSetHandle_ fail
08-29 23:32:36.130   282 13950 E C01704/TagSched: [a92abcfb941fc9b] [SetQosInternal]qosSetHandle open fail
08-29 23:32:36.130   282 13950 E C01704/TagSched: [a92abcfb941fc9b] [OpenQosCtrl]Failed to open qos_ctrl device
08-29 23:32:36.130   282 13950 E C01704/TagSched: [a92abcfb941fc9b] [IsQosHandleOpen]get qosSetHandle_ fail
08-29 23:32:36.130   282 13950 E C01704/TagSched: [a92abcfb941fc9b] [SetQosInternal]qosSetHandle open fail
08-29 23:32:36.130   282 13950 E C01704/TagSched: [a92abcfb941fc9b] [OpenQosCtrl]Failed to open qos_ctrl device
08-29 23:32:36.130   282 13950 E C01704/TagSched: [a92abcfb941fc9b] [IsQosHandleOpen]get qosSetHandle_ fail
08-29 23:32:36.130   282 13950 E C01704/TagSched: [a92abcfb941fc9b] [SetQosInternal]qosSetHandle open fail
08-29 23:32:36.130   282 13950 E C01704/TagSched: [a92abdfb941fca7] [OpenQosCtrl]Failed to open qos_ctrl device
08-29 23:32:36.130   282 13950 E C01704/TagSched: [a92abdfb941fca7] [IsQosHandleOpen]get qosSetHandle_ fail
08-29 23:32:36.130   282 13950 E C01704/TagSched: [a92abdfb941fca7] [SetQosInternal]qosSetHandle open fail
08-29 23:32:36.130   282 13950 E C01704/TagSched: [a92abdfb941fca7] [OpenQosCtrl]Failed to open qos_ctrl device
08-29 23:32:36.130   282 13950 E C01704/TagSched: [a92abdfb941fca7] [IsQosHandleOpen]get qosSetHandle_ fail
08-29 23:32:36.130   282 13950 E C01704/TagSched: [a92abdfb941fca7] [SetQosInternal]qosSetHandle open fail
08-29 23:32:36.130   282 13950 E C01704/TagSched: [a92abdfb941fca7] [OpenQosCtrl]Failed to open qos_ctrl device
08-29 23:32:36.130   282 13950 E C01704/TagSched: [a92abdfb941fca7] [IsQosHandleOpen]get qosSetHandle_ fail
08-29 23:32:36.130   282 13950 E C01704/TagSched: [a92abdfb941fca7] [SetQosInternal]qosSetHandle open fail
08-29 23:32:36.130   282 13950 E C01704/TagSched: [a92abdfb941fca7] [OpenQosCtrl]Failed to open qos_ctrl device
08-29 23:32:36.130   282 13950 E C01704/TagSched: [a92abdfb941fca7] [IsQosHandleOpen]get qosSetHandle_ fail
08-29 23:32:36.130   282 13950 E C01704/TagSched: [a92abdfb941fca7] [SetQosInternal]qosSetHandle open fail
08-29 23:32:36.130   282 13950 E C01704/TagSched: [a92abdfb941fca7] [OpenQosCtrl]Failed to open qos_ctrl device
08-29 23:32:36.130   282 13950 E C01704/TagSched: [a92abdfb941fca7] [IsQosHandleOpen]get qosSetHandle_ fail
08-29 23:32:36.130   282 13950 E C01704/TagSched: [a92abdfb941fca7] [SetQosInternal]qosSetHandle open fail
08-29 23:32:36.130   282 13950 E C01704/TagSched: [a92abdfb941fca7] [OpenQosCtrl]Failed to open qos_ctrl device
08-29 23:32:36.130   282 13950 E C01704/TagSched: [a92abdfb941fca7] [IsQosHandleOpen]get qosSetHandle_ fail
08-29 23:32:36.130   282 13950 E C01704/TagSched: [a92abdfb941fca7] [SetQosInternal]qosSetHandle open fail
08-29 23:32:36.130   282 13950 E C01704/TagSched: [a92abdfb941fca7] [OpenQosCtrl]Failed to open qos_ctrl device
08-29 23:32:36.130   282 13950 E C01704/TagSched: [a92abdfb941fca7] [IsQosHandleOpen]get qosSetHandle_ fail
08-29 23:32:36.130   282 13950 E C01704/TagSched: [a92abdfb941fca7] [SetQosInternal]qosSetHandle open fail
08-29 23:32:36.130   282 13950 E C01704/TagSched: [a92abdfb941fca7] [OpenQosCtrl]Failed to open qos_ctrl device
08-29 23:32:36.130   282 13950 E C01704/TagSched: [a92abdfb941fca7] [IsQosHandleOpen]get qosSetHandle_ fail
08-29 23:32:36.130   282 13950 E C01704/TagSched: [a92abdfb941fca7] [SetQosInternal]qosSetHandle open fail
08-29 23:32:36.132 14334     1 I C04501/webview: LoadWithRelroFile: 3.LoadWithRelroFile begin.
08-29 23:32:36.132 14334     1 I C04501/webview: LoadWithRelroFile: LoadWithRelroFile: dlopen_ns_ext extinfo with reserved address.
08-29 23:32:36.133   282 13921 I C01702/CgroupEventHandler: [a92abafb941fc57] HandleReportKeyThread : appName: io.reader.harmonyos, uid: 20020073, pid: 14334, keyTid: 14334
08-29 23:32:36.133   282 13921 E C01702/CgroupAdjuster: [a92abafb941fc57] ApplyProcessGroup set 14063 to group 4 failed, ret=-1!
08-29 23:32:36.133   282 13921 E C01702/CgroupAdjuster: [a92abafb941fc57] ApplyProcessGroup set 14063 to group 4 failed, ret=-1!
08-29 23:32:36.133   282 13921 I C01702/CgroupAdjuster: [a92abafb941fc57] AdjustProcessGroup for 14334, source : 12 for render process
08-29 23:32:36.133   282 13921 E C01702/CgroupAdjuster: [a92abafb941fc57] ApplyProcessGroup set 14334 to group 1 failed, ret=-1!
08-29 23:32:36.133   282 13921 E C01702/CgroupAdjuster: [a92abafb941fc57] ApplyProcessGroup set 14334 to group 1 failed, ret=-1!
08-29 23:32:36.133   282 13921 I C01702/CgroupEventHandler: [a92abbfb941fc8b] HandleReportWindowState : render process name: io.reader.harmonyos, uid: 20020073, pid: 14334, state: 0
08-29 23:32:36.133   282 13921 I C01702/CgroupEventHandler: [a92abbfb941fc8b] UpdateActivepWebRenderInfo : uid:20020073, pid:14334, winId: 63, isActive_: 1
08-29 23:32:36.133   282 13921 E C01702/CgroupAdjuster: [a92abbfb941fc8b] ApplyProcessGroup set 14063 to group 4 failed, ret=-1!
08-29 23:32:36.133   282 13921 E C01702/CgroupAdjuster: [a92abbfb941fc8b] ApplyProcessGroup set 14063 to group 4 failed, ret=-1!
08-29 23:32:36.133   282 13921 I C01702/CgroupAdjuster: [a92abbfb941fc8b] AdjustProcessGroup for 14334, source : 12 for render process
08-29 23:32:36.133   282 13921 E C01702/CgroupAdjuster: [a92abbfb941fc8b] ApplyProcessGroup set 14334 to group 4 failed, ret=-1!
08-29 23:32:36.133   282 13921 E C01702/CgroupAdjuster: [a92abbfb941fc8b] ApplyProcessGroup set 14334 to group 4 failed, ret=-1!
08-29 23:32:36.137   832   832 E C01406/RSScreenManager: IsAllScreensPowerOff: screenPowerStatus_ is empty.
08-29 23:32:36.141   607 16705 W C02515/DISP: [SetLayerMaskInfo:495] <private> is not supported
08-29 23:32:36.141   607 16705 I C02515/DISP: [CommitComposeLayer:67] CommitComposeLayer! 10
08-29 23:32:36.154   832   832 E C01406/RSScreenManager: IsAllScreensPowerOff: screenPowerStatus_ is empty.
08-29 23:32:36.156   607 16705 W C02515/DISP: [SetLayerMaskInfo:495] <private> is not supported
08-29 23:32:36.156   607 16705 I C02515/DISP: [CommitComposeLayer:67] CommitComposeLayer! 10
08-29 23:32:36.169   832   832 E C01406/RSScreenManager: IsAllScreensPowerOff: screenPowerStatus_ is empty.
08-29 23:32:36.172   607 16705 W C02515/DISP: [SetLayerMaskInfo:495] <private> is not supported
08-29 23:32:36.172   607 16705 I C02515/DISP: [CommitComposeLayer:67] CommitComposeLayer! 10
08-29 23:32:36.185   832   832 E C01406/RSScreenManager: IsAllScreensPowerOff: screenPowerStatus_ is empty.
08-29 23:32:36.188   607 16705 W C02515/DISP: [SetLayerMaskInfo:495] <private> is not supported
08-29 23:32:36.188   607 16705 I C02515/DISP: [CommitComposeLayer:67] CommitComposeLayer! 10
08-29 23:32:36.191 14063 14063 I C0390c/AceFont: [js_font.cpp(103)-(100000:100000:scope)] begin to register font.
08-29 23:32:36.191 14063 14063 I C0390c/AceFont: [(100000:100000:scope)] RegisterFont [familyName:ReaderInter],[familySrc:resource://RAWFILE/InterVariable.ttf],[bundleName:io.reader.harmonyos],[moduleName:entry]
08-29 23:32:36.192 14063 14063 I C0390c/AceFont: [js_font.cpp(103)-(100000:100000:scope)] begin to register font.
08-29 23:32:36.192 14063 14063 I C0390c/AceFont: [(100000:100000:scope)] RegisterFont [familyName:ReaderNotoSerifSCBold],[familySrc:resource://RAWFILE/NotoSerifSC-Bold.ttf],[bundleName:io.reader.harmonyos],[moduleName:entry]
08-29 23:32:36.192 14063 14063 I C0390c/AceFont: [js_font.cpp(103)-(100000:100000:scope)] begin to register font.
08-29 23:32:36.192 14063 14063 I C0390c/AceFont: [(100000:100000:scope)] RegisterFont [familyName:ReaderNotoSerifSCRegular],[familySrc:resource://RAWFILE/NotoSerifSC-Regular.ttf],[bundleName:io.reader.harmonyos],[moduleName:entry]
08-29 23:32:36.192 14063 14063 I C0390c/AceFont: [js_font.cpp(103)-(100000:100000:scope)] begin to register font.
08-29 23:32:36.192 14063 14063 I C0390c/AceFont: [(100000:100000:scope)] RegisterFont [familyName:ReaderNotoSansSC],[familySrc:resource://RAWFILE/NotoSansSC-VF.otf],[bundleName:io.reader.harmonyos],[moduleName:entry]
08-29 23:32:36.192 14063 14063 I C0390c/AceFont: [js_font.cpp(103)-(100000:100000:scope)] begin to register font.
08-29 23:32:36.192 14063 14063 I C0390c/AceFont: [(100000:100000:scope)] RegisterFont [familyName:ReaderLXGWWenKaiLite],[familySrc:resource://RAWFILE/LXGWWenKaiLite-Regular.ttf],[bundleName:io.reader.harmonyos],[moduleName:entry]
08-29 23:32:36.192 14063 14063 I C0390c/AceFont: [js_font.cpp(103)-(100000:100000:scope)] begin to register font.
08-29 23:32:36.192 14063 14063 I C0390c/AceFont: [(100000:100000:scope)] RegisterFont [familyName:ReaderLXGWWenKaiGBLite],[familySrc:resource://RAWFILE/LXGWWenKaiGBLite-Regular.ttf],[bundleName:io.reader.harmonyos],[moduleName:entry]
08-29 23:32:36.192 14063 14063 I C0390c/AceFont: [js_font.cpp(103)-(100000:100000:scope)] begin to register font.
08-29 23:32:36.192 14063 14063 I C0390c/AceFont: [(100000:100000:scope)] RegisterFont [familyName:ReaderZhuqueFangsong],[familySrc:resource://RAWFILE/ZhuqueFangsong-Regular.ttf],[bundleName:io.reader.harmonyos],[moduleName:entry]
08-29 23:32:36.192 14063 14063 I C0390c/AceFont: [js_font.cpp(103)-(100000:100000:scope)] begin to register font.
08-29 23:32:36.192 14063 14063 I C0390c/AceFont: [(100000:100000:scope)] RegisterFont [familyName:ReaderSarasaMonoSC],[familySrc:resource://RAWFILE/SarasaMonoSC-Regular.ttf],[bundleName:io.reader.harmonyos],[moduleName:entry]
08-29 23:32:36.194 14063 14063 W C03926/AceTheme: [(100000:100000:scope)] style 125829872 not contains sheet_pattern!
08-29 23:32:36.201   832   832 E C01406/RSScreenManager: IsAllScreensPowerOff: screenPowerStatus_ is empty.
08-29 23:32:36.203   607 16705 W C02515/DISP: [SetLayerMaskInfo:495] <private> is not supported
08-29 23:32:36.203   607 16705 I C02515/DISP: [CommitComposeLayer:67] CommitComposeLayer! 10
08-29 23:32:36.217   832   832 E C01406/RSScreenManager: IsAllScreensPowerOff: screenPowerStatus_ is empty.
08-29 23:32:36.219   607 16705 W C02515/DISP: [SetLayerMaskInfo:495] <private> is not supported
08-29 23:32:36.219   607 16705 I C02515/DISP: [CommitComposeLayer:67] CommitComposeLayer! 10
08-29 23:32:36.232   832   832 E C01406/RSScreenManager: IsAllScreensPowerOff: screenPowerStatus_ is empty.
08-29 23:32:36.233 21767 21767 W A01c06/ICON: AppIconWeatherModel --> initWeatherListener, retryTimes: 4
08-29 23:32:36.235 14063 14063 W C03926/AceTheme: [(100000:100000:scope)] style sheet_pattern not contains corner_radius_none!
08-29 23:32:36.235 14063 14063 E C03949/AceSheet: [(100000:100000:scope)] radius is not correct type
08-29 23:32:36.237   468   550 E C01707/CONCUR: [Interface] task 550 apply qos failed, errno = 4
08-29 23:32:36.237   468   550 E C01611/QosManager: QosManager: Failed to set thread QoS to QOS_USER_INTERACTIVE, ret: -1
08-29 23:32:36.238 14063 14063 W C03926/AceTheme: [(100000:100000:scope)] style 125829872 not contains app_theme_pattern!
08-29 23:32:36.238 14063 14063 E C01e00/ResourceManager: ref <private> id not found
08-29 23:32:36.238 14063 14063 E C01e00/ResourceManager: ref <private> id not found
08-29 23:32:36.238 14063 14063 W C03937/AceResource: [(100000:100000:scope)] Get pattern by name error, name=app_theme_pattern
08-29 23:32:36.238 14063 14063 E C01e00/ResourceManager: ref <private> id not found
08-29 23:32:36.238 14063 14063 E C01e00/ResourceManager: ref <private> id not found
08-29 23:32:36.238 14063 14063 W C03937/AceResource: [(100000:100000:scope)] Get pattern by name error, name=app_theme_pattern
08-29 23:32:36.238 14063 14063 W C03926/AceTheme: [(100000:100000:scope)] style app_theme_pattern not contains app_theme_drag_distancethreshold!
08-29 23:32:36.238 14063 14063 W C03926/AceTheme: [(100000:100000:scope)] style 125829872 not contains image_pattern!
08-29 23:32:36.238 14063 14063 W C03926/AceTheme: [(100000:100000:scope)] style text_pattern not contains linear_split_child_min_size!
08-29 23:32:36.238 14063 14063 W C03926/AceTheme: [(100000:100000:scope)] style text_pattern not contains menu_celia_ask_is_support!
08-29 23:32:36.239 14063 14186 I C0393a/DownloadManager: [(100000:100000:scope)] DownloadManager GetInstance
08-29 23:32:36.239   833  1082 W C01123/BMSCommon: bundle not exist -n com.huawei.hmsapp.totemweather -u 100 -i 0 -f 32
08-29 23:32:36.239   833  1082 W C01121/BMSQuery: GetBundleInfo failed -n com.huawei.hmsapp.totemweather -u 100
08-29 23:32:36.239   468   550 E C01651/BundleMgrProxy: GetBundleInfoFromBMS: GetBundleInfo failed!bundleName is com.huawei.hmsapp.totemweather, userId is 100
08-29 23:32:36.239   607 16705 W C02515/DISP: [SetLayerMaskInfo:495] <private> is not supported
08-29 23:32:36.239   468   550 E C01651/DataProviderConfig: GetFromProxyData: Get bundleInfo failed! bundleName:com.huawei.hmsapp.totemweather, userId:100, visitedId:100, uri:******icIconInfo
08-29 23:32:36.239   468   550 E C01651/DataShareServiceImpl: GetBMSAndMetaDataStatus: CalledInfo failed! token:0x200ba470,ret:1001,uri:******icIconInfo
08-29 23:32:36.239   468   550 E C01651/DataShareServiceImpl: GetSilentProxyStatus: BMS or metaData not ready to complete, token:0x200ba470, uri:******icIconInfo
08-29 23:32:36.240   607   975 I C02515/DISP: [CommitComposeLayer:67] CommitComposeLayer! 10
08-29 23:32:36.241 14063 14063 W C03926/AceTheme: [(100000:100000:scope)] style 125829872 not contains scrollable_pattern!
08-29 23:32:36.247 21767 21767 E A01c06/ICON: AppIconWeatherModel --> get weather info failed, code: 15700010, message: The DataShareHelper is not initialized successfully.
08-29 23:32:36.248   832   832 E C01406/RSScreenManager: IsAllScreensPowerOff: screenPowerStatus_ is empty.
08-29 23:32:36.263   607 16705 W C02515/DISP: [SetLayerMaskInfo:495] <private> is not supported
08-29 23:32:36.263   832   832 E C01406/RSScreenManager: IsAllScreensPowerOff: screenPowerStatus_ is empty.
08-29 23:32:36.265   607 16705 I C02515/DISP: [CommitComposeLayer:67] CommitComposeLayer! 10
08-29 23:32:36.268   607 16705 W C02515/DISP: [SetLayerMaskInfo:495] <private> is not supported
08-29 23:32:36.268   607 16705 I C02515/DISP: [CommitComposeLayer:67] CommitComposeLayer! 10
08-29 23:32:36.279   832   832 E C01406/RSScreenManager: IsAllScreensPowerOff: screenPowerStatus_ is empty.
08-29 23:32:36.295   832   832 E C01406/RSScreenManager: IsAllScreensPowerOff: screenPowerStatus_ is empty.
08-29 23:32:36.367   607 16705 W C02515/DISP: [SetLayerMaskInfo:495] <private> is not supported
08-29 23:32:36.368   607 16705 I C02515/DISP: [CommitComposeLayer:67] CommitComposeLayer! 10
08-29 23:32:36.373   607   975 W C02515/DISP: [SetLayerMaskInfo:495] <private> is not supported
08-29 23:32:36.373   607   975 I C02515/DISP: [CommitComposeLayer:67] CommitComposeLayer! 10
08-29 23:32:36.375   832   832 E C01406/RSScreenManager: IsAllScreensPowerOff: screenPowerStatus_ is empty.
08-29 23:32:36.375   607   975 W C02515/DISP: [SetLayerMaskInfo:495] <private> is not supported
08-29 23:32:36.376   607   975 I C02515/DISP: [CommitComposeLayer:67] CommitComposeLayer! 10
08-29 23:32:36.389   833 13944 W C01202/Subscriber: Subscribe usual.event.CLICK_STATUSBAR, without any restrict subid = 14063_20020073_-1_5039_538559052
08-29 23:32:36.389   833 13944 I C01202/Subscriber: Subscribe io.reader.harmonyos(userId = 100, subId = 14063_20020073_-1_5039_538559052, ffrtCost 0 ms, taskCost 0 ms)
08-29 23:32:36.392 14063 14186 I C0393a/DownloadManager: [(100000:100000:scope)] DownloadManager GetInstance
08-29 23:32:36.392 14063 14186 I C01c50/PreloadNative: preload e2276fd652484482
08-29 23:32:36.395   607   975 W C02515/DISP: [SetLayerMaskInfo:495] <private> is not supported
08-29 23:32:36.395   607   975 I C02515/DISP: [CommitComposeLayer:67] CommitComposeLayer! 10
08-29 23:32:36.402 14063 14063 I C01408/Text: InitTextBundleConfig: Adapter text height enabled 0
08-29 23:32:36.404 14063 14338 I C01c50/PreloadNative: net available, net_id: 100
08-29 23:32:36.421 14063 14186 I C01c50/PreloadNative: e2276fd652484482 read local success
08-29 23:32:36.421 14063 14186 I C0393a/DownloadManager: [325]Async http download src [<private>] [ successfully]
08-29 23:32:36.431 14063 14338 I C0393a/DownloadManager: [291]Async http task of url [<private>-e2276fd652484482] success
08-29 23:32:36.557   282 14335 E C01704/TagSched: [a92abdfb940da4d] [OpenQosCtrl]Failed to open qos_ctrl device
08-29 23:32:36.557   282 14335 E C01704/TagSched: [a92abdfb940da4d] [IsQosHandleOpen]get qosSetHandle_ fail
08-29 23:32:36.557   282 14335 E C01704/TagSched: [a92abdfb940da4d] [SetQosInternal]qosSetHandle open fail
08-29 23:32:36.557   282 14335 E C01704/TagSched: [a92abdfb940da4d] [OpenQosCtrl]Failed to open qos_ctrl device
08-29 23:32:36.557   282 14335 E C01704/TagSched: [a92abdfb940da4d] [IsQosHandleOpen]get qosSetHandle_ fail
08-29 23:32:36.557   282 14335 E C01704/TagSched: [a92abdfb940da4d] [SetQosInternal]qosSetHandle open fail
08-29 23:32:36.557   282 14335 E C01704/TagSched: [a92abdfb940da4d] [OpenQosCtrl]Failed to open qos_ctrl device
08-29 23:32:36.557   282 14335 E C01704/TagSched: [a92abdfb940da4d] [IsQosHandleOpen]get qosSetHandle_ fail
08-29 23:32:36.557   282 14335 E C01704/TagSched: [a92abdfb940da4d] [SetQosInternal]qosSetHandle open fail
08-29 23:32:36.557   282 14335 E C01704/TagSched: [a92abdfb940da4d] [OpenQosCtrl]Failed to open qos_ctrl device
08-29 23:32:36.557   282 14335 E C01704/TagSched: [a92abdfb940da4d] [IsQosHandleOpen]get qosSetHandle_ fail
08-29 23:32:36.557   282 14335 E C01704/TagSched: [a92abdfb940da4d] [SetQosInternal]qosSetHandle open fail
08-29 23:32:36.573 21767 21767 I A01b01/HOME: PageDesktopViewModel --> cards num: 0, threshold:7
08-29 23:32:36.588 14344 14344 W C02c02/PARAM: Selinux check name persist.init.debug.loglevel in u:object_r:startup_init_param:s0 [14344 2000 2000] failed
08-29 23:32:36.588 14344 14344 W C02c02/PARAM: Selinux check name persist.init.debug.loglevel in u:object_r:startup_init_param:s0 [14344 2000 2000] failed
08-29 23:32:36.588 14344 14344 W C02c02/PARAM: SystemReadParam failed!name is:persist.init.debug.loglevel,err:1002
08-29 23:32:36.592 14344 14344 W C02c02/PARAM: Selinux check name persist.init.debug.loglevel in u:object_r:startup_init_param:s0 [14344 2000 2000] failed
08-29 23:32:36.592 14344 14344 W C02c02/PARAM: Selinux check name persist.init.debug.loglevel in u:object_r:startup_init_param:s0 [14344 2000 2000] failed
08-29 23:32:36.592 14344 14344 W C02c02/PARAM: SystemReadParam failed!name is:persist.init.debug.loglevel,err:1002
08-29 23:32:36.599   282 13919 E C01720/SmartGC: [a92abffb94924ac] [ExitGCPauseSceneInner]ExitGCPauseSceneInner 538558828 538559262
08-29 23:32:36.599 14063 14183 I C03f00/ArkEtsVm: [a92abffb94924ac] gc: App cold start finished
08-29 23:32:36.600 14063 14063 I C02d66/Hiview-PerfMonitor: ProcessJank: JankFrameMonitor::ProcessJank jank >= threshold
08-29 23:32:36.601 14063 14063 I C02d06/XCollie: Application is in starting period.
08-29 23:32:36.601 14063 14063 I C0390c/AceFont: [(100000:100000:scope)] LoadFontFromList familyName:ReaderInter, length:879708
08-29 23:32:36.601 14063 14340 I C02b61/ImageSource: CreatePixelMap success, id:1788017556601448,dSize:(0,0),srcSize: (150,200),dHdr:1,sHdr:1,memType: 2,cost 419 us
08-29 23:32:36.601 14063 14340 E C02b61/PixelMap: set ashmem name failed
08-29 23:32:36.602 14063 14063 I C01406/OHOS::RS: RSInterfaces: Register typeface with share memory, name: Inter Variable hash: 2889855663
08-29 23:32:36.602   832   300 I C01406/RSClientToServiceConnection: RegisterTypeface: Failed to find typeface in cache, create a new typeface.
08-29 23:32:36.602 14063 14063 I C01408/Text: RegisterTypeface: Succeed in registering typeface, family name: ReaderInter, hash: 233670168
08-29 23:32:36.602 14063 14063 I C01408/Text: RegisterTypeface: Reg fontmgr typeface: family name:readerinter, uniqueid:156
08-29 23:32:36.602 14063 14063 E C01408/Text: GetFileData: Path or realPath is nullptr
08-29 23:32:36.602 14063 14063 E C01408/Text: CheckConfigFile: Null data
08-29 23:32:36.602 14063 14063 E C01408/Text: ParseConfig: Failed to check config file
08-29 23:32:36.602 14063 14063 E C01408/Text: FontConfig: Failed to parse config, ret 1
08-29 23:32:36.602 14063 14063 E C01408/Text: GetFileData: Path or realPath is nullptr
08-29 23:32:36.602 14063 14063 E C01408/Text: CheckConfigFile: Null data
08-29 23:32:36.602 14063 14063 E C01408/Text: ParseConfig: Failed to check config file
08-29 23:32:36.602 14063 14063 E C01408/Text: FontConfig: Failed to parse config, ret 1
08-29 23:32:36.603 14063 14063 I C03913/AceText: [(100000:100000:scope)] FontRegisterCallback callback id:32
08-29 23:32:36.603 14063 14063 I C03913/AceText: [(100000:100000:scope)] FontRegisterCallback callback id:36
08-29 23:32:36.603 14063 14063 I C03913/AceText: [(100000:100000:scope)] FontRegisterCallback callback id:38
08-29 23:32:36.603 14063 14063 I C03913/AceText: [(100000:100000:scope)] FontRegisterCallback callback id:41
08-29 23:32:36.603 14063 14063 I C03913/AceText: [(100000:100000:scope)] FontRegisterCallback callback id:68
08-29 23:32:36.603 14063 14063 I C03913/AceText: [(100000:100000:scope)] FontRegisterCallback callback id:70
08-29 23:32:36.603 14063 14063 I C0390c/AceFont: [(100000:100000:scope)] Load Success! NotifyCallbacks [familyName:ReaderInter][size:6][nodes:[32, 36, 38, 41, 68, 70, ]]
08-29 23:32:36.603 14063 14063 E C02b61/PixelMap: set ashmem name failed
08-29 23:32:36.603 14063 14063 E C02b61/PixelMap: set ashmem name failed
08-29 23:32:36.603 14063 14063 I C0390c/AceFont: [(100000:100000:scope)] LoadFontFromList familyName:ReaderLXGWWenKaiGBLite, length:14116284
08-29 23:32:36.610   832   832 E C01406/RSScreenManager: IsAllScreensPowerOff: screenPowerStatus_ is empty.
08-29 23:32:36.612 14063 14063 I C01406/OHOS::RS: RSInterfaces: Register typeface with share memory, name: LXGW WenKai GB Lite hash: 1687596207
08-29 23:32:36.612   832   300 I C01406/RSClientToServiceConnection: RegisterTypeface: Failed to find typeface in cache, create a new typeface.
08-29 23:32:36.612 14063 14063 I C01408/Text: RegisterTypeface: Succeed in registering typeface, family name: ReaderLXGWWenKaiGBLite, hash: 3694131629
08-29 23:32:36.612 14063 14063 I C01408/Text: RegisterTypeface: Reg fontmgr typeface: family name:readerlxgwwenkaigblite, uniqueid:157
08-29 23:32:36.612 14063 14063 I C0390c/AceFont: [(100000:100000:scope)] Load Success! NotifyCallbacks [familyName:ReaderLXGWWenKaiGBLite][size:0][nodes:[]]
08-29 23:32:36.614 14063 14063 W C03913/AceText: [(100000:100000:scope)] destroy TxtParagraph with placeholderCnt_ 0, textAlign_ 0, count 0
08-29 23:32:36.616 14063 14063 I C0390c/AceFont: [(100000:100000:scope)] LoadFontFromList familyName:ReaderZhuqueFangsong, length:8824084
08-29 23:32:36.621 14063 14063 I C01406/OHOS::RS: RSInterfaces: Register typeface with share memory, name: Zhuque Fangsong (technical preview) hash: 209052611
08-29 23:32:36.621   832   300 I C01406/RSClientToServiceConnection: RegisterTypeface: Failed to find typeface in cache, create a new typeface.
08-29 23:32:36.621 14063 14063 I C01408/Text: RegisterTypeface: Succeed in registering typeface, family name: ReaderZhuqueFangsong, hash: 3124479765
08-29 23:32:36.621 14063 14063 I C01408/Text: RegisterTypeface: Reg fontmgr typeface: family name:readerzhuquefangsong, uniqueid:158
08-29 23:32:36.621 14063 14063 I C0390c/AceFont: [(100000:100000:scope)] Load Success! NotifyCallbacks [familyName:ReaderZhuqueFangsong][size:0][nodes:[]]
08-29 23:32:36.625   832   832 E C01406/RSScreenManager: IsAllScreensPowerOff: screenPowerStatus_ is empty.
08-29 23:32:36.628   607   975 W C02515/DISP: [SetLayerMaskInfo:495] <private> is not supported
08-29 23:32:36.628   607   975 I C02515/DISP: [CommitComposeLayer:67] CommitComposeLayer! 10
08-29 23:32:36.630   282 13951 E C01704/TagSched: [a92abcfb941fc9b] [OpenQosCtrl]Failed to open qos_ctrl device
08-29 23:32:36.630   282 13951 E C01704/TagSched: [a92abcfb941fc9b] [IsQosHandleOpen]get qosSetHandle_ fail
08-29 23:32:36.630   282 13951 E C01704/TagSched: [a92abcfb941fc9b] [SetQosInternal]qosSetHandle open fail
08-29 23:32:36.630   282 13951 E C01704/TagSched: [a92abcfb941fc9b] [OpenQosCtrl]Failed to open qos_ctrl device
08-29 23:32:36.630   282 13951 E C01704/TagSched: [a92abcfb941fc9b] [IsQosHandleOpen]get qosSetHandle_ fail
08-29 23:32:36.630   282 13951 E C01704/TagSched: [a92abcfb941fc9b] [SetQosInternal]qosSetHandle open fail
08-29 23:32:36.630   282 13951 E C01704/TagSched: [a92abcfb941fc9b] [OpenQosCtrl]Failed to open qos_ctrl device
08-29 23:32:36.630   282 13951 E C01704/TagSched: [a92abcfb941fc9b] [IsQosHandleOpen]get qosSetHandle_ fail
08-29 23:32:36.630   282 13951 E C01704/TagSched: [a92abcfb941fc9b] [SetQosInternal]qosSetHandle open fail
08-29 23:32:36.630   282 13951 E C01704/TagSched: [a92abcfb941fc9b] [OpenQosCtrl]Failed to open qos_ctrl device
08-29 23:32:36.630   282 13951 E C01704/TagSched: [a92abcfb941fc9b] [IsQosHandleOpen]get qosSetHandle_ fail
08-29 23:32:36.630   282 13951 E C01704/TagSched: [a92abcfb941fc9b] [SetQosInternal]qosSetHandle open fail
08-29 23:32:36.630   282 13951 E C01704/TagSched: [a92abcfb941fc9b] [OpenQosCtrl]Failed to open qos_ctrl device
08-29 23:32:36.630   282 13951 E C01704/TagSched: [a92abcfb941fc9b] [IsQosHandleOpen]get qosSetHandle_ fail
08-29 23:32:36.630   282 13951 E C01704/TagSched: [a92abcfb941fc9b] [SetQosInternal]qosSetHandle open fail
08-29 23:32:36.630   282 13951 E C01704/TagSched: [a92abcfb941fc9b] [OpenQosCtrl]Failed to open qos_ctrl device
08-29 23:32:36.630   282 13951 E C01704/TagSched: [a92abcfb941fc9b] [IsQosHandleOpen]get qosSetHandle_ fail
08-29 23:32:36.630   282 13951 E C01704/TagSched: [a92abcfb941fc9b] [SetQosInternal]qosSetHandle open fail
08-29 23:32:36.630   282 13951 E C01704/TagSched: [a92abcfb941fc9b] [OpenQosCtrl]Failed to open qos_ctrl device
08-29 23:32:36.630   282 13951 E C01704/TagSched: [a92abcfb941fc9b] [IsQosHandleOpen]get qosSetHandle_ fail
08-29 23:32:36.630   282 13951 E C01704/TagSched: [a92abcfb941fc9b] [SetQosInternal]qosSetHandle open fail
08-29 23:32:36.630   282 13951 E C01704/TagSched: [a92abcfb941fc9b] [OpenQosCtrl]Failed to open qos_ctrl device
08-29 23:32:36.630   282 13951 E C01704/TagSched: [a92abcfb941fc9b] [IsQosHandleOpen]get qosSetHandle_ fail
08-29 23:32:36.630   282 13951 E C01704/TagSched: [a92abcfb941fc9b] [SetQosInternal]qosSetHandle open fail
08-29 23:32:36.637   240   600 I C02699/MM: HandleLevelReport (1558)Psi trigger, L=0
08-29 23:32:36.637   240 13838 W C02699/MM: PsiHandlerInner level:0, skip.
08-29 23:32:36.637   240   600 I C02699/MM: ReadFile read fail: /dev/memcg/memory.zswapd_presure_show
08-29 23:32:36.637   240   600 E C02699/MM: GetPressureMbStrings kernel pressure miss: key=stability_rollup
08-29 23:32:36.637   240   600 E C02699/MM: ReadValuesFromFileWithoutLock Pressure fallback failed for key=stability_rollup
08-29 23:32:36.637   240   600 E C02699/MM: GetPressureKbLockedMap stoi fail for key=stability_rollup
08-29 23:32:36.637   240   600 E C02699/MM: IsBetaUser get logtype property fail
08-29 23:32:36.644   607   975 W C02515/DISP: [SetLayerMaskInfo:495] <private> is not supported
08-29 23:32:36.644   607   975 I C02515/DISP: [CommitComposeLayer:67] CommitComposeLayer! 10
08-29 23:32:36.671 14063 14063 I C0390c/AceFont: [(100000:100000:scope)] LoadFontFromList familyName:ReaderLXGWWenKaiLite, length:13872424
08-29 23:32:36.673 14063 14333 I C02d11/DfxUnwinder: UnwindLocal:: fpUnwind: 0
08-29 23:32:36.674 14063 14333 I C02d11/DfxUnwinder: First enter fp step, pc: <private>
08-29 23:32:36.677 14063 14333 I C02d11/DfxBacktrace: GetBacktrace elapsed time: 8 ms
08-29 23:32:36.679 14063 14063 I C01406/OHOS::RS: RSInterfaces: Register typeface with share memory, name: LXGW WenKai Lite hash: 2927819943
08-29 23:32:36.679 14063 14333 W C02515/DGLES: [recycle_resource_id@context_common.cpp:598] null gpu context, give up recycle ids
08-29 23:32:36.679   832   300 I C01406/RSClientToServiceConnection: RegisterTypeface: Failed to find typeface in cache, create a new typeface.
08-29 23:32:36.679 14063 14063 I C01408/Text: RegisterTypeface: Succeed in registering typeface, family name: ReaderLXGWWenKaiLite, hash: 1648868523
08-29 23:32:36.679 14063 14063 I C01408/Text: RegisterTypeface: Reg fontmgr typeface: family name:readerlxgwwenkailite, uniqueid:159
08-29 23:32:36.679 14063 14063 I C0390c/AceFont: [(100000:100000:scope)] Load Success! NotifyCallbacks [familyName:ReaderLXGWWenKaiLite][size:0][nodes:[]]
08-29 23:32:36.680 14063 14063 I C02d66/Hiview-PerfMonitor: ProcessJank: JankFrameMonitor::ProcessJank jank >= threshold
08-29 23:32:36.681 14063 14063 I C0390c/AceFont: [(100000:100000:scope)] LoadFontFromList familyName:ReaderNotoSansSC, length:15054748
08-29 23:32:36.688 14063 14063 I C01406/OHOS::RS: RSInterfaces: Register typeface with share memory, name: Noto Sans SC hash: 3152194041
08-29 23:32:36.689   832   300 I C01406/RSClientToServiceConnection: RegisterTypeface: Failed to find typeface in cache, create a new typeface.
08-29 23:32:36.689 14063 14063 I C01408/Text: RegisterTypeface: Succeed in registering typeface, family name: ReaderNotoSansSC, hash: 1653643523
08-29 23:32:36.689 14063 14063 I C01408/Text: RegisterTypeface: Reg fontmgr typeface: family name:readernotosanssc, uniqueid:160
08-29 23:32:36.689 14063 14063 I C03913/AceText: [(100000:100000:scope)] FontRegisterCallback callback id:81
08-29 23:32:36.689 14063 14063 I C03913/AceText: [(100000:100000:scope)] FontRegisterCallback callback id:86
08-29 23:32:36.689 14063 14063 I C0390c/AceFont: [(100000:100000:scope)] Load Success! NotifyCallbacks [familyName:ReaderNotoSansSC][size:2][nodes:[81, 86, ]]
08-29 23:32:36.690 14063 14063 I C0390c/AceFont: [(100000:100000:scope)] LoadFontFromList familyName:ReaderNotoSerifSCBold, length:14853692
08-29 23:32:36.698 14063 14063 I C01406/OHOS::RS: RSInterfaces: Register typeface with share memory, name: Noto Serif SC hash: 932113750
08-29 23:32:36.698   832   300 I C01406/RSClientToServiceConnection: RegisterTypeface: Failed to find typeface in cache, create a new typeface.
08-29 23:32:36.698 14063 14063 I C01408/Text: RegisterTypeface: Succeed in registering typeface, family name: ReaderNotoSerifSCBold, hash: 742227898
08-29 23:32:36.698 14063 14063 I C01408/Text: RegisterTypeface: Reg fontmgr typeface: family name:readernotoserifscbold, uniqueid:161
08-29 23:32:36.698 14063 14063 I C03913/AceText: [(100000:100000:scope)] FontRegisterCallback callback id:34
08-29 23:32:36.698 14063 14063 I C03913/AceText: [(100000:100000:scope)] FontRegisterCallback callback id:67
08-29 23:32:36.698 14063 14063 I C03913/AceText: [(100000:100000:scope)] FontRegisterCallback callback id:88
08-29 23:32:36.698 14063 14063 I C0390c/AceFont: [(100000:100000:scope)] Load Success! NotifyCallbacks [familyName:ReaderNotoSerifSCBold][size:3][nodes:[34, 67, 88, ]]
08-29 23:32:36.699 14063 14063 I C0390c/AceFont: [(100000:100000:scope)] LoadFontFromList familyName:ReaderNotoSerifSCRegular, length:14854712
08-29 23:32:36.707 14063 14063 I C01406/OHOS::RS: RSInterfaces: Register typeface with share memory, name: Noto Serif SC hash: 2436374352
08-29 23:32:36.707   832   300 I C01406/RSClientToServiceConnection: RegisterTypeface: Failed to find typeface in cache, create a new typeface.
08-29 23:32:36.707 14063 14063 I C01408/Text: RegisterTypeface: Succeed in registering typeface, family name: ReaderNotoSerifSCRegular, hash: 4148812245
08-29 23:32:36.708 14063 14063 I C01408/Text: RegisterTypeface: Reg fontmgr typeface: family name:readernotoserifscregular, uniqueid:162
08-29 23:32:36.708 14063 14063 I C0390c/AceFont: [(100000:100000:scope)] Load Success! NotifyCallbacks [familyName:ReaderNotoSerifSCRegular][size:0][nodes:[]]
08-29 23:32:36.708 14063 14063 I C0390c/AceFont: [(100000:100000:scope)] LoadFontFromList familyName:ReaderSarasaMonoSC, length:25541448
08-29 23:32:36.721 14063 14063 I C01406/OHOS::RS: RSInterfaces: Register typeface with share memory, name: Sarasa Mono SC hash: 14451395
08-29 23:32:36.721   832   300 I C01406/RSClientToServiceConnection: RegisterTypeface: Failed to find typeface in cache, create a new typeface.
08-29 23:32:36.721 14063 14063 I C01408/Text: RegisterTypeface: Succeed in registering typeface, family name: ReaderSarasaMonoSC, hash: 2225925565
08-29 23:32:36.721 14063 14063 I C01408/Text: RegisterTypeface: Reg fontmgr typeface: family name:readersarasamonosc, uniqueid:163
08-29 23:32:36.721 14063 14063 I C0390c/AceFont: [(100000:100000:scope)] Load Success! NotifyCallbacks [familyName:ReaderSarasaMonoSC][size:0][nodes:[]]
08-29 23:32:36.736   832   832 E C01406/RSScreenManager: IsAllScreensPowerOff: screenPowerStatus_ is empty.
08-29 23:32:36.772 14347 14347 W C02c02/PARAM: Selinux check name persist.init.debug.loglevel in u:object_r:startup_init_param:s0 [14347 2000 2000] failed
08-29 23:32:36.772 14347 14347 W C02c02/PARAM: Selinux check name persist.init.debug.loglevel in u:object_r:startup_init_param:s0 [14347 2000 2000] failed
08-29 23:32:36.772 14347 14347 W C02c02/PARAM: SystemReadParam failed!name is:persist.init.debug.loglevel,err:1002
08-29 23:32:36.776 14349 14349 W C02c02/PARAM: Selinux check name persist.init.debug.loglevel in u:object_r:startup_init_param:s0 [14349 2000 2000] failed
08-29 23:32:36.776 14349 14349 W C02c02/PARAM: Selinux check name persist.init.debug.loglevel in u:object_r:startup_init_param:s0 [14349 2000 2000] failed
08-29 23:32:36.776 14349 14349 W C02c02/PARAM: SystemReadParam failed!name is:persist.init.debug.loglevel,err:1002
08-29 23:32:36.776 14350 14350 W C02c02/PARAM: Selinux check name persist.init.debug.loglevel in u:object_r:startup_init_param:s0 [14350 2000 2000] failed
08-29 23:32:36.776 14350 14350 W C02c02/PARAM: Selinux check name persist.init.debug.loglevel in u:object_r:startup_init_param:s0 [14350 2000 2000] failed
08-29 23:32:36.776 14350 14350 W C02c02/PARAM: SystemReadParam failed!name is:persist.init.debug.loglevel,err:1002
08-29 23:32:36.777 14351 14351 W C02c02/PARAM: Selinux check name persist.init.debug.loglevel in u:object_r:startup_init_param:s0 [14351 2000 2000] failed
08-29 23:32:36.777 14351 14351 W C02c02/PARAM: Selinux check name persist.init.debug.loglevel in u:object_r:startup_init_param:s0 [14351 2000 2000] failed
08-29 23:32:36.777 14351 14351 W C02c02/PARAM: SystemReadParam failed!name is:persist.init.debug.loglevel,err:1002
08-29 23:32:36.785 14352 14352 W C02c02/PARAM: Selinux check name persist.init.debug.loglevel in u:object_r:startup_init_param:s0 [14352 2000 2000] failed
08-29 23:32:36.785 14352 14352 W C02c02/PARAM: Selinux check name persist.init.debug.loglevel in u:object_r:startup_init_param:s0 [14352 2000 2000] failed
08-29 23:32:36.785 14352 14352 W C02c02/PARAM: SystemReadParam failed!name is:persist.init.debug.loglevel,err:1002
08-29 23:32:36.785 14353 14353 W C02c02/PARAM: Selinux check name persist.init.debug.loglevel in u:object_r:startup_init_param:s0 [14353 2000 2000] failed
08-29 23:32:36.785 14353 14353 W C02c02/PARAM: Selinux check name persist.init.debug.loglevel in u:object_r:startup_init_param:s0 [14353 2000 2000] failed
08-29 23:32:36.785 14353 14353 W C02c02/PARAM: SystemReadParam failed!name is:persist.init.debug.loglevel,err:1002
08-29 23:32:36.804   607   975 W C02515/DISP: [SetLayerMaskInfo:495] <private> is not supported
08-29 23:32:36.804   607   975 I C02515/DISP: [CommitComposeLayer:67] CommitComposeLayer! 10
08-29 23:32:36.829   606  2414 I C02515/DISP: [InitBufferHandle:229] express init gbuffer id 96e0000074d ret 0 err 0 fd 6 1 1 pixel 4 size 4 usage 408
08-29 23:32:36.829   606  2414 I C02515/DISP: [ExpressAllocMem:271] ExpressAllocMem requeset BufferHandle 6, width 1, heigt 1, format 12
08-29 23:32:36.830   606  2414 I C02515/DISP: [ExpressFreeMem:317] freeMem bufferhandle gbuffer_id 96e0000074d, width 1, heigt 1
08-29 23:32:36.848   125   513 I C01800/SAMGR: NF SA:65962,876_43828
08-29 23:32:36.881 14063 14333 W C02510/load_hdi: OpenHdiServiceImpl failed to get symbol of 'MapperImplRelease', do_dlsym failed: Symbol not found: MapperImplRelease, version: null so=/vendor/lib64/chipsetsdk/libmapper_service_1.0.z.so
08-29 23:32:36.881 14063 14333 I C02515/DISP: [DisplayBufferVdiImpl:33] start to initialize DisplayBufferVdiImpl
08-29 23:32:36.881 14063 14333 W C02510/load_hdi: OpenHdiServiceImpl failed to get symbol of 'MetadataImplRelease', do_dlsym failed: Symbol not found: MetadataImplRelease, version: null so=/vendor/lib64/chipsetsdk/libmetadata_service_1.1.z.so
08-29 23:32:36.881 14063 14333 I C02515/DISP: [DisplayBufferVdiImpl:33] start to initialize DisplayBufferVdiImpl
08-29 23:32:36.884 14063 14333 W C02510/load_hdi: OpenHdiServiceImpl failed to get symbol of 'MapperImplRelease', do_dlsym failed: Symbol not found: MapperImplRelease, version: null so=/vendor/lib64/chipsetsdk/libmapper_service_1.2.z.so
08-29 23:32:36.884 14063 14333 I C02515/DISP: [DisplayBufferVdiImpl:33] start to initialize DisplayBufferVdiImpl
08-29 23:32:36.884 14063 14333 W C02510/load_hdi: OpenHdiServiceImpl failed to get symbol of 'MapperImplRelease', do_dlsym failed: Symbol not found: MapperImplRelease, version: null so=/vendor/lib64/passthrough/libmapper_service_1.3.z.so
08-29 23:32:36.884 14063 14333 I C02515/DISP: [DisplayBufferVdiImpl:33] start to initialize DisplayBufferVdiImpl
08-29 23:32:36.905 14063 14332 I C01406/OHOS::RS: RSFrameRateLinker::Create id: 60400125083650
08-29 23:32:36.906 14063 14332 I C04500/webadapter: ReportKeyThread: ReportKeyThread status: 0, uid: 20020073, pid: 14063, tid:14354, role: 0
08-29 23:32:36.906   832   300 I C01400/Vsync: RequestNextVSync: First vsync is requested, name: NWeb_14063
08-29 23:32:36.906   832   300 I C01400/Vsync: RequestNextVSync: First vsync RequestNextVSync conn:NWeb_14063, rate:0, highPriorityRate:-1
08-29 23:32:36.908   832   953 I C01400/Vsync: OnVSyncTrigger: F send
08-29 23:32:36.908   832   953 I C01400/Vsync: PostEvent: First vsync has send to : NWeb_14063
08-29 23:32:36.910   266   544 E C01700/RSS: [a92ab0fb94de26c] DeliverResource, PluginMgr resType 1002 no lib register!
08-29 23:32:36.910   282 14335 E C01704/TagSched: [a92ab0fb94de26c] [ExecutorCheckTidIsInPid][Executor] ExecutorCheckTidIsInPid get reply is invalied
08-29 23:32:36.910   282 13948 I C01702/CgroupEventHandler: [a92ab0fb94de26c] HandleReportKeyThread : appName: io.reader.harmonyos, uid: 20020073, pid: 14063, keyTid: 14354
08-29 23:32:36.973 14063 14333 W C02515/DGLES: [recycle_resource_id@context_common.cpp:598] null gpu context, give up recycle ids
08-29 23:32:36.973 14063 14333 W C02515/DGLES: [recycle_resource_id@context_common.cpp:598] null gpu context, give up recycle ids
08-29 23:32:37.006   325   381 I C01f0b/ConnCure: ProcessTransitionToHicure
08-29 23:32:37.006   325   381 I C01f0b/ConnCure: cachedPackageName_: io.reader.harmonyos
08-29 23:32:37.006   325   381 W C01f04/MultiSimontroller: [GetSimAccountInfo-(multi_sim_controller.cpp:1141)] slotId 0 is invalid
08-29 23:32:37.006   325   381 E C01f04/TelephonySubsystem: GetSimAccountInfo fail!
08-29 23:32:37.006   325   381 E C01f04/TelephonySubsystem: simId  is invalid
08-29 23:32:37.007   325   381 E C01f04/MultiSimontroller: failed by nullptr
08-29 23:32:37.007   325   381 E C01f04/TelephonySubsystem: slotId is invalid by vec.size(), slotId = -1
08-29 23:32:37.007   325   381 E C01f04/TelephonySubsystem: simStateManager is null!
08-29 23:32:37.007   325   381 I C01f0b/ConnCure: IsTestSimCard: -1, 
08-29 23:32:37.007   325   381 E C01f0b/ConnCure: getSimOperator error
08-29 23:32:37.007   325   381 I C01f0b/ConnCure: get isInPunishTime_: 0
08-29 23:32:37.007   325   381 I C01f0b/ConnCure: not support vsim service
08-29 23:32:37.007   325   381 I C01f0b/ConnCure: airplane mode is 0
08-29 23:32:37.007   325   381 E C01f04/MultiSimontroller: failed by nullptr
08-29 23:32:37.007   325   381 E C01f0b/ConnCure: phoneStates_ not find slotid=-1
08-29 23:32:37.007   325   381 I C01f0b/ConnCure: canPerformConnCure: network is not in service.
08-29 23:32:37.007   325   381 I C01f0b/ConnCure: IsSystemCheck, ret:0
08-29 23:32:37.007   325   381 I C01f0b/ConnCure: IsUserDataEnabled: 1
08-29 23:32:37.007   325   381 I C01f0b/ConnCure: IsCaredApp:1, isAllowed:1, isDataEnabled:1
08-29 23:32:37.008   325   381 I C01f0b/ConnCure: IsUserDataEnabled: 1
08-29 23:32:37.008   325   381 W C01f04/MultiSimontroller: [GetSimAccountInfo-(multi_sim_controller.cpp:1141)] slotId 0 is invalid
08-29 23:32:37.008   325   381 E C01f04/TelephonySubsystem: GetSimAccountInfo fail!
08-29 23:32:37.008   325   381 W C01f04/MultiSimontroller: [GetSimAccountInfo-(multi_sim_controller.cpp:1141)] slotId 1 is invalid
08-29 23:32:37.008   325   381 E C01f04/TelephonySubsystem: GetSimAccountInfo fail!
08-29 23:32:37.008   325   381 E C01f0b/ConnCure: phoneStates_ find: slotId=0, callState=-1
08-29 23:32:37.008   325   381 E C01f0b/ConnCure: phoneStates_ find: slotId=1, callState=-1
08-29 23:32:37.008   325   381 I C01f0b/ConnCure: mainCallState: -1, slaveCallState: -1
08-29 23:32:37.009   832   864 E C02515/DISP: [0;32;31m[DmaBufferSync:163] express DmaBufferSync sync nothing usage 1032 type 2[m
08-29 23:32:37.009   832   864 I C02515/DISP: [ExpressFreeMem:317] freeMem bufferhandle gbuffer_id 96e0000074d, width 1, heigt 1
08-29 23:32:37.010 14063 14333 I C02515/DISP: [ExpressFreeMem:317] freeMem bufferhandle gbuffer_id 96e0000074d, width 1, heigt 1
08-29 23:32:37.013 14063 14333 W C02515/DGLES: [recycle_resource_id@context_common.cpp:598] null gpu context, give up recycle ids
08-29 23:32:37.015   606  2414 I C02515/DISP: [InitBufferHandle:229] express init gbuffer id 96e0000074e ret 0 err 0 fd 6 4 4 pixel 4 size 64 usage 408
08-29 23:32:37.015   606  2414 I C02515/DISP: [ExpressAllocMem:271] ExpressAllocMem requeset BufferHandle 6, width 4, heigt 4, format 12
08-29 23:32:37.016   606  2414 I C02515/DISP: [ExpressFreeMem:317] freeMem bufferhandle gbuffer_id 96e0000074e, width 4, heigt 4
08-29 23:32:37.019 14063 14333 E C02515/DGLES: [d_glGetIntegerv_special@glv3_status.cpp:2708] unknown pname 8b9b data 0
08-29 23:32:37.019 14063 14333 E C02515/DGLES: [d_glGetIntegerv_special@glv3_status.cpp:2708] unknown pname 8b9a data 0
08-29 23:32:37.019 14063 14333 I C01706/RsFrameReportExt: RsFrameReportExt:[LoadLibrary] load library success!
08-29 23:32:37.019 14063 14333 I C01706/RsFrameReportExt: RsFrameReportExt:[Init] dlopen libframe_ui_intf.so success!
08-29 23:32:37.019 14063 14333 I C01404/FrameSched: LoadLibrary: load library success!
08-29 23:32:37.021   606  2414 I C02515/DISP: [InitBufferHandle:229] express init gbuffer id 96e0000074f ret 0 err 0 fd 6 4 4 pixel 4 size 64 usage 408
08-29 23:32:37.021   606  2414 I C02515/DISP: [ExpressAllocMem:271] ExpressAllocMem requeset BufferHandle 6, width 4, heigt 4, format 12
08-29 23:32:37.022   606  2414 I C02515/DISP: [ExpressFreeMem:317] freeMem bufferhandle gbuffer_id 96e0000074f, width 4, heigt 4
08-29 23:32:37.023 14063 14333 E C02515/DGLES: [d_eglSwapBuffers_special@egl_gpu.cpp:566] sync get ret 0 error 1 sync_fd 153
08-29 23:32:37.029 14357 14357 W C02c02/PARAM: Selinux check name persist.init.debug.loglevel in u:object_r:startup_init_param:s0 [14357 2000 2000] failed
08-29 23:32:37.029 14357 14357 W C02c02/PARAM: Selinux check name persist.init.debug.loglevel in u:object_r:startup_init_param:s0 [14357 2000 2000] failed
08-29 23:32:37.029 14357 14357 W C02c02/PARAM: SystemReadParam failed!name is:persist.init.debug.loglevel,err:1002
08-29 23:32:37.032 14359 14359 W C02c02/PARAM: Selinux check name persist.init.debug.loglevel in u:object_r:startup_init_param:s0 [14359 2000 2000] failed
08-29 23:32:37.032 14359 14359 W C02c02/PARAM: Selinux check name persist.init.debug.loglevel in u:object_r:startup_init_param:s0 [14359 2000 2000] failed
08-29 23:32:37.032 14359 14359 W C02c02/PARAM: SystemReadParam failed!name is:persist.init.debug.loglevel,err:1002
08-29 23:32:37.034   832   832 E C01406/RSScreenManager: IsAllScreensPowerOff: screenPowerStatus_ is empty.
08-29 23:32:37.037 14360 14360 W C02c02/PARAM: Selinux check name persist.init.debug.loglevel in u:object_r:startup_init_param:s0 [14360 2000 2000] failed
08-29 23:32:37.037 14360 14360 W C02c02/PARAM: Selinux check name persist.init.debug.loglevel in u:object_r:startup_init_param:s0 [14360 2000 2000] failed
08-29 23:32:37.037 14360 14360 W C02c02/PARAM: SystemReadParam failed!name is:persist.init.debug.loglevel,err:1002
08-29 23:32:37.039 13899 13922 I C01120/BMS: execute begin BmsCriticalTask
08-29 23:32:37.039   832   943 E C02515/DGLES: [d_eglSwapBuffers_special@egl_gpu.cpp:729] thread output size 705548 speed 674k/s API_num 2155
08-29 23:32:37.039 13899 13922 I C01122/BMSInstalld: critical_manager.cpp:operator():77 SetCritical false
08-29 23:32:37.039 13899 13922 W C02699/MM: SetCritical mini system not enable, pid:13899
08-29 23:32:37.049   125   513 I C01800/SAMGR: NF SA:65962,876_43829
08-29 23:32:37.052   607   975 W C02515/DISP: [SetLayerMaskInfo:495] <private> is not supported
08-29 23:32:37.053   607   975 I C02515/DISP: [CommitComposeLayer:67] CommitComposeLayer! 10
08-29 23:32:37.250   125   513 I C01800/SAMGR: NF SA:65962,876_43830
08-29 23:32:37.250 21767 21767 W A01c06/ICON: AppIconWeatherModel --> initWeatherListener, retryTimes: 4
08-29 23:32:37.251   468   550 E C01707/CONCUR: [Interface] task 550 apply qos failed, errno = 4
08-29 23:32:37.251   468   550 E C01611/QosManager: QosManager: Failed to set thread QoS to QOS_USER_INTERACTIVE, ret: -1
08-29 23:32:37.252   833  1082 W C01123/BMSCommon: bundle not exist -n com.huawei.hmsapp.totemweather -u 100 -i 0 -f 32
08-29 23:32:37.252   833  1082 W C01121/BMSQuery: GetBundleInfo failed -n com.huawei.hmsapp.totemweather -u 100
08-29 23:32:37.252   468   550 E C01651/BundleMgrProxy: GetBundleInfoFromBMS: GetBundleInfo failed!bundleName is com.huawei.hmsapp.totemweather, userId is 100
08-29 23:32:37.252   468   550 E C01651/DataProviderConfig: GetFromProxyData: Get bundleInfo failed! bundleName:com.huawei.hmsapp.totemweather, userId:100, visitedId:100, uri:******icIconInfo
08-29 23:32:37.252   468   550 E C01651/DataShareServiceImpl: GetBMSAndMetaDataStatus: CalledInfo failed! token:0x200ba470,ret:1001,uri:******icIconInfo
08-29 23:32:37.252   468   550 E C01651/DataShareServiceImpl: GetSilentProxyStatus: BMS or metaData not ready to complete, token:0x200ba470, uri:******icIconInfo
08-29 23:32:37.252 21767 21767 E A01c06/ICON: AppIconWeatherModel --> get weather info failed, code: 15700010, message: The DataShareHelper is not initialized successfully.
08-29 23:32:37.254  2543  2543 I C02500/Qemud: Guest heartbeat success.
08-29 23:32:37.452   125   513 I C01800/SAMGR: NF SA:65962,876_43831
08-29 23:32:37.519   125   513 I C01800/SAMGR: NF SA:66006,14063_22
08-29 23:32:37.519 14063 14293 E C057c2/IPCObjectProxy: PrintErrorDetailedInfo: failed, handle:0 error:7 desc:*.accessToken proxy:2720379264 time:538560182792835
08-29 23:32:37.519 14063 14293 W C0470a/GameServicePerf: [(GetReportProxy:27)]Check systemAbility not exist.
08-29 23:32:37.519 14063 14293 E C0470a/GameServicePerf: [(HandleBufferData:65)]GameService-graphics: game opt disable
08-29 23:32:37.561 14362 14362 W C02c02/PARAM: Selinux check name persist.init.debug.loglevel in u:object_r:startup_init_param:s0 [14362 2000 2000] failed
08-29 23:32:37.561 14362 14362 W C02c02/PARAM: Selinux check name persist.init.debug.loglevel in u:object_r:startup_init_param:s0 [14362 2000 2000] failed
08-29 23:32:37.561 14362 14362 W C02c02/PARAM: SystemReadParam failed!name is:persist.init.debug.loglevel,err:1002
08-29 23:32:37.564 14362 14362 W C02c02/PARAM: Selinux check name persist.init.debug.loglevel in u:object_r:startup_init_param:s0 [14362 2000 2000] failed
08-29 23:32:37.564 14362 14362 W C02c02/PARAM: Selinux check name persist.init.debug.loglevel in u:object_r:startup_init_param:s0 [14362 2000 2000] failed
08-29 23:32:37.564 14362 14362 W C02c02/PARAM: SystemReadParam failed!name is:persist.init.debug.loglevel,err:1002
08-29 23:32:37.653   125   513 I C01800/SAMGR: NF SA:65962,876_43832
08-29 23:32:37.655 14063 14184 I C02d06/XCollie: success to submit dump trace
08-29 23:32:37.655 14063 14184 I C02d06/XCollie: Detect collect trace task complete.
08-29 23:32:37.655 14063 14338 I C02d06/XCollie: Start to dump trace failed, openTrace result: 1203
08-29 23:32:37.737   240   600 I C02699/MM: HandleLevelReport (1559)Psi trigger, L=0
08-29 23:32:37.737   240   600 I C02699/MM: ReadFile read fail: /dev/memcg/memory.zswapd_presure_show
08-29 23:32:37.737   240 13837 W C02699/MM: PsiHandlerInner level:0, skip.
08-29 23:32:37.737   240   600 E C02699/MM: GetPressureMbStrings kernel pressure miss: key=stability_rollup
08-29 23:32:37.737   240   600 E C02699/MM: ReadValuesFromFileWithoutLock Pressure fallback failed for key=stability_rollup
08-29 23:32:37.737   240   600 E C02699/MM: GetPressureKbLockedMap stoi fail for key=stability_rollup
08-29 23:32:37.737   240   600 E C02699/MM: IsBetaUser get logtype property fail
08-29 23:32:37.741 14365 14365 W C02c02/PARAM: Selinux check name persist.init.debug.loglevel in u:object_r:startup_init_param:s0 [14365 2000 2000] failed
08-29 23:32:37.741 14365 14365 W C02c02/PARAM: Selinux check name persist.init.debug.loglevel in u:object_r:startup_init_param:s0 [14365 2000 2000] failed
08-29 23:32:37.741 14365 14365 W C02c02/PARAM: SystemReadParam failed!name is:persist.init.debug.loglevel,err:1002
08-29 23:32:37.744 14367 14367 W C02c02/PARAM: Selinux check name persist.init.debug.loglevel in u:object_r:startup_init_param:s0 [14367 2000 2000] failed
08-29 23:32:37.744 14367 14367 W C02c02/PARAM: Selinux check name persist.init.debug.loglevel in u:object_r:startup_init_param:s0 [14367 2000 2000] failed
08-29 23:32:37.744 14367 14367 W C02c02/PARAM: SystemReadParam failed!name is:persist.init.debug.loglevel,err:1002
08-29 23:32:37.744 14369 14369 W C02c02/PARAM: Selinux check name persist.init.debug.loglevel in u:object_r:startup_init_param:s0 [14369 2000 2000] failed
08-29 23:32:37.745 14369 14369 W C02c02/PARAM: Selinux check name persist.init.debug.loglevel in u:object_r:startup_init_param:s0 [14369 2000 2000] failed
08-29 23:32:37.745 14369 14369 W C02c02/PARAM: SystemReadParam failed!name is:persist.init.debug.loglevel,err:1002
08-29 23:32:37.745 14368 14368 W C02c02/PARAM: Selinux check name persist.init.debug.loglevel in u:object_r:startup_init_param:s0 [14368 2000 2000] failed
08-29 23:32:37.745 14368 14368 W C02c02/PARAM: Selinux check name persist.init.debug.loglevel in u:object_r:startup_init_param:s0 [14368 2000 2000] failed
08-29 23:32:37.745 14368 14368 W C02c02/PARAM: SystemReadParam failed!name is:persist.init.debug.loglevel,err:1002
08-29 23:32:37.751 14370 14370 W C02c02/PARAM: Selinux check name persist.init.debug.loglevel in u:object_r:startup_init_param:s0 [14370 2000 2000] failed
08-29 23:32:37.751 14370 14370 W C02c02/PARAM: Selinux check name persist.init.debug.loglevel in u:object_r:startup_init_param:s0 [14370 2000 2000] failed
08-29 23:32:37.751 14370 14370 W C02c02/PARAM: SystemReadParam failed!name is:persist.init.debug.loglevel,err:1002
08-29 23:32:37.751 14371 14371 W C02c02/PARAM: Selinux check name persist.init.debug.loglevel in u:object_r:startup_init_param:s0 [14371 2000 2000] failed
08-29 23:32:37.751 14371 14371 W C02c02/PARAM: Selinux check name persist.init.debug.loglevel in u:object_r:startup_init_param:s0 [14371 2000 2000] failed
08-29 23:32:37.751 14371 14371 W C02c02/PARAM: SystemReadParam failed!name is:persist.init.debug.loglevel,err:1002
08-29 23:32:37.853   125   513 I C01800/SAMGR: NF SA:65962,876_43833
08-29 23:32:37.957 14334     1 I C01706/rtg_interface: rtg fOpen fail, errno = 2(No such file or directory)
08-29 23:32:37.958 14373 14373 W C02c02/PARAM: Selinux check name persist.init.debug.loglevel in u:object_r:startup_init_param:s0 [14373 2000 2000] failed
08-29 23:32:37.958 14373 14373 W C02c02/PARAM: Selinux check name persist.init.debug.loglevel in u:object_r:startup_init_param:s0 [14373 2000 2000] failed
08-29 23:32:37.958 14373 14373 W C02c02/PARAM: SystemReadParam failed!name is:persist.init.debug.loglevel,err:1002
08-29 23:32:37.961 14375 14375 W C02c02/PARAM: Selinux check name persist.init.debug.loglevel in u:object_r:startup_init_param:s0 [14375 2000 2000] failed
08-29 23:32:37.961 14375 14375 W C02c02/PARAM: Selinux check name persist.init.debug.loglevel in u:object_r:startup_init_param:s0 [14375 2000 2000] failed
08-29 23:32:37.961 14375 14375 W C02c02/PARAM: SystemReadParam failed!name is:persist.init.debug.loglevel,err:1002
08-29 23:32:37.963 14334     1 I C02b30/AVCodecClient: {AVCodecClient} 0xAEF088 Instances create
08-29 23:32:37.963 14334     1 I C02b2b/MonitorClient: #36 Instances create
08-29 23:32:37.965 14376 14376 W C02c02/PARAM: Selinux check name persist.init.debug.loglevel in u:object_r:startup_init_param:s0 [14376 2000 2000] failed
08-29 23:32:37.965 14376 14376 W C02c02/PARAM: Selinux check name persist.init.debug.loglevel in u:object_r:startup_init_param:s0 [14376 2000 2000] failed
08-29 23:32:37.965 14376 14376 W C02c02/PARAM: SystemReadParam failed!name is:persist.init.debug.loglevel,err:1002
08-29 23:32:37.967 14334     1 I C02c11/APPSPAWN: [nwebspawn_adapter.cpp:122]dlopen_ns_ext success!!!
08-29 23:32:37.972 14334     1 I C02c11/APPSPAWN: [nwebspawn_adapter.cpp:160]RunChildProcessorNweb /system/bin/web_render#--type=renderer#--string-annotations#--enable-crash-reporter=,#--user-data-dir=/data/storage/el2/base#--user-data-dir=/data/storage/el2/base/cache/web#--log-severity=info#--ohos-scheme-handler-custom-scheme={}#--user-hap-path=/data/storage/el1/bundle/entry.hap#--no-sandbox#--enable-touch-drag-drop#--enable-viewport#--no-zygote#--use-mobile-user-agent#--ozone-platform=headless#--bundle-installation-dir=/data/storage/el1/bundle#--bundle-name=io.reader.harmonyos#--virtual-pixel-ratio=3.500000#--ohos-enable-gwp-asan-type=renderer#--disable-databases#--lang=zh-CN#--num-raster-threads=2#--gpu-rasterization-msaa-sample-count=1#--enable-main-frame-before-activation#--renderer-client-id=3#--time-ticks-at-unix-epoch=-1787478997336672#--launch-time-ticks=538558763468#--shared-files#--field-trial-handle=3,i,9978787070012287939,11194366943651881351,262144#--enable-features=ForceScrollbar,OverlayScrollbar,UseOzonePlatform#--disable-features=BackForwardCache,FencedFrames#--variations-seed-version#--enable-logging=stderr#--v=2#--v=2
08-29 23:32:38.019 14334     1 I C04501/webview: GetArkwebLibPath: get arkweb lib path: /data/storage/el1/bundle/arkwebcore/libs/arm64
08-29 23:32:38.019 14334     1 I C04501/webview: GetArkwebNameSpace: get arkweb name space: nweb_ns
08-29 23:32:38.019 14334     1 E C04501/webview: ArkWebBridgeHelperLoadLibFile: dlns_create failed for '/data/storage/el1/bundle/arkwebcore/libs/arm64': Invalid argument (errno=17)
08-29 23:32:38.019 14334     1 I C04501/webview: ArkWebBridgeHelperLoadLibFile: succeed to load lib file /data/storage/el1/bundle/arkwebcore/libs/arm64/libarkweb_engine.so
08-29 23:32:38.019 14334     1 I C04501/webview: ArkWebBridgeHelperSharedInit: g_webEngineInitFlag set to true. setActiveWebEngineVersion will be ignored.
08-29 23:32:38.020 14334     2 W C057c1/IPCWorkThread: ThreadHandler: proto:0 policy:1 name:OS_IPC_0_2 invoker:2355126912
08-29 23:32:38.020 14334     3 W C057c1/IPCWorkThread: ThreadHandler: proto:0 policy:0 name:OS_IPC_1_3 invoker:2990891904
08-29 23:32:38.020   126   129 I C02c03/PARAM_WATCHER: [watcher_manager.cpp:72]Add remote watcher remoteWatcherId 1028 1 success
08-29 23:32:38.020   126   129 I C02c03/PARAM_WATCHER: SendLocalChange start keyPrefix web.debug.trace remoteWatcherId 1028
08-29 23:32:38.020   126   129 I C02c03/PARAM_WATCHER: [watcher_manager.cpp:187]Add watcher web.debug.trace remoteWatcherId: 1028 groupId 394 success
08-29 23:32:38.020 14334     1 I C02c03/PARAM_WATCHER: Add watcher keyPrefix web.debug.trace remoteWatcherId 1028 success
08-29 23:32:38.020 14334     1 W C02c02/PARAM: Param web.render.dump label gid:3081 uid:3081 mode 040
08-29 23:32:38.020 14334     1 W C02c02/PARAM: Cfg label 696 gid:0 uid:0 mode 01fc 
08-29 23:32:38.020 14334     1 E C02c02/PARAM: Forbid to watcher parameter web.render.dump
08-29 23:32:38.020 14334     1 E C02c0b/BEGET: [service_watcher.c:85]WatchParameter failed! the errNum is 1001
08-29 23:32:38.020 14334     1 I C04501/webadapter: AddAllSysPropWatchers: add watch error result: 1001
08-29 23:32:38.020 14334     3 I C04501/webadapter: DispatchAllWatcherInfo: no observers in this key: web.debug.trace
08-29 23:32:38.021 14334     1 W C04501/webview: ParsePerfConfig: not found perf config for web_config: factoryConfig/factoryLevel
08-29 23:32:38.021 14334     1 W C04501/webview: ParsePerfConfig: not found perf config for web_config: factoryConfig/factoryLevel
08-29 23:32:38.021 14334     1 W C04501/webadapter: GetProductDeviceType: read config factoryLevel: fail
08-29 23:32:38.021   833  1082 W C011fc/BMSExt: [GetCompatibleDeviceType:748]bundleName is empty
08-29 23:32:38.023 14334     1 I C01311/AppMS: [app_mgr_client.cpp1078]AttachRenderProcess
08-29 23:32:38.023   833  1082 I C01311/AppMS: [app_mgr_service.cpp1128]AttachRenderProcess
08-29 23:32:38.023   833 13974 I C01311/AppMS: [AMSI7055]attachRenderProcess start
08-29 23:32:38.023   833 13974 I C01311/AppMS: [AMSI7094]attachRenderProcess_14334, notify fd
08-29 23:32:38.023   833 13974 W C01311/AppMS: [render_scheduler_proxy.cpp56]write browser failed!
08-29 23:32:38.023 14334     3 I C01311/AppMS: [render_scheduler_host.cpp31]RenderSchedulerHost::OnReceived, code = 1, flags= 1.
08-29 23:32:38.024 14334     1 I C04501/webadapter: AttachSysPropObserver: properties key invalid in attach
08-29 23:32:38.026 14063 14277 I C04500/webadapter: ReportKeyThread: ReportKeyThread status: 0, uid: 20020073, pid: 14334, tid:14383, role: 0
08-29 23:32:38.026   266   545 E C01700/RSS: [a92ab1fb9606862] DeliverResource, PluginMgr resType 1002 no lib register!
08-29 23:32:38.027   282 13951 E C01704/TagSched: [a92ab1fb9606862] [ExecutorCheckTidIsInPid][Executor] ExecutorCheckTidIsInPid get reply is invalied
08-29 23:32:38.027   282 13921 I C01702/CgroupEventHandler: [a92ab1fb9606862] HandleReportKeyThread : appName: io.reader.harmonyos, uid: 20020073, pid: 14334, keyTid: 14383
08-29 23:32:38.027   282 13951 E C01704/TagSched: [a92ab2fb96068dc] [OpenQosCtrl]Failed to open qos_ctrl device
08-29 23:32:38.027   282 13951 E C01704/TagSched: [a92ab2fb96068dc] [IsQosHandleOpen]get qosSetHandle_ fail
08-29 23:32:38.027   282 13951 E C01704/TagSched: [a92ab2fb96068dc] [SetQosInternal]qosSetHandle open fail
08-29 23:32:38.027   282 13951 E C01704/TagSched: [a92ab2fb96068dc] [OpenQosCtrl]Failed to open qos_ctrl device
08-29 23:32:38.027   282 13951 E C01704/TagSched: [a92ab2fb96068dc] [IsQosHandleOpen]get qosSetHandle_ fail
08-29 23:32:38.027   282 13951 E C01704/TagSched: [a92ab2fb96068dc] [SetQosInternal]qosSetHandle open fail
08-29 23:32:38.027   282 13951 E C01704/TagSched: [a92ab2fb96068dc] [OpenQosCtrl]Failed to open qos_ctrl device
08-29 23:32:38.027   282 13951 E C01704/TagSched: [a92ab2fb96068dc] [IsQosHandleOpen]get qosSetHandle_ fail
08-29 23:32:38.027   282 13951 E C01704/TagSched: [a92ab2fb96068dc] [SetQosInternal]qosSetHandle open fail
08-29 23:32:38.027   282 13951 E C01704/TagSched: [a92ab2fb96068dc] [OpenQosCtrl]Failed to open qos_ctrl device
08-29 23:32:38.027   282 13951 E C01704/TagSched: [a92ab2fb96068dc] [IsQosHandleOpen]get qosSetHandle_ fail
08-29 23:32:38.027   282 13951 E C01704/TagSched: [a92ab2fb96068dc] [SetQosInternal]qosSetHandle open fail
08-29 23:32:38.027   282 13951 E C01704/TagSched: [a92ab2fb96068dc] [OpenQosCtrl]Failed to open qos_ctrl device
08-29 23:32:38.027   282 13951 E C01704/TagSched: [a92ab2fb96068dc] [IsQosHandleOpen]get qosSetHandle_ fail
08-29 23:32:38.027   282 13951 E C01704/TagSched: [a92ab2fb96068dc] [SetQosInternal]qosSetHandle open fail
08-29 23:32:38.027   282 13951 E C01704/TagSched: [a92ab2fb96068dc] [OpenQosCtrl]Failed to open qos_ctrl device
08-29 23:32:38.027   282 13951 E C01704/TagSched: [a92ab2fb96068dc] [IsQosHandleOpen]get qosSetHandle_ fail
08-29 23:32:38.027   282 13951 E C01704/TagSched: [a92ab2fb96068dc] [SetQosInternal]qosSetHandle open fail
08-29 23:32:38.027   240 13838 I C02699/MM: UpdatePriorityLocked FG: 14334, 20020073, 0, [], 00000
08-29 23:32:38.027   127  7005 I C02d10/ProcessStatus: UpdateProcessForegroundState: pid=14334 state=FOREGROUND
08-29 23:32:38.027   282 13921 E C01702/CgroupAdjuster: [a92ab1fb9606862] ApplyProcessGroup set 14063 to group 4 failed, ret=-1!
08-29 23:32:38.027   282 13921 E C01702/CgroupAdjuster: [a92ab1fb9606862] ApplyProcessGroup set 14063 to group 4 failed, ret=-1!
08-29 23:32:38.027   282 13921 I C01702/CgroupAdjuster: [a92ab1fb9606862] AdjustProcessGroup for 14334, source : 12 for render process
08-29 23:32:38.027   282 13921 E C01702/CgroupAdjuster: [a92ab1fb9606862] ApplyProcessGroup set 14334 to group 4 failed, ret=-1!
08-29 23:32:38.027   282 13921 E C01702/CgroupAdjuster: [a92ab1fb9606862] ApplyProcessGroup set 14334 to group 4 failed, ret=-1!
08-29 23:32:38.028   282 13951 E C01704/TagSched: [a92ab2fb96068dc] [OpenQosCtrl]Failed to open qos_ctrl device
08-29 23:32:38.028   282 13951 E C01704/TagSched: [a92ab2fb96068dc] [IsQosHandleOpen]get qosSetHandle_ fail
08-29 23:32:38.028   282 13951 E C01704/TagSched: [a92ab2fb96068dc] [SetQosInternal]qosSetHandle open fail
08-29 23:32:38.028   282 13951 E C01704/TagSched: [a92ab2fb96068dc] [OpenQosCtrl]Failed to open qos_ctrl device
08-29 23:32:38.028   282 13951 E C01704/TagSched: [a92ab2fb96068dc] [IsQosHandleOpen]get qosSetHandle_ fail
08-29 23:32:38.028   282 13951 E C01704/TagSched: [a92ab2fb96068dc] [SetQosInternal]qosSetHandle open fail
08-29 23:32:38.028   282 13951 E C01704/TagSched: [a92ab2fb96068dc] [OpenQosCtrl]Failed to open qos_ctrl device
08-29 23:32:38.028   282 13951 E C01704/TagSched: [a92ab2fb96068dc] [IsQosHandleOpen]get qosSetHandle_ fail
08-29 23:32:38.028   282 13951 E C01704/TagSched: [a92ab2fb96068dc] [SetQosInternal]qosSetHandle open fail
08-29 23:32:38.028   282 13951 E C01704/TagSched: [a92ab2fb96068dc] [OpenQosCtrl]Failed to open qos_ctrl device
08-29 23:32:38.028   282 13951 E C01704/TagSched: [a92ab2fb96068dc] [IsQosHandleOpen]get qosSetHandle_ fail
08-29 23:32:38.028   282 13951 E C01704/TagSched: [a92ab2fb96068dc] [SetQosInternal]qosSetHandle open fail
08-29 23:32:38.028   282 13951 E C01704/TagSched: [a92ab3fb9606b4f] [OpenQosCtrl]Failed to open qos_ctrl device
08-29 23:32:38.028   282 13951 E C01704/TagSched: [a92ab3fb9606b4f] [IsQosHandleOpen]get qosSetHandle_ fail
08-29 23:32:38.028   282 13951 E C01704/TagSched: [a92ab3fb9606b4f] [SetQosInternal]qosSetHandle open fail
08-29 23:32:38.028   282 13951 E C01704/TagSched: [a92ab3fb9606b4f] [OpenQosCtrl]Failed to open qos_ctrl device
08-29 23:32:38.028   282 13951 E C01704/TagSched: [a92ab3fb9606b4f] [IsQosHandleOpen]get qosSetHandle_ fail
08-29 23:32:38.028   282 13951 E C01704/TagSched: [a92ab3fb9606b4f] [SetQosInternal]qosSetHandle open fail
08-29 23:32:38.028   282 13951 E C01704/TagSched: [a92ab3fb9606b4f] [OpenQosCtrl]Failed to open qos_ctrl device
08-29 23:32:38.028   282 13951 E C01704/TagSched: [a92ab3fb9606b4f] [IsQosHandleOpen]get qosSetHandle_ fail
08-29 23:32:38.028   282 13951 E C01704/TagSched: [a92ab3fb9606b4f] [SetQosInternal]qosSetHandle open fail
08-29 23:32:38.028   282 13951 E C01704/TagSched: [a92ab3fb9606b4f] [OpenQosCtrl]Failed to open qos_ctrl device
08-29 23:32:38.028   282 13951 E C01704/TagSched: [a92ab3fb9606b4f] [IsQosHandleOpen]get qosSetHandle_ fail
08-29 23:32:38.028   282 13951 E C01704/TagSched: [a92ab3fb9606b4f] [SetQosInternal]qosSetHandle open fail
08-29 23:32:38.028   282 13951 E C01704/TagSched: [a92ab3fb9606b4f] [OpenQosCtrl]Failed to open qos_ctrl device
08-29 23:32:38.028   282 13951 E C01704/TagSched: [a92ab3fb9606b4f] [IsQosHandleOpen]get qosSetHandle_ fail
08-29 23:32:38.028   282 13951 E C01704/TagSched: [a92ab3fb9606b4f] [SetQosInternal]qosSetHandle open fail
08-29 23:32:38.028   282 13951 E C01704/TagSched: [a92ab3fb9606b4f] [OpenQosCtrl]Failed to open qos_ctrl device
08-29 23:32:38.028   282 13951 E C01704/TagSched: [a92ab3fb9606b4f] [IsQosHandleOpen]get qosSetHandle_ fail
08-29 23:32:38.028   282 13951 E C01704/TagSched: [a92ab3fb9606b4f] [SetQosInternal]qosSetHandle open fail
08-29 23:32:38.028   282 13951 E C01704/TagSched: [a92ab3fb9606b4f] [OpenQosCtrl]Failed to open qos_ctrl device
08-29 23:32:38.028   282 13951 E C01704/TagSched: [a92ab3fb9606b4f] [IsQosHandleOpen]get qosSetHandle_ fail
08-29 23:32:38.028   282 13951 E C01704/TagSched: [a92ab3fb9606b4f] [SetQosInternal]qosSetHandle open fail
08-29 23:32:38.028   282 13951 E C01704/TagSched: [a92ab3fb9606b4f] [OpenQosCtrl]Failed to open qos_ctrl device
08-29 23:32:38.028   282 13951 E C01704/TagSched: [a92ab3fb9606b4f] [IsQosHandleOpen]get qosSetHandle_ fail
08-29 23:32:38.028   282 13951 E C01704/TagSched: [a92ab3fb9606b4f] [SetQosInternal]qosSetHandle open fail
08-29 23:32:38.028   282 13951 E C01704/TagSched: [a92ab3fb9606b4f] [OpenQosCtrl]Failed to open qos_ctrl device
08-29 23:32:38.028   282 13951 E C01704/TagSched: [a92ab3fb9606b4f] [IsQosHandleOpen]get qosSetHandle_ fail
08-29 23:32:38.028   282 13951 E C01704/TagSched: [a92ab3fb9606b4f] [SetQosInternal]qosSetHandle open fail
08-29 23:32:38.028   282 13951 E C01704/TagSched: [a92ab3fb9606b4f] [OpenQosCtrl]Failed to open qos_ctrl device
08-29 23:32:38.028   282 13951 E C01704/TagSched: [a92ab3fb9606b4f] [IsQosHandleOpen]get qosSetHandle_ fail
08-29 23:32:38.028   282 13951 E C01704/TagSched: [a92ab3fb9606b4f] [SetQosInternal]qosSetHandle open fail
08-29 23:32:38.029   833 14038 I C01202/Subscriber: Subscribe io.reader.harmonyos(userId = 100, subId = 14063_20020073_-1_5040_538560692, ffrtCost 0 ms, taskCost 0 ms)
08-29 23:32:38.031 14063 14063 I C04500/webadapter: AttachSysPropObserver: properties key invalid in attach
08-29 23:32:38.035 14063 14277 I C04500/webadapter: ReportKeyThread: ReportKeyThread status: 0, uid: 20020073, pid: 14334, tid:14385, role: 2
08-29 23:32:38.036   266   544 E C01700/RSS: [a92ab4fb9608c0b] DeliverResource, PluginMgr resType 1002 no lib register!
08-29 23:32:38.036   282 13948 E C01704/TagSched: [a92ab4fb9608c0b] [ExecutorCheckTidIsInPid][Executor] ExecutorCheckTidIsInPid get reply is invalied
08-29 23:32:38.036   282 13948 E C01704/TagSched: [a92ab5fb9608c2d] [OpenQosCtrl]Failed to open qos_ctrl device
08-29 23:32:38.036   282 13948 E C01704/TagSched: [a92ab5fb9608c2d] [IsQosHandleOpen]get qosSetHandle_ fail
08-29 23:32:38.036   282 13948 E C01704/TagSched: [a92ab5fb9608c2d] [SetQosInternal]qosSetHandle open fail
08-29 23:32:38.036   282 13948 E C01704/TagSched: [a92ab5fb9608c2d] [OpenQosCtrl]Failed to open qos_ctrl device
08-29 23:32:38.036   282 13948 E C01704/TagSched: [a92ab5fb9608c2d] [IsQosHandleOpen]get qosSetHandle_ fail
08-29 23:32:38.036   282 13948 E C01704/TagSched: [a92ab5fb9608c2d] [SetQosInternal]qosSetHandle open fail
08-29 23:32:38.036   282 14336 I C01702/CgroupEventHandler: [a92ab4fb9608c0b] HandleReportKeyThread : appName: io.reader.harmonyos, uid: 20020073, pid: 14334, keyTid: 14385
08-29 23:32:38.036   282 13948 E C01704/TagSched: [a92ab5fb9608c2d] [OpenQosCtrl]Failed to open qos_ctrl device
08-29 23:32:38.036   282 13948 E C01704/TagSched: [a92ab5fb9608c2d] [IsQosHandleOpen]get qosSetHandle_ fail
08-29 23:32:38.036   282 13948 E C01704/TagSched: [a92ab5fb9608c2d] [SetQosInternal]qosSetHandle open fail
08-29 23:32:38.036   282 13948 E C01704/TagSched: [a92ab5fb9608c2d] [OpenQosCtrl]Failed to open qos_ctrl device
08-29 23:32:38.036   282 13948 E C01704/TagSched: [a92ab5fb9608c2d] [IsQosHandleOpen]get qosSetHandle_ fail
08-29 23:32:38.036   282 13948 E C01704/TagSched: [a92ab5fb9608c2d] [SetQosInternal]qosSetHandle open fail
08-29 23:32:38.036   282 13948 E C01704/TagSched: [a92ab5fb9608c2d] [OpenQosCtrl]Failed to open qos_ctrl device
08-29 23:32:38.036   282 13948 E C01704/TagSched: [a92ab5fb9608c2d] [IsQosHandleOpen]get qosSetHandle_ fail
08-29 23:32:38.036   282 13948 E C01704/TagSched: [a92ab5fb9608c2d] [SetQosInternal]qosSetHandle open fail
08-29 23:32:38.036   282 13948 E C01704/TagSched: [a92ab5fb9608c2d] [OpenQosCtrl]Failed to open qos_ctrl device
08-29 23:32:38.036   282 13948 E C01704/TagSched: [a92ab5fb9608c2d] [IsQosHandleOpen]get qosSetHandle_ fail
08-29 23:32:38.036   282 13948 E C01704/TagSched: [a92ab5fb9608c2d] [SetQosInternal]qosSetHandle open fail
08-29 23:32:38.036   282 13948 E C01704/TagSched: [a92ab5fb9608c2d] [OpenQosCtrl]Failed to open qos_ctrl device
08-29 23:32:38.036   282 13948 E C01704/TagSched: [a92ab5fb9608c2d] [IsQosHandleOpen]get qosSetHandle_ fail
08-29 23:32:38.036   282 13948 E C01704/TagSched: [a92ab5fb9608c2d] [SetQosInternal]qosSetHandle open fail
08-29 23:32:38.036   282 13948 E C01704/TagSched: [a92ab5fb9608c2d] [OpenQosCtrl]Failed to open qos_ctrl device
08-29 23:32:38.036   282 13948 E C01704/TagSched: [a92ab5fb9608c2d] [IsQosHandleOpen]get qosSetHandle_ fail
08-29 23:32:38.036   282 13948 E C01704/TagSched: [a92ab5fb9608c2d] [SetQosInternal]qosSetHandle open fail
08-29 23:32:38.036   282 13948 E C01704/TagSched: [a92ab5fb9608c2d] [OpenQosCtrl]Failed to open qos_ctrl device
08-29 23:32:38.036   282 13948 E C01704/TagSched: [a92ab5fb9608c2d] [IsQosHandleOpen]get qosSetHandle_ fail
08-29 23:32:38.036   282 13948 E C01704/TagSched: [a92ab5fb9608c2d] [SetQosInternal]qosSetHandle open fail
08-29 23:32:38.036   282 13948 E C01704/TagSched: [a92ab5fb9608c2d] [OpenQosCtrl]Failed to open qos_ctrl device
08-29 23:32:38.036   282 13948 E C01704/TagSched: [a92ab5fb9608c2d] [IsQosHandleOpen]get qosSetHandle_ fail
08-29 23:32:38.036   282 13948 E C01704/TagSched: [a92ab5fb9608c2d] [SetQosInternal]qosSetHandle open fail
08-29 23:32:38.036   282 13948 E C01704/TagSched: [a92ab5fb9608c2d] [OpenQosCtrl]Failed to open qos_ctrl device
08-29 23:32:38.036   282 13948 E C01704/TagSched: [a92ab5fb9608c2d] [IsQosHandleOpen]get qosSetHandle_ fail
08-29 23:32:38.036   282 13948 E C01704/TagSched: [a92ab5fb9608c2d] [SetQosInternal]qosSetHandle open fail
08-29 23:32:38.036   282 14336 E C01702/CgroupAdjuster: [a92ab4fb9608c0b] ApplyProcessGroup set 14063 to group 4 failed, ret=-1!
08-29 23:32:38.036   282 14336 E C01702/CgroupAdjuster: [a92ab4fb9608c0b] ApplyProcessGroup set 14063 to group 4 failed, ret=-1!
08-29 23:32:38.036   282 14336 I C01702/CgroupAdjuster: [a92ab4fb9608c0b] AdjustProcessGroup for 14334, source : 12 for render process
08-29 23:32:38.036   282 14336 E C01702/CgroupAdjuster: [a92ab4fb9608c0b] ApplyProcessGroup set 14334 to group 4 failed, ret=-1!
08-29 23:32:38.036   282 14336 E C01702/CgroupAdjuster: [a92ab4fb9608c0b] ApplyProcessGroup set 14334 to group 4 failed, ret=-1!
08-29 23:32:38.039   833  1082 E C01120/BMS: GetNameForUid permission denied
08-29 23:32:38.039 14063 14063 I C04500/webadapter: ReportKeyThread: ReportKeyThread status: 0, uid: 20020073, pid: 14334, tid:14334, role: 2
08-29 23:32:38.039   266   545 E C01700/RSS: [a92ab6fb96099b5] DeliverResource, PluginMgr resType 1002 no lib register!
08-29 23:32:38.039   282 13949 E C01704/TagSched: [a92ab6fb96099b5] [ExecutorCheckTidIsInPid][Executor] ExecutorCheckTidIsInPid get reply is invalied
08-29 23:32:38.039   282 13921 I C01702/CgroupEventHandler: [a92ab6fb96099b5] HandleReportKeyThread : appName: io.reader.harmonyos, uid: 20020073, pid: 14334, keyTid: 14334
08-29 23:32:38.039   282 13949 E C01704/TagSched: [a92ab7fb96099db] [OpenQosCtrl]Failed to open qos_ctrl device
08-29 23:32:38.039   282 13949 E C01704/TagSched: [a92ab7fb96099db] [IsQosHandleOpen]get qosSetHandle_ fail
08-29 23:32:38.039   282 13949 E C01704/TagSched: [a92ab7fb96099db] [SetQosInternal]qosSetHandle open fail
08-29 23:32:38.039   282 13949 E C01704/TagSched: [a92ab7fb96099db] [OpenQosCtrl]Failed to open qos_ctrl device
08-29 23:32:38.039   282 13949 E C01704/TagSched: [a92ab7fb96099db] [IsQosHandleOpen]get qosSetHandle_ fail
08-29 23:32:38.039   282 13949 E C01704/TagSched: [a92ab7fb96099db] [SetQosInternal]qosSetHandle open fail
08-29 23:32:38.039   282 13949 E C01704/TagSched: [a92ab7fb96099db] [OpenQosCtrl]Failed to open qos_ctrl device
08-29 23:32:38.039   282 13949 E C01704/TagSched: [a92ab7fb96099db] [IsQosHandleOpen]get qosSetHandle_ fail
08-29 23:32:38.039   282 13949 E C01704/TagSched: [a92ab7fb96099db] [SetQosInternal]qosSetHandle open fail
08-29 23:32:38.039   282 13949 E C01704/TagSched: [a92ab7fb96099db] [OpenQosCtrl]Failed to open qos_ctrl device
08-29 23:32:38.039   282 13949 E C01704/TagSched: [a92ab7fb96099db] [IsQosHandleOpen]get qosSetHandle_ fail
08-29 23:32:38.039   282 13949 E C01704/TagSched: [a92ab7fb96099db] [SetQosInternal]qosSetHandle open fail
08-29 23:32:38.039   282 13949 E C01704/TagSched: [a92ab7fb96099db] [OpenQosCtrl]Failed to open qos_ctrl device
08-29 23:32:38.039   282 13949 E C01704/TagSched: [a92ab7fb96099db] [IsQosHandleOpen]get qosSetHandle_ fail
08-29 23:32:38.039   282 13949 E C01704/TagSched: [a92ab7fb96099db] [SetQosInternal]qosSetHandle open fail
08-29 23:32:38.039   282 13921 E C01702/CgroupAdjuster: [a92ab6fb96099b5] ApplyProcessGroup set 14063 to group 4 failed, ret=-1!
08-29 23:32:38.039   282 13949 E C01704/TagSched: [a92ab7fb96099db] [OpenQosCtrl]Failed to open qos_ctrl device
08-29 23:32:38.039   282 13949 E C01704/TagSched: [a92ab7fb96099db] [IsQosHandleOpen]get qosSetHandle_ fail
08-29 23:32:38.039   282 13949 E C01704/TagSched: [a92ab7fb96099db] [SetQosInternal]qosSetHandle open fail
08-29 23:32:38.039   282 13949 E C01704/TagSched: [a92ab7fb96099db] [OpenQosCtrl]Failed to open qos_ctrl device
08-29 23:32:38.039   282 13949 E C01704/TagSched: [a92ab7fb96099db] [IsQosHandleOpen]get qosSetHandle_ fail
08-29 23:32:38.039   282 13949 E C01704/TagSched: [a92ab7fb96099db] [SetQosInternal]qosSetHandle open fail
08-29 23:32:38.039   282 13949 E C01704/TagSched: [a92ab7fb96099db] [OpenQosCtrl]Failed to open qos_ctrl device
08-29 23:32:38.039   282 13949 E C01704/TagSched: [a92ab7fb96099db] [IsQosHandleOpen]get qosSetHandle_ fail
08-29 23:32:38.039   282 13949 E C01704/TagSched: [a92ab7fb96099db] [SetQosInternal]qosSetHandle open fail
08-29 23:32:38.039   282 13949 E C01704/TagSched: [a92ab7fb96099db] [OpenQosCtrl]Failed to open qos_ctrl device
08-29 23:32:38.039   282 13949 E C01704/TagSched: [a92ab7fb96099db] [IsQosHandleOpen]get qosSetHandle_ fail
08-29 23:32:38.039   282 13949 E C01704/TagSched: [a92ab7fb96099db] [SetQosInternal]qosSetHandle open fail
08-29 23:32:38.039   282 13949 E C01704/TagSched: [a92ab7fb96099db] [OpenQosCtrl]Failed to open qos_ctrl device
08-29 23:32:38.039   282 13949 E C01704/TagSched: [a92ab7fb96099db] [IsQosHandleOpen]get qosSetHandle_ fail
08-29 23:32:38.039   282 13949 E C01704/TagSched: [a92ab7fb96099db] [SetQosInternal]qosSetHandle open fail
08-29 23:32:38.039   282 13949 E C01704/TagSched: [a92ab7fb96099db] [OpenQosCtrl]Failed to open qos_ctrl device
08-29 23:32:38.039   282 13949 E C01704/TagSched: [a92ab7fb96099db] [IsQosHandleOpen]get qosSetHandle_ fail
08-29 23:32:38.039   282 13949 E C01704/TagSched: [a92ab7fb96099db] [SetQosInternal]qosSetHandle open fail
08-29 23:32:38.039   282 13921 E C01702/CgroupAdjuster: [a92ab6fb96099b5] ApplyProcessGroup set 14063 to group 4 failed, ret=-1!
08-29 23:32:38.039   282 13921 I C01702/CgroupAdjuster: [a92ab6fb96099b5] AdjustProcessGroup for 14334, source : 12 for render process
08-29 23:32:38.039   282 13921 E C01702/CgroupAdjuster: [a92ab6fb96099b5] ApplyProcessGroup set 14334 to group 4 failed, ret=-1!
08-29 23:32:38.039   282 13921 E C01702/CgroupAdjuster: [a92ab6fb96099b5] ApplyProcessGroup set 14334 to group 4 failed, ret=-1!
08-29 23:32:38.047 14063 14063 I C0391b/AceWeb: [(100000:100000:scope)] WebPattern::UpdateImageOverlayStatus, event = 3, status = 0
08-29 23:32:38.047 14063 14063 I C0391b/AceWeb: [(100000:100000:scope)] WebPattern::UpdateImageOverlayStatus, event = 3, status = 0
08-29 23:32:38.048 14063 14063 I C0391b/AceWeb: [(100000:100000:scope)] WebPattern::InitDataDetector
08-29 23:32:38.048 14063 14063 I C0391b/AceWeb: [(100000:100000:scope)] WebDataDetectorAdapter::Init config changed = 1, enable = 0
08-29 23:32:38.048 14063 14063 I C0391b/AceWeb: [(100000:100000:scope)] WebDataDetectorAdapter::SetNWebConfig WebId: 1
08-29 23:32:38.052 14063 14063 I C0391b/AceWeb: [(100000:100000:scope)] WebPattern::OnScrollEndRecursive
08-29 23:32:38.052 14063 14063 I C0391b/AceWeb: [(100000:100000:scope)] WebPattern::OnScrollEndRecursive
08-29 23:32:38.053   125   513 I C01800/SAMGR: NF SA:65962,876_43834
08-29 23:32:38.053   876   940 E C01810/SA_CLIENT: GetSaWrap SA:65962 not start
08-29 23:32:38.053   876   940 I C01409/APS_MANAGER: request system service object is not ready yet!
08-29 23:32:38.060 14063 14063 I C0391b/AceWeb: [(100000:100000:scope)] OnRootLayerChanged width : 4, height : 3430
08-29 23:32:38.060 14063 14063 I C0391b/AceWeb: [(-2:100000:singleton)] WebClientImpl::OnPageVisible override enter
08-29 23:32:38.060 14063 14063 I C0391b/AceWeb: [(100000:100000:scope)] WebDelegate::OnPageVisible, web id = 1
08-29 23:32:38.060 14063 14063 I C0391b/AceWeb: [(100000:100000:scope)] The developer has not registered this OnPageVisible event
08-29 23:32:38.062   606  2414 I C02515/DISP: [InitBufferHandle:229] express init gbuffer id 96e00000750 ret 0 err 0 fd 6 4 4 pixel 4 size 64 usage 408
08-29 23:32:38.062   606  2414 I C02515/DISP: [ExpressAllocMem:271] ExpressAllocMem requeset BufferHandle 6, width 4, heigt 4, format 12
08-29 23:32:38.063   606  2414 I C02515/DISP: [ExpressFreeMem:317] freeMem bufferhandle gbuffer_id 96e00000750, width 4, heigt 4
08-29 23:32:38.064 14063 14333 E C02515/DGLES: [d_eglSwapBuffers_special@egl_gpu.cpp:566] sync get ret 0 error 1 sync_fd 158
08-29 23:32:38.064 14063 14333 E C02515/DGLES: [d_eglSwapBuffers_special@egl_gpu.cpp:729] thread output size 4465 speed 4k/s API_num 128
08-29 23:32:38.073   832   832 E C01406/RSScreenManager: IsAllScreensPowerOff: screenPowerStatus_ is empty.
08-29 23:32:38.073   832 13977 I C01407/hgm: MarkVoteChange LTPO-DEFAULT 0 -1 VOTER_LTPO 60 ACE_COMPONENT 0.
08-29 23:32:38.077   832   943 E C02515/DGLES: [d_eglSwapBuffers_special@egl_gpu.cpp:729] thread output size 31293 speed 29k/s API_num 271
08-29 23:32:38.091   607   975 W C02515/DISP: [SetLayerMaskInfo:495] <private> is not supported
08-29 23:32:38.091   607   975 I C02515/DISP: [CommitComposeLayer:67] CommitComposeLayer! 10
08-29 23:32:38.253 21767 21767 W A01c06/ICON: AppIconWeatherModel --> initWeatherListener, retryTimes: 4
08-29 23:32:38.255   468   550 E C01707/CONCUR: [Interface] task 550 apply qos failed, errno = 4
08-29 23:32:38.255   468   550 E C01611/QosManager: QosManager: Failed to set thread QoS to QOS_USER_INTERACTIVE, ret: -1
08-29 23:32:38.255   833  1082 W C01123/BMSCommon: bundle not exist -n com.huawei.hmsapp.totemweather -u 100 -i 0 -f 32
08-29 23:32:38.255   833  1082 W C01121/BMSQuery: GetBundleInfo failed -n com.huawei.hmsapp.totemweather -u 100
08-29 23:32:38.255   468   550 E C01651/BundleMgrProxy: GetBundleInfoFromBMS: GetBundleInfo failed!bundleName is com.huawei.hmsapp.totemweather, userId is 100
08-29 23:32:38.255   468   550 E C01651/DataProviderConfig: GetFromProxyData: Get bundleInfo failed! bundleName:com.huawei.hmsapp.totemweather, userId:100, visitedId:100, uri:******icIconInfo
08-29 23:32:38.255   468   550 E C01651/DataShareServiceImpl: GetBMSAndMetaDataStatus: CalledInfo failed! token:0x200ba470,ret:1001,uri:******icIconInfo
08-29 23:32:38.255   468   550 E C01651/DataShareServiceImpl: GetSilentProxyStatus: BMS or metaData not ready to complete, token:0x200ba470, uri:******icIconInfo
08-29 23:32:38.255 21767 21767 E A01c06/ICON: AppIconWeatherModel --> get weather info failed, code: 15700010, message: The DataShareHelper is not initialized successfully.
08-29 23:32:38.505 14389 14389 W C02c02/PARAM: Selinux check name persist.init.debug.loglevel in u:object_r:startup_init_param:s0 [14389 2000 2000] failed
08-29 23:32:38.505 14389 14389 W C02c02/PARAM: Selinux check name persist.init.debug.loglevel in u:object_r:startup_init_param:s0 [14389 2000 2000] failed
08-29 23:32:38.505 14389 14389 W C02c02/PARAM: SystemReadParam failed!name is:persist.init.debug.loglevel,err:1002
08-29 23:32:38.508 14389 14389 W C02c02/PARAM: Selinux check name persist.init.debug.loglevel in u:object_r:startup_init_param:s0 [14389 2000 2000] failed
08-29 23:32:38.508 14389 14389 W C02c02/PARAM: Selinux check name persist.init.debug.loglevel in u:object_r:startup_init_param:s0 [14389 2000 2000] failed
08-29 23:32:38.508 14389 14389 W C02c02/PARAM: SystemReadParam failed!name is:persist.init.debug.loglevel,err:1002
08-29 23:32:38.528   282 14335 E C01704/TagSched: [a92ab3fb9606b4f] [OpenQosCtrl]Failed to open qos_ctrl device
08-29 23:32:38.528   282 14335 E C01704/TagSched: [a92ab3fb9606b4f] [IsQosHandleOpen]get qosSetHandle_ fail
08-29 23:32:38.528   282 14335 E C01704/TagSched: [a92ab3fb9606b4f] [SetQosInternal]qosSetHandle open fail
08-29 23:32:38.528   282 14335 E C01704/TagSched: [a92ab3fb9606b4f] [OpenQosCtrl]Failed to open qos_ctrl device
08-29 23:32:38.528   282 14335 E C01704/TagSched: [a92ab3fb9606b4f] [IsQosHandleOpen]get qosSetHandle_ fail
08-29 23:32:38.528   282 14335 E C01704/TagSched: [a92ab3fb9606b4f] [SetQosInternal]qosSetHandle open fail
08-29 23:32:38.528   282 14335 E C01704/TagSched: [a92ab3fb9606b4f] [OpenQosCtrl]Failed to open qos_ctrl device
08-29 23:32:38.528   282 14335 E C01704/TagSched: [a92ab3fb9606b4f] [IsQosHandleOpen]get qosSetHandle_ fail
08-29 23:32:38.528   282 14335 E C01704/TagSched: [a92ab3fb9606b4f] [SetQosInternal]qosSetHandle open fail
08-29 23:32:38.528   282 14335 E C01704/TagSched: [a92ab3fb9606b4f] [OpenQosCtrl]Failed to open qos_ctrl device
08-29 23:32:38.528   282 14335 E C01704/TagSched: [a92ab3fb9606b4f] [IsQosHandleOpen]get qosSetHandle_ fail
08-29 23:32:38.528   282 14335 E C01704/TagSched: [a92ab3fb9606b4f] [SetQosInternal]qosSetHandle open fail
08-29 23:32:38.528   282 14335 E C01704/TagSched: [a92ab3fb9606b4f] [OpenQosCtrl]Failed to open qos_ctrl device
08-29 23:32:38.528   282 14335 E C01704/TagSched: [a92ab3fb9606b4f] [IsQosHandleOpen]get qosSetHandle_ fail
08-29 23:32:38.528   282 14335 E C01704/TagSched: [a92ab3fb9606b4f] [SetQosInternal]qosSetHandle open fail
08-29 23:32:38.528   282 14335 E C01704/TagSched: [a92ab3fb9606b4f] [OpenQosCtrl]Failed to open qos_ctrl device
08-29 23:32:38.528   282 14335 E C01704/TagSched: [a92ab3fb9606b4f] [IsQosHandleOpen]get qosSetHandle_ fail
08-29 23:32:38.528   282 14335 E C01704/TagSched: [a92ab3fb9606b4f] [SetQosInternal]qosSetHandle open fail
08-29 23:32:38.528   282 14335 E C01704/TagSched: [a92ab3fb9606b4f] [OpenQosCtrl]Failed to open qos_ctrl device
08-29 23:32:38.528   282 14335 E C01704/TagSched: [a92ab3fb9606b4f] [IsQosHandleOpen]get qosSetHandle_ fail
08-29 23:32:38.528   282 14335 E C01704/TagSched: [a92ab3fb9606b4f] [SetQosInternal]qosSetHandle open fail
08-29 23:32:38.528   282 14335 E C01704/TagSched: [a92ab3fb9606b4f] [OpenQosCtrl]Failed to open qos_ctrl device
08-29 23:32:38.528   282 14335 E C01704/TagSched: [a92ab3fb9606b4f] [IsQosHandleOpen]get qosSetHandle_ fail
08-29 23:32:38.528   282 14335 E C01704/TagSched: [a92ab3fb9606b4f] [SetQosInternal]qosSetHandle open fail
08-29 23:32:38.528   282 14335 E C01704/TagSched: [a92ab3fb9606b4f] [OpenQosCtrl]Failed to open qos_ctrl device
08-29 23:32:38.528   282 14335 E C01704/TagSched: [a92ab3fb9606b4f] [IsQosHandleOpen]get qosSetHandle_ fail
08-29 23:32:38.528   282 14335 E C01704/TagSched: [a92ab3fb9606b4f] [SetQosInternal]qosSetHandle open fail
08-29 23:32:38.528   282 14335 E C01704/TagSched: [a92ab3fb9606b4f] [OpenQosCtrl]Failed to open qos_ctrl device
08-29 23:32:38.528   282 14335 E C01704/TagSched: [a92ab3fb9606b4f] [IsQosHandleOpen]get qosSetHandle_ fail
08-29 23:32:38.528   282 14335 E C01704/TagSched: [a92ab3fb9606b4f] [SetQosInternal]qosSetHandle open fail
08-29 23:32:38.568   282 14244 I C01727/SceneRecognizeExt: [a92ab1fb9150e58, 361f05b, 24cc196] [ReportExitUserInteractionSceneInner]report exit user interaction scene
08-29 23:32:38.645   598   859 W C02943/ThermalHdi: Read node failed, title = brightness
08-29 23:32:38.645   598   859 W C02943/ThermalHdi: Read node failed, title = 
08-29 23:32:38.645   598   859 W C02943/ThermalHdi: Read node failed, title = 
08-29 23:32:38.645   598   859 W C02943/ThermalHdi: Read node failed, title = 
08-29 23:32:38.645   598   859 W C02943/ThermalHdi: Read node failed, title = 
08-29 23:32:38.645   598   859 W C02943/ThermalHdi: Read node failed, title = 
08-29 23:32:38.645   598   859 W C02943/ThermalHdi: Read node failed, title = 
08-29 23:32:38.645   598   859 W C02943/ThermalHdi: Read node failed, title = 
08-29 23:32:38.645   598   859 W C02943/ThermalHdi: Read node failed, title = 
08-29 23:32:38.645   598   859 W C02943/ThermalHdi: Read node failed, title = 
08-29 23:32:38.645   598   859 W C02943/ThermalHdi: Read node failed, title = 
08-29 23:32:38.645   598   859 W C02943/ThermalHdi: Read node failed, title = 
08-29 23:32:38.645   598   859 W C02943/ThermalHdi: Read node failed, title = 
08-29 23:32:38.645   598   859 W C02943/ThermalHdi: Read node failed, title = 
08-29 23:32:38.645   598   859 W C02943/ThermalHdi: Read node failed, title = 
08-29 23:32:38.645   598   859 W C02943/ThermalHdi: Read node failed, title = 
08-29 23:32:38.645   598   859 W C02943/ThermalHdi: Read node failed, title = 
08-29 23:32:38.645   598   859 W C02943/ThermalHdi: Read node failed, title = 
08-29 23:32:38.645   598   859 W C02943/ThermalHdi: Read node failed, title = 
08-29 23:32:38.645   598   859 W C02943/ThermalHdi: Read node failed, title = 
08-29 23:32:38.645   598   859 W C02943/ThermalHdi: Read node failed, title = 
08-29 23:32:38.645   598   859 W C02943/ThermalHdi: Read node failed, title = 
08-29 23:32:38.645   598   859 W C02943/ThermalHdi: Read node failed, title = 
08-29 23:32:38.645   598   859 W C02943/ThermalHdi: Read node failed, title = 
08-29 23:32:38.645   598   859 W C02943/ThermalHdi: Read node failed, title = 
08-29 23:32:38.645   598   859 W C02943/ThermalHdi: Read node failed, title = ambient
08-29 23:32:38.645   598   859 W C02943/ThermalHdi: Read node failed, title = ibat
08-29 23:32:38.645   598   859 W C02943/ThermalHdi: Read node failed, title = vbat
08-29 23:32:38.645   598   859 W C02943/ThermalHdi: Read node failed, title = cpu0_min_freq
08-29 23:32:38.645   598   859 W C02943/ThermalHdi: Read node failed, title = cpu0_cur_freq
08-29 23:32:38.645   598   859 W C02943/ThermalHdi: Read node failed, title = cpu0_max_freq
08-29 23:32:38.645   598   859 W C02943/ThermalHdi: Read node failed, title = cpu4_min_freq
08-29 23:32:38.645   598   859 W C02943/ThermalHdi: Read node failed, title = cpu4_cur_freq
08-29 23:32:38.645   598   859 W C02943/ThermalHdi: Read node failed, title = cpu4_max_freq
08-29 23:32:38.645   598   859 W C02943/ThermalHdi: Read node failed, title = cpu7_min_freq
08-29 23:32:38.645   598   859 W C02943/ThermalHdi: Read node failed, title = cpu7_cur_freq
08-29 23:32:38.645   598   859 W C02943/ThermalHdi: Read node failed, title = cpu7_max_freq
08-29 23:32:38.645   598   859 W C02943/ThermalHdi: Read node failed, title = gpu_min_freq
08-29 23:32:38.645   598   859 W C02943/ThermalHdi: Read node failed, title = gpu_cur_freq
08-29 23:32:38.645   598   859 W C02943/ThermalHdi: Read node failed, title = gpu_max_freq
08-29 23:32:38.645   598   859 W C02943/ThermalHdi: Read node failed, title = ddr_cur_freq
08-29 23:32:38.645   598   859 W C02943/ThermalHdi: Read node failed, title = set_IPApower
08-29 23:32:38.645   598   859 W C02943/ThermalHdi: Read node failed, title = cur_IPApower
08-29 23:32:38.645   598   859 W C02943/ThermalHdi: get node failed
08-29 23:32:38.645   598   859 W C02943/ThermalHdi: get node failed
08-29 23:32:38.645   598   859 W C02943/ThermalHdi: get node failed
08-29 23:32:38.694 14392 14392 W C02c02/PARAM: Selinux check name persist.init.debug.loglevel in u:object_r:startup_init_param:s0 [14392 2000 2000] failed
08-29 23:32:38.694 14392 14392 W C02c02/PARAM: Selinux check name persist.init.debug.loglevel in u:object_r:startup_init_param:s0 [14392 2000 2000] failed
08-29 23:32:38.694 14392 14392 W C02c02/PARAM: SystemReadParam failed!name is:persist.init.debug.loglevel,err:1002
08-29 23:32:38.697 14395 14395 W C02c02/PARAM: Selinux check name persist.init.debug.loglevel in u:object_r:startup_init_param:s0 [14395 2000 2000] failed
08-29 23:32:38.697 14395 14395 W C02c02/PARAM: Selinux check name persist.init.debug.loglevel in u:object_r:startup_init_param:s0 [14395 2000 2000] failed
08-29 23:32:38.697 14395 14395 W C02c02/PARAM: SystemReadParam failed!name is:persist.init.debug.loglevel,err:1002
08-29 23:32:38.697 14396 14396 W C02c02/PARAM: Selinux check name persist.init.debug.loglevel in u:object_r:startup_init_param:s0 [14396 2000 2000] failed
08-29 23:32:38.697 14396 14396 W C02c02/PARAM: Selinux check name persist.init.debug.loglevel in u:object_r:startup_init_param:s0 [14396 2000 2000] failed
08-29 23:32:38.697 14396 14396 W C02c02/PARAM: SystemReadParam failed!name is:persist.init.debug.loglevel,err:1002
08-29 23:32:38.697 14394 14394 W C02c02/PARAM: Selinux check name persist.init.debug.loglevel in u:object_r:startup_init_param:s0 [14394 2000 2000] failed
08-29 23:32:38.697 14394 14394 W C02c02/PARAM: Selinux check name persist.init.debug.loglevel in u:object_r:startup_init_param:s0 [14394 2000 2000] failed
08-29 23:32:38.697 14394 14394 W C02c02/PARAM: SystemReadParam failed!name is:persist.init.debug.loglevel,err:1002
08-29 23:32:38.702 14397 14397 W C02c02/PARAM: Selinux check name persist.init.debug.loglevel in u:object_r:startup_init_param:s0 [14397 2000 2000] failed
08-29 23:32:38.702 14397 14397 W C02c02/PARAM: Selinux check name persist.init.debug.loglevel in u:object_r:startup_init_param:s0 [14397 2000 2000] failed
08-29 23:32:38.702 14397 14397 W C02c02/PARAM: SystemReadParam failed!name is:persist.init.debug.loglevel,err:1002
08-29 23:32:38.703 14398 14398 W C02c02/PARAM: Selinux check name persist.init.debug.loglevel in u:object_r:startup_init_param:s0 [14398 2000 2000] failed
08-29 23:32:38.703 14398 14398 W C02c02/PARAM: Selinux check name persist.init.debug.loglevel in u:object_r:startup_init_param:s0 [14398 2000 2000] failed
08-29 23:32:38.703 14398 14398 W C02c02/PARAM: SystemReadParam failed!name is:persist.init.debug.loglevel,err:1002
08-29 23:32:38.893 14400 14400 W C02c02/PARAM: Selinux check name persist.init.debug.loglevel in u:object_r:startup_init_param:s0 [14400 2000 2000] failed
08-29 23:32:38.893 14400 14400 W C02c02/PARAM: Selinux check name persist.init.debug.loglevel in u:object_r:startup_init_param:s0 [14400 2000 2000] failed
08-29 23:32:38.893 14400 14400 W C02c02/PARAM: SystemReadParam failed!name is:persist.init.debug.loglevel,err:1002
08-29 23:32:38.896 14402 14402 W C02c02/PARAM: Selinux check name persist.init.debug.loglevel in u:object_r:startup_init_param:s0 [14402 2000 2000] failed
08-29 23:32:38.896 14402 14402 W C02c02/PARAM: Selinux check name persist.init.debug.loglevel in u:object_r:startup_init_param:s0 [14402 2000 2000] failed
08-29 23:32:38.896 14402 14402 W C02c02/PARAM: SystemReadParam failed!name is:persist.init.debug.loglevel,err:1002
08-29 23:32:38.899 14403 14403 W C02c02/PARAM: Selinux check name persist.init.debug.loglevel in u:object_r:startup_init_param:s0 [14403 2000 2000] failed
08-29 23:32:38.899 14403 14403 W C02c02/PARAM: Selinux check name persist.init.debug.loglevel in u:object_r:startup_init_param:s0 [14403 2000 2000] failed
08-29 23:32:38.899 14403 14403 W C02c02/PARAM: SystemReadParam failed!name is:persist.init.debug.loglevel,err:1002
08-29 23:32:39.036 14063 14304 I C02d07/ObserverMgr: succ to register application state callback
08-29 23:32:39.037 14063 14304 I C02d07/ModuleLoader: succ to load module=/system/lib64/libha_app_event.z.so.
08-29 23:32:39.037 14063 14193 W C01650/RdbStoreManager: IsConfigInvalidChanged:no bundleName
08-29 23:32:39.037 14063 14193 E C01650/SilentProxy: IsSupportSilentFromService:GetRdbService failed, err is 27394049.
08-29 23:32:39.038 14063 14193 I C01650/Config: Log:Error(283) recovered 64 frames from WAL file /dat***/sto***/e**/bas***/fil***/hia***ent/dat***ses/app***.db-wal 
08-29 23:32:39.038 14063 14193 I C01650/ConnectionPool: Create:code:0 app[:] area[el2] cfg[0,0,0,0,1,0,0]app***.db:<DB,0xc9f7d,36864,100660><DWR,0xc9f7e,12288,100660><SHM,0xc9f80,32768,100660><WAL,0xc9f7f,420272,100660>, pathSize:61
08-29 23:32:39.038 14063 14193 I C02d07/Store: create db store successfully
08-29 23:32:39.038 14063 14193 I C02d07/ObserverDao: succ to query observer seq=1, name=ha_app_event, hash=1915457907267372477
08-29 23:32:39.038 14063 14304 I C02d07/ObserverMgr: register processor=1 successfully
08-29 23:32:39.038 14063 14304 I C02b30/AVCodecClient: {GetAVCodecProxy} In
08-29 23:32:39.043   699   752 E C02b30/CodecListCore: {GetCapability} can not find cap, mime: video/avc, mimeCapIdx size: 1, isEnc: 1, category: -1
08-29 23:32:39.043 14063 14304 E C02b30/AVCodecListImpl: {GetCapability} Get capability failed from service, mime: video/avc, isEnc: 1, category: -1
08-29 23:32:39.043 14063 14304 E C02b30/NativeAVCapability: {OH_AVCodec_GetCapability} Get capability failed: cannot find matched capability
08-29 23:32:39.061 14063 14063 I C0391b/AceWeb: [(100000:100000:scope)] WebDelegate::EnableHardware, web id = 1
08-29 23:32:39.257 21767 21767 W A01c06/ICON: AppIconWeatherModel --> initWeatherListener, retryTimes: 4
08-29 23:32:39.260   468   550 E C01707/CONCUR: [Interface] task 550 apply qos failed, errno = 4
08-29 23:32:39.260   468   550 E C01611/QosManager: QosManager: Failed to set thread QoS to QOS_USER_INTERACTIVE, ret: -1
08-29 23:32:39.260   833  1082 W C01123/BMSCommon: bundle not exist -n com.huawei.hmsapp.totemweather -u 100 -i 0 -f 32
08-29 23:32:39.260   833  1082 W C01121/BMSQuery: GetBundleInfo failed -n com.huawei.hmsapp.totemweather -u 100
08-29 23:32:39.260   468   550 E C01651/BundleMgrProxy: GetBundleInfoFromBMS: GetBundleInfo failed!bundleName is com.huawei.hmsapp.totemweather, userId is 100
08-29 23:32:39.260   468   550 E C01651/DataProviderConfig: GetFromProxyData: Get bundleInfo failed! bundleName:com.huawei.hmsapp.totemweather, userId:100, visitedId:100, uri:******icIconInfo
08-29 23:32:39.260   468   550 E C01651/DataShareServiceImpl: GetBMSAndMetaDataStatus: CalledInfo failed! token:0x200ba470,ret:1001,uri:******icIconInfo
08-29 23:32:39.260   468   550 E C01651/DataShareServiceImpl: GetSilentProxyStatus: BMS or metaData not ready to complete, token:0x200ba470, uri:******icIconInfo
08-29 23:32:39.260 21767 21767 E A01c06/ICON: AppIconWeatherModel --> get weather info failed, code: 15700010, message: The DataShareHelper is not initialized successfully.
08-29 23:32:39.437 14407 14407 W C02c02/PARAM: Selinux check name persist.init.debug.loglevel in u:object_r:startup_init_param:s0 [14407 2000 2000] failed
08-29 23:32:39.440 14407 14407 W C02c02/PARAM: Selinux check name persist.init.debug.loglevel in u:object_r:startup_init_param:s0 [14407 2000 2000] failed
08-29 23:32:39.440 14407 14407 W C02c02/PARAM: SystemReadParam failed!name is:persist.init.debug.loglevel,err:1002
08-29 23:32:39.458 14410 14410 W C02c02/PARAM: Selinux check name persist.init.debug.loglevel in u:object_r:startup_init_param:s0 [14410 2000 2000] failed
08-29 23:32:39.458 14410 14410 W C02c02/PARAM: Selinux check name persist.init.debug.loglevel in u:object_r:startup_init_param:s0 [14410 2000 2000] failed
08-29 23:32:39.458 14410 14410 W C02c02/PARAM: SystemReadParam failed!name is:persist.init.debug.loglevel,err:1002
08-29 23:32:39.461 14410 14410 W C02c02/PARAM: Selinux check name persist.init.debug.loglevel in u:object_r:startup_init_param:s0 [14410 2000 2000] failed
08-29 23:32:39.461 14410 14410 W C02c02/PARAM: Selinux check name persist.init.debug.loglevel in u:object_r:startup_init_param:s0 [14410 2000 2000] failed
08-29 23:32:39.461 14410 14410 W C02c02/PARAM: SystemReadParam failed!name is:persist.init.debug.loglevel,err:1002
08-29 23:32:39.547 14407 14407 W C02c02/PARAM: Selinux check name debug.dfx.tags.enableleak in u:object_r:debug_param:s0 [14407 2000 2000] failed
08-29 23:32:39.547 14407 14407 W C02c02/PARAM: SystemReadParam failed!name is:debug.dfx.tags.enableleak,err:1002
08-29 23:32:39.551 14407 14407 W C02c02/PARAM: Selinux check name persist.graphic.profiler.enabled in u:object_r:debug_param:s0 [14407 2000 2000] failed
08-29 23:32:39.551 14407 14407 E C02c02/PARAM: Forbid to read parameter persist.graphic.profiler.enabled
08-29 23:32:39.551 14407 14407 E C02c02/PARAM: Forbid to access parameter persist.graphic.profiler.enabled
08-29 23:32:39.551 14407 14407 W C02c02/PARAM: Selinux check name persist.graphic.profiler.betarecording in u:object_r:debug_param:s0 [14407 2000 2000] failed
08-29 23:32:39.551 14407 14407 E C02c02/PARAM: Forbid to read parameter persist.graphic.profiler.betarecording
08-29 23:32:39.551 14407 14407 E C02c02/PARAM: Forbid to access parameter persist.graphic.profiler.betarecording
08-29 23:32:39.552 14407 14407 I C03100/UiTestKit_Server: [system_ui_controller.cpp:(SetItemByType)] Add touchItem, finger:0, pressed:1, location:1050, 542
08-29 23:32:39.552 14407 14412 W C057c1/IPCWorkThread: ThreadHandler: proto:0 policy:1 name:OS_IPC_0_14412 invoker:2187357312
08-29 23:32:39.552 14407 14413 W C057c1/IPCWorkThread: ThreadHandler: proto:0 policy:0 name:OS_IPC_1_14413 invoker:2395287296
08-29 23:32:39.553 14407 14407 W C04201/DMS: RegisterClientDeathListener: regis reverse death
08-29 23:32:39.553 14407 14407 I C04201/DMS: RegisterClientDeathListener: ENTER
08-29 23:32:39.553   833  1082 E C04200/WMS: UpdateBundleInfo: Failed
08-29 23:32:39.553   833  1082 W C04201/DMS: screen_session.cpp: call BMS
08-29 23:32:39.553   833  1082 I C04201/DMS: screen_session.cpp: pid:0, bundle:, api:0
08-29 23:32:39.553 14407 14407 I C02800/InputManagerImpl: [|1254]Pointer event action:2
08-29 23:32:39.553 14407 14407 I C02802/MultimodalEventHandler: [|252]PI:10000, IP:1, P:0.00, MF:-1, WI:-1, OPI:0, SI:true, A:0
08-29 23:32:39.554 14407 14407 E C057c6/BinderInvoker: GetDetailedErrorInfo: HMB_GET_DETAILED_ERROR failed, error:-22
08-29 23:32:39.554 14407 14407 E C057c2/IPCObjectProxy: PrintErrorDetailedInfo: failed, handle:2 error:29201 desc:*.IMultimodalInputConnect proxy:2395361920 time:538562218273753
08-29 23:32:39.554 14407 14407 E C02801/MultimodalInputConnect: Send request failed! result = 29201
08-29 23:32:39.555   245   493 I C02805/InputKeyFlow: [P:D:89799|6037]PA:down,Pid:14063,TWI:63,FWI:63,EID:89799,flags:0,DID:0AWI:63,zOrder:102.000000
08-29 23:32:39.555   245   493 I C02802/InputActiveSubscriberHandler: [P:D:89799|317]0|10000|701
08-29 23:32:39.555   245   493 I C02800/WhitelistDataShareAccessor: [P:D:89799][Init:52] enter
08-29 23:32:39.555   245   493 I C02800/WhitelistDataShareAccessor: [P:D:89799][Init] leave
08-29 23:32:39.555   245   493 W C02802/KeyCommandHandler: [P:D:89799|987]io.reader.harmonyos not support long-press drag
08-29 23:32:39.555   245 13805 I C02800/WhitelistDataShareAccessor: [][InitializeImpl:66] enter
08-29 23:32:39.555   245 13805 I C02800/WhitelistDataShareAccessor: [][ReadWhitelistFromDB:98] enter
08-29 23:32:39.555   701  2558 I C0290a/PowerState: [UL_POWER] Transit from DIM to AWAKE for REFRESH ignoreLock=1
08-29 23:32:39.555   701  2558 I C02906/PowerWakeup: [UL_POWER]HandlePreBrightState start ffrtId: 0
08-29 23:32:39.555   245 13805 I C02802/setting_DataShare: [|276]DataShare is ready
08-29 23:32:39.555   245   493 I C02805/InputKeyFlow: [P:D:89799|621]SendMsg:14063
08-29 23:32:39.556   832 13977 I C01407/hgm: MarkVoteChange LTPO-DEFAULT 0 -1 VOTER_IDLE 60  0.
08-29 23:32:39.556   701  2558 I C02982/DisplayPowerSvc: RegisterCallback
08-29 23:32:39.556   701  2558 I C02982/DisplayPowerSvc: Callback function exist
08-29 23:32:39.556   701  2558 I C0290a/PowerState: The reason to DMS is = 30
08-29 23:32:39.556   701  2558 I C02982/DisplayPowerSvc: [UL_POWER] SetDisplayState 0, 2, 30, ffrtId=0
08-29 23:32:39.556   701  2558 I C02986/DisplayPowerBrightness: SetDisplayState id=0, isAutoMode=1, isScreenOn=1, isSettingOn=1, state=2
08-29 23:32:39.556   701  2558 I C02986/DisplayPowerBrightness: StateChangedSetAutoBrightness start, enable=1, isSensorEnabled=1, isSupport=1
08-29 23:32:39.556 14063 14063 I C02805/InputKeyFlow: [P:D:89799|247]ac: down: 89799
08-29 23:32:39.556 14063 14063 I C02805/InputKeyFlow: [P:D:89799|649]recv
08-29 23:32:39.556 14063 14063 I C04213/InputKeyFlow: HandleInputEvent: eid:0,InputId:89799,wid:63,ac:2
08-29 23:32:39.557   701  2558 I C02986/DisplayPowerBrightness: StateChangedSetAutoBrightness is already enabled
08-29 23:32:39.557   701  2558 I C02986/DisplayPowerBrightness: SetDisplayState id=0, isAutoMode=1, isModeChange=1
08-29 23:32:39.557   701  2558 I C02986/DisplayPowerBrightness: restore brightness=137
08-29 23:32:39.557   701  2558 I C02986/DisplayPowerBrightness: SetBrightness mDisplayId=0, displayId=0 ,brightness=120
08-29 23:32:39.557   607   975 I C02515/DISP: [SetDisplayStatus:139] SetDisplayStatus devId 10
08-29 23:32:39.557 14063 14063 I C03951/InputKeyFlow: [(100000:100000:scope)] ITK Id:89799, fId:10000, T:0, I=0, M=0
08-29 23:32:39.558 14063 14063 I C03951/InputKeyFlow: [(100000:100000:scope)] ITK Id:89799, TTHNI:fId: 10000{ T: Scroll, D: 16 };
08-29 23:32:39.558 14063 14063 I C03951/InputKeyFlow: [(100000:100000:scope)] ITK Id:89799, TTHRTI: T ClickRecognizer info: { T: Scroll }; { T: Row };T PanRecognizer info: { T: Scroll };
08-29 23:32:39.558   282 13947 I C01727/SceneRecognizeExt: [a92ab8fb9788345] [ReportEnterUserInteractionSceneInner]report enter user interaction scene
08-29 23:32:39.558   468   550 E C01707/CONCUR: [Interface] task 550 apply qos failed, errno = 4
08-29 23:32:39.558   468   550 E C01611/QosManager: QosManager: Failed to set thread QoS to QOS_USER_INTERACTIVE, ret: -1
08-29 23:32:39.558   701  2558 I C02986/DisplayPowerBrightness: UpdateBrightness, settings, value=137
08-29 23:32:39.558 14063 14063 I C03919/AceInputTracking: [(100000:100000:scope)] Consumed id:89799, last id:-1
08-29 23:32:39.558 14063 14063 I C04213/InputKeyFlow: ConsumePointerEventInner: InputId:89799,wid:63,pointId:10000,srcType:2,rect:[0,0,1320,2856],notify:1
08-29 23:32:39.558   701  2558 I C02987/DisplayPowerState: [UL_POWER] UpdateState, state=2, current state=1, reason=30, ffrtId=0
08-29 23:32:39.558   701  2558 I C02987/DisplayPowerState: [UL_POWER] Update screen state to 2, ffrtId=0
08-29 23:32:39.558   701  2558 I C0290a/PowerState: Set display state finished, ret=1, ffrtId=0
08-29 23:32:39.558   701  2558 I C02909/PowerActivity: reset inactive timer: 30000
08-29 23:32:39.559   282  1763 I C01727/SceneRecognizeExt: [a92ab9fb978877d] [CheckTouchOptimizerList]RVSCheck wlInquiry policy 1
08-29 23:32:39.559   598   860 I C02511/HDF_LOG_TAG: stpS3
08-29 23:32:39.559 14063 14252 I C0390d/AceOverlay: [(-1:100000:singleton)] RVS_ENABLE_CHECK Result: 0
08-29 23:32:39.559   701  2558 E C02906/PowerWakeup: State not changed, return
08-29 23:32:39.559   701  2558 W C0290a/PowerState: [UL_POWER] StateController::TransitTo AWAKE ret: 0, ffrtId=0, reason=REFRESH, kp=4, kr=2
08-29 23:32:39.559 21767 21767 I A04215/WMSHierarchy: request top id: 63, 5
08-29 23:32:39.559 21767 21767 I A04215/WMSHierarchy: onRaiseSceneToTop with persistentId:63
08-29 23:32:39.559 21767 21767 I A04200/WINDOW: SCBSPVM: getSceneContainerSessionWithPersistentId from containerSessionList id: 63
08-29 23:32:39.559 21767 21767 I A04200/WINDOW: SCBSPM: Remove container id: 18, 63
08-29 23:32:39.559 21767 21767 I A01b09/RECENT: RecentDockRefreshAlarm: start alarm recent dock: EntryAbility/io.reader.harmonyos/entry/0(persistentId: 63)(containerId: 18)
08-29 23:32:39.560   468  1609 E C01707/CONCUR: [Interface] task 1609 apply qos failed, errno = 4
08-29 23:32:39.560   468  1609 E C01611/QosManager: QosManager: Failed to set thread QoS to QOS_USER_INTERACTIVE, ret: -1
08-29 23:32:39.561   468   550 E C01707/CONCUR: [Interface] task 550 apply qos failed, errno = 4
08-29 23:32:39.561   468   550 E C01611/QosManager: QosManager: Failed to set thread QoS to QOS_USER_INTERACTIVE, ret: -1
08-29 23:32:39.563   245 13805 E C02802/WhitelistDataShareAccessor: [|102]GetStringValue UNIVERSAL_DRAG_CONFIG_WHITELIST failed, ret:2
08-29 23:32:39.563   245 13805 I C02800/WhitelistDataShareAccessor: [][ReadWhitelistFromDB] leave
08-29 23:32:39.563   245 13805 E C02802/WhitelistDataShareAccessor: [|73]ReadWhitelistFromDB failed
08-29 23:32:39.563   245 13805 I C02800/WhitelistDataShareAccessor: [][InitializeImpl] leave
08-29 23:32:39.564   468  1609 E C01707/CONCUR: [Interface] task 1609 apply qos failed, errno = 4
08-29 23:32:39.564   468  1609 E C01611/QosManager: QosManager: Failed to set thread QoS to QOS_USER_INTERACTIVE, ret: -1
08-29 23:32:39.564   701 17252 I C02986/DisplayPowerBrightness: no need to set setting brightness
08-29 23:32:39.564   701 17252 I C02986/DisplayPowerBrightness: SetSettingBrightness brightness=137
08-29 23:32:39.567   240   600 I C02699/MM: HandleLevelReport (1560)Psi trigger, L=0
08-29 23:32:39.567   240 13837 W C02699/MM: PsiHandlerInner level:0, skip.
08-29 23:32:39.567   240   600 I C02699/MM: ReadFile read fail: /dev/memcg/memory.zswapd_presure_show
08-29 23:32:39.567   240   600 E C02699/MM: GetPressureMbStrings kernel pressure miss: key=stability_rollup
08-29 23:32:39.567   240   600 E C02699/MM: ReadValuesFromFileWithoutLock Pressure fallback failed for key=stability_rollup
08-29 23:32:39.567   240   600 E C02699/MM: GetPressureKbLockedMap stoi fail for key=stability_rollup
08-29 23:32:39.567   240   600 E C02699/MM: IsBetaUser get logtype property fail
08-29 23:32:39.643 14416 14416 W C02c02/PARAM: Selinux check name persist.init.debug.loglevel in u:object_r:startup_init_param:s0 [14416 2000 2000] failed
08-29 23:32:39.643 14416 14416 W C02c02/PARAM: Selinux check name persist.init.debug.loglevel in u:object_r:startup_init_param:s0 [14416 2000 2000] failed
08-29 23:32:39.643 14416 14416 W C02c02/PARAM: SystemReadParam failed!name is:persist.init.debug.loglevel,err:1002
08-29 23:32:39.646 14418 14418 W C02c02/PARAM: Selinux check name persist.init.debug.loglevel in u:object_r:startup_init_param:s0 [14418 2000 2000] failed
08-29 23:32:39.646 14418 14418 W C02c02/PARAM: Selinux check name persist.init.debug.loglevel in u:object_r:startup_init_param:s0 [14418 2000 2000] failed
08-29 23:32:39.646 14418 14418 W C02c02/PARAM: SystemReadParam failed!name is:persist.init.debug.loglevel,err:1002
08-29 23:32:39.647 14419 14419 W C02c02/PARAM: Selinux check name persist.init.debug.loglevel in u:object_r:startup_init_param:s0 [14419 2000 2000] failed
08-29 23:32:39.647 14419 14419 W C02c02/PARAM: Selinux check name persist.init.debug.loglevel in u:object_r:startup_init_param:s0 [14419 2000 2000] failed
08-29 23:32:39.647 14420 14420 W C02c02/PARAM: Selinux check name persist.init.debug.loglevel in u:object_r:startup_init_param:s0 [14420 2000 2000] failed
08-29 23:32:39.647 14419 14419 W C02c02/PARAM: SystemReadParam failed!name is:persist.init.debug.loglevel,err:1002
08-29 23:32:39.647 14420 14420 W C02c02/PARAM: Selinux check name persist.init.debug.loglevel in u:object_r:startup_init_param:s0 [14420 2000 2000] failed
08-29 23:32:39.647 14420 14420 W C02c02/PARAM: SystemReadParam failed!name is:persist.init.debug.loglevel,err:1002
08-29 23:32:39.650   701 17257 I C02986/DisplayPowerBrightness: ProcessLightLux:mIsLuxActiveWithLog=true
08-29 23:32:39.650   701 17257 I C02986/DisplayPowerBrightness: mLux=0.000000, smoothLux=0.000000
08-29 23:32:39.650   701 17257 I C02986/DisplayPowerBrightness: lux=[0/538552314, 0/538562314, ], bDelta=5.000000, dDelta=1.000000, size=2
08-29 23:32:39.652 14421 14421 W C02c02/PARAM: Selinux check name persist.init.debug.loglevel in u:object_r:startup_init_param:s0 [14421 2000 2000] failed
08-29 23:32:39.652 14421 14421 W C02c02/PARAM: Selinux check name persist.init.debug.loglevel in u:object_r:startup_init_param:s0 [14421 2000 2000] failed
08-29 23:32:39.652 14421 14421 W C02c02/PARAM: SystemReadParam failed!name is:persist.init.debug.loglevel,err:1002
08-29 23:32:39.652 14422 14422 W C02c02/PARAM: Selinux check name persist.init.debug.loglevel in u:object_r:startup_init_param:s0 [14422 2000 2000] failed
08-29 23:32:39.652 14422 14422 W C02c02/PARAM: Selinux check name persist.init.debug.loglevel in u:object_r:startup_init_param:s0 [14422 2000 2000] failed
08-29 23:32:39.652 14422 14422 W C02c02/PARAM: SystemReadParam failed!name is:persist.init.debug.loglevel,err:1002
08-29 23:32:39.657 14407 14407 I C03100/UiTestKit_Server: [system_ui_controller.cpp:(SetItemByType)] Add touchItem, finger:0, pressed:0, location:1050, 542
08-29 23:32:39.657 14407 14407 I C02800/InputManagerImpl: [|1254]Pointer event action:4
08-29 23:32:39.657 14407 14407 I C02802/MultimodalEventHandler: [|252]PI:10000, IP:0, P:0.00, MF:-1, WI:-1, OPI:0, SI:true, A:0
08-29 23:32:39.657   245   493 I C02805/InputKeyFlow: [P:U:89800|6037]PA:up,Pid:14063,TWI:63,FWI:63,EID:89800,flags:0,DID:0AWI:63,zOrder:102.000000
08-29 23:32:39.657   245   493 I C02805/InputKeyFlow: [P:U:89800|621]SendMsg:14063
08-29 23:32:39.657 14063 14063 I C02805/InputKeyFlow: [P:U:89800|247]ac: up: 89800
08-29 23:32:39.657 14063 14063 I C02805/InputKeyFlow: [P:U:89800|649]recv
08-29 23:32:39.657 14063 14063 I C04213/InputKeyFlow: HandleInputEvent: eid:1,InputId:89800,wid:63,ac:4
08-29 23:32:39.659 14063 14063 I C03951/InputKeyFlow: [(100000:100000:scope)] ITK Id:89800, fId:10000, T:1, I=0, M=0
08-29 23:32:39.659 14063 14063 I C03934/AceUIEvent: [(100000:100000:scope)] TpFlush end by up event
08-29 23:32:39.659 14063 14063 I C0391e/AceGesture: [(100000:100000:scope)] Click try accept Scroll
08-29 23:32:39.659 14063 14063 I C0390b/AceScrollable: [(100000:100000:scope)] Scrollable GestureJudge:0, 0
08-29 23:32:39.659   127  7005 I C02d66/XPERF_SERVICE: [NotifyToXperf]: XperfServiceServer_NotifyToXperf domainId:6 eventId:0 msg:#TYPE:LAST_UP#TIME:1788017559658#BUNDLE_NAME:io.reader.harmonyos#PID:14063
08-29 23:32:39.659 14063 14063 I C0391e/AceGesture: [(100000:100000:scope)] Click gesture judge reject
08-29 23:32:39.659 14063 14063 I C0391e/AceGesture: [(100000:100000:scope)] Click try accept Row
08-29 23:32:39.659 14063 14063 I C03951/InputKeyFlow: [(100000:100000:scope)] CLK RACC, T: Row
08-29 23:32:39.659   282 14335 E C01704/TagSched: [a92abbfb97a101f] [OpenQosCtrl]Failed to open qos_ctrl device
08-29 23:32:39.659   282 14335 E C01704/TagSched: [a92abbfb97a101f] [IsQosHandleOpen]get qosSetHandle_ fail
08-29 23:32:39.659   282 14335 E C01704/TagSched: [a92abbfb97a101f] [SetUclamp]qosSetHandle open fail
08-29 23:32:39.660 14063 14063 I C03919/AceInputTracking: [(100000:100000:scope)] Consumed id:89800, last id:-1
08-29 23:32:39.660 14063 14063 I C04213/InputKeyFlow: ConsumePointerEventInner: InputId:89800,wid:63,pointId:10000,srcType:2,rect:[0,0,1320,2856],notify:1
08-29 23:32:39.660 21767 21767 I A01b09/RECENT: RecentDockRefreshAlarm: refresh recent dock: EntryAbility/io.reader.harmonyos/entry/0(persistentId: 63)(containerId: 18)
08-29 23:32:39.666 14063 14063 W C01202/Ces: Already subscribed
08-29 23:32:39.668   833  1082 I C057c2/IPCObjectProxy: hd:986 ct:1 D:
08-29 23:32:39.797   701 17256 I C02986/DisplayPowerBrightness: mLux=0.000000, smoothLux=0.000000
08-29 23:32:39.842  3349 14108 I C03f00/ArkCompiler: [gc] SmartGC: app cold start finished
08-29 23:32:39.847 14426 14426 W C02c02/PARAM: Selinux check name persist.init.debug.loglevel in u:object_r:startup_init_param:s0 [14426 2000 2000] failed
08-29 23:32:39.847 14426 14426 W C02c02/PARAM: Selinux check name persist.init.debug.loglevel in u:object_r:startup_init_param:s0 [14426 2000 2000] failed
08-29 23:32:39.847 14426 14426 W C02c02/PARAM: SystemReadParam failed!name is:persist.init.debug.loglevel,err:1002
08-29 23:32:39.850 14428 14428 W C02c02/PARAM: Selinux check name persist.init.debug.loglevel in u:object_r:startup_init_param:s0 [14428 2000 2000] failed
08-29 23:32:39.850 14428 14428 W C02c02/PARAM: Selinux check name persist.init.debug.loglevel in u:object_r:startup_init_param:s0 [14428 2000 2000] failed
08-29 23:32:39.850 14428 14428 W C02c02/PARAM: SystemReadParam failed!name is:persist.init.debug.loglevel,err:1002
08-29 23:32:39.851  3349  3349 I C03f00/ArkCompiler: [7261682e7265646, 3aa7614, 26860e3] [gc] IdleGCTrigger: trigger full gc
08-29 23:32:39.857 14429 14429 W C02c02/PARAM: Selinux check name persist.init.debug.loglevel in u:object_r:startup_init_param:s0 [14429 2000 2000] failed
08-29 23:32:39.857 14429 14429 W C02c02/PARAM: Selinux check name persist.init.debug.loglevel in u:object_r:startup_init_param:s0 [14429 2000 2000] failed
08-29 23:32:39.857 14429 14429 W C02c02/PARAM: SystemReadParam failed!name is:persist.init.debug.loglevel,err:1002
08-29 23:32:39.861  3349 14282 E C03f01/NAPI: [7261682e7265646, 26860e3, 1daca0] [TryTriggerCompressGCOfProcess] ArkIdleMonitor: tid: 14 is dead!
08-29 23:32:39.861  3349 14282 I C02d10/HiViewRemoteService: [7261682e7265646, 26860e3, 1daca0] GetHiViewRemoteService: refresh remote service instance.
08-29 23:32:39.862  3349  3349 I C03f00/ArkCompiler: [7261682e7265646, 63e7d9, 26860e3] [gc] IdleGCTrigger: trigger shared full gc
08-29 23:32:39.865  3349 14105 E C01707/CONCUR: [Interface] task 14105 apply qos failed, errno = 4
08-29 23:32:39.867  3349 14105 E C01707/CONCUR: [Interface] task 14106 apply qos failed, errno = 4
08-29 23:32:39.869  3349 14105 E C01707/CONCUR: [Interface] task 14108 apply qos failed, errno = 4
08-29 23:32:39.870  3349 14105 E C01707/CONCUR: [Interface] task 14107 apply qos failed, errno = 4
08-29 23:32:39.874  3349 14105 I C03f00/ArkCompiler: [ecmascript] remove js pandafile by gc, file:libutil.HashMap.z.so/util.HashMap.js
08-29 23:32:39.874  3349 14105 I C03f00/ArkCompiler: [ecmascript] remove js pandafile by gc, file:libutil.HashSet.z.so/util.HashSet.js
08-29 23:32:39.874  3349 14105 I C03f00/ArkCompiler: [ecmascript] remove js pandafile by gc, file:libutil.ArrayList.z.so/util.ArrayList.js
08-29 23:32:39.877  3349 14105 E C01707/CONCUR: [Interface] task 14105 apply qos failed, errno = 4
08-29 23:32:39.879  3349 14105 E C01707/CONCUR: [Interface] task 14106 apply qos failed, errno = 4
08-29 23:32:39.880  3349 14105 E C01707/CONCUR: [Interface] task 14108 apply qos failed, errno = 4
08-29 23:32:39.881  3349 14105 E C01707/CONCUR: [Interface] task 14107 apply qos failed, errno = 4
08-29 23:32:39.909   282 14335 E C01704/TagSched: [a92abbfb97a101f] [OpenQosCtrl]Failed to open qos_ctrl device
08-29 23:32:39.909   282 14335 E C01704/TagSched: [a92abbfb97a101f] [IsQosHandleOpen]get qosSetHandle_ fail
08-29 23:32:39.909   282 14335 E C01704/TagSched: [a92abbfb97a101f] [SetUclamp]qosSetHandle open fail
08-29 23:32:39.943   701 17258 I C02986/DisplayPowerBrightness: mLux=0.000000, smoothLux=0.000000
08-29 23:32:39.962 14063 14337 I C02b61/ImageSource: CreatePixelMap success, id:1788017559962406,dSize:(0,0),srcSize: (150,200),dHdr:1,sHdr:1,memType: 2,cost 330 us
08-29 23:32:39.962 14063 14337 E C02b61/PixelMap: set ashmem name failed
08-29 23:32:39.963 14063 14063 I C02d66/Hiview-PerfMonitor: ProcessJank: JankFrameMonitor::ProcessJank jank >= threshold
08-29 23:32:39.964 14063 14063 I C02d06/XCollie: Application is in starting period.
08-29 23:32:39.964 14063 14063 E C02b61/PixelMap: set ashmem name failed
08-29 23:32:39.968 14063 14063 E A05244/Reader: Remote download projection failed: Reader-Core request cancelled by caller: 9
08-29 23:32:39.968 14063 14063 E A05244/Reader: Remote bookmark projection failed: Reader-Core request cancelled by caller: 10
08-29 23:32:39.979   832   832 E C01406/RSScreenManager: IsAllScreensPowerOff: screenPowerStatus_ is empty.
08-29 23:32:39.985 14063 14063 I C01653/PreferencesJsKit: GetContextMode: set gContextNode: 1, status: 0,
08-29 23:32:39.985 14063 14329 I C01653/NativePreferences: XmlReadFile: file:/***/el2/***/read***e_v1, m:0.
08-29 23:32:39.986   832   943 E C02515/DGLES: [d_eglSwapBuffers_special@egl_gpu.cpp:729] thread output size 290102 speed 148k/s API_num 222
08-29 23:32:39.990 14063 14341 I C0391f/AceImage: [(100000:100000:scope)] No intrinsic size for <private>, size required.
08-29 23:32:39.991 14063 14337 I C0391f/AceImage: [(100000:100000:scope)] No intrinsic size for <private>, size required.
08-29 23:32:39.997   607   975 W C02515/DISP: [SetLayerMaskInfo:495] <private> is not supported
08-29 23:32:39.997   607   975 I C02515/DISP: [CommitComposeLayer:67] CommitComposeLayer! 10
08-29 23:32:40.055   125   513 I C01800/SAMGR: NF SA:65962,876_43835
08-29 23:32:40.119 14063 14063 I C02d66/Hiview-PerfMonitor: ProcessJank: JankFrameMonitor::ProcessJank jank >= threshold
08-29 23:32:40.119 14063 14063 I C02d06/XCollie: Application is in starting period.
08-29 23:32:40.120 14063 14063 I C04202/WMSMain: SetRequestedOrientation: id:63 lastReqOrientation:0 target:0 state:2
08-29 23:32:40.120 14063 14063 I C0421d/WMSRotation: isNeededForciblySetOrientation: orientation:0
08-29 23:32:40.120 14063 14063 I C0421d/WMSRotation: isNeededForciblySetOrientation: lastOrientation:0
08-29 23:32:40.120 14063 14248 I C04217/WMSAttribute: OnSetWindowKeepScreenOn end. Wid: 63, isKeepScreenOn: 0
08-29 23:32:40.120 14063 14063 I C0421d/WMSRotation: OnSetPreferredOrientation end, window [63, harmonyos0] orientation=0
08-29 23:32:40.121 14063 14186 I C02b61/ImageSource: CreatePixelMap success, id:1788017560120141,dSize:(200,200),srcSize: (200,200),dHdr:1,sHdr:1,memType: 2,cost 1008 us
08-29 23:32:40.121 14063 14186 E C02b61/PixelMap: set ashmem name failed
08-29 23:32:40.124 21767 21767 I A01b00/SCB: SCBSSM: updateNavigationBarProperty navigationBarEnable: true
08-29 23:32:40.124 21767 21767 I A01b00/SCB: SCBSSM: updateNavigationBarProperty 0
08-29 23:32:40.124   179 14012 I C01d00/accessibility: [(WindowUpdateAll:1027)]WindowUpdateAll start activeWindowId_: 63
08-29 23:32:40.124   179 14012 I C01d00/accessibility: [(SetActiveWindow:398)]windowId is 63, activeWindowId_: -1
08-29 23:32:40.124 21767 21767 I A01b0a/GESTURE: FloatingNavigationManager --> checkShowFloatingNavigation switch is closed
08-29 23:32:40.124   179 14012 I C01d00/accessibility: [(WindowUpdateAll:1079)]WindowUpdateAll end activeWindowId_: 63
08-29 23:32:40.124   179 14012 I C01d00/accessibility: [(WindowUpdateAll:1027)]WindowUpdateAll start activeWindowId_: 63
08-29 23:32:40.124   179 14012 I C01d00/accessibility: [(SetActiveWindow:398)]windowId is 63, activeWindowId_: -1
08-29 23:32:40.124 21767 21767 I A04200/WINDOW: SCBSSM: onStatusBarEnableChange screenId: 0 statusBarEnable: true
08-29 23:32:40.124   179 14012 I C01d00/accessibility: [(WindowUpdateAll:1079)]WindowUpdateAll end activeWindowId_: 63
08-29 23:32:40.125   179 14013 I C01d00/accessibility: [(WindowUpdateAll:1027)]WindowUpdateAll start activeWindowId_: 63
08-29 23:32:40.125   179 14013 I C01d00/accessibility: [(SetActiveWindow:398)]windowId is 63, activeWindowId_: -1
08-29 23:32:40.125   179 14013 I C01d00/accessibility: [(WindowUpdateAll:1079)]WindowUpdateAll end activeWindowId_: 63
08-29 23:32:40.125 21767 21767 I A01b00/SCB: SCBCategoryResourceManager: isForceFullScreenWithDock bundleName: io.reader.harmonyos
08-29 23:32:40.125 21767 21767 I A01b00/SCB:                   isForceFullScreenWithDock: false
08-29 23:32:40.125 21767 21767 I A01b00/SCB: SCBSSM: updateNavigationBarProperty navigationBarEnable: true
08-29 23:32:40.125 21767 21767 I A01b00/SCB: SCBSSM: updateNavigationBarProperty 0
08-29 23:32:40.125 21767 21767 I A01b0a/GESTURE: FloatingNavigationManager --> checkShowFloatingNavigation switch is closed
08-29 23:32:40.125 21767 21767 I A04200/WINDOW: SCBSSM: onStatusBarEnableChange screenId: 0 statusBarEnable: true
08-29 23:32:40.125   833  1082 W C04201/DMS: screen_cutout_controller.cpp GetCutoutArea: display:[ID: 0, W: 1320, H: 2856, R: 0,Mode 0]
08-29 23:32:40.126 21767 21767 I A01b00/SCB: SCBCategoryResourceManager: isForceFullScreenWithDock bundleName: io.reader.harmonyos
08-29 23:32:40.126 21767 21767 I A01b00/SCB:                   isForceFullScreenWithDock: false
08-29 23:32:40.126 21767 21767 I A01b00/SCB: SCBSSM: updateNavigationBarProperty navigationBarEnable: true
08-29 23:32:40.126 21767 21767 I A01b00/SCB: SCBSSM: updateNavigationBarProperty 0
08-29 23:32:40.126 21767 21767 I A01b0a/GESTURE: FloatingNavigationManager --> checkShowFloatingNavigation switch is closed
08-29 23:32:40.126 21767 21767 I A04200/WINDOW: SCBSSM: onStatusBarEnableChange screenId: 0 statusBarEnable: true
08-29 23:32:40.126 21767 32471 I C0420b/WMSKeyboard: CheckEmptyKeyboardAvoidAreaIfNeeded: check keyboard avoid area, isPhoneNotFreeMultiWindow: 1, isPadNotFreeMultiWindow: 0
08-29 23:32:40.126 21767 21767 I A01b00/SCB: SCBCategoryResourceManager: isForceFullScreenWithDock bundleName: io.reader.harmonyos
08-29 23:32:40.126 21767 21767 I A01b00/SCB:                   isForceFullScreenWithDock: false
08-29 23:32:40.128 14063 14340 I C01653/NativePreferences: XmlReadFile: file:/***/el2/***/read***s_v1, m:0.
08-29 23:32:40.129 14063 14063 I C04202/WMSMain: SetRequestedOrientation: id:63 lastReqOrientation:0 target:13 state:2
08-29 23:32:40.129 14063 14063 I C0421d/WMSRotation: isNeededForciblySetOrientation: orientation:13
08-29 23:32:40.129 14063 14063 I C0421d/WMSRotation: isNeededForciblySetOrientation: lastOrientation:0
08-29 23:32:40.129 14063 14063 I C0421d/WMSRotation: SetUserRequestedOrientation: id:63 userRequestedOrientation:13 state:2
08-29 23:32:40.129 21767 32471 I C04200/SceneSession: SetRequestedOrientation: id: 63 orientation: 13
08-29 23:32:40.129 21767 32471 I C0421d/WMSRotation: orientation=13, needAnimation=1
08-29 23:32:40.129 21767 21767 I A04200/WINDOW: SCBSSM: RequestedOrientationChange persistentId:63 reqOrientation:13
08-29 23:32:40.129 14063 14063 I C0421d/WMSRotation: OnSetPreferredOrientation end, window [63, harmonyos0] orientation=13
08-29 23:32:40.129 14063 14248 I C04217/WMSAttribute: OnSetWindowKeepScreenOn end. Wid: 63, isKeepScreenOn: 0
08-29 23:32:40.129 21767 21767 I A04200/WINDOW: SCBSPVM: getSceneContainerSessionWithPersistentId from containerSessionList id: 63
08-29 23:32:40.129 21767 21767 I A04200/WINDOW: SCBSSM: targetOrientation does not belong to the userPageOrientation type
08-29 23:32:40.129 21767 21767 W A0421d/WMSRotation: [onContainerRequestedOrientationChange] Convert requested orientation from: 0 to: 13 received: 13
08-29 23:32:40.129 21767 21767 I A04200/WINDOW: SCBSSM: targetOrientation does not belong to the userOrientation type
08-29 23:32:40.129 21767 21767 W A0421d/WMSRotation: [onContainerRequestedOrientationChange] not user orientation
08-29 23:32:40.129   179 14014 I C01d00/accessibility: [(WindowUpdateAll:1027)]WindowUpdateAll start activeWindowId_: 63
08-29 23:32:40.129   179 14014 I C01d00/accessibility: [(SetActiveWindow:398)]windowId is 63, activeWindowId_: -1
08-29 23:32:40.129   179 14014 I C01d00/accessibility: [(WindowUpdateAll:1079)]WindowUpdateAll end activeWindowId_: 63
08-29 23:32:40.129   179 13978 I C01d00/accessibility: [(WindowUpdateAll:1027)]WindowUpdateAll start activeWindowId_: 63
08-29 23:32:40.129   179 13978 I C01d00/accessibility: [(SetActiveWindow:398)]windowId is 63, activeWindowId_: -1
08-29 23:32:40.129 21767 21767 I A01b00/SCB: SCBCompatibilityModeController: [addInvertedPortraitOrientationIfNeeded] requestOrientation:13
08-29 23:32:40.129   179 13978 I C01d00/accessibility: [(WindowUpdateAll:1079)]WindowUpdateAll end activeWindowId_: 63
08-29 23:32:40.130 21767 21767 I A01b00/SCB: SCBCompatibilityModeResourceManager: [isCurrentSupportAddInvertedPortraitOrientation] isSupportAddInvertedPortraitOrientation: false
08-29 23:32:40.130 21767 21767 I A01b00/SCB: SCBCompatibilityModeResourceManager: [isNeedAddInvertedPortraitOrientation] current device status is not support adding inverted portrait orientation
08-29 23:32:40.130   179 14012 I C01d00/accessibility: [(WindowUpdateAll:1027)]WindowUpdateAll start activeWindowId_: 63
08-29 23:32:40.130   179 14012 I C01d00/accessibility: [(SetActiveWindow:398)]windowId is 63, activeWindowId_: -1
08-29 23:32:40.130   179 14012 I C01d00/accessibility: [(WindowUpdateAll:1079)]WindowUpdateAll end activeWindowId_: 63
08-29 23:32:40.130 21767 21767 I A0421d/WMSRotation: [startSceneWithRotationIfNeed] containerSession EntryAbility/io.reader.harmonyos/entry/0(persistentId: 63)(containerId: 18), needAnimation true isFromRecent false fromUser true isPageRotation false
08-29 23:32:40.130 21767 21767 I A0421d/WMSRotation: [startSceneWithRotationIfNeed] containerSession EntryAbility/io.reader.harmonyos/entry/0(persistentId: 63)(containerId: 18)needAnimation true isFromRecent false fromUser true isPageRotation false
08-29 23:32:40.130 21767 21767 I A0421d/WMSRotation: [coverSensorRotation] cover sensor rotation.
08-29 23:32:40.130 21767 21767 I A01b00/SCB: SCBCompatibilityModeController: [addInvertedPortraitOrientationIfNeeded] requestOrientation:undefined
08-29 23:32:40.130 21767 21767 I A01b00/SCB: SCBCompatibilityModeResourceManager: [isCurrentSupportAddInvertedPortraitOrientation] isSupportAddInvertedPortraitOrientation: false
08-29 23:32:40.130 21767 21767 I A01b00/SCB: SCBCompatibilityModeResourceManager: [isNeedAddInvertedPortraitOrientation] current device status is not support adding inverted portrait orientation
08-29 23:32:40.130 21767 21767 I A04200/WINDOW: SCBScreenSM: screenRotationLocked value:true
08-29 23:32:40.130 21767 21767 W A0421d/WMSRotation: [getTargetRotation] bundleName:io.reader.harmonyos requestOrientation:13 isScreenLocked:true isPlacedRotateFriendlyDevicePlaced:false fixedRotation: -1 rotationCommand: {"isIgnorePlacedState":false,"isFromDropDown":false}
08-29 23:32:40.130 21767 21767 I A0421d/WMSRotation: processRotationPolicyOrientation requestOrientation: 13 sensorRotation: 0 isScreenLocked: true fromUser: true currentScreenRotation: 0 targetOrientation 13 isPlacedRotateFriendlyDevicePlaced: false rotationCommand: {"isIgnorePlacedState":false,"isFromDropDown":false}
08-29 23:32:40.130   833  1082 W C04201/DMS: screen_cutout_controller.cpp GetCutoutArea: display:[ID: 0, W: 1320, H: 2856, R: 0,Mode 0]
08-29 23:32:40.130 21767 21767 I A04200/WINDOW: SCBSSM: targetOrientation does not belong to the userOrientation type
08-29 23:32:40.130 21767 21767 I A0421d/WMSRotation: [notifySupportRotationChange] container requestOrientation: 13 scene requestOrientation: 13
08-29 23:32:40.130 21767 21767 I A0421d/WMSRotation: [notifySupportRotationChange] displayId: 0 persistentId: 63 container: [true,true,false,true] scene: [true,true,false,true] reason: ContainerRequestedOrientationChange
08-29 23:32:40.130 21767 21767 I A04200/WINDOW: SCBSSM: notifySupportRotationChange
08-29 23:32:40.130 21767 21767 I C0421d/WMSRotation: OnNotifySupportRotationChange: persistentId: 63, container size: 4, scene size: 4
08-29 23:32:40.130 21767 21767 I A0421d/WMSRotation: [startSceneWithRotationIfNeed] before rotate with targetRotation=0, sensorRotation=0, currentScreenRotation=0, currentContainerRotation=0, tempRotation=, name=io.reader.harmonyos
08-29 23:32:40.130 21767 21767 I A0421d/WMSRotation: [rotateWindowPolicy] no need to rotate with same targetRotation
08-29 23:32:40.130 21767 21767 I C04200/WMS: operator(): 13
08-29 23:32:40.130 21767 32471 I C0420b/WMSKeyboard: CheckEmptyKeyboardAvoidAreaIfNeeded: check keyboard avoid area, isPhoneNotFreeMultiWindow: 1, isPadNotFreeMultiWindow: 0
08-29 23:32:40.131 21767 21767 I A01b00/SCB: SCBSSM: updateNavigationBarProperty navigationBarEnable: true
08-29 23:32:40.131 21767 21767 I A01b00/SCB: SCBSSM: updateNavigationBarProperty 0
08-29 23:32:40.131 21767 21767 I A01b0a/GESTURE: FloatingNavigationManager --> checkShowFloatingNavigation switch is closed
08-29 23:32:40.131 21767 21767 I A04200/WINDOW: SCBSSM: onStatusBarEnableChange screenId: 0 statusBarEnable: false
08-29 23:32:40.131 21767 21767 I A01a00/SYS_UI: BaseStateManager: onImmersiveChange, isImmersive = true, isInImmersive = false
08-29 23:32:40.131 21767 21767 I A01a00/SYS_UI: EnvVm: onStateChange, type: 1
08-29 23:32:40.131 21767 21767 I A01a00/SYS_UI: EnvVm: onStateChange, isImmersive: true
08-29 23:32:40.132 21767 21767 I A01a00/SYS_UI: BaseStateManagerAdapter: getBannerState
08-29 23:32:40.132 21767 21767 I A04209/WMSImms: update prop to callbacks. screenId:0 mainscreenId:0 window:63, prop:[5,false,"#FFF8F4EC","#99000000",false,false,null], size:5 reason: sceneSession isSetEnable:true isSetColor:true isLand:false 
08-29 23:32:40.132 21767 21767 I A01a00/SYS_UI: SystemUI_BannerVm --> onSystemBarProperty
08-29 23:32:40.132 21767 21767 I A01a00/SYS_UI: SystemUI_BannerVm --> refreshBannerStyle start, isInRotateAnim false, displayWidth: 1320, bannerScreenWidth: 1320
08-29 23:32:40.132 21767 21767 I A01a00/SYS_UI: SystemUI_BannerVm --> refreshBannerStyle, marginTop:47, cardIWidth 345.14285714285717, itemWidth: 345.14285714285717, marginLeftRight: 16, marginStatusBarTop 8
08-29 23:32:40.132 21767 21767 I A01a00/SYS_UI: TaskQueue: Add task SCBStatusBarVM_onSystemBarPropertyChange, count: 1
08-29 23:32:40.132 21767 21767 I A01a00/SYS_UI: TaskQueue: execute queueName SCBStatusBarVM, task onSystemBarPropertyChange, runningCount 1, startTime 1788017560132
08-29 23:32:40.132 21767 21767 I A01a00/SYS_UI: SCBStatusBarView: registerSystemBarPropertyCallbacks, enable: false, enableAnimation:false, isExitRecentTask: false
08-29 23:32:40.132 21767 21767 I A01a00/SYS_UI: TimeoutPromise: Create for SCBStatusBarView_isEnablePromise.
08-29 23:32:40.132 21767 21767 I A01a00/SYS_UI: TimeoutPromise: StartTimeout for SCBStatusBarView_isEnablePromise timeout 500
08-29 23:32:40.132 21767 21767 I A01a00/SYS_UI: SCBStatusBarView: Hide status bar
08-29 23:32:40.132 21767 21767 I A01a00/SYS_UI: SCBStatusBarVM: isEnable changed: false --- enableAnimation changed: false, isExitRecentTask: false
08-29 23:32:40.132 21767 21767 I A04200/WINDOW: SCBSystemScene: onVisibilityChange: false systemName: SCBStatusBar18
08-29 23:32:40.132 21767 21767 W A04200/WINDOW: SCBSSM: Failed to get system Session with systemType: 1}
08-29 23:32:40.132 21767 21767 I A04200/WINDOW: SCBSSM: refreshAvailableArea: statusBarHeight:0 dockHeight:0
08-29 23:32:40.132 21767 21767 I A04200/WINDOW: SCBScreenSession: SCBScreenSession
08-29 23:32:40.133 21767 21767 I A04204/WMSScb: processStateChange, state: 5 id: 21 name: SCBStatusBar18
08-29 23:32:40.133 21767 21767 I A04204/WMSScb: onSessionStateChange, id: 21, state: 5
08-29 23:32:40.133 21767 21767 I A04207/WMSFocus: requestUnfocus id : 21, reason: 4, undefined
08-29 23:32:40.133 21767 21767 I A01a00/SYS_UI: SCBStatusBarBuilder: on statusbar hide.
08-29 23:32:40.133 21767 21767 I A01a00/SYS_UI: SCBStatusBarView: onHide is coming
08-29 23:32:40.133 21767 21767 I A01a00/SYS_UI: SCBStatusBarView: clearDelayAwakeDismiss
08-29 23:32:40.133 21767 21767 I A01a00/SYS_UI: SystemUI_BannerVm --> updateImmersiveStateBreak. isBreak: false
08-29 23:32:40.133 21767 21767 I A01a00/SYS_UI: SystemUI_BannerVm --> refreshBannerStyle start, isInRotateAnim false, displayWidth: 1320, bannerScreenWidth: 1320
08-29 23:32:40.133 21767 21767 I A01a00/SYS_UI: SystemUI_BannerVm --> refreshBannerStyle, marginTop:50.285714285714285, cardIWidth 345.14285714285717, itemWidth: 345.14285714285717, marginLeftRight: 16, marginStatusBarTop 8
08-29 23:32:40.133 21767 21767 I A01a00/SYS_UI: EnvVm: onStateChange, type: 1
08-29 23:32:40.133 21767 21767 I A01a00/SYS_UI: EnvVm: onStateChange, isImmersive: true
08-29 23:32:40.133 21767 21767 I A01a00/SYS_UI: BaseStateManagerAdapter: getBannerState
08-29 23:32:40.133 21767 21767 I A04207/WMSFocus: setFocusableOnShow: true, systemName: SCBGestureTopBar15 id: 18
08-29 23:32:40.133 21767 21767 I A04200/WINDOW: SCBSystemScene: onVisibilityChange: true systemName: SCBGestureTopBar15
08-29 23:32:40.133 21767 21767 I A04204/WMSScb: processStateChange, state: 2 id: 18 name: SCBGestureTopBar15
08-29 23:32:40.133 21767 21767 I A04204/WMSScb: onSessionStateChange, id: 18, state: 2
08-29 23:32:40.133 21767 21767 I A01b00/SCB: BaseViewController: systemName: SCBGestureTopBar15 aboutToAppear currRect,left.getPxStr:0px
08-29 23:32:40.133 21767 21767 I A01a00/SYS_UI: GestureTopBar-Index: onShow is coming
08-29 23:32:40.133 21767 21767 I A01b00/SCB: BaseViewController: show GESTURE_TOP_BAR persistentId: 18 isFocusableOnShow: true, screenId: undefined
08-29 23:32:40.133 21767 21767 I A01a00/SYS_UI: SCBStatusBarView: receive SYSTEM_BAR_CHANGE event, params=1
08-29 23:32:40.133 21767 21767 I A01b0a/GESTURE: FloatingNavigationManager --> proxy is undefined
08-29 23:32:40.133 21767 21767 I A01b0a/GESTURE: AIBarView --> [AIBAR] receive SYSTEM_BAR_CHANGE, params=1, tempShowAiBar=false
08-29 23:32:40.133 21767 21767 I A01a00/SYS_UI: EnvVm: onStatusBarShowHideChange, status show hide status change from true to false.
08-29 23:32:40.133 21767 21767 I A01a00/SYS_UI: StatusBarLayoutVm: viewVisibleChangeCallback false
08-29 23:32:40.133 21767 21767 I A01b00/SCB: BaseViewController: hide STATUS_BAR persistentId: 21
08-29 23:32:40.133 21767 21767 W A01a00/SYS_UI: StatusBarVMV2: System bar property change from #99000000 to #99000000 #FFF8F4EC
08-29 23:32:40.133 21767 21767 I A01a00/SYS_UI: StatusBarVMV2: updateTintContentColor enable false, enableAnimation false contentColor #99000000
08-29 23:32:40.133 21767 21767 W A01a00/SYS_UI: StatusBarBridgeView: onPluginContentColorChange #99000000
08-29 23:32:40.134 21767 21767 I A04200/WINDOW: SCBScene: [SCBKeyboard] keyboard session is null, no need update keyboard offset
08-29 23:32:40.134 21767 21767 I A01b00/SCB: SCBCategoryResourceManager: isForceFullScreenWithDock bundleName: io.reader.harmonyos
08-29 23:32:40.134 21767 21767 I A01b00/SCB:                   isForceFullScreenWithDock: false
08-29 23:32:40.134   833  1082 W C04201/DMS: screen_cutout_controller.cpp GetCutoutArea: display:[ID: 0, W: 1320, H: 2856, R: 0,Mode 0]
08-29 23:32:40.134 21767 32471 I C04209/WMSImms: SetIsStatusBarVisibleInner: win [63, harmonyos0] visible 0 need notify
08-29 23:32:40.134 21767 21767 I A01a00/SYS_UI: StatusBarColorPickerVm --> on isImmersive change: true,color: #99000000--envVm.isImmersive
08-29 23:32:40.134 21767 21767 I A01a00/SYS_UI: StatusBarColorPickerVm --> color enable false
08-29 23:32:40.134 21767 21767 I A01a00/SYS_UI: GroupBackgroundEffect --> LightNess: 0 colorStr: #99000000
08-29 23:32:40.134 21767 21767 I A01a00/SYS_UI: StatusBarHeightVm: clearShowHeight GroupBackgroundEffect
08-29 23:32:40.134 21767 21767 I A01a00/SYS_UI: StatusBarHeightVm: checkHeightChange: cacheUseHeight 39 maxHeight 39 maxHotArea: 39
08-29 23:32:40.134 21767 21767 I A01a00/SYS_UI: GroupBackgroundEffect --> LightNess: 0 colorStr: #99000000
08-29 23:32:40.134 21767 21767 I A01a00/SYS_UI: StatusBarHeightVm: clearShowHeight GroupBackgroundEffect
08-29 23:32:40.134 21767 21767 I A01a00/SYS_UI: StatusBarHeightVm: checkHeightChange: cacheUseHeight 39 maxHeight 39 maxHotArea: 39
08-29 23:32:40.134 21767 21767 I A01a01/NC: BannerNotificationVm --> onBannerStyleChange 345.14285714285717 50.285714285714285 {"itemWidth":345.14285714285717,"containerWidth":345.14285714285717,"bannerTransY":0,"containerMarginTop":50.285714285714285,"containerMarginBottom":28,"containerMarginLeft":16,"containerMarginRight":16}
08-29 23:32:40.135 21767 21767 I A01a00/SYS_UI: BannerManager: refreshBannerStyle. displayWidth: 1320, displayHeight: 2856
08-29 23:32:40.135 21767 21767 I A01a00/SYS_UI: BannerManager: isBreak: false, isImmersive: true, statusBarIsVisible: true, 42.285714285714285 
08-29 23:32:40.135 21767 21767 I A01a00/SYS_UI: BannerManager: refreshBanner style marginTop:50.285714285714285, width 345.14285714285717
08-29 23:32:40.135 21767 21767 I A01a00/SYS_UI: BannerManager: refreshBannerStyle. displayWidth: 1320, displayHeight: 2856
08-29 23:32:40.135 21767 21767 I A01a00/SYS_UI: BannerManager: isBreak: false, isImmersive: true, statusBarIsVisible: true, 42.285714285714285 
08-29 23:32:40.135 21767 21767 I A01a00/SYS_UI: BannerManager: refreshBanner style marginTop:50.285714285714285, width 345.14285714285717
08-29 23:32:40.135 21767 21767 I A01a00/SYS_UI: EnvVm: onStatusBarShowHideChange, status show hide status change from false to false.
08-29 23:32:40.135 21767 21767 I A01a00/SYS_UI: SCBStatusBarView: notifyNextAvoidRectInfo
08-29 23:32:40.135   832   832 E C01406/RSScreenManager: IsAllScreensPowerOff: screenPowerStatus_ is empty.
08-29 23:32:40.135 21767 21767 I A01a00/SYS_UI: SCBStatusBarView: notifyNextAvoidRectInfo 21 1320 2856
08-29 23:32:40.135 21767 21767 I A01a00/SYS_UI: SCBStatusBarView: Rect 1320 2856 
08-29 23:32:40.135 21767 21767 I A01a00/SYS_UI: TimeoutPromise: Manually resolve fot SCBStatusBarView_isEnablePromise. reason: SCBStatusBarView_isEnablePromise
08-29 23:32:40.135 21767 21767 W A01a00/SYS_UI: SCBStatusBarView: isEnable changed: false, statusBarOpacity is 1, immersive is true, enable animation: false
08-29 23:32:40.135 21767 21767 I A01a00/SYS_UI: TaskQueue: Run task SCBStatusBarVM_onSystemBarPropertyChange, time: 3, count: 0
08-29 23:32:40.135 21767 21767 W A01a00/SYS_UI: TaskQueue: stop run task, queueName SCBStatusBarVM, isFreeze: false, runningCount: 0, tasks length: 0
08-29 23:32:40.135 21767 21767 I A01b00/SCB: SCBSSM: updateNavigationBarProperty navigationBarEnable: true
08-29 23:32:40.135 21767 21767 I A01b00/SCB: SCBSSM: updateNavigationBarProperty 0
08-29 23:32:40.135 21767 21767 I A01b0a/GESTURE: FloatingNavigationManager --> checkShowFloatingNavigation switch is closed
08-29 23:32:40.135 21767 21767 I A04200/WINDOW: SCBSSM: onStatusBarEnableChange screenId: 0 statusBarEnable: false
08-29 23:32:40.135 21767 21767 I A01b00/SCB: SCBCategoryResourceManager: isForceFullScreenWithDock bundleName: io.reader.harmonyos
08-29 23:32:40.135 21767 21767 I A01b00/SCB:                   isForceFullScreenWithDock: false
08-29 23:32:40.135 21767 21767 I A01b00/SCB: SCBSSM: updateNavigationBarProperty navigationBarEnable: true
08-29 23:32:40.135 21767 21767 I A01b00/SCB: SCBSSM: updateNavigationBarProperty 0
08-29 23:32:40.135 21767 21767 I A01b0a/GESTURE: FloatingNavigationManager --> checkShowFloatingNavigation switch is closed
08-29 23:32:40.135 21767 21767 I A04200/WINDOW: SCBSSM: onStatusBarEnableChange screenId: 0 statusBarEnable: false
08-29 23:32:40.135 21767 21767 I A01b00/SCB: SCBCategoryResourceManager: isForceFullScreenWithDock bundleName: io.reader.harmonyos
08-29 23:32:40.135 21767 21767 I A01b00/SCB:                   isForceFullScreenWithDock: false
08-29 23:32:40.136 32257 32257 I C04209/WMSImms: NotifyAvoidAreaChange: win 1162899464 api 23 type 0 area empty
08-29 23:32:40.136 21767 21767 I A01a00/SYS_UI: StatusBarBridgeView: FrameCallback do
08-29 23:32:40.136 21767 21767 I A04200/WINDOW: SCBScreen: getScreenTranslateOptions: {"x":"0px","y":"0px"}
08-29 23:32:40.136 21767 21767 I A04200/WINDOW: SCBScreenSession: rotation0, rotationOffset:0
08-29 23:32:40.136 32257 32257 I C03959/AceLayout: [(-2:100000:singleton)] [com.ohos.sceneboard][engineservice][100000]: UpdateViewportConfig Viewport config: size: (1320, 2856) orientation: 0 density: 3.500000 position: (0, 0) transformHint: 0 displayId: 0, windowSizeChangeReason 23, is rsTransaction nullptr 1, updateAvoidAreas size: 5[(0,empty)(1,top [517 45 285 103] )(2,empty)(3,empty)(4,bottom [429 2758 462 98] )], keyboardInfo is null
08-29 23:32:40.136 21767 21767 I A04200/WINDOW: SCBScreen: getScreenRotateOptions: {"x":0,"y":0,"z":1,"angle":0,"centerX":"50%","centerY":"50%"}
08-29 23:32:40.137 21767 21767 I C0393b/AceWindowScene: [(100000:100000:scope)] Visibility of SCBGestureTopBar15[id:18] changed: visible
08-29 23:32:40.137 21767 21767 W C0393b/AceWindowScene: [(100000:100000:scope)] parentId:572, nodeId:574, sessionId:18
08-29 23:32:40.137 21767 21767 I C0393b/AceWindowScene: [(100000:100000:scope)] Visibility of SCBStatusBar18[id:21] changed: invisible
08-29 23:32:40.138 21767 21767 W C0393b/AceWindowScene: [(100000:100000:scope)] parentId:600, nodeId:602, sessionId:21
08-29 23:32:40.138 21767 21767 W C0393b/AceWindowScene: [(100000:100000:scope)] parentId:5503, nodeId:5504, sessionId:63
08-29 23:32:40.139 21767 32471 I C04214/WMSPipeLine: UpdateVisibilityInner: id: 18, visibility: 0 -> 1
08-29 23:32:40.140 21767 32471 I C04214/WMSPipeLine: UpdateVisibilityInner: id: 21, visibility: 1 -> 0
08-29 23:32:40.140 21767 32471 I C04209/WMSImms: GetSystemAvoidArea: win 63 status bar not visible
08-29 23:32:40.140 21767 32471 I C04209/WMSImms: GetSystemAvoidArea: win 63 status bar not visible
08-29 23:32:40.140   833  1082 W C04201/DMS: screen_cutout_controller.cpp GetCutoutArea: display:[ID: 0, W: 1320, H: 2856, R: 0,Mode 0]
08-29 23:32:40.140 21767 32471 I C0420b/WMSKeyboard: CheckEmptyKeyboardAvoidAreaIfNeeded: check keyboard avoid area, isPhoneNotFreeMultiWindow: 1, isPadNotFreeMultiWindow: 0
08-29 23:32:40.140 21767 21767 I C03942/AceTextClock: [(100000:100000:scope)] Clock is out of the visible area and clock stops running
08-29 23:32:40.140 21767 21767 I C03942/AceTextClock: [(100000:100000:scope)] Clock is out of the visible area and clock stops running
08-29 23:32:40.140 14063 14183 I C04208/WMSLayout: UpdateRect: id:63 name:harmonyos0 rect:[0 0 1320 2856]->[0 0 1320 2856] reason:23 displayId:0
08-29 23:32:40.140 21767 32471 E C04215/WMSHierarchy: SceneZOrderCheckProcess: ZOrderCheck start
08-29 23:32:40.141 21767 32473 I C0420c/WMSEvent: LogWinInfo: eid:263,size:9,idList:3|0|1|100|21767|21767|1;4|0|1|101|21767|21767|1;7|0|0|1|21767|21767|1;10|0|0|2|21767|21767|1;17|0|1|3|21767|21767|1;18|0|0|2125|21767|21767|1|0,0,1320,137;19|0|2048|2200|21767|21767|1;25|0|2048|4102|21767|21767|2;63|0|0|102|14063|14063|1;63|0,0|1,1|-84,-84,1488,3024
08-29 23:32:40.141   179 14015 I C01d00/accessibility: [(WindowUpdateAll:1027)]WindowUpdateAll start activeWindowId_: 63
08-29 23:32:40.141   179 14015 I C01d00/accessibility: [(SetActiveWindow:398)]windowId is 63, activeWindowId_: -1
08-29 23:32:40.141   245   493 I C02803/InputWindowsManager: [|8264]newMainDisplayInfo:0, oldMainDisplayInfo:0
08-29 23:32:40.141   266   545 E C01700/RSS: [a92ab0fb98225d3] DeliverResource, PluginMgr resType 1002 no lib register!
08-29 23:32:40.141   245   493 I C02803/InputWindowsManager: [|8264]newMainDisplayInfo:0, oldMainDisplayInfo:0
08-29 23:32:40.141   245   493 I C02803/InputWindowsManager: [|2067]19|0|2758|1320|98|1,0|0|1320|98
08-29 23:32:40.141 14063 14063 I C03931/AceXcomponent: [(100000:100000:scope)] InitializeAccessibilityCallback
08-29 23:32:40.141   282 14335 E C01704/TagSched: [a92ab0fb98225d3] [ExecutorCheckTidIsInPid][Executor] ExecutorCheckTidIsInPid get reply is invalied
08-29 23:32:40.141 14063 14063 I C03931/AceXcomponent: [(100000:100000:scope)] InitializeAccessibility accessibilityId: 200
08-29 23:32:40.141 14063 14063 I C03931/AceXcomponent: [(100000:100000:scope)] XComponent[reader-book-turn-surface] AttachToMainTree
08-29 23:32:40.141   282 14335 I C01704/TagSched: [a92ab0fb98225d3] [SetQosRealtimeTask]ThreadModifyQos,setQos 832 tid[300],  qos[7]
08-29 23:32:40.142   282 14335 E C01704/TagSched: [a92ab0fb98225d3] [OpenQosCtrl]Failed to open qos_ctrl device
08-29 23:32:40.142   282 14335 E C01704/TagSched: [a92ab0fb98225d3] [IsQosHandleOpen]get qosSetHandle_ fail
08-29 23:32:40.142   282 14335 E C01704/TagSched: [a92ab0fb98225d3] [SetQosInternal]qosSetHandle open fail
08-29 23:32:40.142   282 14335 E C01704/TagSched: [a92ab0fb98225d3] [OpenQosCtrl]Failed to open qos_ctrl device
08-29 23:32:40.142   282 14335 E C01704/TagSched: [a92ab0fb98225d3] [IsQosHandleOpen]get qosSetHandle_ fail
08-29 23:32:40.142   282 14335 E C01704/TagSched: [a92ab0fb98225d3] [SetQosInternal]qosSetHandle open fail
08-29 23:32:40.142   282 14335 E C01704/TagSched: [a92ab0fb98225d3] [OpenQosCtrl]Failed to open qos_ctrl device
08-29 23:32:40.142   282 14335 E C01704/TagSched: [a92ab0fb98225d3] [IsQosHandleOpen]get qosSetHandle_ fail
08-29 23:32:40.142   282 14335 E C01704/TagSched: [a92ab0fb98225d3] [SetQosInternal]qosSetHandle open fail
08-29 23:32:40.142   282 14335 E C01704/TagSched: [a92ab0fb98225d3] [OpenQosCtrl]Failed to open qos_ctrl device
08-29 23:32:40.142   282 14335 E C01704/TagSched: [a92ab0fb98225d3] [IsQosHandleOpen]get qosSetHandle_ fail
08-29 23:32:40.142   282 14335 E C01704/TagSched: [a92ab0fb98225d3] [SetQosInternal]qosSetHandle open fail
08-29 23:32:40.142   282 14335 E C01704/TagSched: [a92ab0fb98225d3] [OpenQosCtrl]Failed to open qos_ctrl device
08-29 23:32:40.142   282 14335 E C01704/TagSched: [a92ab0fb98225d3] [IsQosHandleOpen]get qosSetHandle_ fail
08-29 23:32:40.142   282 14335 E C01704/TagSched: [a92ab0fb98225d3] [SetQosInternal]qosSetHandle open fail
08-29 23:32:40.142   282 14335 E C01704/TagSched: [a92ab0fb98225d3] [OpenQosCtrl]Failed to open qos_ctrl device
08-29 23:32:40.142   282 14335 E C01704/TagSched: [a92ab0fb98225d3] [IsQosHandleOpen]get qosSetHandle_ fail
08-29 23:32:40.142   282 14335 E C01704/TagSched: [a92ab0fb98225d3] [SetQosInternal]qosSetHandle open fail
08-29 23:32:40.142   282 14335 E C01704/TagSched: [a92ab0fb98225d3] [OpenQosCtrl]Failed to open qos_ctrl device
08-29 23:32:40.142   282 14335 E C01704/TagSched: [a92ab0fb98225d3] [IsQosHandleOpen]get qosSetHandle_ fail
08-29 23:32:40.142   282 14335 E C01704/TagSched: [a92ab0fb98225d3] [SetQosInternal]qosSetHandle open fail
08-29 23:32:40.142   282 14335 E C01704/TagSched: [a92ab0fb98225d3] [OpenQosCtrl]Failed to open qos_ctrl device
08-29 23:32:40.142   282 14335 E C01704/TagSched: [a92ab0fb98225d3] [IsQosHandleOpen]get qosSetHandle_ fail
08-29 23:32:40.142   282 14335 E C01704/TagSched: [a92ab0fb98225d3] [SetQosInternal]qosSetHandle open fail
08-29 23:32:40.142   282 14335 E C01704/TagSched: [a92ab0fb98225d3] [OpenQosCtrl]Failed to open qos_ctrl device
08-29 23:32:40.142   282 14335 E C01704/TagSched: [a92ab0fb98225d3] [IsQosHandleOpen]get qosSetHandle_ fail
08-29 23:32:40.142   282 14335 E C01704/TagSched: [a92ab0fb98225d3] [SetQosInternal]qosSetHandle open fail
08-29 23:32:40.142   282 14335 E C01704/TagSched: [a92ab0fb98225d3] [OpenQosCtrl]Failed to open qos_ctrl device
08-29 23:32:40.142   282 14335 E C01704/TagSched: [a92ab0fb98225d3] [IsQosHandleOpen]get qosSetHandle_ fail
08-29 23:32:40.142   282 14335 E C01704/TagSched: [a92ab0fb98225d3] [SetQosInternal]qosSetHandle open fail
08-29 23:32:40.142   282 14335 E C01704/TagSched: [a92ab0fb98225d3] [OpenQosCtrl]Failed to open qos_ctrl device
08-29 23:32:40.142   282 14335 E C01704/TagSched: [a92ab0fb98225d3] [IsQosHandleOpen]get qosSetHandle_ fail
08-29 23:32:40.142   282 14335 E C01704/TagSched: [a92ab0fb98225d3] [SetQosInternal]qosSetHandle open fail
08-29 23:32:40.142   282 14335 E C01704/TagSched: [a92ab0fb98225d3] [OpenQosCtrl]Failed to open qos_ctrl device
08-29 23:32:40.142   282 14335 E C01704/TagSched: [a92ab0fb98225d3] [IsQosHandleOpen]get qosSetHandle_ fail
08-29 23:32:40.142   282 14335 E C01704/TagSched: [a92ab0fb98225d3] [SetQosInternal]qosSetHandle open fail
08-29 23:32:40.142   282 14335 E C01704/TagSched: [a92ab0fb98225d3] [OpenQosCtrl]Failed to open qos_ctrl device
08-29 23:32:40.142   282 14335 E C01704/TagSched: [a92ab0fb98225d3] [IsQosHandleOpen]get qosSetHandle_ fail
08-29 23:32:40.142   282 14335 E C01704/TagSched: [a92ab0fb98225d3] [SetQosInternal]qosSetHandle open fail
08-29 23:32:40.142   282 14335 E C01704/TagSched: [a92ab0fb98225d3] [OpenQosCtrl]Failed to open qos_ctrl device
08-29 23:32:40.142   282 14335 E C01704/TagSched: [a92ab0fb98225d3] [IsQosHandleOpen]get qosSetHandle_ fail
08-29 23:32:40.142   282 14335 E C01704/TagSched: [a92ab0fb98225d3] [SetQosInternal]qosSetHandle open fail
08-29 23:32:40.142   282 14335 E C01704/TagSched: [a92ab0fb98225d3] [OpenQosCtrl]Failed to open qos_ctrl device
08-29 23:32:40.142   282 14335 E C01704/TagSched: [a92ab0fb98225d3] [IsQosHandleOpen]get qosSetHandle_ fail
08-29 23:32:40.142   282 14335 E C01704/TagSched: [a92ab0fb98225d3] [SetQosInternal]qosSetHandle open fail
08-29 23:32:40.142   282 14335 E C01704/TagSched: [a92ab0fb98225d3] [OpenQosCtrl]Failed to open qos_ctrl device
08-29 23:32:40.142   282 14335 E C01704/TagSched: [a92ab0fb98225d3] [IsQosHandleOpen]get qosSetHandle_ fail
08-29 23:32:40.142   282 14335 E C01704/TagSched: [a92ab0fb98225d3] [SetQosInternal]qosSetHandle open fail
08-29 23:32:40.142   282 14335 E C01704/TagSched: [a92ab0fb98225d3] [OpenQosCtrl]Failed to open qos_ctrl device
08-29 23:32:40.142   282 14335 E C01704/TagSched: [a92ab0fb98225d3] [IsQosHandleOpen]get qosSetHandle_ fail
08-29 23:32:40.142   282 14335 E C01704/TagSched: [a92ab0fb98225d3] [SetQosInternal]qosSetHandle open fail
08-29 23:32:40.143   179 14015 I C01d00/accessibility: [(WindowUpdateAll:1079)]WindowUpdateAll end activeWindowId_: 63
08-29 23:32:40.145 14063 14063 I C03931/AceXcomponent: [(100000:100000:scope)] XComponent[reader-book-turn-surface] triggers onLoad and OnSurfaceCreated callback
08-29 23:32:40.145 14063 14063 I C03931/AceXcomponent: [(100000:100000:scope)] XComponent[reader-book-turn-surface] native OnSurfaceCreated
08-29 23:32:40.145 14063 14063 I C03931/AceXcomponent: [(100000:100000:scope)] XComponent[reader-book-turn-surface] onLoad triggers
08-29 23:32:40.146 14063 14063 I C04209/WMSImms: NotifyAvoidAreaChange: win 63 api 23 type 0 area empty
08-29 23:32:40.146 14063 14063 I C03959/AceLayout: [(-2:100000:singleton)] [io.reader.harmonyos][entry][100000]: UpdateViewportConfig Viewport config: size: (1320, 2856) orientation: 0 density: 3.500000 position: (0, 0) transformHint: 0 displayId: 0, windowSizeChangeReason 23, is rsTransaction nullptr 1, updateAvoidAreas size: 5[(0,empty)(1,top [517 45 285 103] )(2,empty)(3,empty)(4,bottom [429 2758 462 98] )], keyboardInfo is null
08-29 23:32:40.146 14063 14063 I C04208/WMSLayout: UpdateViewportConfig: Id: 63, reason: 23, windowRect: [0 0 1320 2856], displayOrientation: 0, config[0, 0, 0, 3.500000]
08-29 23:32:40.146 21767 32471 I C04209/WMSImms: GetSystemAvoidArea: win 63 status bar not visible
08-29 23:32:40.147   833  1082 W C04201/DMS: screen_cutout_controller.cpp GetCutoutArea: display:[ID: 0, W: 1320, H: 2856, R: 0,Mode 0]
08-29 23:32:40.147 21767 32471 I C0420b/WMSKeyboard: CheckEmptyKeyboardAvoidAreaIfNeeded: check keyboard avoid area, isPhoneNotFreeMultiWindow: 1, isPadNotFreeMultiWindow: 0
08-29 23:32:40.148 14063 14063 I C04208/WMSLayout: UpdateViewportConfig: Id: 63, reason: 23, windowRect: [0 0 1320 2856], displayOrientation: 0, config[0, 0, 0, 3.500000]
08-29 23:32:40.150   832   832 I C01406/OHOS::RS: RSSurfaceRenderNode:SetIsOnTheTree, node:[name: SCBGestureTopBar15, id: 93488553132220], on tree: 1, nodeType: 1, uniqueId: 3573412790664, screenNodeId: 3573412790272
08-29 23:32:40.150   832   832 I C01406/OHOS::RS: RSSurfaceRenderNode:SetIsOnTheTree, node:[name: SCBStatusBar18, id: 93488553132230], on tree: 0, nodeType: 1, uniqueId: 3573412790667, screenNodeId: 0
08-29 23:32:40.150   832   832 E C01406/RSScreenManager: IsAllScreensPowerOff: screenPowerStatus_ is empty.
08-29 23:32:40.151   832   832 I C01406/RSUniRenderVisitor: OcclusionInfo [SCBGestureBack22, 93488553132242, 0], [SCBGestureNavBar16, 93488553132225, 0], [SCBGestureTopBar15, 93488553132220, 0], [harmonyos0, 60400125083650, 0], [BackgroundBlurView2, 93488553132039, 2], [SCBFormCenter14, 93488553132215, 2], [SCBDesktop7, 93488553132059, 2], [SCBWallpaper5, 93488553132042, 2], 
08-29 23:32:40.151 21767 32471 I C04217/WMSAttribute: Visibility changed, size: 2, WindowVisibilityInfos [name, winId, visibleState]: [SCBGestureTopBar15, 18, 0], [SCBStatusBar18, 21, 2], 
08-29 23:32:40.151   833 14039 I C01311/AppMS: [ARR2119]wnd call, com.ohos.sceneboard_21767, isEmpty_0, c_2 -> p_0
08-29 23:32:40.151 21767 32472 I C04217/WMSAttribute: operator(): memMgrWindowInfos size: 2
08-29 23:32:40.152   282 13921 E C01702/CgroupAdjuster: [a92ab1fb9825030] ApplyProcessGroup set 21767 to group 4 failed, ret=-1!
08-29 23:32:40.152   282 13921 E C01702/CgroupAdjuster: [a92ab1fb9825030] ApplyProcessGroup set 21767 to group 4 failed, ret=-1!
08-29 23:32:40.152   282 13921 E C01702/CgroupAdjuster: [a92ab2fb9825153] ApplyProcessGroup set 21767 to group 4 failed, ret=-1!
08-29 23:32:40.152   282 13921 E C01702/CgroupAdjuster: [a92ab2fb9825153] ApplyProcessGroup set 21767 to group 4 failed, ret=-1!
08-29 23:32:40.152   607   975 W C02515/DISP: [SetLayerMaskInfo:495] <private> is not supported
08-29 23:32:40.152   607   975 I C02515/DISP: [CommitComposeLayer:67] CommitComposeLayer! 10
08-29 23:32:40.156 14063 14430 I C02d11/DfxUnwinder: UnwindLocal:: fpUnwind: 0
08-29 23:32:40.158 14063 14430 I C02d11/DfxUnwinder: First enter fp step, pc: <private>
08-29 23:32:40.160 14063 14430 I C02d11/DfxBacktrace: GetBacktrace elapsed time: 13 ms
08-29 23:32:40.160 14063 14430 W C02515/DGLES: [recycle_resource_id@context_common.cpp:598] null gpu context, give up recycle ids
08-29 23:32:40.161 14063 14430 W C02515/DGLES: [recycle_resource_id@context_common.cpp:598] null gpu context, give up recycle ids
08-29 23:32:40.162 14063 14430 I C01401/Bufferqueue: <surface_buffer_impl.cpp:167-InitMemMgrMembers>: InitMemMgrMembers succeed
08-29 23:32:40.162   127  7450 E C02d66/XPerf: [InquiryOhImpl::ExtractStringValue] Canonical FilePath: /sys/class/ithermal/lpm/lpm_freq failed.
08-29 23:32:40.162   127  7450 E C02d66/XPerf: [InquiryOhImpl::ExtractStringValue] Canonical FilePath: /sys/class/power_supply/Battery/status failed.
08-29 23:32:40.164   606  2414 I C02515/DISP: [InitBufferHandle:229] express init gbuffer id 96e00000751 ret 0 err 0 fd 6 1320 2753 pixel 4 size 14535840 usage 9
08-29 23:32:40.164   606  2414 I C02515/DISP: [ExpressAllocMem:271] ExpressAllocMem requeset BufferHandle 6, width 1320, heigt 2753, format 12
08-29 23:32:40.165   606  2414 I C02515/DISP: [ExpressFreeMem:317] freeMem bufferhandle gbuffer_id 96e00000751, width 1320, heigt 2753
08-29 23:32:40.167   832   832 E C01406/RSScreenManager: IsAllScreensPowerOff: screenPowerStatus_ is empty.
08-29 23:32:40.168   607   975 W C02515/DISP: [SetLayerMaskInfo:495] <private> is not supported
08-29 23:32:40.168   607   975 I C02515/DISP: [CommitComposeLayer:67] CommitComposeLayer! 10
08-29 23:32:40.184   607   975 W C02515/DISP: [SetLayerMaskInfo:495] <private> is not supported
08-29 23:32:40.184   607   975 I C02515/DISP: [CommitComposeLayer:67] CommitComposeLayer! 10
08-29 23:32:40.190 14063 14063 I A03d00/JSAPP: ReadingExperience UTF-16 probe passed: A😀B = 4 UTF-16 / 3 Unicode scalars
08-29 23:32:40.197   832   832 E C01406/RSScreenManager: IsAllScreensPowerOff: screenPowerStatus_ is empty.
08-29 23:32:40.213   832   832 E C01406/RSScreenManager: IsAllScreensPowerOff: screenPowerStatus_ is empty.
08-29 23:32:40.215   607   975 W C02515/DISP: [SetLayerMaskInfo:495] <private> is not supported
08-29 23:32:40.215   607   975 I C02515/DISP: [CommitComposeLayer:67] CommitComposeLayer! 10
08-29 23:32:40.220   179 14014 I C01d00/accessibility: [(WindowUpdateAll:1027)]WindowUpdateAll start activeWindowId_: 63
08-29 23:32:40.220 21767 21767 I A01b00/SCB: SCBSSM: updateNavigationBarProperty navigationBarEnable: true
08-29 23:32:40.220   179 14014 I C01d00/accessibility: [(SetActiveWindow:398)]windowId is 63, activeWindowId_: -1
08-29 23:32:40.220 21767 21767 I A01b00/SCB: SCBSSM: updateNavigationBarProperty 0
08-29 23:32:40.220   179 14014 I C01d00/accessibility: [(WindowUpdateAll:1079)]WindowUpdateAll end activeWindowId_: 63
08-29 23:32:40.220 21767 21767 I A01b0a/GESTURE: FloatingNavigationManager --> checkShowFloatingNavigation switch is closed
08-29 23:32:40.220   179 13978 I C01d00/accessibility: [(WindowUpdateAll:1027)]WindowUpdateAll start activeWindowId_: 63
08-29 23:32:40.220 21767 21767 I A04200/WINDOW: SCBSSM: onStatusBarEnableChange screenId: 0 statusBarEnable: false
08-29 23:32:40.220   179 13978 I C01d00/accessibility: [(SetActiveWindow:398)]windowId is 63, activeWindowId_: -1
08-29 23:32:40.220   179 13978 I C01d00/accessibility: [(WindowUpdateAll:1079)]WindowUpdateAll end activeWindowId_: 63
08-29 23:32:40.220 14063 14063 I C0421c/WMSCompat: MobileAppInPadLayoutFullScreenChange: isMobileAppInPadLayoutFullScreen 0
08-29 23:32:40.220 14063 14063 I C04202/WMSMain: SetRequestedOrientation: id:63 lastReqOrientation:13 target:13 state:2
08-29 23:32:40.220 14063 14063 I C0421d/WMSRotation: isNeededForciblySetOrientation: orientation:13
08-29 23:32:40.220 14063 14063 I C0421d/WMSRotation: isNeededForciblySetOrientation: lastOrientation:13
08-29 23:32:40.220 14063 14063 I C0421d/WMSRotation: OnSetPreferredOrientation end, window [63, harmonyos0] orientation=13
08-29 23:32:40.220 14063 14249 I C04217/WMSAttribute: OnSetWindowKeepScreenOn end. Wid: 63, isKeepScreenOn: 0
08-29 23:32:40.220 21767 21767 I A01b00/SCB: SCBCategoryResourceManager: isForceFullScreenWithDock bundleName: io.reader.harmonyos
08-29 23:32:40.220 21767 21767 I A01b00/SCB:                   isForceFullScreenWithDock: false
08-29 23:32:40.220 21767 21767 I A01b00/SCB: SCBSSM: updateNavigationBarProperty navigationBarEnable: true
08-29 23:32:40.220 21767 21767 I A01b00/SCB: SCBSSM: updateNavigationBarProperty 0
08-29 23:32:40.221 21767 21767 I A01b0a/GESTURE: FloatingNavigationManager --> checkShowFloatingNavigation switch is closed
08-29 23:32:40.221 21767 21767 I A04200/WINDOW: SCBSSM: onStatusBarEnableChange screenId: 0 statusBarEnable: false
08-29 23:32:40.221   179 14012 I C01d00/accessibility: [(WindowUpdateAll:1027)]WindowUpdateAll start activeWindowId_: 63
08-29 23:32:40.221   179 14012 I C01d00/accessibility: [(SetActiveWindow:398)]windowId is 63, activeWindowId_: -1
08-29 23:32:40.221   179 14012 I C01d00/accessibility: [(WindowUpdateAll:1079)]WindowUpdateAll end activeWindowId_: 63
08-29 23:32:40.221   179 14013 I C01d00/accessibility: [(WindowUpdateAll:1027)]WindowUpdateAll start activeWindowId_: 63
08-29 23:32:40.221   179 14013 I C01d00/accessibility: [(SetActiveWindow:398)]windowId is 63, activeWindowId_: -1
08-29 23:32:40.221 21767 21767 I A04209/WMSImms: update prop to callbacks. screenId:0 mainscreenId:0 window:63, prop:[5,false,"#FFEEF5E8","#99000000",false,false,null], size:5 reason: sceneSession isSetEnable:true isSetColor:true isLand:false 
08-29 23:32:40.221   179 14013 I C01d00/accessibility: [(WindowUpdateAll:1079)]WindowUpdateAll end activeWindowId_: 63
08-29 23:32:40.221 21767 21767 I A01a00/SYS_UI: SystemUI_BannerVm --> onSystemBarProperty
08-29 23:32:40.221 21767 21767 I A01a00/SYS_UI: TaskQueue: Add task SCBStatusBarVM_onSystemBarPropertyChange, count: 1
08-29 23:32:40.221 21767 21767 I A01a00/SYS_UI: TaskQueue: execute queueName SCBStatusBarVM, task onSystemBarPropertyChange, runningCount 1, startTime 1788017560221
08-29 23:32:40.221 21767 21767 I A01a00/SYS_UI: SCBStatusBarView: registerSystemBarPropertyCallbacks, enable: false, enableAnimation:false, isExitRecentTask: false
08-29 23:32:40.221 21767 21767 I A01a00/SYS_UI: TimeoutPromise: Create for SCBStatusBarView_isEnablePromise.
08-29 23:32:40.221 21767 21767 I A01a00/SYS_UI: TimeoutPromise: StartTimeout for SCBStatusBarView_isEnablePromise timeout 500
08-29 23:32:40.221 21767 21767 I A01a00/SYS_UI: TimeoutPromise: Manually resolve fot SCBStatusBarView_isEnablePromise. reason: SCBStatusBarView_isEnablePromise
08-29 23:32:40.221 21767 21767 W A01a00/SYS_UI: SCBStatusBarView: isEnable changed: false, statusBarOpacity is 1, immersive is true, enable animation: false
08-29 23:32:40.221 21767 21767 W A01a00/SYS_UI: StatusBarVMV2: System bar property change from #99000000 to #99000000 #FFEEF5E8
08-29 23:32:40.221   179 14015 I C01d00/accessibility: [(WindowUpdateAll:1027)]WindowUpdateAll start activeWindowId_: 63
08-29 23:32:40.221   179 14015 I C01d00/accessibility: [(SetActiveWindow:398)]windowId is 63, activeWindowId_: -1
08-29 23:32:40.221 21767 21767 I A01a00/SYS_UI: StatusBarVMV2: updateTintContentColor enable false, enableAnimation false contentColor #99000000
08-29 23:32:40.221 21767 21767 W A01a00/SYS_UI: StatusBarBridgeView: onPluginContentColorChange #99000000
08-29 23:32:40.221   179 14015 I C01d00/accessibility: [(WindowUpdateAll:1079)]WindowUpdateAll end activeWindowId_: 63
08-29 23:32:40.221 21767 32471 I C04209/WMSImms: GetSystemAvoidArea: win 63 status bar not visible
08-29 23:32:40.222 21767 21767 I A01b00/SCB: SCBCategoryResourceManager: isForceFullScreenWithDock bundleName: io.reader.harmonyos
08-29 23:32:40.222 21767 21767 I A01b00/SCB:                   isForceFullScreenWithDock: false
08-29 23:32:40.222 21767 21767 I A01a00/SYS_UI: TaskQueue: Run task SCBStatusBarVM_onSystemBarPropertyChange, time: 1, count: 0
08-29 23:32:40.222 21767 21767 W A01a00/SYS_UI: TaskQueue: stop run task, queueName SCBStatusBarVM, isFreeze: false, runningCount: 0, tasks length: 0
08-29 23:32:40.222 21767 21767 I A01b00/SCB: SCBSSM: updateNavigationBarProperty navigationBarEnable: true
08-29 23:32:40.222 21767 21767 I A01b00/SCB: SCBSSM: updateNavigationBarProperty 0
08-29 23:32:40.222   833  1082 W C04201/DMS: screen_cutout_controller.cpp GetCutoutArea: display:[ID: 0, W: 1320, H: 2856, R: 0,Mode 0]
08-29 23:32:40.222 21767 21767 I A01b0a/GESTURE: FloatingNavigationManager --> checkShowFloatingNavigation switch is closed
08-29 23:32:40.222 21767 21767 I A04200/WINDOW: SCBSSM: onStatusBarEnableChange screenId: 0 statusBarEnable: false
08-29 23:32:40.222   833  1082 W C04201/DMS: screen_cutout_controller.cpp GetCutoutArea: display:[ID: 0, W: 1320, H: 2856, R: 0,Mode 0]
08-29 23:32:40.222 21767 21767 I A01b00/SCB: SCBCategoryResourceManager: isForceFullScreenWithDock bundleName: io.reader.harmonyos
08-29 23:32:40.222 21767 21767 I A01b00/SCB:                   isForceFullScreenWithDock: false
08-29 23:32:40.222 21767 21767 I A01b00/SCB: SCBSSM: updateNavigationBarProperty navigationBarEnable: true
08-29 23:32:40.222 21767 21767 I A01b00/SCB: SCBSSM: updateNavigationBarProperty 0
08-29 23:32:40.222 21767 21767 I A01b0a/GESTURE: FloatingNavigationManager --> checkShowFloatingNavigation switch is closed
08-29 23:32:40.222 21767 21767 I A04200/WINDOW: SCBSSM: onStatusBarEnableChange screenId: 0 statusBarEnable: false
08-29 23:32:40.222 21767 21767 I A01b00/SCB: SCBCategoryResourceManager: isForceFullScreenWithDock bundleName: io.reader.harmonyos
08-29 23:32:40.222 21767 21767 I A01b00/SCB:                   isForceFullScreenWithDock: false
08-29 23:32:40.223 21767 21767 I A01b00/SCB: SCBSSM: updateNavigationBarProperty navigationBarEnable: true
08-29 23:32:40.223 21767 21767 I A01b00/SCB: SCBSSM: updateNavigationBarProperty 0
08-29 23:32:40.223 21767 21767 I A01b0a/GESTURE: FloatingNavigationManager --> checkShowFloatingNavigation switch is closed
08-29 23:32:40.223 21767 21767 I A04200/WINDOW: SCBSSM: onStatusBarEnableChange screenId: 0 statusBarEnable: false
08-29 23:32:40.223 21767 32471 I C0420b/WMSKeyboard: CheckEmptyKeyboardAvoidAreaIfNeeded: check keyboard avoid area, isPhoneNotFreeMultiWindow: 1, isPadNotFreeMultiWindow: 0
08-29 23:32:40.223 21767 21767 I A01b00/SCB: SCBCategoryResourceManager: isForceFullScreenWithDock bundleName: io.reader.harmonyos
08-29 23:32:40.223 21767 21767 I A01b00/SCB:                   isForceFullScreenWithDock: false
08-29 23:32:40.229 21767 21767 I A01a00/SYS_UI: StatusBarBridgeView: FrameCallback do
08-29 23:32:40.229   832   832 E C01406/RSScreenManager: IsAllScreensPowerOff: screenPowerStatus_ is empty.
08-29 23:32:40.231   607   975 W C02515/DISP: [SetLayerMaskInfo:495] <private> is not supported
08-29 23:32:40.232   607   975 I C02515/DISP: [CommitComposeLayer:67] CommitComposeLayer! 10
08-29 23:32:40.233 14063 14063 I C0392c/AceForEach: [(100000:100000:scope)] ForEachNode skip mark dirty. Id[256], Ids.size[8]
08-29 23:32:40.245   832   832 E C01406/RSScreenManager: IsAllScreensPowerOff: screenPowerStatus_ is empty.
08-29 23:32:40.247   607   975 W C02515/DISP: [SetLayerMaskInfo:495] <private> is not supported
08-29 23:32:40.247   607   975 I C02515/DISP: [CommitComposeLayer:67] CommitComposeLayer! 10
08-29 23:32:40.263 21767 21767 W A01c06/ICON: AppIconWeatherModel --> initWeatherListener, retryTimes: 4
08-29 23:32:40.265   468  1609 E C01707/CONCUR: [Interface] task 1609 apply qos failed, errno = 4
08-29 23:32:40.265   468  1609 E C01611/QosManager: QosManager: Failed to set thread QoS to QOS_USER_INTERACTIVE, ret: -1
08-29 23:32:40.265   833  1082 W C01123/BMSCommon: bundle not exist -n com.huawei.hmsapp.totemweather -u 100 -i 0 -f 32
08-29 23:32:40.265   833  1082 W C01121/BMSQuery: GetBundleInfo failed -n com.huawei.hmsapp.totemweather -u 100
08-29 23:32:40.265   468  1609 E C01651/BundleMgrProxy: GetBundleInfoFromBMS: GetBundleInfo failed!bundleName is com.huawei.hmsapp.totemweather, userId is 100
08-29 23:32:40.265   468  1609 E C01651/DataProviderConfig: GetFromProxyData: Get bundleInfo failed! bundleName:com.huawei.hmsapp.totemweather, userId:100, visitedId:100, uri:******icIconInfo
08-29 23:32:40.265   468  1609 E C01651/DataShareServiceImpl: GetBMSAndMetaDataStatus: CalledInfo failed! token:0x200ba470,ret:1001,uri:******icIconInfo
08-29 23:32:40.265   468  1609 E C01651/DataShareServiceImpl: GetSilentProxyStatus: BMS or metaData not ready to complete, token:0x200ba470, uri:******icIconInfo
08-29 23:32:40.265 21767 21767 E A01c06/ICON: AppIconWeatherModel --> get weather info failed, code: 15700010, message: The DataShareHelper is not initialized successfully.
08-29 23:32:40.299  2543  2543 I C02500/Qemud: Guest heartbeat success.
08-29 23:32:40.299   832   832 E C01406/RSScreenManager: IsAllScreensPowerOff: screenPowerStatus_ is empty.
08-29 23:32:40.299   125   513 I C01800/SAMGR: NF SA:65962,876_43836
08-29 23:32:40.318   607   975 W C02515/DISP: [SetLayerMaskInfo:495] <private> is not supported
08-29 23:32:40.319   607   975 I C02515/DISP: [CommitComposeLayer:67] CommitComposeLayer! 10
08-29 23:32:40.321   607   975 W C02515/DISP: [SetLayerMaskInfo:495] <private> is not supported
08-29 23:32:40.322   607   975 I C02515/DISP: [CommitComposeLayer:67] CommitComposeLayer! 10
08-29 23:32:40.324   832   832 E C01406/RSScreenManager: IsAllScreensPowerOff: screenPowerStatus_ is empty.
08-29 23:32:40.327 14433 14433 W C02c02/PARAM: Selinux check name persist.init.debug.loglevel in u:object_r:startup_init_param:s0 [14433 2000 2000] failed
08-29 23:32:40.327 14433 14433 W C02c02/PARAM: Selinux check name persist.init.debug.loglevel in u:object_r:startup_init_param:s0 [14433 2000 2000] failed
08-29 23:32:40.327 14433 14433 W C02c02/PARAM: SystemReadParam failed!name is:persist.init.debug.loglevel,err:1002
08-29 23:32:40.328   606  2414 I C02515/DISP: [InitBufferHandle:229] express init gbuffer id 96e00000752 ret 0 err 0 fd 6 1320 2856 pixel 4 size 15079680 usage 9
08-29 23:32:40.328   606  2414 I C02515/DISP: [ExpressAllocMem:271] ExpressAllocMem requeset BufferHandle 6, width 1320, heigt 2856, format 12
08-29 23:32:40.329   606  2414 I C02515/DISP: [ExpressFreeMem:317] freeMem bufferhandle gbuffer_id 96e00000752, width 1320, heigt 2856
08-29 23:32:40.338   832   832 E C01406/RSScreenManager: IsAllScreensPowerOff: screenPowerStatus_ is empty.
08-29 23:32:40.340   832   943 W C01406/skia: DrawWithGles: DrawSurfaceBufferOpItem::DrawWithGles waitfence timeout
08-29 23:32:40.340   832   943 E C02515/DGLES: [d_eglCreateImage_special@egl_gpu.cpp:283] createimage with ctx null opengl_context 7fa0f06300
08-29 23:32:40.340   832   943 E C02515/DGLES: [d_glBindTexture_special@glv3_status.cpp:620] bind external with nullptr gbuffer 0
08-29 23:32:40.340   832   943 E C02515/DGLES: [d_glBindTexture_special@glv3_status.cpp:620] bind external with nullptr gbuffer 0
08-29 23:32:40.343   607   975 W C02515/DISP: [SetLayerMaskInfo:495] <private> is not supported
08-29 23:32:40.343   607 16705 I C02515/DISP: [CommitComposeLayer:67] CommitComposeLayer! 10
08-29 23:32:40.348 14435 14435 I C02d20/DumperService: SetCmdArgs# hidumper cmd:hidumper -s 1201 -a -p Faultlogger -LogSuffixWithMs , calllingUid=2000, calllingPid=14435, ppid:14433.
08-29 23:32:40.348 14435 14436 W C057c1/IPCWorkThread: ThreadHandler: proto:0 policy:1 name:OS_IPC_0_14436 invoker:2833278848
08-29 23:32:40.348 14435 14437 W C057c1/IPCWorkThread: ThreadHandler: proto:0 policy:0 name:OS_IPC_1_14437 invoker:2860871040
08-29 23:32:40.350  7033 24707 I C02d20/DumperService: DelayUnloadTask# recieve new request, delay unload task begin, calllingPid=14435
08-29 23:32:40.350   127  7005 I C02d11/Faultlogger: DumpByCommands: DumpRequest: detail:0, list:0, file:, name:, time:-1
08-29 23:32:40.352 14063 14430 E C02515/DGLES: [d_eglSwapBuffers_special@egl_gpu.cpp:566] sync get ret 0 error 1 sync_fd 182
08-29 23:32:40.352 14063 14430 I A05244/BookTurn: attach ok=<private> w=<private> h=<private> mask=<private>
08-29 23:32:40.352  7033 24707 I C02d20/DumperService: GetData# SA name:1201 dump success, cmd:-p Faultlogger -LogSuffixWithMs , calllingPid=14435!
08-29 23:32:40.358   607 16705 W C02515/DISP: [SetLayerMaskInfo:495] <private> is not supported
08-29 23:32:40.359   607 16705 I C02515/DISP: [CommitComposeLayer:67] CommitComposeLayer! 10
08-29 23:32:40.370   832   832 E C01406/RSScreenManager: IsAllScreensPowerOff: screenPowerStatus_ is empty.
08-29 23:32:40.371   832   943 W C01406/skia: DrawWithGles: DrawSurfaceBufferOpItem::DrawWithGles waitfence timeout
08-29 23:32:40.371   832   943 E C02515/DGLES: [d_eglCreateImage_special@egl_gpu.cpp:283] createimage with ctx null opengl_context 7fa0f06300
08-29 23:32:40.371   832   943 E C02515/DGLES: [d_glBindTexture_special@glv3_status.cpp:620] bind external with nullptr gbuffer 0
08-29 23:32:40.371   832   943 E C02515/DGLES: [d_glBindTexture_special@glv3_status.cpp:620] bind external with nullptr gbuffer 0
08-29 23:32:40.373 14063 14063 I C0392c/AceForEach: [(100000:100000:scope)] ForEachNode skip mark dirty. Id[256], Ids.size[8]
08-29 23:32:40.386   832   832 E C01406/RSScreenManager: IsAllScreensPowerOff: screenPowerStatus_ is empty.
08-29 23:32:40.388   832   943 W C01406/skia: DrawWithGles: DrawSurfaceBufferOpItem::DrawWithGles waitfence timeout
08-29 23:32:40.388   832   943 E C02515/DGLES: [d_eglCreateImage_special@egl_gpu.cpp:283] createimage with ctx null opengl_context 7fa0f06300
08-29 23:32:40.388   607 16705 W C02515/DISP: [SetLayerMaskInfo:495] <private> is not supported
08-29 23:32:40.388   832   943 E C02515/DGLES: [d_glBindTexture_special@glv3_status.cpp:620] bind external with nullptr gbuffer 0
08-29 23:32:40.388   832   943 E C02515/DGLES: [d_glBindTexture_special@glv3_status.cpp:620] bind external with nullptr gbuffer 0
08-29 23:32:40.389   607 16705 I C02515/DISP: [CommitComposeLayer:67] CommitComposeLayer! 10
08-29 23:32:40.391 14439 14439 W C02c02/PARAM: Selinux check name persist.init.debug.loglevel in u:object_r:startup_init_param:s0 [14439 2000 2000] failed
08-29 23:32:40.391 14439 14439 W C02c02/PARAM: Selinux check name persist.init.debug.loglevel in u:object_r:startup_init_param:s0 [14439 2000 2000] failed
08-29 23:32:40.391 14439 14439 W C02c02/PARAM: SystemReadParam failed!name is:persist.init.debug.loglevel,err:1002
08-29 23:32:40.395 14439 14439 W C02c02/PARAM: Selinux check name persist.init.debug.loglevel in u:object_r:startup_init_param:s0 [14439 2000 2000] failed
08-29 23:32:40.395 14439 14439 W C02c02/PARAM: Selinux check name persist.init.debug.loglevel in u:object_r:startup_init_param:s0 [14439 2000 2000] failed
08-29 23:32:40.395 14439 14439 W C02c02/PARAM: SystemReadParam failed!name is:persist.init.debug.loglevel,err:1002
08-29 23:32:40.402   832   832 E C01406/RSScreenManager: IsAllScreensPowerOff: screenPowerStatus_ is empty.
08-29 23:32:40.402   832   943 W C01406/skia: DrawWithGles: DrawSurfaceBufferOpItem::DrawWithGles waitfence timeout
08-29 23:32:40.402   832   943 E C02515/DGLES: [d_eglCreateImage_special@egl_gpu.cpp:283] createimage with ctx null opengl_context 7fa0f06300
08-29 23:32:40.403   832   943 E C02515/DGLES: [d_glBindTexture_special@glv3_status.cpp:620] bind external with nullptr gbuffer 0
08-29 23:32:40.403   832   943 E C02515/DGLES: [d_glBindTexture_special@glv3_status.cpp:620] bind external with nullptr gbuffer 0
08-29 23:32:40.404 14063 14063 I C0392c/AceForEach: [(100000:100000:scope)] ForEachNode skip mark dirty. Id[256], Ids.size[8]
08-29 23:32:40.404   607 16705 W C02515/DISP: [SetLayerMaskInfo:495] <private> is not supported
08-29 23:32:40.404   607 16705 I C02515/DISP: [CommitComposeLayer:67] CommitComposeLayer! 10
08-29 23:32:40.418   832   832 E C01406/RSScreenManager: IsAllScreensPowerOff: screenPowerStatus_ is empty.
08-29 23:32:40.419   832   943 W C01406/skia: DrawWithGles: DrawSurfaceBufferOpItem::DrawWithGles waitfence timeout
08-29 23:32:40.419   832   943 E C02515/DGLES: [d_eglCreateImage_special@egl_gpu.cpp:283] createimage with ctx null opengl_context 7fa0f06300
08-29 23:32:40.419   832   943 E C02515/DGLES: [d_glBindTexture_special@glv3_status.cpp:620] bind external with nullptr gbuffer 0
08-29 23:32:40.419   832   943 E C02515/DGLES: [d_glBindTexture_special@glv3_status.cpp:620] bind external with nullptr gbuffer 0
08-29 23:32:40.420   607 16705 W C02515/DISP: [SetLayerMaskInfo:495] <private> is not supported
08-29 23:32:40.420   607 16705 I C02515/DISP: [CommitComposeLayer:67] CommitComposeLayer! 10
08-29 23:32:40.434   832   832 E C01406/RSScreenManager: IsAllScreensPowerOff: screenPowerStatus_ is empty.
08-29 23:32:40.435   832   943 W C01406/skia: DrawWithGles: DrawSurfaceBufferOpItem::DrawWithGles waitfence timeout
08-29 23:32:40.435   832   943 E C02515/DGLES: [d_eglCreateImage_special@egl_gpu.cpp:283] createimage with ctx null opengl_context 7fa0f06300
08-29 23:32:40.435   832   943 E C02515/DGLES: [d_glBindTexture_special@glv3_status.cpp:620] bind external with nullptr gbuffer 0
08-29 23:32:40.435   832   943 E C02515/DGLES: [d_glBindTexture_special@glv3_status.cpp:620] bind external with nullptr gbuffer 0
08-29 23:32:40.436   607 16705 W C02515/DISP: [SetLayerMaskInfo:495] <private> is not supported
08-29 23:32:40.437   607 16705 I C02515/DISP: [CommitComposeLayer:67] CommitComposeLayer! 10
08-29 23:32:40.449   832   832 E C01406/RSScreenManager: IsAllScreensPowerOff: screenPowerStatus_ is empty.
08-29 23:32:40.449   832   943 W C01406/skia: DrawWithGles: DrawSurfaceBufferOpItem::DrawWithGles waitfence timeout
08-29 23:32:40.449   832   943 E C02515/DGLES: [d_eglCreateImage_special@egl_gpu.cpp:283] createimage with ctx null opengl_context 7fa0f06300
08-29 23:32:40.449   832   943 E C02515/DGLES: [d_glBindTexture_special@glv3_status.cpp:620] bind external with nullptr gbuffer 0
08-29 23:32:40.450   832   943 E C02515/DGLES: [d_glBindTexture_special@glv3_status.cpp:620] bind external with nullptr gbuffer 0
08-29 23:32:40.452   607 16705 W C02515/DISP: [SetLayerMaskInfo:495] <private> is not supported
08-29 23:32:40.452   607 16705 I C02515/DISP: [CommitComposeLayer:67] CommitComposeLayer! 10
08-29 23:32:40.464   832   832 E C01406/RSScreenManager: IsAllScreensPowerOff: screenPowerStatus_ is empty.
08-29 23:32:40.465   832   943 W C01406/skia: DrawWithGles: DrawSurfaceBufferOpItem::DrawWithGles waitfence timeout
08-29 23:32:40.465   832   943 E C02515/DGLES: [d_eglCreateImage_special@egl_gpu.cpp:283] createimage with ctx null opengl_context 7fa0f06300
08-29 23:32:40.465   832   943 E C02515/DGLES: [d_glBindTexture_special@glv3_status.cpp:620] bind external with nullptr gbuffer 0
08-29 23:32:40.465   832   943 E C02515/DGLES: [d_glBindTexture_special@glv3_status.cpp:620] bind external with nullptr gbuffer 0
08-29 23:32:40.467   607 16705 W C02515/DISP: [SetLayerMaskInfo:495] <private> is not supported
08-29 23:32:40.467   607 16705 I C02515/DISP: [CommitComposeLayer:67] CommitComposeLayer! 10
08-29 23:32:40.480   832   832 E C01406/RSScreenManager: IsAllScreensPowerOff: screenPowerStatus_ is empty.
08-29 23:32:40.481   832   943 W C01406/skia: DrawWithGles: DrawSurfaceBufferOpItem::DrawWithGles waitfence timeout
08-29 23:32:40.481   832   943 E C02515/DGLES: [d_eglCreateImage_special@egl_gpu.cpp:283] createimage with ctx null opengl_context 7fa0f06300
08-29 23:32:40.481   832   943 E C02515/DGLES: [d_glBindTexture_special@glv3_status.cpp:620] bind external with nullptr gbuffer 0
08-29 23:32:40.481   832   943 E C02515/DGLES: [d_glBindTexture_special@glv3_status.cpp:620] bind external with nullptr gbuffer 0
08-29 23:32:40.483   607 16705 W C02515/DISP: [SetLayerMaskInfo:495] <private> is not supported
08-29 23:32:40.483   607 16705 I C02515/DISP: [CommitComposeLayer:67] CommitComposeLayer! 10
08-29 23:32:40.497   832   832 E C01406/RSScreenManager: IsAllScreensPowerOff: screenPowerStatus_ is empty.
08-29 23:32:40.497   832   943 W C01406/skia: DrawWithGles: DrawSurfaceBufferOpItem::DrawWithGles waitfence timeout
08-29 23:32:40.497   832   943 E C02515/DGLES: [d_eglCreateImage_special@egl_gpu.cpp:283] createimage with ctx null opengl_context 7fa0f06300
08-29 23:32:40.497   832   943 E C02515/DGLES: [d_glBindTexture_special@glv3_status.cpp:620] bind external with nullptr gbuffer 0
08-29 23:32:40.497   832   943 E C02515/DGLES: [d_glBindTexture_special@glv3_status.cpp:620] bind external with nullptr gbuffer 0
08-29 23:32:40.498   607 16705 W C02515/DISP: [SetLayerMaskInfo:495] <private> is not supported
08-29 23:32:40.498   607 16705 I C02515/DISP: [CommitComposeLayer:67] CommitComposeLayer! 10
08-29 23:32:40.502   125   513 I C01800/SAMGR: NF SA:65962,876_43837
08-29 23:32:40.513   832   832 E C01406/RSScreenManager: IsAllScreensPowerOff: screenPowerStatus_ is empty.
08-29 23:32:40.514   832   943 W C01406/skia: DrawWithGles: DrawSurfaceBufferOpItem::DrawWithGles waitfence timeout
08-29 23:32:40.514   832   943 E C02515/DGLES: [d_eglCreateImage_special@egl_gpu.cpp:283] createimage with ctx null opengl_context 7fa0f06300
08-29 23:32:40.514   832   943 E C02515/DGLES: [d_glBindTexture_special@glv3_status.cpp:620] bind external with nullptr gbuffer 0
08-29 23:32:40.514   832   943 E C02515/DGLES: [d_glBindTexture_special@glv3_status.cpp:620] bind external with nullptr gbuffer 0
08-29 23:32:40.514   607 16705 W C02515/DISP: [SetLayerMaskInfo:495] <private> is not supported
08-29 23:32:40.514   607 16705 I C02515/DISP: [CommitComposeLayer:67] CommitComposeLayer! 10
08-29 23:32:40.531   607 16705 W C02515/DISP: [SetLayerMaskInfo:495] <private> is not supported
08-29 23:32:40.532   607 16705 I C02515/DISP: [CommitComposeLayer:67] CommitComposeLayer! 10
08-29 23:32:40.556   245   493 I C02802/InputActiveSubscriberHandler: [|317]0|10000|701
08-29 23:32:40.577 14442 14442 W C02c02/PARAM: Selinux check name persist.init.debug.loglevel in u:object_r:startup_init_param:s0 [14442 2000 2000] failed
08-29 23:32:40.577 14442 14442 W C02c02/PARAM: Selinux check name persist.init.debug.loglevel in u:object_r:startup_init_param:s0 [14442 2000 2000] failed
08-29 23:32:40.577 14442 14442 W C02c02/PARAM: SystemReadParam failed!name is:persist.init.debug.loglevel,err:1002
08-29 23:32:40.578 14063 14063 I C03907/AceComponentSnapshot: [(100000:100000:scope)] Get ComponentSnapshot options={0.883140, false, {Localized, -1.000000, -1.000000, -1.000000, -1.000000}, {ColorSpace: 4}, {DynamicRangeMode: 2}} Id=secure_field Depth=18 Tag=Stack imageCount=0 checkImage=1 RsNodeId=60400125083780
08-29 23:32:40.579   832   864 E C01406/OHOS::RS: RSInterfaceCodeAccessVerifierBase::IsInterfaceCodeAccessible exclusive verification not passed.
08-29 23:32:40.579   832   864 E C01406/OHOS::RS: RSInterfaceCodeSecurityManager::IsInterfaceCodeAccessible verification failed.
08-29 23:32:40.579   832   864 E C01406/OHOS::RS: RSIRenderServiceConnectionInterfaceCode::TAKE_SURFACE_CAPTURE ipc interface code access denied: not system calling
08-29 23:32:40.579   832   832 I C01406/RSClientToRenderConnection: TakeSurfaceCaptureForUiParallel nodeId:[60400125083780], issync:false
08-29 23:32:40.579   832   832 I C01406/skia: RSUiCaptureTaskParallel::Capture nodeId:[60400125083780]
08-29 23:32:40.579   266   545 E C01700/RSS: [a92ab3fb988d610] DeliverResource, PluginMgr resType 1002 no lib register!
08-29 23:32:40.579   282 13919 E C01704/TagSched: [a92ab3fb988d610] [ExecutorCheckTidIsInPid][Executor] ExecutorCheckTidIsInPid get reply is invalied
08-29 23:32:40.579   282 13919 I C01704/TagSched: [a92ab3fb988d610] [SetQosRealtimeTask]ThreadModifyQos,setQos 832 tid[864],  qos[7]
08-29 23:32:40.579   282 13919 E C01704/TagSched: [a92ab3fb988d610] [OpenQosCtrl]Failed to open qos_ctrl device
08-29 23:32:40.579   282 13919 E C01704/TagSched: [a92ab3fb988d610] [IsQosHandleOpen]get qosSetHandle_ fail
08-29 23:32:40.579   282 13919 E C01704/TagSched: [a92ab3fb988d610] [SetQosInternal]qosSetHandle open fail
08-29 23:32:40.579   282 13919 E C01704/TagSched: [a92ab3fb988d610] [OpenQosCtrl]Failed to open qos_ctrl device
08-29 23:32:40.579   282 13919 E C01704/TagSched: [a92ab3fb988d610] [IsQosHandleOpen]get qosSetHandle_ fail
08-29 23:32:40.579   282 13919 E C01704/TagSched: [a92ab3fb988d610] [SetQosInternal]qosSetHandle open fail
08-29 23:32:40.579   282 13919 E C01704/TagSched: [a92ab3fb988d610] [OpenQosCtrl]Failed to open qos_ctrl device
08-29 23:32:40.579   282 13919 E C01704/TagSched: [a92ab3fb988d610] [IsQosHandleOpen]get qosSetHandle_ fail
08-29 23:32:40.579   282 13919 E C01704/TagSched: [a92ab3fb988d610] [SetQosInternal]qosSetHandle open fail
08-29 23:32:40.579   282 13919 E C01704/TagSched: [a92ab3fb988d610] [OpenQosCtrl]Failed to open qos_ctrl device
08-29 23:32:40.579   282 13919 E C01704/TagSched: [a92ab3fb988d610] [IsQosHandleOpen]get qosSetHandle_ fail
08-29 23:32:40.579   282 13919 E C01704/TagSched: [a92ab3fb988d610] [SetQosInternal]qosSetHandle open fail
08-29 23:32:40.579   282 13919 E C01704/TagSched: [a92ab3fb988d610] [OpenQosCtrl]Failed to open qos_ctrl device
08-29 23:32:40.579   282 13919 E C01704/TagSched: [a92ab3fb988d610] [IsQosHandleOpen]get qosSetHandle_ fail
08-29 23:32:40.579   282 13919 E C01704/TagSched: [a92ab3fb988d610] [SetQosInternal]qosSetHandle open fail
08-29 23:32:40.579   282 13919 E C01704/TagSched: [a92ab3fb988d610] [OpenQosCtrl]Failed to open qos_ctrl device
08-29 23:32:40.579   282 13919 E C01704/TagSched: [a92ab3fb988d610] [IsQosHandleOpen]get qosSetHandle_ fail
08-29 23:32:40.579   282 13919 E C01704/TagSched: [a92ab3fb988d610] [SetQosInternal]qosSetHandle open fail
08-29 23:32:40.579   282 13919 E C01704/TagSched: [a92ab3fb988d610] [OpenQosCtrl]Failed to open qos_ctrl device
08-29 23:32:40.579   282 13919 E C01704/TagSched: [a92ab3fb988d610] [IsQosHandleOpen]get qosSetHandle_ fail
08-29 23:32:40.579   282 13919 E C01704/TagSched: [a92ab3fb988d610] [SetQosInternal]qosSetHandle open fail
08-29 23:32:40.579   282 13919 E C01704/TagSched: [a92ab3fb988d610] [OpenQosCtrl]Failed to open qos_ctrl device
08-29 23:32:40.579   282 13919 E C01704/TagSched: [a92ab3fb988d610] [IsQosHandleOpen]get qosSetHandle_ fail
08-29 23:32:40.579   282 13919 E C01704/TagSched: [a92ab3fb988d610] [SetQosInternal]qosSetHandle open fail
08-29 23:32:40.579   282 13919 E C01704/TagSched: [a92ab3fb988d610] [OpenQosCtrl]Failed to open qos_ctrl device
08-29 23:32:40.579   282 13919 E C01704/TagSched: [a92ab3fb988d610] [IsQosHandleOpen]get qosSetHandle_ fail
08-29 23:32:40.579   282 13919 E C01704/TagSched: [a92ab3fb988d610] [SetQosInternal]qosSetHandle open fail
08-29 23:32:40.579   282 13919 E C01704/TagSched: [a92ab3fb988d610] [OpenQosCtrl]Failed to open qos_ctrl device
08-29 23:32:40.579   282 13919 E C01704/TagSched: [a92ab3fb988d610] [IsQosHandleOpen]get qosSetHandle_ fail
08-29 23:32:40.579   282 13919 E C01704/TagSched: [a92ab3fb988d610] [SetQosInternal]qosSetHandle open fail
08-29 23:32:40.579   282 13919 E C01704/TagSched: [a92ab3fb988d610] [OpenQosCtrl]Failed to open qos_ctrl device
08-29 23:32:40.579   282 13919 E C01704/TagSched: [a92ab3fb988d610] [IsQosHandleOpen]get qosSetHandle_ fail
08-29 23:32:40.579   282 13919 E C01704/TagSched: [a92ab3fb988d610] [SetQosInternal]qosSetHandle open fail
08-29 23:32:40.579   282 13919 E C01704/TagSched: [a92ab3fb988d610] [OpenQosCtrl]Failed to open qos_ctrl device
08-29 23:32:40.579   282 13919 E C01704/TagSched: [a92ab3fb988d610] [IsQosHandleOpen]get qosSetHandle_ fail
08-29 23:32:40.579   282 13919 E C01704/TagSched: [a92ab3fb988d610] [SetQosInternal]qosSetHandle open fail
08-29 23:32:40.579   282 13919 E C01704/TagSched: [a92ab3fb988d610] [OpenQosCtrl]Failed to open qos_ctrl device
08-29 23:32:40.579   282 13919 E C01704/TagSched: [a92ab3fb988d610] [IsQosHandleOpen]get qosSetHandle_ fail
08-29 23:32:40.579   282 13919 E C01704/TagSched: [a92ab3fb988d610] [SetQosInternal]qosSetHandle open fail
08-29 23:32:40.579   282 13919 E C01704/TagSched: [a92ab3fb988d610] [OpenQosCtrl]Failed to open qos_ctrl device
08-29 23:32:40.579   282 13919 E C01704/TagSched: [a92ab3fb988d610] [IsQosHandleOpen]get qosSetHandle_ fail
08-29 23:32:40.579   282 13919 E C01704/TagSched: [a92ab3fb988d610] [SetQosInternal]qosSetHandle open fail
08-29 23:32:40.579   282 13919 E C01704/TagSched: [a92ab3fb988d610] [OpenQosCtrl]Failed to open qos_ctrl device
08-29 23:32:40.579   282 13919 E C01704/TagSched: [a92ab3fb988d610] [IsQosHandleOpen]get qosSetHandle_ fail
08-29 23:32:40.579   282 13919 E C01704/TagSched: [a92ab3fb988d610] [SetQosInternal]qosSetHandle open fail
08-29 23:32:40.579   282 13919 E C01704/TagSched: [a92ab3fb988d610] [OpenQosCtrl]Failed to open qos_ctrl device
08-29 23:32:40.579   282 13919 E C01704/TagSched: [a92ab3fb988d610] [IsQosHandleOpen]get qosSetHandle_ fail
08-29 23:32:40.579   282 13919 E C01704/TagSched: [a92ab3fb988d610] [SetQosInternal]qosSetHandle open fail
08-29 23:32:40.579   282 13919 E C01704/TagSched: [a92ab3fb988d610] [OpenQosCtrl]Failed to open qos_ctrl device
08-29 23:32:40.579   282 13919 E C01704/TagSched: [a92ab3fb988d610] [IsQosHandleOpen]get qosSetHandle_ fail
08-29 23:32:40.579   282 13919 E C01704/TagSched: [a92ab3fb988d610] [SetQosInternal]qosSetHandle open fail
08-29 23:32:40.579   832   943 I C01406/skia: RSUiCaptureTaskParallel::Run: NodeId: [60400125083780], the number of total processedNodes: [19]; ExistCapturePixelMapOP: false; colorspace[4, 0], dynamicRange[2, 0], finalIsHdr[0]
08-29 23:32:40.582 14444 14444 W C02c02/PARAM: Selinux check name persist.init.debug.loglevel in u:object_r:startup_init_param:s0 [14444 2000 2000] failed
08-29 23:32:40.582 14444 14444 W C02c02/PARAM: Selinux check name persist.init.debug.loglevel in u:object_r:startup_init_param:s0 [14444 2000 2000] failed
08-29 23:32:40.582 14444 14444 W C02c02/PARAM: SystemReadParam failed!name is:persist.init.debug.loglevel,err:1002
08-29 23:32:40.582 14446 14446 W C02c02/PARAM: Selinux check name persist.init.debug.loglevel in u:object_r:startup_init_param:s0 [14446 2000 2000] failed
08-29 23:32:40.582 14446 14446 W C02c02/PARAM: Selinux check name persist.init.debug.loglevel in u:object_r:startup_init_param:s0 [14446 2000 2000] failed
08-29 23:32:40.582 14446 14446 W C02c02/PARAM: SystemReadParam failed!name is:persist.init.debug.loglevel,err:1002
08-29 23:32:40.583 14445 14445 W C02c02/PARAM: Selinux check name persist.init.debug.loglevel in u:object_r:startup_init_param:s0 [14445 2000 2000] failed
08-29 23:32:40.583 14445 14445 W C02c02/PARAM: Selinux check name persist.init.debug.loglevel in u:object_r:startup_init_param:s0 [14445 2000 2000] failed
08-29 23:32:40.583 14445 14445 W C02c02/PARAM: SystemReadParam failed!name is:persist.init.debug.loglevel,err:1002
08-29 23:32:40.583 14063 14063 I C0392c/AceForEach: [(100000:100000:scope)] ForEachNode skip mark dirty. Id[256], Ids.size[8]
08-29 23:32:40.586 14063 14063 I C02d66/Hiview-PerfMonitor: ProcessJank: JankFrameMonitor::ProcessJank jank >= threshold
08-29 23:32:40.590   832   832 E C01406/RSScreenManager: IsAllScreensPowerOff: screenPowerStatus_ is empty.
08-29 23:32:40.591 14063 14063 I C0392c/AceForEach: [(100000:100000:scope)] ForEachNode skip mark dirty. Id[256], Ids.size[8]
08-29 23:32:40.592 14448 14448 W C02c02/PARAM: Selinux check name persist.init.debug.loglevel in u:object_r:startup_init_param:s0 [14448 2000 2000] failed
08-29 23:32:40.592 14448 14448 W C02c02/PARAM: Selinux check name persist.init.debug.loglevel in u:object_r:startup_init_param:s0 [14448 2000 2000] failed
08-29 23:32:40.592 14448 14448 W C02c02/PARAM: SystemReadParam failed!name is:persist.init.debug.loglevel,err:1002
08-29 23:32:40.593 14447 14447 W C02c02/PARAM: Selinux check name persist.init.debug.loglevel in u:object_r:startup_init_param:s0 [14447 2000 2000] failed
08-29 23:32:40.593 14447 14447 W C02c02/PARAM: Selinux check name persist.init.debug.loglevel in u:object_r:startup_init_param:s0 [14447 2000 2000] failed
08-29 23:32:40.593 14447 14447 W C02c02/PARAM: SystemReadParam failed!name is:persist.init.debug.loglevel,err:1002
08-29 23:32:40.628   832   943 I C01406/skia: RSUiCaptureTaskParallel::Capture DMADisable capture success nodeId:[60400125083780], pixelMap width: 1166, height: 2523, colorSpace:4
08-29 23:32:40.628 14063 14183 E C02b61/PixelMap: set ashmem name failed
08-29 23:32:40.628 14063 14183 I C03907/AceComponentSnapshot: [(-1:100000:singleton)] ComponentSnapshot successful! pixelMap.width=1166 pixelMap.height=2523
08-29 23:32:40.629   832   943 W C01406/skia: DrawWithGles: DrawSurfaceBufferOpItem::DrawWithGles waitfence timeout
08-29 23:32:40.629   832   943 E C02515/DGLES: [d_eglCreateImage_special@egl_gpu.cpp:283] createimage with ctx null opengl_context 7fa0f06300
08-29 23:32:40.629   832   943 E C02515/DGLES: [d_glBindTexture_special@glv3_status.cpp:620] bind external with nullptr gbuffer 0
08-29 23:32:40.629   832   943 E C02515/DGLES: [d_glBindTexture_special@glv3_status.cpp:620] bind external with nullptr gbuffer 0
08-29 23:32:40.630   607 16705 W C02515/DISP: [SetLayerMaskInfo:495] <private> is not supported
08-29 23:32:40.630   607 16705 I C02515/DISP: [CommitComposeLayer:67] CommitComposeLayer! 10
08-29 23:32:40.637   832   832 E C01406/RSScreenManager: IsAllScreensPowerOff: screenPowerStatus_ is empty.
08-29 23:32:40.638   832   943 W C01406/skia: DrawWithGles: DrawSurfaceBufferOpItem::DrawWithGles waitfence timeout
08-29 23:32:40.638   832   943 E C02515/DGLES: [d_eglCreateImage_special@egl_gpu.cpp:283] createimage with ctx null opengl_context 7fa0f06300
08-29 23:32:40.638   832   943 E C02515/DGLES: [d_glBindTexture_special@glv3_status.cpp:620] bind external with nullptr gbuffer 0
08-29 23:32:40.638   832   943 E C02515/DGLES: [d_glBindTexture_special@glv3_status.cpp:620] bind external with nullptr gbuffer 0
08-29 23:32:40.647   240   600 I C02699/MM: HandleLevelReport (1561)Psi trigger, L=0
08-29 23:32:40.647   240 13976 W C02699/MM: PsiHandlerInner level:0, skip.
08-29 23:32:40.647   240   600 I C02699/MM: ReadFile read fail: /dev/memcg/memory.zswapd_presure_show
08-29 23:32:40.647   240   600 E C02699/MM: GetPressureMbStrings kernel pressure miss: key=stability_rollup
08-29 23:32:40.647   240   600 E C02699/MM: ReadValuesFromFileWithoutLock Pressure fallback failed for key=stability_rollup
08-29 23:32:40.647   240   600 E C02699/MM: GetPressureKbLockedMap stoi fail for key=stability_rollup
08-29 23:32:40.647   240   600 E C02699/MM: IsBetaUser get logtype property fail
08-29 23:32:40.656   607 16705 W C02515/DISP: [SetLayerMaskInfo:495] <private> is not supported
08-29 23:32:40.657   607 16705 I C02515/DISP: [CommitComposeLayer:67] CommitComposeLayer! 10
08-29 23:32:40.676  1979  1979 E C02c11/APPSPAWN: [appspawn_kickdog.c:29]open /sys/kernel/hungtask/userlist fail,errno:2
08-29 23:32:40.704   125   513 I C01800/SAMGR: NF SA:65962,876_43838
08-29 23:32:40.705 14063 14063 I C03907/AceComponentSnapshot: [(100000:100000:scope)] Process off screen Node finished, root size = [1320.00 x 2856.00] Id=504 Tag=Stack enableInspector=0 imageIds=
08-29 23:32:40.706 14063 14063 I C03907/AceComponentSnapshot: [(100000:100000:scope)] Flush UI tasks with flag
08-29 23:32:40.707 14063 14063 I C03907/AceComponentSnapshot: [(100000:100000:scope)] Begin to take surfaceCapture for ui, rootId=secure_field depth=1000000 param={0, false, 0.883140, false} dfxInfo={0, 32, 0, 1} size=[1320.00 x 2856.00], regionMode=2
08-29 23:32:40.707   832   864 E C01406/OHOS::RS: RSInterfaceCodeAccessVerifierBase::IsInterfaceCodeAccessible exclusive verification not passed.
08-29 23:32:40.707   832   864 E C01406/OHOS::RS: RSInterfaceCodeSecurityManager::IsInterfaceCodeAccessible verification failed.
08-29 23:32:40.707   832   864 E C01406/OHOS::RS: RSIRenderServiceConnectionInterfaceCode::TAKE_SURFACE_CAPTURE ipc interface code access denied: not system calling
08-29 23:32:40.707   832   832 I C01406/RSClientToRenderConnection: TakeSurfaceCaptureForUiParallel nodeId:[60400125083892], issync:false
08-29 23:32:40.708   832   832 W C01406/RSMainThread: RSMainThread::AddUiCaptureTask node nullptr, id: 60400125083892
08-29 23:32:40.717   832   832 E C01406/RSScreenManager: IsAllScreensPowerOff: screenPowerStatus_ is empty.
08-29 23:32:40.717   832   943 I C01406/skia: RSUiCaptureTaskParallel::Capture nodeId:[60400125083892]
08-29 23:32:40.718   832   943 W C01406/skia: DrawWithGles: DrawSurfaceBufferOpItem::DrawWithGles waitfence timeout
08-29 23:32:40.718   832   943 E C02515/DGLES: [d_eglCreateImage_special@egl_gpu.cpp:283] createimage with ctx null opengl_context 7fa0f06300
08-29 23:32:40.718   832   943 E C02515/DGLES: [d_glBindTexture_special@glv3_status.cpp:620] bind external with nullptr gbuffer 0
08-29 23:32:40.718   832   943 E C02515/DGLES: [d_glBindTexture_special@glv3_status.cpp:620] bind external with nullptr gbuffer 0
08-29 23:32:40.720   832   943 I C01406/skia: RSUiCaptureTaskParallel::Run: NodeId: [60400125083892], the number of total processedNodes: [31]; ExistCapturePixelMapOP: false; colorspace[4, 0], dynamicRange[2, 0], finalIsHdr[0]
08-29 23:32:40.736   832   943 I C01406/skia: RSUiCaptureTaskParallel::Capture DMADisable capture success nodeId:[60400125083892], pixelMap width: 1166, height: 2523, colorSpace:4
08-29 23:32:40.736 14063 14185 E C02b61/PixelMap: set ashmem name failed
08-29 23:32:40.736 14063 14185 I C03907/AceComponentSnapshot: [(-1:100000:singleton)] ComponentSnapshot successful! pixelMap.width=1166 pixelMap.height=2523
08-29 23:32:40.736   607 16705 W C02515/DISP: [SetLayerMaskInfo:495] <private> is not supported
08-29 23:32:40.737   607 16705 I C02515/DISP: [CommitComposeLayer:67] CommitComposeLayer! 10
08-29 23:32:40.748   832   832 E C01406/RSScreenManager: IsAllScreensPowerOff: screenPowerStatus_ is empty.
08-29 23:32:40.749   832   943 W C01406/skia: DrawWithGles: DrawSurfaceBufferOpItem::DrawWithGles waitfence timeout
08-29 23:32:40.749   832   943 E C02515/DGLES: [d_eglCreateImage_special@egl_gpu.cpp:283] createimage with ctx null opengl_context 7fa0f06300
08-29 23:32:40.763   832   943 E C02515/DGLES: [d_glBindTexture_special@glv3_status.cpp:620] bind external with nullptr gbuffer 0
08-29 23:32:40.764 14063 14430 I A05244/BookTurn: upload slot=<private> ok=<private> mask=<private>
08-29 23:32:40.764   832   943 E C02515/DGLES: [d_glBindTexture_special@glv3_status.cpp:620] bind external with nullptr gbuffer 0
08-29 23:32:40.766   607 16705 W C02515/DISP: [SetLayerMaskInfo:495] <private> is not supported
08-29 23:32:40.766   607 16705 I C02515/DISP: [CommitComposeLayer:67] CommitComposeLayer! 10
08-29 23:32:40.831 14063 14063 I C03907/AceComponentSnapshot: [(100000:100000:scope)] Process off screen Node finished, root size = [1320.00 x 2856.00] Id=734 Tag=Stack enableInspector=0 imageIds=
08-29 23:32:40.832 14063 14063 I C03907/AceComponentSnapshot: [(100000:100000:scope)] Flush UI tasks with flag
08-29 23:32:40.833 14063 14063 I C03907/AceComponentSnapshot: [(100000:100000:scope)] Begin to take surfaceCapture for ui, rootId=secure_field depth=1000000 param={0, false, 0.883140, false} dfxInfo={0, 35, 0, 1} size=[1320.00 x 2856.00], regionMode=2
08-29 23:32:40.833   832   864 E C01406/OHOS::RS: RSInterfaceCodeAccessVerifierBase::IsInterfaceCodeAccessible exclusive verification not passed.
08-29 23:32:40.833   832   864 E C01406/OHOS::RS: RSInterfaceCodeSecurityManager::IsInterfaceCodeAccessible verification failed.
08-29 23:32:40.833   832   864 E C01406/OHOS::RS: RSIRenderServiceConnectionInterfaceCode::TAKE_SURFACE_CAPTURE ipc interface code access denied: not system calling
08-29 23:32:40.833   832   832 I C01406/RSClientToRenderConnection: TakeSurfaceCaptureForUiParallel nodeId:[60400125083925], issync:false
08-29 23:32:40.833   832   832 W C01406/RSMainThread: RSMainThread::AddUiCaptureTask node nullptr, id: 60400125083925
08-29 23:32:40.838 14450 14450 W C02c02/PARAM: Selinux check name persist.init.debug.loglevel in u:object_r:startup_init_param:s0 [14450 2000 2000] failed
08-29 23:32:40.838 14450 14450 W C02c02/PARAM: Selinux check name persist.init.debug.loglevel in u:object_r:startup_init_param:s0 [14450 2000 2000] failed
08-29 23:32:40.838 14450 14450 W C02c02/PARAM: SystemReadParam failed!name is:persist.init.debug.loglevel,err:1002
08-29 23:32:40.843   832   832 E C01406/RSScreenManager: IsAllScreensPowerOff: screenPowerStatus_ is empty.
08-29 23:32:40.843   832   943 I C01406/skia: RSUiCaptureTaskParallel::Capture nodeId:[60400125083925]
08-29 23:32:40.844   832   943 W C01406/skia: DrawWithGles: DrawSurfaceBufferOpItem::DrawWithGles waitfence timeout
08-29 23:32:40.844   832   943 E C02515/DGLES: [d_eglCreateImage_special@egl_gpu.cpp:283] createimage with ctx null opengl_context 7fa0f06300
08-29 23:32:40.844 14452 14452 W C02c02/PARAM: Selinux check name persist.init.debug.loglevel in u:object_r:startup_init_param:s0 [14452 2000 2000] failed
08-29 23:32:40.844 14452 14452 W C02c02/PARAM: Selinux check name persist.init.debug.loglevel in u:object_r:startup_init_param:s0 [14452 2000 2000] failed
08-29 23:32:40.844 14452 14452 W C02c02/PARAM: SystemReadParam failed!name is:persist.init.debug.loglevel,err:1002
08-29 23:32:40.849 14453 14453 W C02c02/PARAM: Selinux check name persist.init.debug.loglevel in u:object_r:startup_init_param:s0 [14453 2000 2000] failed
08-29 23:32:40.849 14453 14453 W C02c02/PARAM: Selinux check name persist.init.debug.loglevel in u:object_r:startup_init_param:s0 [14453 2000 2000] failed
08-29 23:32:40.849 14453 14453 W C02c02/PARAM: SystemReadParam failed!name is:persist.init.debug.loglevel,err:1002
08-29 23:32:40.852   832   943 E C02515/DGLES: [d_glBindTexture_special@glv3_status.cpp:620] bind external with nullptr gbuffer 0
08-29 23:32:40.852   832   943 E C02515/DGLES: [d_glBindTexture_special@glv3_status.cpp:620] bind external with nullptr gbuffer 0
08-29 23:32:40.854   832   943 I C01406/skia: RSUiCaptureTaskParallel::Run: NodeId: [60400125083925], the number of total processedNodes: [34]; ExistCapturePixelMapOP: false; colorspace[4, 0], dynamicRange[2, 0], finalIsHdr[0]
08-29 23:32:40.863   607 16705 W C02515/DISP: [SetLayerMaskInfo:495] <private> is not supported
08-29 23:32:40.863   607 16705 I C02515/DISP: [CommitComposeLayer:67] CommitComposeLayer! 10
08-29 23:32:40.870   832   943 I C01406/skia: RSUiCaptureTaskParallel::Capture DMADisable capture success nodeId:[60400125083925], pixelMap width: 1166, height: 2523, colorSpace:4
08-29 23:32:40.871 14063 14183 E C02b61/PixelMap: set ashmem name failed
08-29 23:32:40.871 14063 14183 I C03907/AceComponentSnapshot: [(-1:100000:singleton)] ComponentSnapshot successful! pixelMap.width=1166 pixelMap.height=2523
08-29 23:32:40.874 14063 14430 I A05244/BookTurn: upload slot=<private> ok=<private> mask=<private>
08-29 23:32:40.874   832   832 E C01406/RSScreenManager: IsAllScreensPowerOff: screenPowerStatus_ is empty.
08-29 23:32:40.874   832   943 W C01406/skia: DrawWithGles: DrawSurfaceBufferOpItem::DrawWithGles waitfence timeout
08-29 23:32:40.874   832   943 E C02515/DGLES: [d_eglCreateImage_special@egl_gpu.cpp:283] createimage with ctx null opengl_context 7fa0f06300
08-29 23:32:40.886   832   943 E C02515/DGLES: [d_glBindTexture_special@glv3_status.cpp:620] bind external with nullptr gbuffer 0
08-29 23:32:40.886   832   943 E C02515/DGLES: [d_glBindTexture_special@glv3_status.cpp:620] bind external with nullptr gbuffer 0
08-29 23:32:40.892   607 16705 W C02515/DISP: [SetLayerMaskInfo:495] <private> is not supported
08-29 23:32:40.892   607 16705 I C02515/DISP: [CommitComposeLayer:67] CommitComposeLayer! 10
08-29 23:32:40.905   125   513 I C01800/SAMGR: NF SA:65962,876_43839
08-29 23:32:40.931   127  4593 I C02d10/CpuCollector: CalculateProcessCpuStatInfos: startTime=1788017550916, endTime=1788017560931, startBootTime=538553579, endBootTime=538563595, period=10016, isNeedUpdate=1
08-29 23:32:40.992 14063 14430 I A05244/BookTurn: upload slot=<private> ok=<private> mask=<private>
08-29 23:32:41.105   125   513 I C01800/SAMGR: NF SA:65962,876_43840
08-29 23:32:41.161   282 13949 E C01720/SmartGC: [a92abbfb97a101f] [ExitGCPauseSceneInner]ExitGCPauseSceneInner 538562323 538563824
08-29 23:32:41.161 14063 14185 I C03f00/ArkEtsVm: [a92abbfb97a101f] gc: App cold start finished
08-29 23:32:41.207   282 14335 W C02948/ThermalAware: [thermal_aware_event_handler.cpp] there is no food for dog, rebind thermal service
08-29 23:32:41.207   282 14335 W C02948/ThermalAware: [temperature_collector.cpp] subscribe temperature list is empty
08-29 23:32:41.207   282 14335 W C02948/ThermalAware: [thermal_action_receiver.cpp] subscribe temperature list is empty
08-29 23:32:41.207   282 14335 E C02948/ThermalAware: [thermal_aware_event_handler.cpp] thermal service subscribe failed
08-29 23:32:41.268 21767 21767 W A01c06/ICON: AppIconWeatherModel --> initWeatherListener, retryTimes: 4
08-29 23:32:41.270   468  1609 E C01707/CONCUR: [Interface] task 1609 apply qos failed, errno = 4
08-29 23:32:41.270   468  1609 E C01611/QosManager: QosManager: Failed to set thread QoS to QOS_USER_INTERACTIVE, ret: -1
08-29 23:32:41.272   833  1082 W C01123/BMSCommon: bundle not exist -n com.huawei.hmsapp.totemweather -u 100 -i 0 -f 32
08-29 23:32:41.272   833  1082 W C01121/BMSQuery: GetBundleInfo failed -n com.huawei.hmsapp.totemweather -u 100
08-29 23:32:41.272   468  1609 E C01651/BundleMgrProxy: GetBundleInfoFromBMS: GetBundleInfo failed!bundleName is com.huawei.hmsapp.totemweather, userId is 100
08-29 23:32:41.272   468  1609 E C01651/DataProviderConfig: GetFromProxyData: Get bundleInfo failed! bundleName:com.huawei.hmsapp.totemweather, userId:100, visitedId:100, uri:******icIconInfo
08-29 23:32:41.272   468  1609 E C01651/DataShareServiceImpl: GetBMSAndMetaDataStatus: CalledInfo failed! token:0x200ba470,ret:1001,uri:******icIconInfo
08-29 23:32:41.272   468  1609 E C01651/DataShareServiceImpl: GetSilentProxyStatus: BMS or metaData not ready to complete, token:0x200ba470, uri:******icIconInfo
08-29 23:32:41.272 21767 21767 E A01c06/ICON: AppIconWeatherModel --> get weather info failed, code: 15700010, message: The DataShareHelper is not initialized successfully.
08-29 23:32:41.306   125   513 I C01800/SAMGR: NF SA:65962,876_43841
08-29 23:32:41.306   876   940 E C01810/SA_CLIENT: GetSaWrap SA:65962 not start
08-29 23:32:41.306   876   940 I C01409/APS_MANAGER: request system service object is not ready yet!
08-29 23:32:41.369 14455 14455 W C02c02/PARAM: Selinux check name persist.init.debug.loglevel in u:object_r:startup_init_param:s0 [14455 2000 2000] failed
08-29 23:32:41.369 14455 14455 W C02c02/PARAM: Selinux check name persist.init.debug.loglevel in u:object_r:startup_init_param:s0 [14455 2000 2000] failed
08-29 23:32:41.416 14455 14455 W C02c02/PARAM: SystemReadParam failed!name is:persist.init.debug.loglevel,err:1002
08-29 23:32:41.421 14455 14455 W C02c02/PARAM: Selinux check name persist.init.debug.loglevel in u:object_r:startup_init_param:s0 [14455 2000 2000] failed
08-29 23:32:41.421 14455 14455 W C02c02/PARAM: Selinux check name persist.init.debug.loglevel in u:object_r:startup_init_param:s0 [14455 2000 2000] failed
08-29 23:32:41.422 14455 14455 W C02c02/PARAM: SystemReadParam failed!name is:persist.init.debug.loglevel,err:1002
08-29 23:32:41.559   282 14244 I C01727/SceneRecognizeExt: [a92ab8fb9788345] [ReportExitUserInteractionSceneInner]report exit user interaction scene
08-29 23:32:41.569 14458 14458 W C02c02/PARAM: Selinux check name persist.init.debug.loglevel in u:object_r:startup_init_param:s0 [14458 2000 2000] failed
08-29 23:32:41.569 14458 14458 W C02c02/PARAM: Selinux check name persist.init.debug.loglevel in u:object_r:startup_init_param:s0 [14458 2000 2000] failed
08-29 23:32:41.569 14458 14458 W C02c02/PARAM: SystemReadParam failed!name is:persist.init.debug.loglevel,err:1002
08-29 23:32:41.574 14460 14460 W C02c02/PARAM: Selinux check name persist.init.debug.loglevel in u:object_r:startup_init_param:s0 [14460 2000 2000] failed
08-29 23:32:41.574 14460 14460 W C02c02/PARAM: Selinux check name persist.init.debug.loglevel in u:object_r:startup_init_param:s0 [14460 2000 2000] failed
08-29 23:32:41.574 14460 14460 W C02c02/PARAM: SystemReadParam failed!name is:persist.init.debug.loglevel,err:1002
08-29 23:32:41.574 14462 14462 W C02c02/PARAM: Selinux check name persist.init.debug.loglevel in u:object_r:startup_init_param:s0 [14462 2000 2000] failed
08-29 23:32:41.574 14462 14462 W C02c02/PARAM: Selinux check name persist.init.debug.loglevel in u:object_r:startup_init_param:s0 [14462 2000 2000] failed
08-29 23:32:41.574 14462 14462 W C02c02/PARAM: SystemReadParam failed!name is:persist.init.debug.loglevel,err:1002
08-29 23:32:41.575 14461 14461 W C02c02/PARAM: Selinux check name persist.init.debug.loglevel in u:object_r:startup_init_param:s0 [14461 2000 2000] failed
08-29 23:32:41.575 14461 14461 W C02c02/PARAM: Selinux check name persist.init.debug.loglevel in u:object_r:startup_init_param:s0 [14461 2000 2000] failed
08-29 23:32:41.575 14461 14461 W C02c02/PARAM: SystemReadParam failed!name is:persist.init.debug.loglevel,err:1002
08-29 23:32:41.582 14463 14463 W C02c02/PARAM: Selinux check name persist.init.debug.loglevel in u:object_r:startup_init_param:s0 [14463 2000 2000] failed
08-29 23:32:41.582 14463 14463 W C02c02/PARAM: Selinux check name persist.init.debug.loglevel in u:object_r:startup_init_param:s0 [14463 2000 2000] failed
08-29 23:32:41.582 14463 14463 W C02c02/PARAM: SystemReadParam failed!name is:persist.init.debug.loglevel,err:1002
08-29 23:32:41.583 14464 14464 W C02c02/PARAM: Selinux check name persist.init.debug.loglevel in u:object_r:startup_init_param:s0 [14464 2000 2000] failed
08-29 23:32:41.583 14464 14464 W C02c02/PARAM: Selinux check name persist.init.debug.loglevel in u:object_r:startup_init_param:s0 [14464 2000 2000] failed
08-29 23:32:41.583 14464 14464 W C02c02/PARAM: SystemReadParam failed!name is:persist.init.debug.loglevel,err:1002
08-29 23:32:41.709 14063 14191 I C03f00/ArkCompiler: [gc] SmartGC: app cold start finished
08-29 23:32:41.721   701 17257 I C02986/DisplayPowerBrightness: lux=[0/538563650, 0/538563801, 0/538563946, 0/538564092, 0/538564238, 0/538564384, ], bDelta=5.000000, dDelta=1.000000, size=16
08-29 23:32:41.723  3349 14075 I C02d06/XCollie: Start init Async Stack.
08-29 23:32:41.819 14466 14466 W C02c02/PARAM: Selinux check name persist.init.debug.loglevel in u:object_r:startup_init_param:s0 [14466 2000 2000] failed
08-29 23:32:41.819 14466 14466 W C02c02/PARAM: Selinux check name persist.init.debug.loglevel in u:object_r:startup_init_param:s0 [14466 2000 2000] failed
08-29 23:32:41.819 14466 14466 W C02c02/PARAM: SystemReadParam failed!name is:persist.init.debug.loglevel,err:1002
08-29 23:32:41.823 14468 14468 W C02c02/PARAM: Selinux check name persist.init.debug.loglevel in u:object_r:startup_init_param:s0 [14468 2000 2000] failed
08-29 23:32:41.823 14468 14468 W C02c02/PARAM: Selinux check name persist.init.debug.loglevel in u:object_r:startup_init_param:s0 [14468 2000 2000] failed
08-29 23:32:41.823 14468 14468 W C02c02/PARAM: SystemReadParam failed!name is:persist.init.debug.loglevel,err:1002
08-29 23:32:41.827 14469 14469 W C02c02/PARAM: Selinux check name persist.init.debug.loglevel in u:object_r:startup_init_param:s0 [14469 2000 2000] failed
08-29 23:32:41.827 14469 14469 W C02c02/PARAM: Selinux check name persist.init.debug.loglevel in u:object_r:startup_init_param:s0 [14469 2000 2000] failed
08-29 23:32:41.827 14469 14469 W C02c02/PARAM: SystemReadParam failed!name is:persist.init.debug.loglevel,err:1002
08-29 23:32:42.056 14063 14333 E C02515/DGLES: [d_eglSwapBuffers_special@egl_gpu.cpp:729] thread output size 149 speed 0k/s API_num 9
08-29 23:32:42.070   832   832 E C01406/RSScreenManager: IsAllScreensPowerOff: screenPowerStatus_ is empty.
08-29 23:32:42.070   832 14424 I C01407/hgm: MarkVoteChange LTPO-DEFAULT 0 -1 VOTER_LTPO 60 ACE_COMPONENT 0.
08-29 23:32:42.070   832   943 I C01406/skia: RSSurfaceRenderNodeDrawable::OnDraw name:com.ohos.sceneboardEngineServiceAbility, the number of total processedNodes: 9
08-29 23:32:42.071   832   943 W C01406/skia: DrawWithGles: DrawSurfaceBufferOpItem::DrawWithGles waitfence timeout
08-29 23:32:42.071   832   943 E C02515/DGLES: [d_eglCreateImage_special@egl_gpu.cpp:283] createimage with ctx null opengl_context 7fa0f06300
08-29 23:32:42.072   832   943 E C02515/DGLES: [d_glBindTexture_special@glv3_status.cpp:620] bind external with nullptr gbuffer 0
08-29 23:32:42.072   832   943 E C02515/DGLES: [d_glBindTexture_special@glv3_status.cpp:620] bind external with nullptr gbuffer 0
08-29 23:32:42.072   832   943 E C02515/DGLES: [d_eglSwapBuffers_special@egl_gpu.cpp:729] thread output size 38514658 speed 18025k/s API_num 3190
08-29 23:32:42.088   607 16705 W C02515/DISP: [SetLayerMaskInfo:495] <private> is not supported
08-29 23:32:42.088   607 16705 I C02515/DISP: [CommitComposeLayer:67] CommitComposeLayer! 10
08-29 23:32:42.275 21767 21767 W A01c06/ICON: AppIconWeatherModel --> initWeatherListener, retryTimes: 4
08-29 23:32:42.277   468  1609 E C01707/CONCUR: [Interface] task 1609 apply qos failed, errno = 4
08-29 23:32:42.277   468  1609 E C01611/QosManager: QosManager: Failed to set thread QoS to QOS_USER_INTERACTIVE, ret: -1
08-29 23:32:42.278   833  1082 W C01123/BMSCommon: bundle not exist -n com.huawei.hmsapp.totemweather -u 100 -i 0 -f 32
08-29 23:32:42.278   833  1082 W C01121/BMSQuery: GetBundleInfo failed -n com.huawei.hmsapp.totemweather -u 100
08-29 23:32:42.278   468  1609 E C01651/BundleMgrProxy: GetBundleInfoFromBMS: GetBundleInfo failed!bundleName is com.huawei.hmsapp.totemweather, userId is 100
08-29 23:32:42.278   468  1609 E C01651/DataProviderConfig: GetFromProxyData: Get bundleInfo failed! bundleName:com.huawei.hmsapp.totemweather, userId:100, visitedId:100, uri:******icIconInfo
08-29 23:32:42.278   468  1609 E C01651/DataShareServiceImpl: GetBMSAndMetaDataStatus: CalledInfo failed! token:0x200ba470,ret:1001,uri:******icIconInfo
08-29 23:32:42.278   468  1609 E C01651/DataShareServiceImpl: GetSilentProxyStatus: BMS or metaData not ready to complete, token:0x200ba470, uri:******icIconInfo
08-29 23:32:42.278 21767 21767 E A01c06/ICON: AppIconWeatherModel --> get weather info failed, code: 15700010, message: The DataShareHelper is not initialized successfully.
08-29 23:32:42.354 14471 14471 W C02c02/PARAM: Selinux check name persist.init.debug.loglevel in u:object_r:startup_init_param:s0 [14471 2000 2000] failed
08-29 23:32:42.355 14471 14471 W C02c02/PARAM: Selinux check name persist.init.debug.loglevel in u:object_r:startup_init_param:s0 [14471 2000 2000] failed
08-29 23:32:42.355 14471 14471 W C02c02/PARAM: SystemReadParam failed!name is:persist.init.debug.loglevel,err:1002
08-29 23:32:42.358 14471 14471 W C02c02/PARAM: Selinux check name persist.init.debug.loglevel in u:object_r:startup_init_param:s0 [14471 2000 2000] failed
08-29 23:32:42.358 14471 14471 W C02c02/PARAM: Selinux check name persist.init.debug.loglevel in u:object_r:startup_init_param:s0 [14471 2000 2000] failed
08-29 23:32:42.358 14471 14471 W C02c02/PARAM: SystemReadParam failed!name is:persist.init.debug.loglevel,err:1002
08-29 23:32:42.536 14474 14474 W C02c02/PARAM: Selinux check name persist.init.debug.loglevel in u:object_r:startup_init_param:s0 [14474 2000 2000] failed
08-29 23:32:42.536 14474 14474 W C02c02/PARAM: Selinux check name persist.init.debug.loglevel in u:object_r:startup_init_param:s0 [14474 2000 2000] failed
08-29 23:32:42.536 14474 14474 W C02c02/PARAM: SystemReadParam failed!name is:persist.init.debug.loglevel,err:1002
08-29 23:32:42.539 14476 14476 W C02c02/PARAM: Selinux check name persist.init.debug.loglevel in u:object_r:startup_init_param:s0 [14476 2000 2000] failed
08-29 23:32:42.539 14476 14476 W C02c02/PARAM: Selinux check name persist.init.debug.loglevel in u:object_r:startup_init_param:s0 [14476 2000 2000] failed
08-29 23:32:42.539 14477 14477 W C02c02/PARAM: Selinux check name persist.init.debug.loglevel in u:object_r:startup_init_param:s0 [14477 2000 2000] failed
08-29 23:32:42.539 14478 14478 W C02c02/PARAM: Selinux check name persist.init.debug.loglevel in u:object_r:startup_init_param:s0 [14478 2000 2000] failed
08-29 23:32:42.539 14476 14476 W C02c02/PARAM: SystemReadParam failed!name is:persist.init.debug.loglevel,err:1002
08-29 23:32:42.539 14478 14478 W C02c02/PARAM: Selinux check name persist.init.debug.loglevel in u:object_r:startup_init_param:s0 [14478 2000 2000] failed
08-29 23:32:42.539 14478 14478 W C02c02/PARAM: SystemReadParam failed!name is:persist.init.debug.loglevel,err:1002
08-29 23:32:42.539 14477 14477 W C02c02/PARAM: Selinux check name persist.init.debug.loglevel in u:object_r:startup_init_param:s0 [14477 2000 2000] failed
08-29 23:32:42.539 14477 14477 W C02c02/PARAM: SystemReadParam failed!name is:persist.init.debug.loglevel,err:1002
08-29 23:32:42.545 14479 14479 W C02c02/PARAM: Selinux check name persist.init.debug.loglevel in u:object_r:startup_init_param:s0 [14479 2000 2000] failed
08-29 23:32:42.545 14479 14479 W C02c02/PARAM: Selinux check name persist.init.debug.loglevel in u:object_r:startup_init_param:s0 [14479 2000 2000] failed
08-29 23:32:42.545 14479 14479 W C02c02/PARAM: SystemReadParam failed!name is:persist.init.debug.loglevel,err:1002
08-29 23:32:42.546 14480 14480 W C02c02/PARAM: Selinux check name persist.init.debug.loglevel in u:object_r:startup_init_param:s0 [14480 2000 2000] failed
08-29 23:32:42.546 14480 14480 W C02c02/PARAM: Selinux check name persist.init.debug.loglevel in u:object_r:startup_init_param:s0 [14480 2000 2000] failed
08-29 23:32:42.546 14480 14480 W C02c02/PARAM: SystemReadParam failed!name is:persist.init.debug.loglevel,err:1002
08-29 23:32:42.778 14482 14482 W C02c02/PARAM: Selinux check name persist.init.debug.loglevel in u:object_r:startup_init_param:s0 [14482 2000 2000] failed
08-29 23:32:42.778 14482 14482 W C02c02/PARAM: Selinux check name persist.init.debug.loglevel in u:object_r:startup_init_param:s0 [14482 2000 2000] failed
08-29 23:32:42.778 14482 14482 W C02c02/PARAM: SystemReadParam failed!name is:persist.init.debug.loglevel,err:1002
08-29 23:32:42.782 14484 14484 W C02c02/PARAM: Selinux check name persist.init.debug.loglevel in u:object_r:startup_init_param:s0 [14484 2000 2000] failed
08-29 23:32:42.782 14484 14484 W C02c02/PARAM: Selinux check name persist.init.debug.loglevel in u:object_r:startup_init_param:s0 [14484 2000 2000] failed
08-29 23:32:42.782 14484 14484 W C02c02/PARAM: SystemReadParam failed!name is:persist.init.debug.loglevel,err:1002
08-29 23:32:42.785 14485 14485 W C02c02/PARAM: Selinux check name persist.init.debug.loglevel in u:object_r:startup_init_param:s0 [14485 2000 2000] failed
08-29 23:32:42.811 14485 14485 W C02c02/PARAM: Selinux check name persist.init.debug.loglevel in u:object_r:startup_init_param:s0 [14485 2000 2000] failed
08-29 23:32:42.811 14485 14485 W C02c02/PARAM: SystemReadParam failed!name is:persist.init.debug.loglevel,err:1002
08-29 23:32:42.856 15217 20826 I C03f05/NAPI: taskpool:: A:3, R:0, I:3, O:0
08-29 23:32:42.857 15217 20829 I C03f05/NAPI: taskpool::Task PerformTask End: 936667534, 29 23:32:31.840
08-29 23:32:42.857 15217 20829 I C03f05/NAPI: taskpool::Task PerformTask End: 936669839, 29 23:32:32.050
08-29 23:32:42.960   133   133 E C02c11/APPSPAWN: [appspawn_kickdog.c:29]open /sys/kernel/hungtask/userlist fail,errno:2
08-29 23:32:43.280 21767 21767 W A01c06/ICON: AppIconWeatherModel --> initWeatherListener, retryTimes: 4
08-29 23:32:43.281   468  1609 E C01707/CONCUR: [Interface] task 1609 apply qos failed, errno = 4
08-29 23:32:43.281   468  1609 E C01611/QosManager: QosManager: Failed to set thread QoS to QOS_USER_INTERACTIVE, ret: -1
08-29 23:32:43.282   833  1082 W C01123/BMSCommon: bundle not exist -n com.huawei.hmsapp.totemweather -u 100 -i 0 -f 32
08-29 23:32:43.283   833  1082 W C01121/BMSQuery: GetBundleInfo failed -n com.huawei.hmsapp.totemweather -u 100
08-29 23:32:43.283   468  1609 E C01651/BundleMgrProxy: GetBundleInfoFromBMS: GetBundleInfo failed!bundleName is com.huawei.hmsapp.totemweather, userId is 100
08-29 23:32:43.283   468  1609 E C01651/DataProviderConfig: GetFromProxyData: Get bundleInfo failed! bundleName:com.huawei.hmsapp.totemweather, userId:100, visitedId:100, uri:******icIconInfo
08-29 23:32:43.283   468  1609 E C01651/DataShareServiceImpl: GetBMSAndMetaDataStatus: CalledInfo failed! token:0x200ba470,ret:1001,uri:******icIconInfo
08-29 23:32:43.283   468  1609 E C01651/DataShareServiceImpl: GetSilentProxyStatus: BMS or metaData not ready to complete, token:0x200ba470, uri:******icIconInfo
08-29 23:32:43.283 21767 21767 E A01c06/ICON: AppIconWeatherModel --> get weather info failed, code: 15700010, message: The DataShareHelper is not initialized successfully.
08-29 23:32:43.289 14487 14487 W C02c02/PARAM: Selinux check name persist.init.debug.loglevel in u:object_r:startup_init_param:s0 [14487 2000 2000] failed
08-29 23:32:43.289 14487 14487 W C02c02/PARAM: Selinux check name persist.init.debug.loglevel in u:object_r:startup_init_param:s0 [14487 2000 2000] failed
08-29 23:32:43.289 14487 14487 W C02c02/PARAM: SystemReadParam failed!name is:persist.init.debug.loglevel,err:1002
08-29 23:32:43.292 14487 14487 W C02c02/PARAM: Selinux check name persist.init.debug.loglevel in u:object_r:startup_init_param:s0 [14487 2000 2000] failed
08-29 23:32:43.292 14487 14487 W C02c02/PARAM: Selinux check name persist.init.debug.loglevel in u:object_r:startup_init_param:s0 [14487 2000 2000] failed
08-29 23:32:43.292 14487 14487 W C02c02/PARAM: SystemReadParam failed!name is:persist.init.debug.loglevel,err:1002
08-29 23:32:43.300  2543  2543 I C02500/Qemud: Guest heartbeat success.
08-29 23:32:43.309   125   513 I C01800/SAMGR: NF SA:65962,876_43842
08-29 23:32:43.472 14490 14490 W C02c02/PARAM: Selinux check name persist.init.debug.loglevel in u:object_r:startup_init_param:s0 [14490 2000 2000] failed
08-29 23:32:43.472 14490 14490 W C02c02/PARAM: Selinux check name persist.init.debug.loglevel in u:object_r:startup_init_param:s0 [14490 2000 2000] failed
08-29 23:32:43.472 14490 14490 W C02c02/PARAM: SystemReadParam failed!name is:persist.init.debug.loglevel,err:1002
08-29 23:32:43.476 14493 14493 W C02c02/PARAM: Selinux check name persist.init.debug.loglevel in u:object_r:startup_init_param:s0 [14493 2000 2000] failed
08-29 23:32:43.476 14493 14493 W C02c02/PARAM: Selinux check name persist.init.debug.loglevel in u:object_r:startup_init_param:s0 [14493 2000 2000] failed
08-29 23:32:43.476 14493 14493 W C02c02/PARAM: SystemReadParam failed!name is:persist.init.debug.loglevel,err:1002
08-29 23:32:43.476 14494 14494 W C02c02/PARAM: Selinux check name persist.init.debug.loglevel in u:object_r:startup_init_param:s0 [14494 2000 2000] failed
08-29 23:32:43.476 14494 14494 W C02c02/PARAM: Selinux check name persist.init.debug.loglevel in u:object_r:startup_init_param:s0 [14494 2000 2000] failed
08-29 23:32:43.476 14494 14494 W C02c02/PARAM: SystemReadParam failed!name is:persist.init.debug.loglevel,err:1002
08-29 23:32:43.476 14492 14492 W C02c02/PARAM: Selinux check name persist.init.debug.loglevel in u:object_r:startup_init_param:s0 [14492 2000 2000] failed
08-29 23:32:43.476 14492 14492 W C02c02/PARAM: Selinux check name persist.init.debug.loglevel in u:object_r:startup_init_param:s0 [14492 2000 2000] failed
08-29 23:32:43.476 14492 14492 W C02c02/PARAM: SystemReadParam failed!name is:persist.init.debug.loglevel,err:1002
08-29 23:32:43.482 14495 14495 W C02c02/PARAM: Selinux check name persist.init.debug.loglevel in u:object_r:startup_init_param:s0 [14495 2000 2000] failed
08-29 23:32:43.482 14495 14495 W C02c02/PARAM: Selinux check name persist.init.debug.loglevel in u:object_r:startup_init_param:s0 [14495 2000 2000] failed
08-29 23:32:43.482 14495 14495 W C02c02/PARAM: SystemReadParam failed!name is:persist.init.debug.loglevel,err:1002
08-29 23:32:43.482 14496 14496 W C02c02/PARAM: Selinux check name persist.init.debug.loglevel in u:object_r:startup_init_param:s0 [14496 2000 2000] failed
08-29 23:32:43.482 14496 14496 W C02c02/PARAM: Selinux check name persist.init.debug.loglevel in u:object_r:startup_init_param:s0 [14496 2000 2000] failed
08-29 23:32:43.482 14496 14496 W C02c02/PARAM: SystemReadParam failed!name is:persist.init.debug.loglevel,err:1002
08-29 23:32:43.509   125   513 I C01800/SAMGR: NF SA:65962,876_43843
08-29 23:32:43.646   598   859 W C02943/ThermalHdi: Read node failed, title = brightness
08-29 23:32:43.646   598   859 W C02943/ThermalHdi: Read node failed, title = 
08-29 23:32:43.646   598   859 W C02943/ThermalHdi: Read node failed, title = 
08-29 23:32:43.646   598   859 W C02943/ThermalHdi: Read node failed, title = 
08-29 23:32:43.646   598   859 W C02943/ThermalHdi: Read node failed, title = 
08-29 23:32:43.646   598   859 W C02943/ThermalHdi: Read node failed, title = 
08-29 23:32:43.646   598   859 W C02943/ThermalHdi: Read node failed, title = 
08-29 23:32:43.646   598   859 W C02943/ThermalHdi: Read node failed, title = 
08-29 23:32:43.646   598   859 W C02943/ThermalHdi: Read node failed, title = 
08-29 23:32:43.646   598   859 W C02943/ThermalHdi: Read node failed, title = 
08-29 23:32:43.646   598   859 W C02943/ThermalHdi: Read node failed, title = 
08-29 23:32:43.646   598   859 W C02943/ThermalHdi: Read node failed, title = 
08-29 23:32:43.646   598   859 W C02943/ThermalHdi: Read node failed, title = 
08-29 23:32:43.646   598   859 W C02943/ThermalHdi: Read node failed, title = 
08-29 23:32:43.646   598   859 W C02943/ThermalHdi: Read node failed, title = 
08-29 23:32:43.646   598   859 W C02943/ThermalHdi: Read node failed, title = 
08-29 23:32:43.646   598   859 W C02943/ThermalHdi: Read node failed, title = 
08-29 23:32:43.646   598   859 W C02943/ThermalHdi: Read node failed, title = 
08-29 23:32:43.646   598   859 W C02943/ThermalHdi: Read node failed, title = 
08-29 23:32:43.646   598   859 W C02943/ThermalHdi: Read node failed, title = 
08-29 23:32:43.646   598   859 W C02943/ThermalHdi: Read node failed, title = 
08-29 23:32:43.646   598   859 W C02943/ThermalHdi: Read node failed, title = 
08-29 23:32:43.646   598   859 W C02943/ThermalHdi: Read node failed, title = 
08-29 23:32:43.646   598   859 W C02943/ThermalHdi: Read node failed, title = 
08-29 23:32:43.646   598   859 W C02943/ThermalHdi: Read node failed, title = 
08-29 23:32:43.646   598   859 W C02943/ThermalHdi: Read node failed, title = ambient
08-29 23:32:43.647   598   859 W C02943/ThermalHdi: Read node failed, title = ibat
08-29 23:32:43.647   598   859 W C02943/ThermalHdi: Read node failed, title = vbat
08-29 23:32:43.647   598   859 W C02943/ThermalHdi: Read node failed, title = cpu0_min_freq
08-29 23:32:43.647   598   859 W C02943/ThermalHdi: Read node failed, title = cpu0_cur_freq
08-29 23:32:43.647   598   859 W C02943/ThermalHdi: Read node failed, title = cpu0_max_freq
08-29 23:32:43.647   598   859 W C02943/ThermalHdi: Read node failed, title = cpu4_min_freq
08-29 23:32:43.647   598   859 W C02943/ThermalHdi: Read node failed, title = cpu4_cur_freq
08-29 23:32:43.647   598   859 W C02943/ThermalHdi: Read node failed, title = cpu4_max_freq
08-29 23:32:43.647   598   859 W C02943/ThermalHdi: Read node failed, title = cpu7_min_freq
08-29 23:32:43.647   598   859 W C02943/ThermalHdi: Read node failed, title = cpu7_cur_freq
08-29 23:32:43.647   598   859 W C02943/ThermalHdi: Read node failed, title = cpu7_max_freq
08-29 23:32:43.647   598   859 W C02943/ThermalHdi: Read node failed, title = gpu_min_freq
08-29 23:32:43.647   598   859 W C02943/ThermalHdi: Read node failed, title = gpu_cur_freq
08-29 23:32:43.647   598   859 W C02943/ThermalHdi: Read node failed, title = gpu_max_freq
08-29 23:32:43.647   598   859 W C02943/ThermalHdi: Read node failed, title = ddr_cur_freq
08-29 23:32:43.647   598   859 W C02943/ThermalHdi: Read node failed, title = set_IPApower
08-29 23:32:43.647   598   859 W C02943/ThermalHdi: Read node failed, title = cur_IPApower
08-29 23:32:43.647   598   859 W C02943/ThermalHdi: get node failed
08-29 23:32:43.647   598   859 W C02943/ThermalHdi: get node failed
08-29 23:32:43.647   598   859 W C02943/ThermalHdi: get node failed
08-29 23:32:43.672 14498 14498 W C02c02/PARAM: Selinux check name persist.init.debug.loglevel in u:object_r:startup_init_param:s0 [14498 2000 2000] failed
08-29 23:32:43.672 14498 14498 W C02c02/PARAM: Selinux check name persist.init.debug.loglevel in u:object_r:startup_init_param:s0 [14498 2000 2000] failed
08-29 23:32:43.672 14498 14498 W C02c02/PARAM: SystemReadParam failed!name is:persist.init.debug.loglevel,err:1002
08-29 23:32:43.675 14500 14500 W C02c02/PARAM: Selinux check name persist.init.debug.loglevel in u:object_r:startup_init_param:s0 [14500 2000 2000] failed
08-29 23:32:43.675 14500 14500 W C02c02/PARAM: Selinux check name persist.init.debug.loglevel in u:object_r:startup_init_param:s0 [14500 2000 2000] failed
08-29 23:32:43.675 14500 14500 W C02c02/PARAM: SystemReadParam failed!name is:persist.init.debug.loglevel,err:1002
08-29 23:32:43.678 14501 14501 W C02c02/PARAM: Selinux check name persist.init.debug.loglevel in u:object_r:startup_init_param:s0 [14501 2000 2000] failed
08-29 23:32:43.678 14501 14501 W C02c02/PARAM: Selinux check name persist.init.debug.loglevel in u:object_r:startup_init_param:s0 [14501 2000 2000] failed
08-29 23:32:43.678 14501 14501 W C02c02/PARAM: SystemReadParam failed!name is:persist.init.debug.loglevel,err:1002
08-29 23:32:43.709   125   513 I C01800/SAMGR: NF SA:65962,876_43844
08-29 23:32:43.783   581 13795 I C02300/FenceExtension: start connectAbility,userId:-1
08-29 23:32:43.783   581 13795 I C02300/FenceExtension: ConnectAbility
08-29 23:32:43.783   581 13795 I C01342/ServiceExt: [AMC590]name:com.huawei.hmos.location SAFeatureServiceExtensionAbility, userId:-1
08-29 23:32:43.784   833  1082 I C01342/ServiceExt: [a92ab1fb9bbf467, 1885b4b, 0] [ABMS5452]element: com.huawei.hmos.location/SAFeatureServiceExtensionAbility
08-29 23:32:43.784   833  1082 W C01123/BMSCommon: [a92ab1fb9bbf467, 1885b4b, 0] uid(1021) invalid
08-29 23:32:43.784   833  1082 I C01336/AMS: [a92ab1fb9bbf467, 1885b4b, 0] [start_ability_utils.cpp54]appIndex:-1
08-29 23:32:43.785   833  1082 I C01121/BMSQuery: [a92ab1fb9bbf467, 1885b4b, 0] ExplicitQueryAbility no match -n com.huawei.hmos.location -a SAFeatureServiceExtensionAbility -u 100 -i 0
08-29 23:32:43.785   833  1082 W C01121/BMSQuery: [a92ab1fb9bbf467, 1885b4b, 0] bundle_data_mgr.cpp:ExplicitQueryExtensionInfo:7082 extensionAbility not found or disabled
08-29 23:32:43.785   833  1082 I C01121/BMSQuery: [a92ab1fb9bbf467, 1885b4b, 0] ExplicitQueryExtension size:0 -n com.huawei.hmos.location -e SAFeatureServiceExtensionAbility -u 100 -i 0
08-29 23:32:43.785   833  1082 W C01121/BMSQuery: [a92ab1fb9bbf467, 1885b4b, 0] bundle_mgr_host_impl.cpp:QueryExtensionAbilityInfos:3360 no valid extension info can be inquired
08-29 23:32:43.785   833  1082 E C01336/AMS: [a92ab1fb9bbf467, 1885b4b, 0] [start_ability_utils.cpp290]extensionInfo empty
08-29 23:32:43.785   833  1082 E C01342/ServiceExt: [a92ab1fb9bbf467, 1885b4b, 0] [ABMS5755]generate request error
08-29 23:32:43.785   581 13795 E C02300/FenceExtension: [(DoConnect:153)]CONNECT_ABILITY_FAILED,ret:2097152
08-29 23:32:43.785   581 13795 I C02300/FenceExtension: start connectAbility,userId:-1
08-29 23:32:43.785   581 13795 I C02300/FenceExtension: ConnectAbility
08-29 23:32:43.785   581 13795 I C01342/ServiceExt: [AMC590]name:com.huawei.hmos.location SAFeatureServiceExtensionAbility, userId:-1
08-29 23:32:43.786   833  1082 I C01342/ServiceExt: [a92ab2fb9bbfe29, 3792512, 0] [ABMS5452]element: com.huawei.hmos.location/SAFeatureServiceExtensionAbility
08-29 23:32:43.786   833  1082 W C01123/BMSCommon: [a92ab2fb9bbfe29, 3792512, 0] uid(1021) invalid
08-29 23:32:43.786   833  1082 I C01336/AMS: [a92ab2fb9bbfe29, 3792512, 0] [start_ability_utils.cpp54]appIndex:-1
08-29 23:32:43.786   833  1082 I C01121/BMSQuery: [a92ab2fb9bbfe29, 3792512, 0] ExplicitQueryAbility no match -n com.huawei.hmos.location -a SAFeatureServiceExtensionAbility -u 100 -i 0
08-29 23:32:43.786   833  1082 W C01121/BMSQuery: [a92ab2fb9bbfe29, 3792512, 0] bundle_data_mgr.cpp:ExplicitQueryExtensionInfo:7082 extensionAbility not found or disabled
08-29 23:32:43.786   833  1082 I C01121/BMSQuery: [a92ab2fb9bbfe29, 3792512, 0] ExplicitQueryExtension size:0 -n com.huawei.hmos.location -e SAFeatureServiceExtensionAbility -u 100 -i 0
08-29 23:32:43.786   833  1082 W C01121/BMSQuery: [a92ab2fb9bbfe29, 3792512, 0] bundle_mgr_host_impl.cpp:QueryExtensionAbilityInfos:3360 no valid extension info can be inquired
08-29 23:32:43.786   833  1082 E C01336/AMS: [a92ab2fb9bbfe29, 3792512, 0] [start_ability_utils.cpp290]extensionInfo empty
08-29 23:32:43.786   833  1082 E C01342/ServiceExt: [a92ab2fb9bbfe29, 3792512, 0] [ABMS5755]generate request error
08-29 23:32:43.786   581 13795 E C02300/FenceExtension: [(DoConnect:153)]CONNECT_ABILITY_FAILED,ret:2097152
08-29 23:32:43.786   581 13795 W C02300/FenceExtension: connect failed,retry again
08-29 23:32:43.814   701 17257 I C02986/DisplayPowerBrightness: lux=[0/538565738, 0/538565886, 0/538566037, 0/538566186, 0/538566331, 0/538566478, ], bDelta=5.000000, dDelta=1.000000, size=30
08-29 23:32:43.909   125   513 I C01800/SAMGR: NF SA:65962,876_43845
08-29 23:32:44.110   125   513 I C01800/SAMGR: NF SA:65962,876_43846
08-29 23:32:44.210 14503 14503 W C02c02/PARAM: Selinux check name persist.init.debug.loglevel in u:object_r:startup_init_param:s0 [14503 2000 2000] failed
08-29 23:32:44.210 14503 14503 W C02c02/PARAM: Selinux check name persist.init.debug.loglevel in u:object_r:startup_init_param:s0 [14503 2000 2000] failed
08-29 23:32:44.210 14503 14503 W C02c02/PARAM: SystemReadParam failed!name is:persist.init.debug.loglevel,err:1002
08-29 23:32:44.212 14503 14503 W C02c02/PARAM: Selinux check name persist.init.debug.loglevel in u:object_r:startup_init_param:s0 [14503 2000 2000] failed
08-29 23:32:44.212 14503 14503 W C02c02/PARAM: Selinux check name persist.init.debug.loglevel in u:object_r:startup_init_param:s0 [14503 2000 2000] failed
08-29 23:32:44.212 14503 14503 W C02c02/PARAM: SystemReadParam failed!name is:persist.init.debug.loglevel,err:1002
08-29 23:32:44.284 21767 21767 W A01c06/ICON: AppIconWeatherModel --> initWeatherListener, retryTimes: 4
08-29 23:32:44.286   468  1609 E C01707/CONCUR: [Interface] task 1609 apply qos failed, errno = 4
08-29 23:32:44.286   468  1609 E C01611/QosManager: QosManager: Failed to set thread QoS to QOS_USER_INTERACTIVE, ret: -1
08-29 23:32:44.286   833  1082 W C01123/BMSCommon: bundle not exist -n com.huawei.hmsapp.totemweather -u 100 -i 0 -f 32
08-29 23:32:44.286   833  1082 W C01121/BMSQuery: GetBundleInfo failed -n com.huawei.hmsapp.totemweather -u 100
08-29 23:32:44.286   468  1609 E C01651/BundleMgrProxy: GetBundleInfoFromBMS: GetBundleInfo failed!bundleName is com.huawei.hmsapp.totemweather, userId is 100
08-29 23:32:44.286   468  1609 E C01651/DataProviderConfig: GetFromProxyData: Get bundleInfo failed! bundleName:com.huawei.hmsapp.totemweather, userId:100, visitedId:100, uri:******icIconInfo
08-29 23:32:44.286   468  1609 E C01651/DataShareServiceImpl: GetBMSAndMetaDataStatus: CalledInfo failed! token:0x200ba470,ret:1001,uri:******icIconInfo
08-29 23:32:44.286   468  1609 E C01651/DataShareServiceImpl: GetSilentProxyStatus: BMS or metaData not ready to complete, token:0x200ba470, uri:******icIconInfo
08-29 23:32:44.286 21767 21767 E A01c06/ICON: AppIconWeatherModel --> get weather info failed, code: 15700010, message: The DataShareHelper is not initialized successfully.
08-29 23:32:44.310   125   513 I C01800/SAMGR: NF SA:65962,876_43847
08-29 23:32:44.424 14506 14506 W C02c02/PARAM: Selinux check name persist.init.debug.loglevel in u:object_r:startup_init_param:s0 [14506 2000 2000] failed
08-29 23:32:44.424 14506 14506 W C02c02/PARAM: Selinux check name persist.init.debug.loglevel in u:object_r:startup_init_param:s0 [14506 2000 2000] failed
08-29 23:32:44.424 14506 14506 W C02c02/PARAM: SystemReadParam failed!name is:persist.init.debug.loglevel,err:1002
08-29 23:32:44.427 14509 14509 W C02c02/PARAM: Selinux check name persist.init.debug.loglevel in u:object_r:startup_init_param:s0 [14509 2000 2000] failed
08-29 23:32:44.427 14510 14510 W C02c02/PARAM: Selinux check name persist.init.debug.loglevel in u:object_r:startup_init_param:s0 [14510 2000 2000] failed
08-29 23:32:44.427 14509 14509 W C02c02/PARAM: Selinux check name persist.init.debug.loglevel in u:object_r:startup_init_param:s0 [14509 2000 2000] failed
08-29 23:32:44.427 14509 14509 W C02c02/PARAM: SystemReadParam failed!name is:persist.init.debug.loglevel,err:1002
08-29 23:32:44.427 14510 14510 W C02c02/PARAM: Selinux check name persist.init.debug.loglevel in u:object_r:startup_init_param:s0 [14510 2000 2000] failed
08-29 23:32:44.427 14510 14510 W C02c02/PARAM: SystemReadParam failed!name is:persist.init.debug.loglevel,err:1002
08-29 23:32:44.427 14508 14508 W C02c02/PARAM: Selinux check name persist.init.debug.loglevel in u:object_r:startup_init_param:s0 [14508 2000 2000] failed
08-29 23:32:44.427 14508 14508 W C02c02/PARAM: Selinux check name persist.init.debug.loglevel in u:object_r:startup_init_param:s0 [14508 2000 2000] failed
08-29 23:32:44.427 14508 14508 W C02c02/PARAM: SystemReadParam failed!name is:persist.init.debug.loglevel,err:1002
08-29 23:32:44.432 14511 14511 W C02c02/PARAM: Selinux check name persist.init.debug.loglevel in u:object_r:startup_init_param:s0 [14511 2000 2000] failed
08-29 23:32:44.432 14511 14511 W C02c02/PARAM: Selinux check name persist.init.debug.loglevel in u:object_r:startup_init_param:s0 [14511 2000 2000] failed
08-29 23:32:44.432 14511 14511 W C02c02/PARAM: SystemReadParam failed!name is:persist.init.debug.loglevel,err:1002
08-29 23:32:44.432 14512 14512 W C02c02/PARAM: Selinux check name persist.init.debug.loglevel in u:object_r:startup_init_param:s0 [14512 2000 2000] failed
08-29 23:32:44.432 14512 14512 W C02c02/PARAM: Selinux check name persist.init.debug.loglevel in u:object_r:startup_init_param:s0 [14512 2000 2000] failed
08-29 23:32:44.432 14512 14512 W C02c02/PARAM: SystemReadParam failed!name is:persist.init.debug.loglevel,err:1002
08-29 23:32:44.511   125   513 I C01800/SAMGR: NF SA:65962,876_43848
08-29 23:32:44.511   876   940 E C01810/SA_CLIENT: GetSaWrap SA:65962 not start
08-29 23:32:44.511   876   940 I C01409/APS_MANAGER: request system service object is not ready yet!
08-29 23:32:44.631 14514 14514 W C02c02/PARAM: Selinux check name persist.init.debug.loglevel in u:object_r:startup_init_param:s0 [14514 2000 2000] failed
08-29 23:32:44.631 14514 14514 W C02c02/PARAM: Selinux check name persist.init.debug.loglevel in u:object_r:startup_init_param:s0 [14514 2000 2000] failed
08-29 23:32:44.631 14514 14514 W C02c02/PARAM: SystemReadParam failed!name is:persist.init.debug.loglevel,err:1002
08-29 23:32:44.634 14516 14516 W C02c02/PARAM: Selinux check name persist.init.debug.loglevel in u:object_r:startup_init_param:s0 [14516 2000 2000] failed
08-29 23:32:44.634 14516 14516 W C02c02/PARAM: Selinux check name persist.init.debug.loglevel in u:object_r:startup_init_param:s0 [14516 2000 2000] failed
08-29 23:32:44.634 14516 14516 W C02c02/PARAM: SystemReadParam failed!name is:persist.init.debug.loglevel,err:1002
08-29 23:32:44.637 14517 14517 W C02c02/PARAM: Selinux check name persist.init.debug.loglevel in u:object_r:startup_init_param:s0 [14517 2000 2000] failed
08-29 23:32:44.637 14517 14517 W C02c02/PARAM: Selinux check name persist.init.debug.loglevel in u:object_r:startup_init_param:s0 [14517 2000 2000] failed
08-29 23:32:44.637 14517 14517 W C02c02/PARAM: SystemReadParam failed!name is:persist.init.debug.loglevel,err:1002
08-29 23:32:44.696   325 13813 W C01f04/MultiSimontroller: [GetSimAccountInfo-(multi_sim_controller.cpp:1141)] slotId 0 is invalid
08-29 23:32:44.696   325 13813 E C01f04/TelephonySubsystem: GetSimAccountInfo fail!
08-29 23:32:44.699 14520 14520 W C02c02/PARAM: Selinux check name persist.init.debug.loglevel in u:object_r:startup_init_param:s0 [14520 2000 2000] failed
08-29 23:32:44.699 14520 14520 W C02c02/PARAM: Selinux check name persist.init.debug.loglevel in u:object_r:startup_init_param:s0 [14520 2000 2000] failed
08-29 23:32:44.699 14520 14520 W C02c02/PARAM: SystemReadParam failed!name is:persist.init.debug.loglevel,err:1002
08-29 23:32:44.744 14520 14520 W C02c02/PARAM: Selinux check name debug.dfx.tags.enableleak in u:object_r:debug_param:s0 [14520 2000 2000] failed
08-29 23:32:44.744 14520 14520 W C02c02/PARAM: SystemReadParam failed!name is:debug.dfx.tags.enableleak,err:1002
08-29 23:32:44.748 14520 14520 W C02c02/PARAM: Selinux check name persist.graphic.profiler.enabled in u:object_r:debug_param:s0 [14520 2000 2000] failed
08-29 23:32:44.748 14520 14520 E C02c02/PARAM: Forbid to read parameter persist.graphic.profiler.enabled
08-29 23:32:44.748 14520 14520 E C02c02/PARAM: Forbid to access parameter persist.graphic.profiler.enabled
08-29 23:32:44.748 14520 14520 W C02c02/PARAM: Selinux check name persist.graphic.profiler.betarecording in u:object_r:debug_param:s0 [14520 2000 2000] failed
08-29 23:32:44.748 14520 14520 E C02c02/PARAM: Forbid to read parameter persist.graphic.profiler.betarecording
08-29 23:32:44.748 14520 14520 E C02c02/PARAM: Forbid to access parameter persist.graphic.profiler.betarecording
08-29 23:32:44.749 14520 14520 I C03100/UiTestKit_Server: [system_ui_controller.cpp:(SetItemByType)] Add touchItem, finger:0, pressed:1, location:1100, 1360
08-29 23:32:44.750 14520 14522 W C057c1/IPCWorkThread: ThreadHandler: proto:0 policy:1 name:OS_IPC_0_14522 invoker:2927668608
08-29 23:32:44.750 14520 14523 W C057c1/IPCWorkThread: ThreadHandler: proto:0 policy:0 name:OS_IPC_1_14523 invoker:3135580672
08-29 23:32:44.750 14520 14520 W C04201/DMS: RegisterClientDeathListener: regis reverse death
08-29 23:32:44.750 14520 14520 I C04201/DMS: RegisterClientDeathListener: ENTER
08-29 23:32:44.750   833  1082 E C04200/WMS: UpdateBundleInfo: Failed
08-29 23:32:44.750   833  1082 W C04201/DMS: screen_session.cpp: call BMS
08-29 23:32:44.750   833  1082 I C04201/DMS: screen_session.cpp: pid:0, bundle:, api:0
08-29 23:32:44.750 14520 14520 I C02800/InputManagerImpl: [|1254]Pointer event action:2
08-29 23:32:44.750 14520 14520 I C02802/MultimodalEventHandler: [|252]PI:10000, IP:1, P:0.00, MF:-1, WI:-1, OPI:0, SI:true, A:0
08-29 23:32:44.751 14520 14520 E C057c6/BinderInvoker: GetDetailedErrorInfo: HMB_GET_DETAILED_ERROR failed, error:-22
08-29 23:32:44.751 14520 14520 E C057c2/IPCObjectProxy: PrintErrorDetailedInfo: failed, handle:2 error:29201 desc:*.IMultimodalInputConnect proxy:3135656192 time:538567415204297
08-29 23:32:44.751 14520 14520 E C02801/MultimodalInputConnect: Send request failed! result = 29201
08-29 23:32:44.752   245   493 I C02805/InputKeyFlow: [P:D:89801|6037]PA:down,Pid:14063,TWI:63,FWI:63,EID:89801,flags:0,DID:0AWI:63,zOrder:102.000000
08-29 23:32:44.752   245   493 I C02802/InputActiveSubscriberHandler: [P:D:89801|317]0|10000|701
08-29 23:32:44.752   245   493 I C02800/WhitelistDataShareAccessor: [P:D:89801][Init:52] enter
08-29 23:32:44.752   245   493 I C02800/WhitelistDataShareAccessor: [P:D:89801][Init] leave
08-29 23:32:44.752   245   493 W C02802/KeyCommandHandler: [P:D:89801|987]io.reader.harmonyos not support long-press drag
08-29 23:32:44.752   245 13805 I C02800/WhitelistDataShareAccessor: [][InitializeImpl:66] enter
08-29 23:32:44.752   245 13805 I C02800/WhitelistDataShareAccessor: [][ReadWhitelistFromDB:98] enter
08-29 23:32:44.752   245 13805 I C02802/setting_DataShare: [|276]DataShare is ready
08-29 23:32:44.752   245   493 I C02805/InputKeyFlow: [P:D:89801|621]SendMsg:14063
08-29 23:32:44.752   832 13977 I C01407/hgm: MarkVoteChange LTPO-DEFAULT 0 -1 VOTER_IDLE 60  0.
08-29 23:32:44.752 14063 14063 I C02805/InputKeyFlow: [P:D:89801|247]ac: down: 89801
08-29 23:32:44.752 14063 14063 I C02805/InputKeyFlow: [P:D:89801|649]recv
08-29 23:32:44.752 14063 14063 I C04213/InputKeyFlow: HandleInputEvent: eid:2,InputId:89801,wid:63,ac:2
08-29 23:32:44.753 14063 14063 I C03951/InputKeyFlow: [(100000:100000:scope)] ITK Id:89801, fId:10000, T:0, I=0, M=0
08-29 23:32:44.753 14063 14063 I C03951/InputKeyFlow: [(100000:100000:scope)] ITK Id:89801, TTHNI:fId: 10000{ T: Row, D: 15 };
08-29 23:32:44.753 14063 14063 I C03951/InputKeyFlow: [(100000:100000:scope)] ITK Id:89801, TTHRTI: 
08-29 23:32:44.753 21767 21767 I A04215/WMSHierarchy: request top id: 63, 5
08-29 23:32:44.753 21767 21767 I A04215/WMSHierarchy: onRaiseSceneToTop with persistentId:63
08-29 23:32:44.753   468  1609 E C01707/CONCUR: [Interface] task 1609 apply qos failed, errno = 4
08-29 23:32:44.753   468  1609 E C01611/QosManager: QosManager: Failed to set thread QoS to QOS_USER_INTERACTIVE, ret: -1
08-29 23:32:44.753 21767 21767 I A04200/WINDOW: SCBSPVM: getSceneContainerSessionWithPersistentId from containerSessionList id: 63
08-29 23:32:44.753 21767 21767 I A04200/WINDOW: SCBSPM: Remove container id: 18, 63
08-29 23:32:44.754 21767 21767 I A01b09/RECENT: RecentDockRefreshAlarm: start alarm recent dock: EntryAbility/io.reader.harmonyos/entry/0(persistentId: 63)(containerId: 18)
08-29 23:32:44.754 14063 14063 I C03919/AceInputTracking: [(100000:100000:scope)] Consumed id:89801, last id:-1
08-29 23:32:44.754   282 14244 I C01727/SceneRecognizeExt: [a92ab4fb9cb828e] [ReportEnterUserInteractionSceneInner]report enter user interaction scene
08-29 23:32:44.754 14063 14063 I C04213/InputKeyFlow: ConsumePointerEventInner: InputId:89801,wid:63,pointId:10000,srcType:2,rect:[0,0,1320,2856],notify:1
08-29 23:32:44.757   468  1609 E C01707/CONCUR: [Interface] task 1609 apply qos failed, errno = 4
08-29 23:32:44.757   468  1609 E C01611/QosManager: QosManager: Failed to set thread QoS to QOS_USER_INTERACTIVE, ret: -1
08-29 23:32:44.758   245 13805 E C02802/WhitelistDataShareAccessor: [|102]GetStringValue UNIVERSAL_DRAG_CONFIG_WHITELIST failed, ret:2
08-29 23:32:44.758   245 13805 I C02800/WhitelistDataShareAccessor: [][ReadWhitelistFromDB] leave
08-29 23:32:44.758   245 13805 E C02802/WhitelistDataShareAccessor: [|73]ReadWhitelistFromDB failed
08-29 23:32:44.758   245 13805 I C02800/WhitelistDataShareAccessor: [][InitializeImpl] leave
08-29 23:32:44.761   832   832 E C01406/RSScreenManager: IsAllScreensPowerOff: screenPowerStatus_ is empty.
08-29 23:32:44.761   832   943 W C01406/skia: DrawWithGles: DrawSurfaceBufferOpItem::DrawWithGles waitfence timeout
08-29 23:32:44.761   832   943 E C02515/DGLES: [d_eglCreateImage_special@egl_gpu.cpp:283] createimage with ctx null opengl_context 7fa0f06300
08-29 23:32:44.762   832   943 E C02515/DGLES: [d_glBindTexture_special@glv3_status.cpp:620] bind external with nullptr gbuffer 0
08-29 23:32:44.762   832   943 E C02515/DGLES: [d_glBindTexture_special@glv3_status.cpp:620] bind external with nullptr gbuffer 0
08-29 23:32:44.766   832   943 E C02515/DGLES: [d_eglSwapBuffers_special@egl_gpu.cpp:729] thread output size 11644 speed 4k/s API_num 46
08-29 23:32:44.776   832   832 E C01406/RSScreenManager: IsAllScreensPowerOff: screenPowerStatus_ is empty.
08-29 23:32:44.777   832   943 W C01406/skia: DrawWithGles: DrawSurfaceBufferOpItem::DrawWithGles waitfence timeout
08-29 23:32:44.777   832   943 E C02515/DGLES: [d_eglCreateImage_special@egl_gpu.cpp:283] createimage with ctx null opengl_context 7fa0f06300
08-29 23:32:44.777   832   943 E C02515/DGLES: [d_glBindTexture_special@glv3_status.cpp:620] bind external with nullptr gbuffer 0
08-29 23:32:44.777   832   943 E C02515/DGLES: [d_glBindTexture_special@glv3_status.cpp:620] bind external with nullptr gbuffer 0
08-29 23:32:44.778   607 16705 W C02515/DISP: [SetLayerMaskInfo:495] <private> is not supported
08-29 23:32:44.778   607   975 I C02515/DISP: [CommitComposeLayer:67] CommitComposeLayer! 10
08-29 23:32:44.795   607   975 W C02515/DISP: [SetLayerMaskInfo:495] <private> is not supported
08-29 23:32:44.795   607   975 I C02515/DISP: [CommitComposeLayer:67] CommitComposeLayer! 10
08-29 23:32:44.855 21767 21767 I A01b09/RECENT: RecentDockRefreshAlarm: refresh recent dock: EntryAbility/io.reader.harmonyos/entry/0(persistentId: 63)(containerId: 18)
08-29 23:32:44.855 14520 14520 I C03100/UiTestKit_Server: [system_ui_controller.cpp:(SetItemByType)] Add touchItem, finger:0, pressed:0, location:1100, 1360
08-29 23:32:44.855 14520 14520 I C02800/InputManagerImpl: [|1254]Pointer event action:4
08-29 23:32:44.855 14520 14520 I C02802/MultimodalEventHandler: [|252]PI:10000, IP:0, P:0.00, MF:-1, WI:-1, OPI:0, SI:true, A:0
08-29 23:32:44.855   245   493 I C02805/InputKeyFlow: [P:U:89802|6037]PA:up,Pid:14063,TWI:63,FWI:63,EID:89802,flags:0,DID:0AWI:63,zOrder:102.000000
08-29 23:32:44.855   245   493 I C02805/InputKeyFlow: [P:U:89802|621]SendMsg:14063
08-29 23:32:44.856 14063 14063 I C02805/InputKeyFlow: [P:U:89802|247]ac: up: 89802
08-29 23:32:44.856 14063 14063 I C02805/InputKeyFlow: [P:U:89802|649]recv
08-29 23:32:44.856 14063 14063 I C04213/InputKeyFlow: HandleInputEvent: eid:3,InputId:89802,wid:63,ac:4
08-29 23:32:44.856 14063 14063 I C03951/InputKeyFlow: [(100000:100000:scope)] ITK Id:89802, fId:10000, T:1, I=0, M=0
08-29 23:32:44.856 14063 14063 I C03934/AceUIEvent: [(100000:100000:scope)] TpFlush end by up event
08-29 23:32:44.857   127  7005 I C02d66/XPERF_SERVICE: [NotifyToXperf]: XperfServiceServer_NotifyToXperf domainId:6 eventId:0 msg:#TYPE:LAST_UP#TIME:1788017564856#BUNDLE_NAME:io.reader.harmonyos#PID:14063
08-29 23:32:44.858 14063 14063 I C01406/OHOS::RS: RSFrameRateLinker::Create id: 60400125083651
08-29 23:32:44.858 14063 14063 I C03919/AceInputTracking: [(100000:100000:scope)] Consumed id:89802, last id:-1
08-29 23:32:44.858 14063 14430 I A05244/BookTurn: settle start gen=<private> commit=<private> eased=<private> dir=<private> tau0=<private> dur=<private>
08-29 23:32:44.858   832   300 I C01400/Vsync: RequestNextVSync: First vsync is requested, name: reader-bookturn
08-29 23:32:44.858   832   300 I C01400/Vsync: RequestNextVSync: First vsync RequestNextVSync conn:reader-bookturn, rate:0, highPriorityRate:-1
08-29 23:32:44.858 14063 14063 I C04213/InputKeyFlow: ConsumePointerEventInner: InputId:89802,wid:63,pointId:10000,srcType:2,rect:[0,0,1320,2856],notify:1
08-29 23:32:44.859   833  1082 I C057c2/IPCObjectProxy: hd:986 ct:1 D:
08-29 23:32:44.861 14063 14524 E C01707/CONCUR: [Interface] task 14524 apply qos failed, errno = 4
08-29 23:32:44.870   832   953 I C01400/Vsync: OnVSyncTrigger: F send
08-29 23:32:44.870   832   953 I C01400/Vsync: PostEvent: First vsync has send to : reader-bookturn
08-29 23:32:44.872   606  2414 I C02515/DISP: [InitBufferHandle:229] express init gbuffer id 96e00000753 ret 0 err 0 fd 6 1320 2856 pixel 4 size 15079680 usage 9
08-29 23:32:44.872   606  2414 I C02515/DISP: [ExpressAllocMem:271] ExpressAllocMem requeset BufferHandle 6, width 1320, heigt 2856, format 12
08-29 23:32:44.873   606  2414 I C02515/DISP: [ExpressFreeMem:317] freeMem bufferhandle gbuffer_id 96e00000753, width 1320, heigt 2856
08-29 23:32:44.877 14063 14430 E C02515/DGLES: [d_eglSwapBuffers_special@egl_gpu.cpp:566] sync get ret 0 error 1 sync_fd 187
08-29 23:32:44.877 14063 14430 E C02515/DGLES: [d_eglSwapBuffers_special@egl_gpu.cpp:729] thread output size 26654286 speed 5751k/s API_num 153
08-29 23:32:44.887 14063 14063 I C0392c/AceForEach: [(100000:100000:scope)] ForEachNode skip mark dirty. Id[256], Ids.size[8]
08-29 23:32:44.902   832   832 E C01406/RSScreenManager: IsAllScreensPowerOff: screenPowerStatus_ is empty.
08-29 23:32:44.904   832   943 W C01406/skia: DrawWithGles: DrawSurfaceBufferOpItem::DrawWithGles waitfence timeout
08-29 23:32:44.904   832   943 E C02515/DGLES: [d_eglCreateImage_special@egl_gpu.cpp:283] createimage with ctx null opengl_context 7fa0f06300
08-29 23:32:44.906   606  2414 I C02515/DISP: [InitBufferHandle:229] express init gbuffer id 96e00000754 ret 0 err 0 fd 6 1320 2856 pixel 4 size 15079680 usage 9
08-29 23:32:44.906   606  2414 I C02515/DISP: [ExpressAllocMem:271] ExpressAllocMem requeset BufferHandle 6, width 1320, heigt 2856, format 12
08-29 23:32:44.907   606  2414 I C02515/DISP: [ExpressFreeMem:317] freeMem bufferhandle gbuffer_id 96e00000754, width 1320, heigt 2856
08-29 23:32:44.915   832   943 E C02515/DGLES: [d_glBindTexture_special@glv3_status.cpp:620] bind external with nullptr gbuffer 0
08-29 23:32:44.915   832   943 E C02515/DGLES: [d_glBindTexture_special@glv3_status.cpp:620] bind external with nullptr gbuffer 0
08-29 23:32:44.919   832   832 E C01406/RSScreenManager: IsAllScreensPowerOff: screenPowerStatus_ is empty.
08-29 23:32:44.926   832   943 I C02515/DISP: [ExpressFreeMem:317] freeMem bufferhandle gbuffer_id 96e00000751, width 1320, heigt 2753
08-29 23:32:44.926   607   975 W C02515/DISP: [SetLayerMaskInfo:495] <private> is not supported
08-29 23:32:44.926   607   975 I C02515/DISP: [CommitComposeLayer:67] CommitComposeLayer! 10
08-29 23:32:44.927   832   943 W C01406/skia: DrawWithGles: DrawSurfaceBufferOpItem::DrawWithGles waitfence timeout
08-29 23:32:44.927   832   943 E C02515/DGLES: [d_eglCreateImage_special@egl_gpu.cpp:283] createimage with ctx null opengl_context 7fa0f06300
08-29 23:32:44.927   832   943 E C02515/DGLES: [d_glBindTexture_special@glv3_status.cpp:620] bind external with nullptr gbuffer 0
08-29 23:32:44.927   832   943 E C02515/DGLES: [d_glBindTexture_special@glv3_status.cpp:620] bind external with nullptr gbuffer 0
08-29 23:32:44.931   832   943 I C02515/DISP: [ExpressFreeMem:317] freeMem bufferhandle gbuffer_id 96e00000753, width 1320, heigt 2856
08-29 23:32:44.933   832   832 E C01406/RSScreenManager: IsAllScreensPowerOff: screenPowerStatus_ is empty.
08-29 23:32:44.934   832   943 W C01406/skia: DrawWithGles: DrawSurfaceBufferOpItem::DrawWithGles waitfence timeout
08-29 23:32:44.934   832   943 E C02515/DGLES: [d_eglCreateImage_special@egl_gpu.cpp:283] createimage with ctx null opengl_context 7fa0f06300
08-29 23:32:44.934   832   943 E C02515/DGLES: [d_glBindTexture_special@glv3_status.cpp:620] bind external with nullptr gbuffer 0
08-29 23:32:44.934   832   943 E C02515/DGLES: [d_glBindTexture_special@glv3_status.cpp:620] bind external with nullptr gbuffer 0
08-29 23:32:44.935 14063 14430 E C02515/DGLES: [d_eglSwapBuffers_special@egl_gpu.cpp:566] sync get ret 0 error 1 sync_fd 189
08-29 23:32:44.940   606  2414 I C02515/DISP: [InitBufferHandle:229] express init gbuffer id 96e00000755 ret 0 err 0 fd 6 1320 2856 pixel 4 size 15079680 usage 9
08-29 23:32:44.940   606  2414 I C02515/DISP: [ExpressAllocMem:271] ExpressAllocMem requeset BufferHandle 6, width 1320, heigt 2856, format 12
08-29 23:32:44.941   606  2414 I C02515/DISP: [ExpressFreeMem:317] freeMem bufferhandle gbuffer_id 96e00000755, width 1320, heigt 2856
08-29 23:32:44.947   832   943 I C02515/DISP: [ExpressFreeMem:317] freeMem bufferhandle gbuffer_id 96e00000753, width 1320, heigt 2856
08-29 23:32:44.948   607   975 W C02515/DISP: [SetLayerMaskInfo:495] <private> is not supported
08-29 23:32:44.948   607   975 I C02515/DISP: [CommitComposeLayer:67] CommitComposeLayer! 10
08-29 23:32:44.949 14063 14430 E C02515/DGLES: [d_eglSwapBuffers_special@egl_gpu.cpp:566] sync get ret 0 error 1 sync_fd 191
08-29 23:32:44.949   832   832 E C01406/RSScreenManager: IsAllScreensPowerOff: screenPowerStatus_ is empty.
08-29 23:32:44.950   832   943 W C01406/skia: DrawWithGles: DrawSurfaceBufferOpItem::DrawWithGles waitfence timeout
08-29 23:32:44.950   832   943 E C02515/DGLES: [d_eglCreateImage_special@egl_gpu.cpp:283] createimage with ctx null opengl_context 7fa0f06300
08-29 23:32:44.950   832   943 E C02515/DGLES: [d_glBindTexture_special@glv3_status.cpp:620] bind external with nullptr gbuffer 0
08-29 23:32:44.951   832   943 E C02515/DGLES: [d_glBindTexture_special@glv3_status.cpp:620] bind external with nullptr gbuffer 0
08-29 23:32:44.951   607   975 W C02515/DISP: [SetLayerMaskInfo:495] <private> is not supported
08-29 23:32:44.951   607 16705 I C02515/DISP: [CommitComposeLayer:67] CommitComposeLayer! 10
08-29 23:32:44.955   606  2414 I C02515/DISP: [InitBufferHandle:229] express init gbuffer id 96e00000756 ret 0 err 0 fd 6 1320 2856 pixel 4 size 15079680 usage 9
08-29 23:32:44.955   606  2414 I C02515/DISP: [ExpressAllocMem:271] ExpressAllocMem requeset BufferHandle 6, width 1320, heigt 2856, format 12
08-29 23:32:44.956   606  2414 I C02515/DISP: [ExpressFreeMem:317] freeMem bufferhandle gbuffer_id 96e00000756, width 1320, heigt 2856
08-29 23:32:44.961 14063 14430 E C02515/DISP: [0;32;31m[DmaBufferSync:163] express DmaBufferSync sync nothing usage 9 type 2[m
08-29 23:32:44.961 14063 14430 I C02515/DISP: [ExpressFreeMem:317] freeMem bufferhandle gbuffer_id 96e00000751, width 1320, heigt 2753
08-29 23:32:44.963 14063 14430 E C02515/DGLES: [d_eglSwapBuffers_special@egl_gpu.cpp:566] sync get ret 0 error 1 sync_fd 193
08-29 23:32:44.965   832   832 E C01406/RSScreenManager: IsAllScreensPowerOff: screenPowerStatus_ is empty.
08-29 23:32:44.965   832   943 W C01406/skia: DrawWithGles: DrawSurfaceBufferOpItem::DrawWithGles waitfence timeout
08-29 23:32:44.965   832   943 E C02515/DGLES: [d_eglCreateImage_special@egl_gpu.cpp:283] createimage with ctx null opengl_context 7fa0f06300
08-29 23:32:44.966   832   943 E C02515/DGLES: [d_glBindTexture_special@glv3_status.cpp:620] bind external with nullptr gbuffer 0
08-29 23:32:44.966   832   943 E C02515/DGLES: [d_glBindTexture_special@glv3_status.cpp:620] bind external with nullptr gbuffer 0
08-29 23:32:44.968   607   975 W C02515/DISP: [SetLayerMaskInfo:495] <private> is not supported
08-29 23:32:44.968   607 16705 I C02515/DISP: [CommitComposeLayer:67] CommitComposeLayer! 10
08-29 23:32:44.981   832   943 I C02515/DISP: [ExpressFreeMem:317] freeMem bufferhandle gbuffer_id 96e00000752, width 1320, heigt 2856
08-29 23:32:44.981   832   832 E C01406/RSScreenManager: IsAllScreensPowerOff: screenPowerStatus_ is empty.
08-29 23:32:44.982   832   943 W C01406/skia: DrawWithGles: DrawSurfaceBufferOpItem::DrawWithGles waitfence timeout
08-29 23:32:44.982   832   943 E C02515/DGLES: [d_eglCreateImage_special@egl_gpu.cpp:283] createimage with ctx null opengl_context 7fa0f06300
08-29 23:32:44.982   832   943 E C02515/DGLES: [d_glBindTexture_special@glv3_status.cpp:620] bind external with nullptr gbuffer 0
08-29 23:32:44.982   832   943 E C02515/DGLES: [d_glBindTexture_special@glv3_status.cpp:620] bind external with nullptr gbuffer 0
08-29 23:32:44.983   607 16705 W C02515/DISP: [SetLayerMaskInfo:495] <private> is not supported
08-29 23:32:44.984   607 16705 I C02515/DISP: [CommitComposeLayer:67] CommitComposeLayer! 10
08-29 23:32:44.996   832   832 E C01406/RSScreenManager: IsAllScreensPowerOff: screenPowerStatus_ is empty.
08-29 23:32:44.997   832   943 I C02515/DISP: [ExpressFreeMem:317] freeMem bufferhandle gbuffer_id 96e00000754, width 1320, heigt 2856
08-29 23:32:44.997   832   943 W C01406/skia: DrawWithGles: DrawSurfaceBufferOpItem::DrawWithGles waitfence timeout
08-29 23:32:44.997   832   943 E C02515/DGLES: [d_eglCreateImage_special@egl_gpu.cpp:283] createimage with ctx null opengl_context 7fa0f06300
08-29 23:32:44.998   832   943 E C02515/DGLES: [d_glBindTexture_special@glv3_status.cpp:620] bind external with nullptr gbuffer 0
08-29 23:32:44.998   832   943 E C02515/DGLES: [d_glBindTexture_special@glv3_status.cpp:620] bind external with nullptr gbuffer 0
08-29 23:32:44.999   607 16705 W C02515/DISP: [SetLayerMaskInfo:495] <private> is not supported
08-29 23:32:44.999   607 16705 I C02515/DISP: [CommitComposeLayer:67] CommitComposeLayer! 10
08-29 23:32:45.012   832   832 E C01406/RSScreenManager: IsAllScreensPowerOff: screenPowerStatus_ is empty.
08-29 23:32:45.014   832   943 I C02515/DISP: [ExpressFreeMem:317] freeMem bufferhandle gbuffer_id 96e00000755, width 1320, heigt 2856
08-29 23:32:45.014   832   943 W C01406/skia: DrawWithGles: DrawSurfaceBufferOpItem::DrawWithGles waitfence timeout
08-29 23:32:45.014   832   943 E C02515/DGLES: [d_eglCreateImage_special@egl_gpu.cpp:283] createimage with ctx null opengl_context 7fa0f06300
08-29 23:32:45.014   832   943 E C02515/DGLES: [d_glBindTexture_special@glv3_status.cpp:620] bind external with nullptr gbuffer 0
08-29 23:32:45.014   832   943 E C02515/DGLES: [d_glBindTexture_special@glv3_status.cpp:620] bind external with nullptr gbuffer 0
08-29 23:32:45.015   607 16705 W C02515/DISP: [SetLayerMaskInfo:495] <private> is not supported
08-29 23:32:45.015   607 16705 I C02515/DISP: [CommitComposeLayer:67] CommitComposeLayer! 10
08-29 23:32:45.028   832   832 E C01406/RSScreenManager: IsAllScreensPowerOff: screenPowerStatus_ is empty.
08-29 23:32:45.031   832   943 I C02515/DISP: [ExpressFreeMem:317] freeMem bufferhandle gbuffer_id 96e00000756, width 1320, heigt 2856
08-29 23:32:45.031   832   943 W C01406/skia: DrawWithGles: DrawSurfaceBufferOpItem::DrawWithGles waitfence timeout
08-29 23:32:45.031   832   943 E C02515/DGLES: [d_eglCreateImage_special@egl_gpu.cpp:283] createimage with ctx null opengl_context 7fa0f06300
08-29 23:32:45.031   832   943 E C02515/DGLES: [d_glBindTexture_special@glv3_status.cpp:620] bind external with nullptr gbuffer 0
08-29 23:32:45.031   832   943 E C02515/DGLES: [d_glBindTexture_special@glv3_status.cpp:620] bind external with nullptr gbuffer 0
08-29 23:32:45.031   607 16705 W C02515/DISP: [SetLayerMaskInfo:495] <private> is not supported
08-29 23:32:45.032   607 16705 I C02515/DISP: [CommitComposeLayer:67] CommitComposeLayer! 10
08-29 23:32:45.044   832   832 E C01406/RSScreenManager: IsAllScreensPowerOff: screenPowerStatus_ is empty.
08-29 23:32:45.047   832   943 I C02515/DISP: [ExpressFreeMem:317] freeMem bufferhandle gbuffer_id 96e00000753, width 1320, heigt 2856
08-29 23:32:45.047   832   943 W C01406/skia: DrawWithGles: DrawSurfaceBufferOpItem::DrawWithGles waitfence timeout
08-29 23:32:45.047   832   943 E C02515/DGLES: [d_eglCreateImage_special@egl_gpu.cpp:283] createimage with ctx null opengl_context 7fa0f06300
08-29 23:32:45.047   607 16705 W C02515/DISP: [SetLayerMaskInfo:495] <private> is not supported
08-29 23:32:45.048   832   943 E C02515/DGLES: [d_glBindTexture_special@glv3_status.cpp:620] bind external with nullptr gbuffer 0
08-29 23:32:45.048   832   943 E C02515/DGLES: [d_glBindTexture_special@glv3_status.cpp:620] bind external with nullptr gbuffer 0
08-29 23:32:45.048   607 16705 I C02515/DISP: [CommitComposeLayer:67] CommitComposeLayer! 10
08-29 23:32:45.059   832   832 E C01406/RSScreenManager: IsAllScreensPowerOff: screenPowerStatus_ is empty.
08-29 23:32:45.065   832   943 I C02515/DISP: [ExpressFreeMem:317] freeMem bufferhandle gbuffer_id 96e00000752, width 1320, heigt 2856
08-29 23:32:45.066   832   943 W C01406/skia: DrawWithGles: DrawSurfaceBufferOpItem::DrawWithGles waitfence timeout
08-29 23:32:45.066   832   943 E C02515/DGLES: [d_eglCreateImage_special@egl_gpu.cpp:283] createimage with ctx null opengl_context 7fa0f06300
08-29 23:32:45.066   607 16705 W C02515/DISP: [SetLayerMaskInfo:495] <private> is not supported
08-29 23:32:45.066   832   943 E C02515/DGLES: [d_glBindTexture_special@glv3_status.cpp:620] bind external with nullptr gbuffer 0
08-29 23:32:45.066   832   943 E C02515/DGLES: [d_glBindTexture_special@glv3_status.cpp:620] bind external with nullptr gbuffer 0
08-29 23:32:45.066   607 16705 I C02515/DISP: [CommitComposeLayer:67] CommitComposeLayer! 10
08-29 23:32:45.076   832   832 E C01406/RSScreenManager: IsAllScreensPowerOff: screenPowerStatus_ is empty.
08-29 23:32:45.081   832   943 I C02515/DISP: [ExpressFreeMem:317] freeMem bufferhandle gbuffer_id 96e00000754, width 1320, heigt 2856
08-29 23:32:45.081   832   943 W C01406/skia: DrawWithGles: DrawSurfaceBufferOpItem::DrawWithGles waitfence timeout
08-29 23:32:45.081   832   943 E C02515/DGLES: [d_eglCreateImage_special@egl_gpu.cpp:283] createimage with ctx null opengl_context 7fa0f06300
08-29 23:32:45.081   607 16705 W C02515/DISP: [SetLayerMaskInfo:495] <private> is not supported
08-29 23:32:45.081   832   943 E C02515/DGLES: [d_glBindTexture_special@glv3_status.cpp:620] bind external with nullptr gbuffer 0
08-29 23:32:45.081   832   943 E C02515/DGLES: [d_glBindTexture_special@glv3_status.cpp:620] bind external with nullptr gbuffer 0
08-29 23:32:45.082   607 16705 I C02515/DISP: [CommitComposeLayer:67] CommitComposeLayer! 10
08-29 23:32:45.092   832   832 E C01406/RSScreenManager: IsAllScreensPowerOff: screenPowerStatus_ is empty.
08-29 23:32:45.097   832   943 I C02515/DISP: [ExpressFreeMem:317] freeMem bufferhandle gbuffer_id 96e00000755, width 1320, heigt 2856
08-29 23:32:45.097   832   943 W C01406/skia: DrawWithGles: DrawSurfaceBufferOpItem::DrawWithGles waitfence timeout
08-29 23:32:45.097   832   943 E C02515/DGLES: [d_eglCreateImage_special@egl_gpu.cpp:283] createimage with ctx null opengl_context 7fa0f06300
08-29 23:32:45.098   607 16705 W C02515/DISP: [SetLayerMaskInfo:495] <private> is not supported
08-29 23:32:45.098   832   943 E C02515/DGLES: [d_glBindTexture_special@glv3_status.cpp:620] bind external with nullptr gbuffer 0
08-29 23:32:45.098   832   943 E C02515/DGLES: [d_glBindTexture_special@glv3_status.cpp:620] bind external with nullptr gbuffer 0
08-29 23:32:45.098   607 16705 I C02515/DISP: [CommitComposeLayer:67] CommitComposeLayer! 10
08-29 23:32:45.107   832   832 E C01406/RSScreenManager: IsAllScreensPowerOff: screenPowerStatus_ is empty.
08-29 23:32:45.114   832   943 I C02515/DISP: [ExpressFreeMem:317] freeMem bufferhandle gbuffer_id 96e00000756, width 1320, heigt 2856
08-29 23:32:45.115   832   943 W C01406/skia: DrawWithGles: DrawSurfaceBufferOpItem::DrawWithGles waitfence timeout
08-29 23:32:45.115   832   943 E C02515/DGLES: [d_eglCreateImage_special@egl_gpu.cpp:283] createimage with ctx null opengl_context 7fa0f06300
08-29 23:32:45.115   832   943 E C02515/DGLES: [d_glBindTexture_special@glv3_status.cpp:620] bind external with nullptr gbuffer 0
08-29 23:32:45.115   832   943 E C02515/DGLES: [d_glBindTexture_special@glv3_status.cpp:620] bind external with nullptr gbuffer 0
08-29 23:32:45.115   607 16705 W C02515/DISP: [SetLayerMaskInfo:495] <private> is not supported
08-29 23:32:45.115   607 16705 I C02515/DISP: [CommitComposeLayer:67] CommitComposeLayer! 10
08-29 23:32:45.122   832   832 E C01406/RSScreenManager: IsAllScreensPowerOff: screenPowerStatus_ is empty.
08-29 23:32:45.131   832   943 I C02515/DISP: [ExpressFreeMem:317] freeMem bufferhandle gbuffer_id 96e00000753, width 1320, heigt 2856
08-29 23:32:45.131   832   943 W C01406/skia: DrawWithGles: DrawSurfaceBufferOpItem::DrawWithGles waitfence timeout
08-29 23:32:45.131   832   943 E C02515/DGLES: [d_eglCreateImage_special@egl_gpu.cpp:283] createimage with ctx null opengl_context 7fa0f06300
08-29 23:32:45.131   607 16705 W C02515/DISP: [SetLayerMaskInfo:495] <private> is not supported
08-29 23:32:45.132   832   943 E C02515/DGLES: [d_glBindTexture_special@glv3_status.cpp:620] bind external with nullptr gbuffer 0
08-29 23:32:45.132   832   943 E C02515/DGLES: [d_glBindTexture_special@glv3_status.cpp:620] bind external with nullptr gbuffer 0
08-29 23:32:45.132   607 16705 I C02515/DISP: [CommitComposeLayer:67] CommitComposeLayer! 10
08-29 23:32:45.138   832   832 E C01406/RSScreenManager: IsAllScreensPowerOff: screenPowerStatus_ is empty.
08-29 23:32:45.147   832   943 I C02515/DISP: [ExpressFreeMem:317] freeMem bufferhandle gbuffer_id 96e00000752, width 1320, heigt 2856
08-29 23:32:45.148   832   943 W C01406/skia: DrawWithGles: DrawSurfaceBufferOpItem::DrawWithGles waitfence timeout
08-29 23:32:45.148   832   943 E C02515/DGLES: [d_eglCreateImage_special@egl_gpu.cpp:283] createimage with ctx null opengl_context 7fa0f06300
08-29 23:32:45.148   832   943 E C02515/DGLES: [d_glBindTexture_special@glv3_status.cpp:620] bind external with nullptr gbuffer 0
08-29 23:32:45.148   832   943 E C02515/DGLES: [d_glBindTexture_special@glv3_status.cpp:620] bind external with nullptr gbuffer 0
08-29 23:32:45.148   607 16705 W C02515/DISP: [SetLayerMaskInfo:495] <private> is not supported
08-29 23:32:45.148   607 16705 I C02515/DISP: [CommitComposeLayer:67] CommitComposeLayer! 10
08-29 23:32:45.154   832   832 E C01406/RSScreenManager: IsAllScreensPowerOff: screenPowerStatus_ is empty.
08-29 23:32:45.165   832   943 I C02515/DISP: [ExpressFreeMem:317] freeMem bufferhandle gbuffer_id 96e00000754, width 1320, heigt 2856
08-29 23:32:45.165   607 16705 W C02515/DISP: [SetLayerMaskInfo:495] <private> is not supported
08-29 23:32:45.165   607 16705 I C02515/DISP: [CommitComposeLayer:67] CommitComposeLayer! 10
08-29 23:32:45.165   832   943 W C01406/skia: DrawWithGles: DrawSurfaceBufferOpItem::DrawWithGles waitfence timeout
08-29 23:32:45.165   832   943 E C02515/DGLES: [d_eglCreateImage_special@egl_gpu.cpp:283] createimage with ctx null opengl_context 7fa0f06300
08-29 23:32:45.165   832   943 E C02515/DGLES: [d_glBindTexture_special@glv3_status.cpp:620] bind external with nullptr gbuffer 0
08-29 23:32:45.165   832   943 E C02515/DGLES: [d_glBindTexture_special@glv3_status.cpp:620] bind external with nullptr gbuffer 0
08-29 23:32:45.166 14527 14527 W C02c02/PARAM: Selinux check name persist.init.debug.loglevel in u:object_r:startup_init_param:s0 [14527 2000 2000] failed
08-29 23:32:45.166 14527 14527 W C02c02/PARAM: Selinux check name persist.init.debug.loglevel in u:object_r:startup_init_param:s0 [14527 2000 2000] failed
08-29 23:32:45.166 14527 14527 W C02c02/PARAM: SystemReadParam failed!name is:persist.init.debug.loglevel,err:1002
08-29 23:32:45.169 14527 14527 W C02c02/PARAM: Selinux check name persist.init.debug.loglevel in u:object_r:startup_init_param:s0 [14527 2000 2000] failed
08-29 23:32:45.169 14527 14527 W C02c02/PARAM: Selinux check name persist.init.debug.loglevel in u:object_r:startup_init_param:s0 [14527 2000 2000] failed
08-29 23:32:45.169 14527 14527 W C02c02/PARAM: SystemReadParam failed!name is:persist.init.debug.loglevel,err:1002
08-29 23:32:45.170   832   832 E C01406/RSScreenManager: IsAllScreensPowerOff: screenPowerStatus_ is empty.
08-29 23:32:45.172   127  7450 E C02d66/XPerf: [InquiryOhImpl::ExtractStringValue] Canonical FilePath: /sys/class/ithermal/lpm/lpm_freq failed.
08-29 23:32:45.173   127  7450 E C02d66/XPerf: [InquiryOhImpl::ExtractStringValue] Canonical FilePath: /sys/class/power_supply/Battery/status failed.
08-29 23:32:45.181   832   943 I C02515/DISP: [ExpressFreeMem:317] freeMem bufferhandle gbuffer_id 96e00000755, width 1320, heigt 2856
08-29 23:32:45.181   607 16705 W C02515/DISP: [SetLayerMaskInfo:495] <private> is not supported
08-29 23:32:45.181   607 16705 I C02515/DISP: [CommitComposeLayer:67] CommitComposeLayer! 10
08-29 23:32:45.181   832   943 W C01406/skia: DrawWithGles: DrawSurfaceBufferOpItem::DrawWithGles waitfence timeout
08-29 23:32:45.181   832   943 E C02515/DGLES: [d_eglCreateImage_special@egl_gpu.cpp:283] createimage with ctx null opengl_context 7fa0f06300
08-29 23:32:45.181   832   943 E C02515/DGLES: [d_glBindTexture_special@glv3_status.cpp:620] bind external with nullptr gbuffer 0
08-29 23:32:45.181   832   943 E C02515/DGLES: [d_glBindTexture_special@glv3_status.cpp:620] bind external with nullptr gbuffer 0
08-29 23:32:45.185   832   832 E C01406/RSScreenManager: IsAllScreensPowerOff: screenPowerStatus_ is empty.
08-29 23:32:45.198   832   943 I C02515/DISP: [ExpressFreeMem:317] freeMem bufferhandle gbuffer_id 96e00000756, width 1320, heigt 2856
08-29 23:32:45.198   607 16705 W C02515/DISP: [SetLayerMaskInfo:495] <private> is not supported
08-29 23:32:45.198   607 16705 I C02515/DISP: [CommitComposeLayer:67] CommitComposeLayer! 10
08-29 23:32:45.198   832   943 W C01406/skia: DrawWithGles: DrawSurfaceBufferOpItem::DrawWithGles waitfence timeout
08-29 23:32:45.198   832   943 E C02515/DGLES: [d_eglCreateImage_special@egl_gpu.cpp:283] createimage with ctx null opengl_context 7fa0f06300
08-29 23:32:45.198   832   943 E C02515/DGLES: [d_glBindTexture_special@glv3_status.cpp:620] bind external with nullptr gbuffer 0
08-29 23:32:45.198   832   943 E C02515/DGLES: [d_glBindTexture_special@glv3_status.cpp:620] bind external with nullptr gbuffer 0
08-29 23:32:45.201   832   832 E C01406/RSScreenManager: IsAllScreensPowerOff: screenPowerStatus_ is empty.
08-29 23:32:45.214   607 16705 W C02515/DISP: [SetLayerMaskInfo:495] <private> is not supported
08-29 23:32:45.214   607 16705 I C02515/DISP: [CommitComposeLayer:67] CommitComposeLayer! 10
08-29 23:32:45.214   832   943 W C01406/skia: DrawWithGles: DrawSurfaceBufferOpItem::DrawWithGles waitfence timeout
08-29 23:32:45.214   832   943 E C02515/DGLES: [d_eglCreateImage_special@egl_gpu.cpp:283] createimage with ctx null opengl_context 7fa0f06300
08-29 23:32:45.215   832   943 E C02515/DGLES: [d_glBindTexture_special@glv3_status.cpp:620] bind external with nullptr gbuffer 0
08-29 23:32:45.215   832   943 E C02515/DGLES: [d_glBindTexture_special@glv3_status.cpp:620] bind external with nullptr gbuffer 0
08-29 23:32:45.217   832   832 E C01406/RSScreenManager: IsAllScreensPowerOff: screenPowerStatus_ is empty.
08-29 23:32:45.231   832   943 I C02515/DISP: [ExpressFreeMem:317] freeMem bufferhandle gbuffer_id 96e00000753, width 1320, heigt 2856
08-29 23:32:45.231   607 16705 W C02515/DISP: [SetLayerMaskInfo:495] <private> is not supported
08-29 23:32:45.231   607 16705 I C02515/DISP: [CommitComposeLayer:67] CommitComposeLayer! 10
08-29 23:32:45.231   832   943 W C01406/skia: DrawWithGles: DrawSurfaceBufferOpItem::DrawWithGles waitfence timeout
08-29 23:32:45.231   832   943 E C02515/DGLES: [d_eglCreateImage_special@egl_gpu.cpp:283] createimage with ctx null opengl_context 7fa0f06300
08-29 23:32:45.232   832   943 E C02515/DGLES: [d_glBindTexture_special@glv3_status.cpp:620] bind external with nullptr gbuffer 0
08-29 23:32:45.232   832   943 E C02515/DGLES: [d_glBindTexture_special@glv3_status.cpp:620] bind external with nullptr gbuffer 0
08-29 23:32:45.233   832   832 E C01406/RSScreenManager: IsAllScreensPowerOff: screenPowerStatus_ is empty.
08-29 23:32:45.247   832   943 I C02515/DISP: [ExpressFreeMem:317] freeMem bufferhandle gbuffer_id 96e00000752, width 1320, heigt 2856
08-29 23:32:45.247   832   943 W C01406/skia: DrawWithGles: DrawSurfaceBufferOpItem::DrawWithGles waitfence timeout
08-29 23:32:45.247   832   943 E C02515/DGLES: [d_eglCreateImage_special@egl_gpu.cpp:283] createimage with ctx null opengl_context 7fa0f06300
08-29 23:32:45.248   607 16705 W C02515/DISP: [SetLayerMaskInfo:495] <private> is not supported
08-29 23:32:45.248   832   943 E C02515/DGLES: [d_glBindTexture_special@glv3_status.cpp:620] bind external with nullptr gbuffer 0
08-29 23:32:45.248   832   943 E C02515/DGLES: [d_glBindTexture_special@glv3_status.cpp:620] bind external with nullptr gbuffer 0
08-29 23:32:45.248   607 16705 I C02515/DISP: [CommitComposeLayer:67] CommitComposeLayer! 10
08-29 23:32:45.248   832   832 E C01406/RSScreenManager: IsAllScreensPowerOff: screenPowerStatus_ is empty.
08-29 23:32:45.264   832   943 I C02515/DISP: [ExpressFreeMem:317] freeMem bufferhandle gbuffer_id 96e00000754, width 1320, heigt 2856
08-29 23:32:45.264   832   832 E C01406/RSScreenManager: IsAllScreensPowerOff: screenPowerStatus_ is empty.
08-29 23:32:45.265   832   943 W C01406/skia: DrawWithGles: DrawSurfaceBufferOpItem::DrawWithGles waitfence timeout
08-29 23:32:45.265   832   943 E C02515/DGLES: [d_eglCreateImage_special@egl_gpu.cpp:283] createimage with ctx null opengl_context 7fa0f06300
08-29 23:32:45.265   607 16705 W C02515/DISP: [SetLayerMaskInfo:495] <private> is not supported
08-29 23:32:45.265   832   943 E C02515/DGLES: [d_glBindTexture_special@glv3_status.cpp:620] bind external with nullptr gbuffer 0
08-29 23:32:45.265   832   943 E C02515/DGLES: [d_glBindTexture_special@glv3_status.cpp:620] bind external with nullptr gbuffer 0
08-29 23:32:45.265   607 16705 I C02515/DISP: [CommitComposeLayer:67] CommitComposeLayer! 10
08-29 23:32:45.281   832   943 I C02515/DISP: [ExpressFreeMem:317] freeMem bufferhandle gbuffer_id 96e00000755, width 1320, heigt 2856
08-29 23:32:45.281   832   832 E C01406/RSScreenManager: IsAllScreensPowerOff: screenPowerStatus_ is empty.
08-29 23:32:45.281   832   943 W C01406/skia: DrawWithGles: DrawSurfaceBufferOpItem::DrawWithGles waitfence timeout
08-29 23:32:45.281   832   943 E C02515/DGLES: [d_eglCreateImage_special@egl_gpu.cpp:283] createimage with ctx null opengl_context 7fa0f06300
08-29 23:32:45.281 14063 14430 I A05244/BookTurn: swap fire gen=<private> mask=<private>
08-29 23:32:45.281 14063 14430 I A05244/BookTurn: swap done gen=<private> mask=<private>
08-29 23:32:45.281   832   943 E C02515/DGLES: [d_glBindTexture_special@glv3_status.cpp:620] bind external with nullptr gbuffer 0
08-29 23:32:45.281   832   943 E C02515/DGLES: [d_glBindTexture_special@glv3_status.cpp:620] bind external with nullptr gbuffer 0
08-29 23:32:45.281   607 16705 W C02515/DISP: [SetLayerMaskInfo:495] <private> is not supported
08-29 23:32:45.281   607 16705 I C02515/DISP: [CommitComposeLayer:67] CommitComposeLayer! 10
08-29 23:32:45.287 21767 21767 W A01c06/ICON: AppIconWeatherModel --> initWeatherListener, retryTimes: 4
08-29 23:32:45.289   468  1609 E C01707/CONCUR: [Interface] task 1609 apply qos failed, errno = 4
08-29 23:32:45.289   468  1609 E C01611/QosManager: QosManager: Failed to set thread QoS to QOS_USER_INTERACTIVE, ret: -1
08-29 23:32:45.289   833  1082 W C01123/BMSCommon: bundle not exist -n com.huawei.hmsapp.totemweather -u 100 -i 0 -f 32
08-29 23:32:45.289   833  1082 W C01121/BMSQuery: GetBundleInfo failed -n com.huawei.hmsapp.totemweather -u 100
08-29 23:32:45.289   468  1609 E C01651/BundleMgrProxy: GetBundleInfoFromBMS: GetBundleInfo failed!bundleName is com.huawei.hmsapp.totemweather, userId is 100
08-29 23:32:45.289   468  1609 E C01651/DataProviderConfig: GetFromProxyData: Get bundleInfo failed! bundleName:com.huawei.hmsapp.totemweather, userId:100, visitedId:100, uri:******icIconInfo
08-29 23:32:45.289   468  1609 E C01651/DataShareServiceImpl: GetBMSAndMetaDataStatus: CalledInfo failed! token:0x200ba470,ret:1001,uri:******icIconInfo
08-29 23:32:45.289   468  1609 E C01651/DataShareServiceImpl: GetSilentProxyStatus: BMS or metaData not ready to complete, token:0x200ba470, uri:******icIconInfo
08-29 23:32:45.289 21767 21767 E A01c06/ICON: AppIconWeatherModel --> get weather info failed, code: 15700010, message: The DataShareHelper is not initialized successfully.
08-29 23:32:45.298   832   943 I C02515/DISP: [ExpressFreeMem:317] freeMem bufferhandle gbuffer_id 96e00000756, width 1320, heigt 2856
08-29 23:32:45.298   832   832 E C01406/RSScreenManager: IsAllScreensPowerOff: screenPowerStatus_ is empty.
08-29 23:32:45.298 14063 14430 I A05244/BookTurn: swap fire gen=<private> mask=<private>
08-29 23:32:45.298 14063 14430 I A05244/BookTurn: swap done gen=<private> mask=<private>
08-29 23:32:45.298 14063 14430 I A05244/BookTurn: draw grace settle gen=<private> n=<private> refusal=<private> mask=<private>
08-29 23:32:45.298   832   943 W C01406/skia: DrawWithGles: DrawSurfaceBufferOpItem::DrawWithGles waitfence timeout
08-29 23:32:45.298   607 16705 W C02515/DISP: [SetLayerMaskInfo:495] <private> is not supported
08-29 23:32:45.298   832   943 E C02515/DGLES: [d_eglCreateImage_special@egl_gpu.cpp:283] createimage with ctx null opengl_context 7fa0f06300
08-29 23:32:45.298   607   975 I C02515/DISP: [CommitComposeLayer:67] CommitComposeLayer! 10
08-29 23:32:45.298   832   943 E C02515/DGLES: [d_glBindTexture_special@glv3_status.cpp:620] bind external with nullptr gbuffer 0
08-29 23:32:45.298   832   943 E C02515/DGLES: [d_glBindTexture_special@glv3_status.cpp:620] bind external with nullptr gbuffer 0
08-29 23:32:45.311 14063 14430 I A05244/BookTurn: swap fire gen=<private> mask=<private>
08-29 23:32:45.311 14063 14430 I A05244/BookTurn: swap done gen=<private> mask=<private>
08-29 23:32:45.311 14063 14430 I A05244/BookTurn: draw grace settle gen=<private> n=<private> refusal=<private> mask=<private>
08-29 23:32:45.314   607 16705 W C02515/DISP: [SetLayerMaskInfo:495] <private> is not supported
08-29 23:32:45.314   607   975 I C02515/DISP: [CommitComposeLayer:67] CommitComposeLayer! 10
08-29 23:32:45.314   832   832 E C01406/RSScreenManager: IsAllScreensPowerOff: screenPowerStatus_ is empty.
08-29 23:32:45.314   832   943 W C01406/skia: DrawWithGles: DrawSurfaceBufferOpItem::DrawWithGles waitfence timeout
08-29 23:32:45.314   832   943 E C02515/DGLES: [d_eglCreateImage_special@egl_gpu.cpp:283] createimage with ctx null opengl_context 7fa0f06300
08-29 23:32:45.314   832   943 E C02515/DGLES: [d_glBindTexture_special@glv3_status.cpp:620] bind external with nullptr gbuffer 0
08-29 23:32:45.314   832   943 E C02515/DGLES: [d_glBindTexture_special@glv3_status.cpp:620] bind external with nullptr gbuffer 0
08-29 23:32:45.329 14063 14430 I A05244/BookTurn: swap fire gen=<private> mask=<private>
08-29 23:32:45.329 14063 14430 I A05244/BookTurn: swap done gen=<private> mask=<private>
08-29 23:32:45.329 14063 14430 I A05244/BookTurn: draw grace settle gen=<private> n=<private> refusal=<private> mask=<private>
08-29 23:32:45.331   832   943 I C02515/DISP: [ExpressFreeMem:317] freeMem bufferhandle gbuffer_id 96e00000753, width 1320, heigt 2856
08-29 23:32:45.331   607   975 W C02515/DISP: [SetLayerMaskInfo:495] <private> is not supported
08-29 23:32:45.331   832   943 W C01406/skia: DrawWithGles: DrawSurfaceBufferOpItem::DrawWithGles waitfence timeout
08-29 23:32:45.332   832   943 E C02515/DGLES: [d_eglCreateImage_special@egl_gpu.cpp:283] createimage with ctx null opengl_context 7fa0f06300
08-29 23:32:45.332   607 16705 I C02515/DISP: [CommitComposeLayer:67] CommitComposeLayer! 10
08-29 23:32:45.332   832   943 E C02515/DGLES: [d_glBindTexture_special@glv3_status.cpp:620] bind external with nullptr gbuffer 0
08-29 23:32:45.332   832   943 E C02515/DGLES: [d_glBindTexture_special@glv3_status.cpp:620] bind external with nullptr gbuffer 0
08-29 23:32:45.344   832   832 E C01406/RSScreenManager: IsAllScreensPowerOff: screenPowerStatus_ is empty.
08-29 23:32:45.344 14063 14430 I A05244/BookTurn: swap fire gen=<private> mask=<private>
08-29 23:32:45.344 14063 14430 I A05244/BookTurn: swap done gen=<private> mask=<private>
08-29 23:32:45.344 14063 14430 I A05244/BookTurn: draw grace settle gen=<private> n=<private> refusal=<private> mask=<private>
08-29 23:32:45.347   832   943 I C02515/DISP: [ExpressFreeMem:317] freeMem bufferhandle gbuffer_id 96e00000752, width 1320, heigt 2856
08-29 23:32:45.347   607 16705 W C02515/DISP: [SetLayerMaskInfo:495] <private> is not supported
08-29 23:32:45.347   607   975 I C02515/DISP: [CommitComposeLayer:67] CommitComposeLayer! 10
08-29 23:32:45.348   832   943 W C01406/skia: DrawWithGles: DrawSurfaceBufferOpItem::DrawWithGles waitfence timeout
08-29 23:32:45.348   832   943 E C02515/DGLES: [d_eglCreateImage_special@egl_gpu.cpp:283] createimage with ctx null opengl_context 7fa0f06300
08-29 23:32:45.348   832   943 E C02515/DGLES: [d_glBindTexture_special@glv3_status.cpp:620] bind external with nullptr gbuffer 0
08-29 23:32:45.348   832   943 E C02515/DGLES: [d_glBindTexture_special@glv3_status.cpp:620] bind external with nullptr gbuffer 0
08-29 23:32:45.358   832   832 E C01406/RSScreenManager: IsAllScreensPowerOff: screenPowerStatus_ is empty.
08-29 23:32:45.358 14063 14430 I A05244/BookTurn: swap fire gen=<private> mask=<private>
08-29 23:32:45.358 14063 14430 I A05244/BookTurn: swap done gen=<private> mask=<private>
08-29 23:32:45.358 14063 14430 I A05244/BookTurn: draw grace settle gen=<private> n=<private> refusal=<private> mask=<private>
08-29 23:32:45.359 14531 14531 W C02c02/PARAM: Selinux check name persist.init.debug.loglevel in u:object_r:startup_init_param:s0 [14531 2000 2000] failed
08-29 23:32:45.359 14531 14531 W C02c02/PARAM: Selinux check name persist.init.debug.loglevel in u:object_r:startup_init_param:s0 [14531 2000 2000] failed
08-29 23:32:45.359 14531 14531 W C02c02/PARAM: SystemReadParam failed!name is:persist.init.debug.loglevel,err:1002
08-29 23:32:45.363 14533 14533 I C02d20/DumperService: SetCmdArgs# hidumper cmd:hidumper -s 1201 -a -p Faultlogger -LogSuffixWithMs , calllingUid=2000, calllingPid=14533, ppid:14531.
08-29 23:32:45.363 14533 14534 W C057c1/IPCWorkThread: ThreadHandler: proto:0 policy:1 name:OS_IPC_0_14534 invoker:2843781888
08-29 23:32:45.363 14533 14535 W C057c1/IPCWorkThread: ThreadHandler: proto:0 policy:0 name:OS_IPC_1_14535 invoker:2869240448
08-29 23:32:45.364  7033 24707 I C02d20/DumperService: DelayUnloadTask# recieve new request, delay unload task begin, calllingPid=14533
08-29 23:32:45.364   607   975 W C02515/DISP: [SetLayerMaskInfo:495] <private> is not supported
08-29 23:32:45.364   607 16705 I C02515/DISP: [CommitComposeLayer:67] CommitComposeLayer! 10
08-29 23:32:45.365   832   943 W C01406/skia: DrawWithGles: DrawSurfaceBufferOpItem::DrawWithGles waitfence timeout
08-29 23:32:45.365   832   943 E C02515/DGLES: [d_eglCreateImage_special@egl_gpu.cpp:283] createimage with ctx null opengl_context 7fa0f06300
08-29 23:32:45.365   832   943 E C02515/DGLES: [d_glBindTexture_special@glv3_status.cpp:620] bind external with nullptr gbuffer 0
08-29 23:32:45.365   832   943 E C02515/DGLES: [d_glBindTexture_special@glv3_status.cpp:620] bind external with nullptr gbuffer 0
08-29 23:32:45.367   127  7005 I C02d11/Faultlogger: DumpByCommands: DumpRequest: detail:0, list:0, file:, name:, time:-1
08-29 23:32:45.367  7033 24707 I C02d20/DumperService: GetData# SA name:1201 dump success, cmd:-p Faultlogger -LogSuffixWithMs , calllingPid=14533!
08-29 23:32:45.375 14063 14430 I A05244/BookTurn: swap fire gen=<private> mask=<private>
08-29 23:32:45.375 14063 14430 I A05244/BookTurn: swap done gen=<private> mask=<private>
08-29 23:32:45.375 14063 14430 I A05244/BookTurn: draw grace settle gen=<private> n=<private> refusal=<private> mask=<private>
08-29 23:32:45.381   607 16705 W C02515/DISP: [SetLayerMaskInfo:495] <private> is not supported
08-29 23:32:45.381   607 16705 I C02515/DISP: [CommitComposeLayer:67] CommitComposeLayer! 10
08-29 23:32:45.390 14063 14430 I A05244/BookTurn: swap fire gen=<private> mask=<private>
08-29 23:32:45.390 14063 14430 I A05244/BookTurn: swap done gen=<private> mask=<private>
08-29 23:32:45.390 14063 14430 I A05244/BookTurn: draw grace settle gen=<private> n=<private> refusal=<private> mask=<private>
08-29 23:32:45.406 14063 14430 I A05244/BookTurn: swap fire gen=<private> mask=<private>
08-29 23:32:45.406 14063 14430 I A05244/BookTurn: swap done gen=<private> mask=<private>
08-29 23:32:45.406 14063 14430 I A05244/BookTurn: draw grace settle gen=<private> n=<private> refusal=<private> mask=<private>
08-29 23:32:45.421 14063 14430 I A05244/BookTurn: swap fire gen=<private> mask=<private>
08-29 23:32:45.421 14063 14430 I A05244/BookTurn: swap done gen=<private> mask=<private>
08-29 23:32:45.423 14063 14430 I A05244/BookTurn: draw FAIL settle gen=<private> refusal=<private> tau=<private>
08-29 23:32:45.423 14063 14063 E A03d00/JSAPP: ReaderTurnDiag fail-event: event=6 gen=5 detail=2 settlementGen=5 animFinished=false commitStarted=false hasPrepared=true
08-29 23:32:45.515  3349 14282 I A06666/PafLog_CPP: [FileUtil.cpp(DeleteExpiredFiles:399)] deleteExpiredFiles.
08-29 23:32:45.516  3349 14282 I A06666/PafLog_CPP: [FileUtil.cpp(DeleteExpiredFiles:399)] deleteExpiredFiles.
08-29 23:32:45.516  3349 14282 I A06666/PafLog_CPP: [FileUtil.cpp(DeleteExpiredFiles:399)] deleteExpiredFiles.
08-29 23:32:45.516 14063 14063 I C03931/AceXcomponent: [(100000:100000:scope)] UninitializeAccessibility
08-29 23:32:45.516 14063 14063 I C03931/AceXcomponent: [(100000:100000:scope)] XComponent[reader-book-turn-surface] DetachFromMainTree
08-29 23:32:45.519 14537 14537 W C02c02/PARAM: Selinux check name persist.init.debug.loglevel in u:object_r:startup_init_param:s0 [14537 2000 2000] failed
08-29 23:32:45.519 14537 14537 W C02c02/PARAM: Selinux check name persist.init.debug.loglevel in u:object_r:startup_init_param:s0 [14537 2000 2000] failed
08-29 23:32:45.519 14537 14537 W C02c02/PARAM: SystemReadParam failed!name is:persist.init.debug.loglevel,err:1002
08-29 23:32:45.523 14540 14540 W C02c02/PARAM: Selinux check name persist.init.debug.loglevel in u:object_r:startup_init_param:s0 [14540 2000 2000] failed
08-29 23:32:45.523 14540 14540 W C02c02/PARAM: Selinux check name persist.init.debug.loglevel in u:object_r:startup_init_param:s0 [14540 2000 2000] failed
08-29 23:32:45.523 14540 14540 W C02c02/PARAM: SystemReadParam failed!name is:persist.init.debug.loglevel,err:1002
08-29 23:32:45.523 14539 14539 W C02c02/PARAM: Selinux check name persist.init.debug.loglevel in u:object_r:startup_init_param:s0 [14539 2000 2000] failed
08-29 23:32:45.523 14539 14539 W C02c02/PARAM: Selinux check name persist.init.debug.loglevel in u:object_r:startup_init_param:s0 [14539 2000 2000] failed
08-29 23:32:45.523 14539 14539 W C02c02/PARAM: SystemReadParam failed!name is:persist.init.debug.loglevel,err:1002
08-29 23:32:45.525 14063 14063 I C03931/AceXcomponent: [(100000:100000:scope)] XComponent[reader-book-turn-surface] native OnSurfaceDestroyed
08-29 23:32:45.525 14063 14430 W C02515/DGLES: [recycle_resource_id@context_common.cpp:598] null gpu context, give up recycle ids
08-29 23:32:45.525 14063 14430 W C02515/DGLES: [recycle_resource_id@context_common.cpp:598] null gpu context, give up recycle ids
08-29 23:32:45.525 14063 14430 E C02515/DGLES: [d_eglDestroySurface_special@egl_surface.cpp:526] host is using destroying surface ptr 7fa035f140 width 1320 height 2856 format 12 now_frame_gap 1 write_loc 156 check_loc 150 (need sync)
08-29 23:32:45.525 14063 14430 W C02515/DGLES: [recycle_resource_id@context_common.cpp:598] null gpu context, give up recycle ids
08-29 23:32:45.527 14541 14541 W C02c02/PARAM: Selinux check name persist.init.debug.loglevel in u:object_r:startup_init_param:s0 [14541 2000 2000] failed
08-29 23:32:45.528 14541 14541 W C02c02/PARAM: Selinux check name persist.init.debug.loglevel in u:object_r:startup_init_param:s0 [14541 2000 2000] failed
08-29 23:32:45.528 14541 14541 W C02c02/PARAM: SystemReadParam failed!name is:persist.init.debug.loglevel,err:1002
08-29 23:32:45.528 14063 14430 E C02515/DISP: [0;32;31m[DmaBufferSync:163] express DmaBufferSync sync nothing usage 9 type 2[m
08-29 23:32:45.528 14063 14430 I C02515/DISP: [ExpressFreeMem:317] freeMem bufferhandle gbuffer_id 96e00000756, width 1320, heigt 2856
08-29 23:32:45.531 14063 14430 E C02515/DISP: [0;32;31m[DmaBufferSync:163] express DmaBufferSync sync nothing usage 9 type 2[m
08-29 23:32:45.531 14063 14430 I C02515/DISP: [ExpressFreeMem:317] freeMem bufferhandle gbuffer_id 96e00000753, width 1320, heigt 2856
08-29 23:32:45.531 14542 14542 W C02c02/PARAM: Selinux check name persist.init.debug.loglevel in u:object_r:startup_init_param:s0 [14542 2000 2000] failed
08-29 23:32:45.531 14542 14542 W C02c02/PARAM: Selinux check name persist.init.debug.loglevel in u:object_r:startup_init_param:s0 [14542 2000 2000] failed
08-29 23:32:45.531 14542 14542 W C02c02/PARAM: SystemReadParam failed!name is:persist.init.debug.loglevel,err:1002
08-29 23:32:45.533 14063 14430 E C02515/DISP: [0;32;31m[DmaBufferSync:163] express DmaBufferSync sync nothing usage 9 type 2[m
08-29 23:32:45.533 14063 14430 I C02515/DISP: [ExpressFreeMem:317] freeMem bufferhandle gbuffer_id 96e00000752, width 1320, heigt 2856
08-29 23:32:45.535 14063 14430 W C02515/DGLES: [recycle_resource_id@context_common.cpp:598] null gpu context, give up recycle ids
08-29 23:32:45.536 14063 14063 E C01401/Bufferqueue: <buffer_queue.cpp:1242-ReleaseBufferLocked>: cache not find the buffer(921632772), uniqueId: 60400125083648.
08-29 23:32:45.536 14063 14063 E C01401/Bufferqueue: <buffer_queue.cpp:1242-ReleaseBufferLocked>: cache not find the buffer(921632773), uniqueId: 60400125083648.
08-29 23:32:45.536 14063 14063 E C02515/DISP: [0;32;31m[DmaBufferSync:163] express DmaBufferSync sync nothing usage 9 type 2[m
08-29 23:32:45.536 14063 14063 I C02515/DISP: [ExpressFreeMem:317] freeMem bufferhandle gbuffer_id 96e00000754, width 1320, heigt 2856
08-29 23:32:45.536 14063 14063 I C01401/Bufferqueue: <consumer_surface.cpp:60-~ConsumerSurface>: ~ConsumerSurface, producer_ sptrCnt: 2, uniqueId: 60400125083648.
08-29 23:32:45.536 14063 14063 E C02515/DISP: [0;32;31m[DmaBufferSync:163] express DmaBufferSync sync nothing usage 9 type 2[m
08-29 23:32:45.536 14063 14063 I C02515/DISP: [ExpressFreeMem:317] freeMem bufferhandle gbuffer_id 96e00000755, width 1320, heigt 2856
08-29 23:32:45.536 14063 14063 I C02d66/Hiview-PerfMonitor: ProcessJank: JankFrameMonitor::ProcessJank jank >= threshold
08-29 23:32:45.537 14063 14063 E A03d00/JSAPP: ReaderTurnDiag fail-event: event=5 gen=5 detail=0 settlementGen=5 animFinished=true commitStarted=false hasPrepared=false
08-29 23:32:45.539 14543 14543 W C02c02/PARAM: Selinux check name persist.init.debug.loglevel in u:object_r:startup_init_param:s0 [14543 2000 2000] failed
08-29 23:32:45.539 14543 14543 W C02c02/PARAM: Selinux check name persist.init.debug.loglevel in u:object_r:startup_init_param:s0 [14543 2000 2000] failed
08-29 23:32:45.539 14543 14543 W C02c02/PARAM: SystemReadParam failed!name is:persist.init.debug.loglevel,err:1002
08-29 23:32:45.547   832   832 E C01406/RSScreenManager: IsAllScreensPowerOff: screenPowerStatus_ is empty.
08-29 23:32:45.547   832   832 E C01406/OHOS::RS: RSSurfaceBufferCallbackManager::GetSurfaceBufferCallback Pair:[Pid: 14063, Uid 60400125083648] not exists.
08-29 23:32:45.547   832   832 E C01406/OHOS::RS: RSSurfaceBufferCallbackManager::OnFinish Pair:[Pid: 14063, Uid: 60400125083648] Callback not exists.
08-29 23:32:45.547   832   832 I C02515/DISP: [ExpressFreeMem:317] freeMem bufferhandle gbuffer_id 96e00000755, width 1320, heigt 2856
08-29 23:32:45.555   832   943 E C01406/OHOS::RS: RSSurfaceBufferCallbackManager::GetSurfaceBufferCallback Pair:[Pid: 14063, Uid 60400125083648] not exists.
08-29 23:32:45.555   832   943 E C01406/OHOS::RS: RSSurfaceBufferCallbackManager::OnFinish Pair:[Pid: 14063, Uid: 60400125083648] Callback not exists.
08-29 23:32:45.555   832   943 I C02515/DISP: [ExpressFreeMem:317] freeMem bufferhandle gbuffer_id 96e00000754, width 1320, heigt 2856
08-29 23:32:45.565   607 16705 W C02515/DISP: [SetLayerMaskInfo:495] <private> is not supported
08-29 23:32:45.565   607 16705 I C02515/DISP: [CommitComposeLayer:67] CommitComposeLayer! 10
08-29 23:32:45.756   245   493 I C02802/InputActiveSubscriberHandler: [|317]0|10000|701
08-29 23:32:45.777 14545 14545 W C02c02/PARAM: Selinux check name persist.init.debug.loglevel in u:object_r:startup_init_param:s0 [14545 2000 2000] failed
08-29 23:32:45.777 14545 14545 W C02c02/PARAM: Selinux check name persist.init.debug.loglevel in u:object_r:startup_init_param:s0 [14545 2000 2000] failed
08-29 23:32:45.777 14545 14545 W C02c02/PARAM: SystemReadParam failed!name is:persist.init.debug.loglevel,err:1002
08-29 23:32:45.780 14547 14547 W C02c02/PARAM: Selinux check name persist.init.debug.loglevel in u:object_r:startup_init_param:s0 [14547 2000 2000] failed
08-29 23:32:45.780 14547 14547 W C02c02/PARAM: Selinux check name persist.init.debug.loglevel in u:object_r:startup_init_param:s0 [14547 2000 2000] failed
08-29 23:32:45.780 14547 14547 W C02c02/PARAM: SystemReadParam failed!name is:persist.init.debug.loglevel,err:1002
08-29 23:32:45.783 14548 14548 W C02c02/PARAM: Selinux check name persist.init.debug.loglevel in u:object_r:startup_init_param:s0 [14548 2000 2000] failed
08-29 23:32:45.783 14548 14548 W C02c02/PARAM: Selinux check name persist.init.debug.loglevel in u:object_r:startup_init_param:s0 [14548 2000 2000] failed
08-29 23:32:45.783 14548 14548 W C02c02/PARAM: SystemReadParam failed!name is:persist.init.debug.loglevel,err:1002
08-29 23:32:45.912   701 17256 I C02986/DisplayPowerBrightness: lux=[0/538567813, 0/538567960, 0/538568108, 0/538568280, 0/538568427, 0/538568575, ], bDelta=5.000000, dDelta=1.000000, size=44
08-29 23:32:46.094   282 13950 E C01704/TagSched: [a92ab3fb9416d87] [OpenQosCtrl]Failed to open qos_ctrl device
08-29 23:32:46.094   282 13950 E C01704/TagSched: [a92ab3fb9416d87] [IsQosHandleOpen]get qosSetHandle_ fail
08-29 23:32:46.094   282 13950 E C01704/TagSched: [a92ab3fb9416d87] [SetQosInternal]qosSetHandle open fail
08-29 23:32:46.094   282 13950 E C01704/TagSched: [a92ab3fb9416d87] [OpenQosCtrl]Failed to open qos_ctrl device
08-29 23:32:46.094   282 13950 E C01704/TagSched: [a92ab3fb9416d87] [IsQosHandleOpen]get qosSetHandle_ fail
08-29 23:32:46.094   282 13950 E C01704/TagSched: [a92ab3fb9416d87] [SetQosInternal]qosSetHandle open fail
08-29 23:32:46.094   282 13950 E C01704/TagSched: [a92ab3fb9416d87] [OpenQosCtrl]Failed to open qos_ctrl device
08-29 23:32:46.094   282 13950 E C01704/TagSched: [a92ab3fb9416d87] [IsQosHandleOpen]get qosSetHandle_ fail
08-29 23:32:46.094   282 13950 E C01704/TagSched: [a92ab3fb9416d87] [SetQosInternal]qosSetHandle open fail
08-29 23:32:46.094   282 13950 E C01704/TagSched: [a92ab3fb9416d87] [OpenQosCtrl]Failed to open qos_ctrl device
08-29 23:32:46.094   282 13950 E C01704/TagSched: [a92ab3fb9416d87] [IsQosHandleOpen]get qosSetHandle_ fail
08-29 23:32:46.094   282 13950 E C01704/TagSched: [a92ab3fb9416d87] [SetQosInternal]qosSetHandle open fail
08-29 23:32:46.131   282 14335 E C01704/TagSched: [a92abdfb941fca7] [OpenQosCtrl]Failed to open qos_ctrl device
08-29 23:32:46.131   282 14335 E C01704/TagSched: [a92abdfb941fca7] [IsQosHandleOpen]get qosSetHandle_ fail
08-29 23:32:46.131   282 14335 E C01704/TagSched: [a92abdfb941fca7] [SetQosInternal]qosSetHandle open fail
08-29 23:32:46.131   282 14335 E C01704/TagSched: [a92abdfb941fca7] [OpenQosCtrl]Failed to open qos_ctrl device
08-29 23:32:46.131   282 14335 E C01704/TagSched: [a92abdfb941fca7] [IsQosHandleOpen]get qosSetHandle_ fail
08-29 23:32:46.131   282 14335 E C01704/TagSched: [a92abdfb941fca7] [SetQosInternal]qosSetHandle open fail
08-29 23:32:46.131   282 14335 E C01704/TagSched: [a92abdfb941fca7] [OpenQosCtrl]Failed to open qos_ctrl device
08-29 23:32:46.131   282 14335 E C01704/TagSched: [a92abdfb941fca7] [IsQosHandleOpen]get qosSetHandle_ fail
08-29 23:32:46.131   282 14335 E C01704/TagSched: [a92abdfb941fca7] [SetQosInternal]qosSetHandle open fail
08-29 23:32:46.131   282 14335 E C01704/TagSched: [a92abdfb941fca7] [OpenQosCtrl]Failed to open qos_ctrl device
08-29 23:32:46.131   282 14335 E C01704/TagSched: [a92abdfb941fca7] [IsQosHandleOpen]get qosSetHandle_ fail
08-29 23:32:46.131   282 14335 E C01704/TagSched: [a92abdfb941fca7] [SetQosInternal]qosSetHandle open fail
08-29 23:32:46.131   282 14335 E C01704/TagSched: [a92abdfb941fca7] [OpenQosCtrl]Failed to open qos_ctrl device
08-29 23:32:46.131   282 14335 E C01704/TagSched: [a92abdfb941fca7] [IsQosHandleOpen]get qosSetHandle_ fail
08-29 23:32:46.131   282 14335 E C01704/TagSched: [a92abdfb941fca7] [SetQosInternal]qosSetHandle open fail
08-29 23:32:46.131   282 14335 E C01704/TagSched: [a92abdfb941fca7] [OpenQosCtrl]Failed to open qos_ctrl device
08-29 23:32:46.131   282 14335 E C01704/TagSched: [a92abdfb941fca7] [IsQosHandleOpen]get qosSetHandle_ fail
08-29 23:32:46.131   282 14335 E C01704/TagSched: [a92abdfb941fca7] [SetQosInternal]qosSetHandle open fail
08-29 23:32:46.131   282 14335 E C01704/TagSched: [a92abdfb941fca7] [OpenQosCtrl]Failed to open qos_ctrl device
08-29 23:32:46.131   282 14335 E C01704/TagSched: [a92abdfb941fca7] [IsQosHandleOpen]get qosSetHandle_ fail
08-29 23:32:46.131   282 14335 E C01704/TagSched: [a92abdfb941fca7] [SetQosInternal]qosSetHandle open fail
08-29 23:32:46.131   282 14335 E C01704/TagSched: [a92abdfb941fca7] [OpenQosCtrl]Failed to open qos_ctrl device
08-29 23:32:46.131   282 14335 E C01704/TagSched: [a92abdfb941fca7] [IsQosHandleOpen]get qosSetHandle_ fail
08-29 23:32:46.131   282 14335 E C01704/TagSched: [a92abdfb941fca7] [SetQosInternal]qosSetHandle open fail
08-29 23:32:46.291 21767 21767 W A01c06/ICON: AppIconWeatherModel --> initWeatherListener, retryTimes: 4
08-29 23:32:46.293   468  1609 E C01707/CONCUR: [Interface] task 1609 apply qos failed, errno = 4
08-29 23:32:46.293   468  1609 E C01611/QosManager: QosManager: Failed to set thread QoS to QOS_USER_INTERACTIVE, ret: -1
08-29 23:32:46.293   833  1082 W C01123/BMSCommon: bundle not exist -n com.huawei.hmsapp.totemweather -u 100 -i 0 -f 32
08-29 23:32:46.293   833  1082 W C01121/BMSQuery: GetBundleInfo failed -n com.huawei.hmsapp.totemweather -u 100
08-29 23:32:46.293   468  1609 E C01651/BundleMgrProxy: GetBundleInfoFromBMS: GetBundleInfo failed!bundleName is com.huawei.hmsapp.totemweather, userId is 100
08-29 23:32:46.293   468  1609 E C01651/DataProviderConfig: GetFromProxyData: Get bundleInfo failed! bundleName:com.huawei.hmsapp.totemweather, userId:100, visitedId:100, uri:******icIconInfo
08-29 23:32:46.293   468  1609 E C01651/DataShareServiceImpl: GetBMSAndMetaDataStatus: CalledInfo failed! token:0x200ba470,ret:1001,uri:******icIconInfo
08-29 23:32:46.293   468  1609 E C01651/DataShareServiceImpl: GetSilentProxyStatus: BMS or metaData not ready to complete, token:0x200ba470, uri:******icIconInfo
08-29 23:32:46.293 21767 21767 E A01c06/ICON: AppIconWeatherModel --> get weather info failed, code: 15700010, message: The DataShareHelper is not initialized successfully.
08-29 23:32:46.298 14550 14550 W C02c02/PARAM: Selinux check name persist.init.debug.loglevel in u:object_r:startup_init_param:s0 [14550 2000 2000] failed
08-29 23:32:46.298 14550 14550 W C02c02/PARAM: Selinux check name persist.init.debug.loglevel in u:object_r:startup_init_param:s0 [14550 2000 2000] failed
08-29 23:32:46.298 14550 14550 W C02c02/PARAM: SystemReadParam failed!name is:persist.init.debug.loglevel,err:1002
08-29 23:32:46.300  2543  2543 I C02500/Qemud: Guest heartbeat success.
08-29 23:32:46.301 14550 14550 W C02c02/PARAM: Selinux check name persist.init.debug.loglevel in u:object_r:startup_init_param:s0 [14550 2000 2000] failed
08-29 23:32:46.301 14550 14550 W C02c02/PARAM: Selinux check name persist.init.debug.loglevel in u:object_r:startup_init_param:s0 [14550 2000 2000] failed
08-29 23:32:46.301 14550 14550 W C02c02/PARAM: SystemReadParam failed!name is:persist.init.debug.loglevel,err:1002
08-29 23:32:46.481 14554 14554 W C02c02/PARAM: Selinux check name persist.init.debug.loglevel in u:object_r:startup_init_param:s0 [14554 2000 2000] failed
08-29 23:32:46.482 14554 14554 W C02c02/PARAM: Selinux check name persist.init.debug.loglevel in u:object_r:startup_init_param:s0 [14554 2000 2000] failed
08-29 23:32:46.482 14554 14554 W C02c02/PARAM: SystemReadParam failed!name is:persist.init.debug.loglevel,err:1002
08-29 23:32:46.485 14556 14556 W C02c02/PARAM: Selinux check name persist.init.debug.loglevel in u:object_r:startup_init_param:s0 [14556 2000 2000] failed
08-29 23:32:46.485 14556 14556 W C02c02/PARAM: Selinux check name persist.init.debug.loglevel in u:object_r:startup_init_param:s0 [14556 2000 2000] failed
08-29 23:32:46.485 14556 14556 W C02c02/PARAM: SystemReadParam failed!name is:persist.init.debug.loglevel,err:1002
08-29 23:32:46.485 14557 14557 W C02c02/PARAM: Selinux check name persist.init.debug.loglevel in u:object_r:startup_init_param:s0 [14557 2000 2000] failed
08-29 23:32:46.485 14558 14558 W C02c02/PARAM: Selinux check name persist.init.debug.loglevel in u:object_r:startup_init_param:s0 [14558 2000 2000] failed
08-29 23:32:46.485 14558 14558 W C02c02/PARAM: Selinux check name persist.init.debug.loglevel in u:object_r:startup_init_param:s0 [14558 2000 2000] failed
08-29 23:32:46.485 14558 14558 W C02c02/PARAM: SystemReadParam failed!name is:persist.init.debug.loglevel,err:1002
08-29 23:32:46.485 14557 14557 W C02c02/PARAM: Selinux check name persist.init.debug.loglevel in u:object_r:startup_init_param:s0 [14557 2000 2000] failed
08-29 23:32:46.485 14557 14557 W C02c02/PARAM: SystemReadParam failed!name is:persist.init.debug.loglevel,err:1002
08-29 23:32:46.490 14559 14559 W C02c02/PARAM: Selinux check name persist.init.debug.loglevel in u:object_r:startup_init_param:s0 [14559 2000 2000] failed
08-29 23:32:46.490 14559 14559 W C02c02/PARAM: Selinux check name persist.init.debug.loglevel in u:object_r:startup_init_param:s0 [14559 2000 2000] failed
08-29 23:32:46.490 14559 14559 W C02c02/PARAM: SystemReadParam failed!name is:persist.init.debug.loglevel,err:1002
08-29 23:32:46.490 14560 14560 W C02c02/PARAM: Selinux check name persist.init.debug.loglevel in u:object_r:startup_init_param:s0 [14560 2000 2000] failed
08-29 23:32:46.490 14560 14560 W C02c02/PARAM: Selinux check name persist.init.debug.loglevel in u:object_r:startup_init_param:s0 [14560 2000 2000] failed
08-29 23:32:46.490 14560 14560 W C02c02/PARAM: SystemReadParam failed!name is:persist.init.debug.loglevel,err:1002
08-29 23:32:46.512   125   513 I C01800/SAMGR: NF SA:65962,876_43849
08-29 23:32:46.690 14562 14562 W C02c02/PARAM: Selinux check name persist.init.debug.loglevel in u:object_r:startup_init_param:s0 [14562 2000 2000] failed
08-29 23:32:46.690 14562 14562 W C02c02/PARAM: Selinux check name persist.init.debug.loglevel in u:object_r:startup_init_param:s0 [14562 2000 2000] failed
08-29 23:32:46.690 14562 14562 W C02c02/PARAM: SystemReadParam failed!name is:persist.init.debug.loglevel,err:1002
08-29 23:32:46.693 14564 14564 W C02c02/PARAM: Selinux check name persist.init.debug.loglevel in u:object_r:startup_init_param:s0 [14564 2000 2000] failed
08-29 23:32:46.693 14564 14564 W C02c02/PARAM: Selinux check name persist.init.debug.loglevel in u:object_r:startup_init_param:s0 [14564 2000 2000] failed
08-29 23:32:46.693 14564 14564 W C02c02/PARAM: SystemReadParam failed!name is:persist.init.debug.loglevel,err:1002
08-29 23:32:46.696 14565 14565 W C02c02/PARAM: Selinux check name persist.init.debug.loglevel in u:object_r:startup_init_param:s0 [14565 2000 2000] failed
08-29 23:32:46.696 14565 14565 W C02c02/PARAM: Selinux check name persist.init.debug.loglevel in u:object_r:startup_init_param:s0 [14565 2000 2000] failed
08-29 23:32:46.696 14565 14565 W C02c02/PARAM: SystemReadParam failed!name is:persist.init.debug.loglevel,err:1002
08-29 23:32:46.712   125   513 I C01800/SAMGR: NF SA:65962,876_43850
08-29 23:32:46.737   240 13838 I C02699/MM: [a92ab8fb8e071fa, 3908474, 11fadc1] CheckProcessLoadingCompleted check process[pid=3349,uid=20020011,name=AppGalleryService] : not loading Completed,beforePrio=100 , set prio=100!
08-29 23:32:46.742 14063 14190 I C03f00/ArkCompiler: [gc] IdleGCTrigger: post concurrent mark finished local remark
08-29 23:32:46.743 14063 14063 I C03f00/ArkCompiler: [gc] IdleGCTrigger: trigger local remark
08-29 23:32:46.744 14063 14063 E C01707/CONCUR: [Interface] task 14191 apply qos failed, errno = 4
08-29 23:32:46.745 14063 14063 E C01707/CONCUR: [Interface] task 14192 apply qos failed, errno = 4
08-29 23:32:46.746 14063 14063 E C01707/CONCUR: [Interface] task 14190 apply qos failed, errno = 4
08-29 23:32:46.750 14063 14063 E C01707/CONCUR: [Interface] task 14191 apply qos failed, errno = 4
08-29 23:32:46.751 14063 14063 E C01707/CONCUR: [Interface] task 14192 apply qos failed, errno = 4
08-29 23:32:46.752 14063 14063 E C01707/CONCUR: [Interface] task 14190 apply qos failed, errno = 4
08-29 23:32:46.754   282 13918 I C01727/SceneRecognizeExt: [a92ab4fb9cb828e] [ReportExitUserInteractionSceneInner]report exit user interaction scene
08-29 23:32:46.914   125   513 I C01800/SAMGR: NF SA:65962,876_43851
08-29 23:32:47.115   125   513 I C01800/SAMGR: NF SA:65962,876_43852
08-29 23:32:47.231 14567 14567 W C02c02/PARAM: Selinux check name persist.init.debug.loglevel in u:object_r:startup_init_param:s0 [14567 2000 2000] failed
08-29 23:32:47.231 14567 14567 W C02c02/PARAM: Selinux check name persist.init.debug.loglevel in u:object_r:startup_init_param:s0 [14567 2000 2000] failed
08-29 23:32:47.231 14567 14567 W C02c02/PARAM: SystemReadParam failed!name is:persist.init.debug.loglevel,err:1002
08-29 23:32:47.234 14567 14567 W C02c02/PARAM: Selinux check name persist.init.debug.loglevel in u:object_r:startup_init_param:s0 [14567 2000 2000] failed
08-29 23:32:47.234 14567 14567 W C02c02/PARAM: Selinux check name persist.init.debug.loglevel in u:object_r:startup_init_param:s0 [14567 2000 2000] failed
08-29 23:32:47.234 14567 14567 W C02c02/PARAM: SystemReadParam failed!name is:persist.init.debug.loglevel,err:1002
08-29 23:32:47.296 21767 21767 W A01c06/ICON: AppIconWeatherModel --> initWeatherListener, retryTimes: 4
08-29 23:32:47.298   468  1609 E C01707/CONCUR: [Interface] task 1609 apply qos failed, errno = 4
08-29 23:32:47.298   468  1609 E C01611/QosManager: QosManager: Failed to set thread QoS to QOS_USER_INTERACTIVE, ret: -1
08-29 23:32:47.298   833  1082 W C01123/BMSCommon: bundle not exist -n com.huawei.hmsapp.totemweather -u 100 -i 0 -f 32
08-29 23:32:47.298   833  1082 W C01121/BMSQuery: GetBundleInfo failed -n com.huawei.hmsapp.totemweather -u 100
08-29 23:32:47.298   468  1609 E C01651/BundleMgrProxy: GetBundleInfoFromBMS: GetBundleInfo failed!bundleName is com.huawei.hmsapp.totemweather, userId is 100
08-29 23:32:47.298   468  1609 E C01651/DataProviderConfig: GetFromProxyData: Get bundleInfo failed! bundleName:com.huawei.hmsapp.totemweather, userId:100, visitedId:100, uri:******icIconInfo
08-29 23:32:47.298   468  1609 E C01651/DataShareServiceImpl: GetBMSAndMetaDataStatus: CalledInfo failed! token:0x200ba470,ret:1001,uri:******icIconInfo
08-29 23:32:47.298   468  1609 E C01651/DataShareServiceImpl: GetSilentProxyStatus: BMS or metaData not ready to complete, token:0x200ba470, uri:******icIconInfo
08-29 23:32:47.298 21767 21767 E A01c06/ICON: AppIconWeatherModel --> get weather info failed, code: 15700010, message: The DataShareHelper is not initialized successfully.
08-29 23:32:47.315   125   513 I C01800/SAMGR: NF SA:65962,876_43853
08-29 23:32:47.426 14570 14570 W C02c02/PARAM: Selinux check name persist.init.debug.loglevel in u:object_r:startup_init_param:s0 [14570 2000 2000] failed
08-29 23:32:47.426 14570 14570 W C02c02/PARAM: Selinux check name persist.init.debug.loglevel in u:object_r:startup_init_param:s0 [14570 2000 2000] failed
08-29 23:32:47.426 14570 14570 W C02c02/PARAM: SystemReadParam failed!name is:persist.init.debug.loglevel,err:1002
08-29 23:32:47.429 14572 14572 W C02c02/PARAM: Selinux check name persist.init.debug.loglevel in u:object_r:startup_init_param:s0 [14572 2000 2000] failed
08-29 23:32:47.429 14572 14572 W C02c02/PARAM: Selinux check name persist.init.debug.loglevel in u:object_r:startup_init_param:s0 [14572 2000 2000] failed
08-29 23:32:47.429 14572 14572 W C02c02/PARAM: SystemReadParam failed!name is:persist.init.debug.loglevel,err:1002
08-29 23:32:47.429 14573 14573 W C02c02/PARAM: Selinux check name persist.init.debug.loglevel in u:object_r:startup_init_param:s0 [14573 2000 2000] failed
08-29 23:32:47.429 14574 14574 W C02c02/PARAM: Selinux check name persist.init.debug.loglevel in u:object_r:startup_init_param:s0 [14574 2000 2000] failed
08-29 23:32:47.429 14574 14574 W C02c02/PARAM: Selinux check name persist.init.debug.loglevel in u:object_r:startup_init_param:s0 [14574 2000 2000] failed
08-29 23:32:47.429 14574 14574 W C02c02/PARAM: SystemReadParam failed!name is:persist.init.debug.loglevel,err:1002
08-29 23:32:47.429 14573 14573 W C02c02/PARAM: Selinux check name persist.init.debug.loglevel in u:object_r:startup_init_param:s0 [14573 2000 2000] failed
08-29 23:32:47.429 14573 14573 W C02c02/PARAM: SystemReadParam failed!name is:persist.init.debug.loglevel,err:1002
08-29 23:32:47.434 14575 14575 W C02c02/PARAM: Selinux check name persist.init.debug.loglevel in u:object_r:startup_init_param:s0 [14575 2000 2000] failed
08-29 23:32:47.434 14575 14575 W C02c02/PARAM: Selinux check name persist.init.debug.loglevel in u:object_r:startup_init_param:s0 [14575 2000 2000] failed
08-29 23:32:47.434 14575 14575 W C02c02/PARAM: SystemReadParam failed!name is:persist.init.debug.loglevel,err:1002
08-29 23:32:47.434 14576 14576 W C02c02/PARAM: Selinux check name persist.init.debug.loglevel in u:object_r:startup_init_param:s0 [14576 2000 2000] failed
08-29 23:32:47.434 14576 14576 W C02c02/PARAM: Selinux check name persist.init.debug.loglevel in u:object_r:startup_init_param:s0 [14576 2000 2000] failed
08-29 23:32:47.434 14576 14576 W C02c02/PARAM: SystemReadParam failed!name is:persist.init.debug.loglevel,err:1002
08-29 23:32:47.515   125   513 I C01800/SAMGR: NF SA:65962,876_43854
08-29 23:32:47.633 14578 14578 W C02c02/PARAM: Selinux check name persist.init.debug.loglevel in u:object_r:startup_init_param:s0 [14578 2000 2000] failed
08-29 23:32:47.633 14578 14578 W C02c02/PARAM: Selinux check name persist.init.debug.loglevel in u:object_r:startup_init_param:s0 [14578 2000 2000] failed
08-29 23:32:47.633 14578 14578 W C02c02/PARAM: SystemReadParam failed!name is:persist.init.debug.loglevel,err:1002
08-29 23:32:47.637 14580 14580 W C02c02/PARAM: Selinux check name persist.init.debug.loglevel in u:object_r:startup_init_param:s0 [14580 2000 2000] failed
08-29 23:32:47.637 14580 14580 W C02c02/PARAM: Selinux check name persist.init.debug.loglevel in u:object_r:startup_init_param:s0 [14580 2000 2000] failed
08-29 23:32:47.637 14580 14580 W C02c02/PARAM: SystemReadParam failed!name is:persist.init.debug.loglevel,err:1002
08-29 23:32:47.642 14581 14581 W C02c02/PARAM: Selinux check name persist.init.debug.loglevel in u:object_r:startup_init_param:s0 [14581 2000 2000] failed
08-29 23:32:47.642 14581 14581 W C02c02/PARAM: Selinux check name persist.init.debug.loglevel in u:object_r:startup_init_param:s0 [14581 2000 2000] failed
08-29 23:32:47.642 14581 14581 W C02c02/PARAM: SystemReadParam failed!name is:persist.init.debug.loglevel,err:1002
08-29 23:32:47.716   125   513 I C01800/SAMGR: NF SA:65962,876_43855
08-29 23:32:47.716   876   940 E C01810/SA_CLIENT: GetSaWrap SA:65962 not start
08-29 23:32:47.716   876   940 I C01409/APS_MANAGER: request system service object is not ready yet!
08-29 23:32:47.888 14583 14583 W C02c02/PARAM: Selinux check name persist.init.debug.loglevel in u:object_r:startup_init_param:s0 [14583 2000 2000] failed
08-29 23:32:47.888 14583 14583 W C02c02/PARAM: Selinux check name persist.init.debug.loglevel in u:object_r:startup_init_param:s0 [14583 2000 2000] failed
08-29 23:32:47.888 14583 14583 W C02c02/PARAM: SystemReadParam failed!name is:persist.init.debug.loglevel,err:1002
08-29 23:32:47.890 14583 14583 W C02c02/PARAM: Selinux check name persist.init.debug.loglevel in u:object_r:startup_init_param:s0 [14583 2000 2000] failed
08-29 23:32:47.890 14583 14583 W C02c02/PARAM: Selinux check name persist.init.debug.loglevel in u:object_r:startup_init_param:s0 [14583 2000 2000] failed
08-29 23:32:47.890 14583 14583 W C02c02/PARAM: SystemReadParam failed!name is:persist.init.debug.loglevel,err:1002
