08-23 16:51:48.261     0     0 I I00000/HiLog: ========Zeroth log of type: init
08-23 16:51:53.048   403   403 I I02c01/CustCarrierMount: UpdateCotaOpkeyLink start
08-23 16:51:53.048   403   403 W I02c01/CustCarrierMount: not exsit CUST_GLOBAL_CARRIER_DIR or COTA_PARAM_CARRIER_DIR
08-23 16:52:00.653   403   403 I I02c01/CustCarrierMount: success to update cota carrier
08-29 23:37:27.310 20101 20101 W C02c02/PARAM: Selinux check name persist.init.debug.loglevel in u:object_r:startup_init_param:s0 [20101 2000 2000] failed
08-29 23:37:27.310 20101 20101 W C02c02/PARAM: Selinux check name persist.init.debug.loglevel in u:object_r:startup_init_param:s0 [20101 2000 2000] failed
08-29 23:37:27.310 20101 20101 W C02c02/PARAM: SystemReadParam failed!name is:persist.init.debug.loglevel,err:1002
08-29 23:37:27.350 20104 20104 W C02c02/PARAM: Selinux check name persist.init.debug.loglevel in u:object_r:startup_init_param:s0 [20104 2000 2000] failed
08-29 23:37:27.350 20104 20104 W C02c02/PARAM: Selinux check name persist.init.debug.loglevel in u:object_r:startup_init_param:s0 [20104 2000 2000] failed
08-29 23:37:27.350 20104 20104 W C02c02/PARAM: SystemReadParam failed!name is:persist.init.debug.loglevel,err:1002
08-29 23:37:27.353 20106 20106 W C02c02/PARAM: Selinux check name persist.init.debug.loglevel in u:object_r:startup_init_param:s0 [20106 2000 2000] failed
08-29 23:37:27.353 20106 20106 W C02c02/PARAM: Selinux check name persist.init.debug.loglevel in u:object_r:startup_init_param:s0 [20106 2000 2000] failed
08-29 23:37:27.353 20106 20106 W C02c02/PARAM: SystemReadParam failed!name is:persist.init.debug.loglevel,err:1002
08-29 23:37:27.356 20107 20107 W C02c02/PARAM: Selinux check name persist.init.debug.loglevel in u:object_r:startup_init_param:s0 [20107 2000 2000] failed
08-29 23:37:27.356 20107 20107 W C02c02/PARAM: Selinux check name persist.init.debug.loglevel in u:object_r:startup_init_param:s0 [20107 2000 2000] failed
08-29 23:37:27.356 20107 20107 W C02c02/PARAM: SystemReadParam failed!name is:persist.init.debug.loglevel,err:1002
08-29 23:37:27.358 20101 20101 W C02c02/PARAM: Selinux check name debug.dfx.tags.enableleak in u:object_r:debug_param:s0 [20101 2000 2000] failed
08-29 23:37:27.358 20101 20101 W C02c02/PARAM: SystemReadParam failed!name is:debug.dfx.tags.enableleak,err:1002
08-29 23:37:27.363 20101 20101 W C02c02/PARAM: Selinux check name persist.graphic.profiler.enabled in u:object_r:debug_param:s0 [20101 2000 2000] failed
08-29 23:37:27.363 20101 20101 E C02c02/PARAM: Forbid to read parameter persist.graphic.profiler.enabled
08-29 23:37:27.363 20101 20101 E C02c02/PARAM: Forbid to access parameter persist.graphic.profiler.enabled
08-29 23:37:27.363 20101 20101 W C02c02/PARAM: Selinux check name persist.graphic.profiler.betarecording in u:object_r:debug_param:s0 [20101 2000 2000] failed
08-29 23:37:27.363 20101 20101 E C02c02/PARAM: Forbid to read parameter persist.graphic.profiler.betarecording
08-29 23:37:27.363 20101 20101 E C02c02/PARAM: Forbid to access parameter persist.graphic.profiler.betarecording
08-29 23:37:27.364 20101 20101 I C03100/UiTestKit_Server: [system_ui_controller.cpp:(SetItemByType)] Add touchItem, finger:0, pressed:1, location:1100, 1360
08-29 23:37:27.364 20101 20108 W C057c1/IPCWorkThread: ThreadHandler: proto:0 policy:1 name:OS_IPC_0_20108 invoker:2787158784
08-29 23:37:27.364 20101 20109 W C057c1/IPCWorkThread: ThreadHandler: proto:0 policy:0 name:OS_IPC_1_20109 invoker:2995087488
08-29 23:37:27.364 20101 20101 W C04201/DMS: RegisterClientDeathListener: regis reverse death
08-29 23:37:27.364 20101 20101 I C04201/DMS: RegisterClientDeathListener: ENTER
08-29 23:37:27.365   833  1082 E C04200/WMS: UpdateBundleInfo: Failed
08-29 23:37:27.365   833  1082 W C04201/DMS: screen_session.cpp: call BMS
08-29 23:37:27.365   833  1082 I C04201/DMS: screen_session.cpp: pid:0, bundle:, api:0
08-29 23:37:27.365 20101 20101 I C02800/InputManagerImpl: [|1254]Pointer event action:2
08-29 23:37:27.365 20101 20101 I C02802/MultimodalEventHandler: [|252]PI:10000, IP:1, P:0.00, MF:-1, WI:-1, OPI:0, SI:true, A:0
08-29 23:37:27.367 20101 20101 E C057c6/BinderInvoker: GetDetailedErrorInfo: HMB_GET_DETAILED_ERROR failed, error:-22
08-29 23:37:27.367 20101 20101 E C057c2/IPCObjectProxy: PrintErrorDetailedInfo: failed, handle:2 error:29201 desc:*.IMultimodalInputConnect proxy:2995148544 time:538850031160349
08-29 23:37:27.367 20101 20101 E C02801/MultimodalInputConnect: Send request failed! result = 29201
08-29 23:37:27.368   245   493 I C02805/InputKeyFlow: [P:D:89813|6037]PA:down,Pid:17137,TWI:64,FWI:64,EID:89813,flags:0,DID:0AWI:64,zOrder:102.000000
08-29 23:37:27.368   245   493 I C02802/InputActiveSubscriberHandler: [P:D:89813|317]0|10000|701
08-29 23:37:27.368   245   493 I C02800/WhitelistDataShareAccessor: [P:D:89813][Init:52] enter
08-29 23:37:27.368   245   493 I C02800/WhitelistDataShareAccessor: [P:D:89813][Init] leave
08-29 23:37:27.368   245   493 W C02802/KeyCommandHandler: [P:D:89813|987]io.reader.harmonyos not support long-press drag
08-29 23:37:27.368   245   493 I C02805/InputKeyFlow: [P:D:89813|621]SendMsg:17137
08-29 23:37:27.368   245 19984 I C02800/WhitelistDataShareAccessor: [][InitializeImpl:66] enter
08-29 23:37:27.368   245 19984 I C02800/WhitelistDataShareAccessor: [][ReadWhitelistFromDB:98] enter
08-29 23:37:27.368   245 19984 I C02802/setting_DataShare: [|276]DataShare is ready
08-29 23:37:27.369 17137 17137 I C02805/InputKeyFlow: [P:D:89813|247]ac: down: 89813
08-29 23:37:27.369 17137 17137 I C02805/InputKeyFlow: [P:D:89813|649]recv
08-29 23:37:27.369 17137 17137 I C04213/InputKeyFlow: HandleInputEvent: eid:2,InputId:89813,wid:64,ac:2
08-29 23:37:27.370 17137 17137 I C03951/InputKeyFlow: [(100000:100000:scope)] ITK Id:89813, fId:10000, T:0, I=0, M=0
08-29 23:37:27.370   468   468 E C01707/CONCUR: [Interface] task 468 apply qos failed, errno = 4
08-29 23:37:27.370   468   468 E C01611/QosManager: QosManager: Failed to set thread QoS to QOS_USER_INTERACTIVE, ret: -1
08-29 23:37:27.370 17137 17137 I C03951/InputKeyFlow: [(100000:100000:scope)] ITK Id:89813, TTHNI:fId: 10000{ T: Row, D: 15 };
08-29 23:37:27.370 17137 17137 I C03951/InputKeyFlow: [(100000:100000:scope)] ITK Id:89813, TTHRTI: 
08-29 23:37:27.370 21767 21767 I A04215/WMSHierarchy: request top id: 64, 5
08-29 23:37:27.370   282 19694 I C01727/SceneRecognizeExt: [a92abafcb75a71c] [ReportEnterUserInteractionSceneInner]report enter user interaction scene
08-29 23:37:27.371 21767 21767 I A04215/WMSHierarchy: onRaiseSceneToTop with persistentId:64
08-29 23:37:27.371 21767 21767 I A04200/WINDOW: SCBSPVM: getSceneContainerSessionWithPersistentId from containerSessionList id: 64
08-29 23:37:27.371 21767 21767 I A04200/WINDOW: SCBSPM: Remove container id: 19, 64
08-29 23:37:27.371 21767 21767 I A01b09/RECENT: RecentDockRefreshAlarm: start alarm recent dock: EntryAbility/io.reader.harmonyos/entry/0(persistentId: 64)(containerId: 19)
08-29 23:37:27.371 17137 17137 I C03919/AceInputTracking: [(100000:100000:scope)] Consumed id:89813, last id:-1
08-29 23:37:27.371 17137 17137 I C04213/InputKeyFlow: ConsumePointerEventInner: InputId:89813,wid:64,pointId:10000,srcType:2,rect:[0,0,1320,2856],notify:1
08-29 23:37:27.373   468   468 E C01707/CONCUR: [Interface] task 468 apply qos failed, errno = 4
08-29 23:37:27.373   468   468 E C01611/QosManager: QosManager: Failed to set thread QoS to QOS_USER_INTERACTIVE, ret: -1
08-29 23:37:27.374   245 19984 E C02802/WhitelistDataShareAccessor: [|102]GetStringValue UNIVERSAL_DRAG_CONFIG_WHITELIST failed, ret:2
08-29 23:37:27.374   245 19984 I C02800/WhitelistDataShareAccessor: [][ReadWhitelistFromDB] leave
08-29 23:37:27.374   245 19984 E C02802/WhitelistDataShareAccessor: [|73]ReadWhitelistFromDB failed
08-29 23:37:27.374   245 19984 I C02800/WhitelistDataShareAccessor: [][InitializeImpl] leave
08-29 23:37:27.382   832   832 E C01406/RSScreenManager: IsAllScreensPowerOff: screenPowerStatus_ is empty.
08-29 23:37:27.383   832   943 I C01406/skia: RSSurfaceRenderNodeDrawable::OnDraw name:com.ohos.sceneboardEngineServiceAbility, the number of total processedNodes: 9
08-29 23:37:27.383   832   943 W C01406/skia: DrawWithGles: DrawSurfaceBufferOpItem::DrawWithGles waitfence timeout
08-29 23:37:27.383   832   943 E C02515/DGLES: [d_eglCreateImage_special@egl_gpu.cpp:283] createimage with ctx null opengl_context 7fa0f06300
08-29 23:37:27.383   832   943 E C02515/DGLES: [d_glBindTexture_special@glv3_status.cpp:620] bind external with nullptr gbuffer 0
08-29 23:37:27.383   832   943 E C02515/DGLES: [d_glBindTexture_special@glv3_status.cpp:620] bind external with nullptr gbuffer 0
08-29 23:37:27.392   832   943 E C02515/DGLES: [d_eglSwapBuffers_special@egl_gpu.cpp:729] thread output size 12459564 speed 2994k/s API_num 189
08-29 23:37:27.397   832   832 E C01406/RSScreenManager: IsAllScreensPowerOff: screenPowerStatus_ is empty.
08-29 23:37:27.398   832   943 W C01406/skia: DrawWithGles: DrawSurfaceBufferOpItem::DrawWithGles waitfence timeout
08-29 23:37:27.398   832   943 E C02515/DGLES: [d_eglCreateImage_special@egl_gpu.cpp:283] createimage with ctx null opengl_context 7fa0f06300
08-29 23:37:27.398   832   943 E C02515/DGLES: [d_glBindTexture_special@glv3_status.cpp:620] bind external with nullptr gbuffer 0
08-29 23:37:27.398   832   943 E C02515/DGLES: [d_glBindTexture_special@glv3_status.cpp:620] bind external with nullptr gbuffer 0
08-29 23:37:27.400   607   644 W C02515/DISP: [SetLayerMaskInfo:495] <private> is not supported
08-29 23:37:27.400   607  2466 I C02515/DISP: [CommitComposeLayer:67] CommitComposeLayer! 10
08-29 23:37:27.415 21767 21767 W A01c06/ICON: AppIconWeatherModel --> initWeatherListener, retryTimes: 4
08-29 23:37:27.415   607  2466 W C02515/DISP: [SetLayerMaskInfo:495] <private> is not supported
08-29 23:37:27.415   607  2466 I C02515/DISP: [CommitComposeLayer:67] CommitComposeLayer! 10
08-29 23:37:27.417   468   468 E C01707/CONCUR: [Interface] task 468 apply qos failed, errno = 4
08-29 23:37:27.417   468   468 E C01611/QosManager: QosManager: Failed to set thread QoS to QOS_USER_INTERACTIVE, ret: -1
08-29 23:37:27.418   833  1082 W C01123/BMSCommon: bundle not exist -n com.huawei.hmsapp.totemweather -u 100 -i 0 -f 32
08-29 23:37:27.418   833  1082 W C01121/BMSQuery: GetBundleInfo failed -n com.huawei.hmsapp.totemweather -u 100
08-29 23:37:27.418   468   468 E C01651/BundleMgrProxy: GetBundleInfoFromBMS: GetBundleInfo failed!bundleName is com.huawei.hmsapp.totemweather, userId is 100
08-29 23:37:27.418   468   468 E C01651/DataProviderConfig: GetFromProxyData: Get bundleInfo failed! bundleName:com.huawei.hmsapp.totemweather, userId:100, visitedId:100, uri:******icIconInfo
08-29 23:37:27.418   468   468 E C01651/DataShareServiceImpl: GetBMSAndMetaDataStatus: CalledInfo failed! token:0x200ba470,ret:1001,uri:******icIconInfo
08-29 23:37:27.418   468   468 E C01651/DataShareServiceImpl: GetSilentProxyStatus: BMS or metaData not ready to complete, token:0x200ba470, uri:******icIconInfo
08-29 23:37:27.419 21767 21767 E A01c06/ICON: AppIconWeatherModel --> get weather info failed, code: 15700010, message: The DataShareHelper is not initialized successfully.
08-29 23:37:27.469 20101 20101 I C03100/UiTestKit_Server: [system_ui_controller.cpp:(SetItemByType)] Add touchItem, finger:0, pressed:0, location:1100, 1360
08-29 23:37:27.469 20101 20101 I C02800/InputManagerImpl: [|1254]Pointer event action:4
08-29 23:37:27.469 20101 20101 I C02802/MultimodalEventHandler: [|252]PI:10000, IP:0, P:0.00, MF:-1, WI:-1, OPI:0, SI:true, A:0
08-29 23:37:27.469   245   493 I C02805/InputKeyFlow: [P:U:89814|6037]PA:up,Pid:17137,TWI:64,FWI:64,EID:89814,flags:0,DID:0AWI:64,zOrder:102.000000
08-29 23:37:27.469   245   493 I C02805/InputKeyFlow: [P:U:89814|621]SendMsg:17137
08-29 23:37:27.470 17137 17137 I C02805/InputKeyFlow: [P:U:89814|247]ac: up: 89814
08-29 23:37:27.470 17137 17137 I C02805/InputKeyFlow: [P:U:89814|649]recv
08-29 23:37:27.470 17137 17137 I C04213/InputKeyFlow: HandleInputEvent: eid:3,InputId:89814,wid:64,ac:4
08-29 23:37:27.470 17137 17137 I C03951/InputKeyFlow: [(100000:100000:scope)] ITK Id:89814, fId:10000, T:1, I=0, M=0
08-29 23:37:27.470 17137 17137 I C03934/AceUIEvent: [(100000:100000:scope)] TpFlush end by up event
08-29 23:37:27.470   127  1569 I C02d66/XPERF_SERVICE: [NotifyToXperf]: XperfServiceServer_NotifyToXperf domainId:6 eventId:0 msg:#TYPE:LAST_UP#TIME:1788017847470#BUNDLE_NAME:io.reader.harmonyos#PID:17137
08-29 23:37:27.471 17137 17137 I C01406/OHOS::RS: RSFrameRateLinker::Create id: 73602854551555
08-29 23:37:27.472   832  5279 I C01400/Vsync: RequestNextVSync: First vsync is requested, name: reader-bookturn
08-29 23:37:27.472   832  5279 I C01400/Vsync: RequestNextVSync: First vsync RequestNextVSync conn:reader-bookturn, rate:0, highPriorityRate:-1
08-29 23:37:27.472 17137 19991 I A05244/BookTurn: settle start gen=<private> commit=<private> eased=<private> dir=<private> tau0=<private> dur=<private>
08-29 23:37:27.472 17137 17137 I C03919/AceInputTracking: [(100000:100000:scope)] Consumed id:89814, last id:-1
08-29 23:37:27.472 17137 17137 I C04213/InputKeyFlow: ConsumePointerEventInner: InputId:89814,wid:64,pointId:10000,srcType:2,rect:[0,0,1320,2856],notify:1
08-29 23:37:27.473 21767 21767 I A01b09/RECENT: RecentDockRefreshAlarm: refresh recent dock: EntryAbility/io.reader.harmonyos/entry/0(persistentId: 64)(containerId: 19)
08-29 23:37:27.474 17137 20110 E C01707/CONCUR: [Interface] task 20110 apply qos failed, errno = 4
08-29 23:37:27.474   833  1082 I C057c2/IPCObjectProxy: hd:952 ct:1 D:
08-29 23:37:27.476   832   953 I C01400/Vsync: OnVSyncTrigger: F send
08-29 23:37:27.476   832   953 I C01400/Vsync: PostEvent: First vsync has send to : reader-bookturn
08-29 23:37:27.477   606  2414 I C02515/DISP: [InitBufferHandle:229] express init gbuffer id 96e0000076b ret 0 err 0 fd 6 1320 2856 pixel 4 size 15079680 usage 9
08-29 23:37:27.477   606  2414 I C02515/DISP: [ExpressAllocMem:271] ExpressAllocMem requeset BufferHandle 6, width 1320, heigt 2856, format 12
08-29 23:37:27.478   606  2414 I C02515/DISP: [ExpressFreeMem:317] freeMem bufferhandle gbuffer_id 96e0000076b, width 1320, heigt 2856
08-29 23:37:27.481 17137 19991 E C02515/DGLES: [d_eglSwapBuffers_special@egl_gpu.cpp:566] sync get ret 0 error 1 sync_fd 187
08-29 23:37:27.481 17137 19991 E C02515/DGLES: [d_eglSwapBuffers_special@egl_gpu.cpp:729] thread output size 26654334 speed 5218k/s API_num 154
08-29 23:37:27.493 17137 17137 I C0392c/AceForEach: [(100000:100000:scope)] ForEachNode skip mark dirty. Id[240], Ids.size[8]
08-29 23:37:27.494   606  2414 I C02515/DISP: [InitBufferHandle:229] express init gbuffer id 96e0000076c ret 0 err 0 fd 6 1320 2856 pixel 4 size 15079680 usage 9
08-29 23:37:27.494   606  2414 I C02515/DISP: [ExpressAllocMem:271] ExpressAllocMem requeset BufferHandle 6, width 1320, heigt 2856, format 12
08-29 23:37:27.495   606  2414 I C02515/DISP: [ExpressFreeMem:317] freeMem bufferhandle gbuffer_id 96e0000076c, width 1320, heigt 2856
08-29 23:37:27.526 17137 19991 E C02515/DGLES: [d_eglSwapBuffers_special@egl_gpu.cpp:566] sync get ret 0 error 1 sync_fd 189
08-29 23:37:27.539   832   832 I C02515/DISP: [ExpressFreeMem:317] freeMem bufferhandle gbuffer_id 96e0000076c, width 1320, heigt 2856
08-29 23:37:27.539   832   832 E C01406/RSScreenManager: IsAllScreensPowerOff: screenPowerStatus_ is empty.
08-29 23:37:27.541   832   943 W C01406/skia: DrawWithGles: DrawSurfaceBufferOpItem::DrawWithGles waitfence timeout
08-29 23:37:27.541   832   943 E C02515/DGLES: [d_eglCreateImage_special@egl_gpu.cpp:283] createimage with ctx null opengl_context 7fa0f06300
08-29 23:37:27.541   832   943 E C02515/DGLES: [d_glBindTexture_special@glv3_status.cpp:620] bind external with nullptr gbuffer 0
08-29 23:37:27.541   832   943 E C02515/DGLES: [d_glBindTexture_special@glv3_status.cpp:620] bind external with nullptr gbuffer 0
08-29 23:37:27.544   606  2414 I C02515/DISP: [InitBufferHandle:229] express init gbuffer id 96e0000076d ret 0 err 0 fd 6 1320 2856 pixel 4 size 15079680 usage 9
08-29 23:37:27.544   606  2414 I C02515/DISP: [ExpressAllocMem:271] ExpressAllocMem requeset BufferHandle 6, width 1320, heigt 2856, format 12
08-29 23:37:27.545   832   943 I C02515/DISP: [ExpressFreeMem:317] freeMem bufferhandle gbuffer_id 96e00000769, width 1320, heigt 2720
08-29 23:37:27.545   606  2414 I C02515/DISP: [ExpressFreeMem:317] freeMem bufferhandle gbuffer_id 96e0000076d, width 1320, heigt 2856
08-29 23:37:27.548 17137 19991 E C02515/DGLES: [d_eglSwapBuffers_special@egl_gpu.cpp:566] sync get ret 0 error 1 sync_fd 191
08-29 23:37:27.555   832   832 E C01406/RSScreenManager: IsAllScreensPowerOff: screenPowerStatus_ is empty.
08-29 23:37:27.555   832   943 W C01406/skia: DrawWithGles: DrawSurfaceBufferOpItem::DrawWithGles waitfence timeout
08-29 23:37:27.555   832   943 E C02515/DGLES: [d_eglCreateImage_special@egl_gpu.cpp:283] createimage with ctx null opengl_context 7fa0f06300
08-29 23:37:27.556   832   943 E C02515/DGLES: [d_glBindTexture_special@glv3_status.cpp:620] bind external with nullptr gbuffer 0
08-29 23:37:27.556   832   943 E C02515/DGLES: [d_glBindTexture_special@glv3_status.cpp:620] bind external with nullptr gbuffer 0
08-29 23:37:27.557   607  2466 W C02515/DISP: [SetLayerMaskInfo:495] <private> is not supported
08-29 23:37:27.557   607  2466 I C02515/DISP: [CommitComposeLayer:67] CommitComposeLayer! 10
08-29 23:37:27.561   606  2414 I C02515/DISP: [InitBufferHandle:229] express init gbuffer id 96e0000076e ret 0 err 0 fd 6 1320 2856 pixel 4 size 15079680 usage 9
08-29 23:37:27.561   606  2414 I C02515/DISP: [ExpressAllocMem:271] ExpressAllocMem requeset BufferHandle 6, width 1320, heigt 2856, format 12
08-29 23:37:27.562   606  2414 I C02515/DISP: [ExpressFreeMem:317] freeMem bufferhandle gbuffer_id 96e0000076e, width 1320, heigt 2856
08-29 23:37:27.567 17137 19991 E C02515/DISP: [0;32;31m[DmaBufferSync:163] express DmaBufferSync sync nothing usage 9 type 2[m
08-29 23:37:27.567 17137 19991 I C02515/DISP: [ExpressFreeMem:317] freeMem bufferhandle gbuffer_id 96e0000076a, width 1320, heigt 2753
08-29 23:37:27.569 17137 19991 E C02515/DGLES: [d_eglSwapBuffers_special@egl_gpu.cpp:566] sync get ret 0 error 1 sync_fd 193
08-29 23:37:27.570   832   832 E C01406/RSScreenManager: IsAllScreensPowerOff: screenPowerStatus_ is empty.
08-29 23:37:27.571   832   943 W C01406/skia: DrawWithGles: DrawSurfaceBufferOpItem::DrawWithGles waitfence timeout
08-29 23:37:27.571   832   943 E C02515/DGLES: [d_eglCreateImage_special@egl_gpu.cpp:283] createimage with ctx null opengl_context 7fa0f06300
08-29 23:37:27.571   832   943 E C02515/DGLES: [d_glBindTexture_special@glv3_status.cpp:620] bind external with nullptr gbuffer 0
08-29 23:37:27.571   832   943 E C02515/DGLES: [d_glBindTexture_special@glv3_status.cpp:620] bind external with nullptr gbuffer 0
08-29 23:37:27.573   607  2466 W C02515/DISP: [SetLayerMaskInfo:495] <private> is not supported
08-29 23:37:27.573   607  2466 I C02515/DISP: [CommitComposeLayer:67] CommitComposeLayer! 10
08-29 23:37:27.574   832   943 I C02515/DISP: [ExpressFreeMem:317] freeMem bufferhandle gbuffer_id 96e0000076c, width 1320, heigt 2856
08-29 23:37:27.577   606  2414 I C02515/DISP: [InitBufferHandle:229] express init gbuffer id 96e0000076f ret 0 err 0 fd 6 1320 2856 pixel 4 size 15079680 usage 9
08-29 23:37:27.577   606  2414 I C02515/DISP: [ExpressAllocMem:271] ExpressAllocMem requeset BufferHandle 6, width 1320, heigt 2856, format 12
08-29 23:37:27.578   606  2414 I C02515/DISP: [ExpressFreeMem:317] freeMem bufferhandle gbuffer_id 96e0000076f, width 1320, heigt 2856
08-29 23:37:27.582 17137 19991 E C02515/DISP: [0;32;31m[DmaBufferSync:163] express DmaBufferSync sync nothing usage 9 type 2[m
08-29 23:37:27.582 17137 19991 I C02515/DISP: [ExpressFreeMem:317] freeMem bufferhandle gbuffer_id 96e00000769, width 1320, heigt 2720
08-29 23:37:27.584 17137 19991 E C02515/DGLES: [d_eglSwapBuffers_special@egl_gpu.cpp:566] sync get ret 0 error 1 sync_fd 185
08-29 23:37:27.586   832   832 E C01406/RSScreenManager: IsAllScreensPowerOff: screenPowerStatus_ is empty.
08-29 23:37:27.587   832   943 W C01406/skia: DrawWithGles: DrawSurfaceBufferOpItem::DrawWithGles waitfence timeout
08-29 23:37:27.587   832   943 E C02515/DGLES: [d_eglCreateImage_special@egl_gpu.cpp:283] createimage with ctx null opengl_context 7fa0f06300
08-29 23:37:27.587   832   943 E C02515/DGLES: [d_glBindTexture_special@glv3_status.cpp:620] bind external with nullptr gbuffer 0
08-29 23:37:27.587   832   943 E C02515/DGLES: [d_glBindTexture_special@glv3_status.cpp:620] bind external with nullptr gbuffer 0
08-29 23:37:27.589   607  2466 W C02515/DISP: [SetLayerMaskInfo:495] <private> is not supported
08-29 23:37:27.589   607  2466 I C02515/DISP: [CommitComposeLayer:67] CommitComposeLayer! 10
08-29 23:37:27.590   832   943 I C02515/DISP: [ExpressFreeMem:317] freeMem bufferhandle gbuffer_id 96e0000076b, width 1320, heigt 2856
08-29 23:37:27.602   832   832 E C01406/RSScreenManager: IsAllScreensPowerOff: screenPowerStatus_ is empty.
08-29 23:37:27.603   832   943 W C01406/skia: DrawWithGles: DrawSurfaceBufferOpItem::DrawWithGles waitfence timeout
08-29 23:37:27.603   832   943 E C02515/DGLES: [d_eglCreateImage_special@egl_gpu.cpp:283] createimage with ctx null opengl_context 7fa0f06300
08-29 23:37:27.603   832   943 E C02515/DGLES: [d_glBindTexture_special@glv3_status.cpp:620] bind external with nullptr gbuffer 0
08-29 23:37:27.603   832   943 E C02515/DGLES: [d_glBindTexture_special@glv3_status.cpp:620] bind external with nullptr gbuffer 0
08-29 23:37:27.605   607  2466 W C02515/DISP: [SetLayerMaskInfo:495] <private> is not supported
08-29 23:37:27.605   607  2466 I C02515/DISP: [CommitComposeLayer:67] CommitComposeLayer! 10
08-29 23:37:27.607   832   943 I C02515/DISP: [ExpressFreeMem:317] freeMem bufferhandle gbuffer_id 96e0000076d, width 1320, heigt 2856
08-29 23:37:27.618   832   832 E C01406/RSScreenManager: IsAllScreensPowerOff: screenPowerStatus_ is empty.
08-29 23:37:27.618   832   943 W C01406/skia: DrawWithGles: DrawSurfaceBufferOpItem::DrawWithGles waitfence timeout
08-29 23:37:27.618   832   943 E C02515/DGLES: [d_eglCreateImage_special@egl_gpu.cpp:283] createimage with ctx null opengl_context 7fa0f06300
08-29 23:37:27.618   832   943 E C02515/DGLES: [d_glBindTexture_special@glv3_status.cpp:620] bind external with nullptr gbuffer 0
08-29 23:37:27.618   832   943 E C02515/DGLES: [d_glBindTexture_special@glv3_status.cpp:620] bind external with nullptr gbuffer 0
08-29 23:37:27.621   607  2466 W C02515/DISP: [SetLayerMaskInfo:495] <private> is not supported
08-29 23:37:27.621   607  2466 I C02515/DISP: [CommitComposeLayer:67] CommitComposeLayer! 10
08-29 23:37:27.623   832   943 I C02515/DISP: [ExpressFreeMem:317] freeMem bufferhandle gbuffer_id 96e0000076e, width 1320, heigt 2856
08-29 23:37:27.633   832   832 E C01406/RSScreenManager: IsAllScreensPowerOff: screenPowerStatus_ is empty.
08-29 23:37:27.634   832   943 W C01406/skia: DrawWithGles: DrawSurfaceBufferOpItem::DrawWithGles waitfence timeout
08-29 23:37:27.634   832   943 E C02515/DGLES: [d_eglCreateImage_special@egl_gpu.cpp:283] createimage with ctx null opengl_context 7fa0f06300
08-29 23:37:27.634   832   943 E C02515/DGLES: [d_glBindTexture_special@glv3_status.cpp:620] bind external with nullptr gbuffer 0
08-29 23:37:27.634   832   943 E C02515/DGLES: [d_glBindTexture_special@glv3_status.cpp:620] bind external with nullptr gbuffer 0
08-29 23:37:27.636   607  2466 W C02515/DISP: [SetLayerMaskInfo:495] <private> is not supported
08-29 23:37:27.636   607  2466 I C02515/DISP: [CommitComposeLayer:67] CommitComposeLayer! 10
08-29 23:37:27.637 21767 32335 I C03f05/NAPI: taskpool:: A:3, R:0, I:3, O:0
08-29 23:37:27.637 21767 32338 I C03f05/NAPI: taskpool::Task PerformTask End: 769342008, 29 23:37:16.043
08-29 23:37:27.637 21767 32338 I C03f05/NAPI: taskpool::Task PerformTask End: 866848569, 29 23:37:16.112
08-29 23:37:27.640   832   943 I C02515/DISP: [ExpressFreeMem:317] freeMem bufferhandle gbuffer_id 96e0000076f, width 1320, heigt 2856
08-29 23:37:27.650   832   832 E C01406/RSScreenManager: IsAllScreensPowerOff: screenPowerStatus_ is empty.
08-29 23:37:27.650   832   943 W C01406/skia: DrawWithGles: DrawSurfaceBufferOpItem::DrawWithGles waitfence timeout
08-29 23:37:27.650   832   943 E C02515/DGLES: [d_eglCreateImage_special@egl_gpu.cpp:283] createimage with ctx null opengl_context 7fa0f06300
08-29 23:37:27.650   832   943 E C02515/DGLES: [d_glBindTexture_special@glv3_status.cpp:620] bind external with nullptr gbuffer 0
08-29 23:37:27.650   832   943 E C02515/DGLES: [d_glBindTexture_special@glv3_status.cpp:620] bind external with nullptr gbuffer 0
08-29 23:37:27.652   607  2466 W C02515/DISP: [SetLayerMaskInfo:495] <private> is not supported
08-29 23:37:27.652   607  2466 I C02515/DISP: [CommitComposeLayer:67] CommitComposeLayer! 10
08-29 23:37:27.657   832   943 I C02515/DISP: [ExpressFreeMem:317] freeMem bufferhandle gbuffer_id 96e0000076c, width 1320, heigt 2856
08-29 23:37:27.666   832   832 E C01406/RSScreenManager: IsAllScreensPowerOff: screenPowerStatus_ is empty.
08-29 23:37:27.667   832   943 W C01406/skia: DrawWithGles: DrawSurfaceBufferOpItem::DrawWithGles waitfence timeout
08-29 23:37:27.667   832   943 E C02515/DGLES: [d_eglCreateImage_special@egl_gpu.cpp:283] createimage with ctx null opengl_context 7fa0f06300
08-29 23:37:27.667   832   943 E C02515/DGLES: [d_glBindTexture_special@glv3_status.cpp:620] bind external with nullptr gbuffer 0
08-29 23:37:27.667   832   943 E C02515/DGLES: [d_glBindTexture_special@glv3_status.cpp:620] bind external with nullptr gbuffer 0
08-29 23:37:27.668   607  2466 W C02515/DISP: [SetLayerMaskInfo:495] <private> is not supported
08-29 23:37:27.668   607  2466 I C02515/DISP: [CommitComposeLayer:67] CommitComposeLayer! 10
08-29 23:37:27.673   832   943 I C02515/DISP: [ExpressFreeMem:317] freeMem bufferhandle gbuffer_id 96e0000076b, width 1320, heigt 2856
08-29 23:37:27.681   832   832 E C01406/RSScreenManager: IsAllScreensPowerOff: screenPowerStatus_ is empty.
08-29 23:37:27.682   832   943 W C01406/skia: DrawWithGles: DrawSurfaceBufferOpItem::DrawWithGles waitfence timeout
08-29 23:37:27.682   832   943 E C02515/DGLES: [d_eglCreateImage_special@egl_gpu.cpp:283] createimage with ctx null opengl_context 7fa0f06300
08-29 23:37:27.682   832   943 E C02515/DGLES: [d_glBindTexture_special@glv3_status.cpp:620] bind external with nullptr gbuffer 0
08-29 23:37:27.682   832   943 E C02515/DGLES: [d_glBindTexture_special@glv3_status.cpp:620] bind external with nullptr gbuffer 0
08-29 23:37:27.685   607  2466 W C02515/DISP: [SetLayerMaskInfo:495] <private> is not supported
08-29 23:37:27.685   607  2466 I C02515/DISP: [CommitComposeLayer:67] CommitComposeLayer! 10
08-29 23:37:27.689   832   943 I C02515/DISP: [ExpressFreeMem:317] freeMem bufferhandle gbuffer_id 96e0000076d, width 1320, heigt 2856
08-29 23:37:27.696   832   832 E C01406/RSScreenManager: IsAllScreensPowerOff: screenPowerStatus_ is empty.
08-29 23:37:27.697   832   943 W C01406/skia: DrawWithGles: DrawSurfaceBufferOpItem::DrawWithGles waitfence timeout
08-29 23:37:27.697   832   943 E C02515/DGLES: [d_eglCreateImage_special@egl_gpu.cpp:283] createimage with ctx null opengl_context 7fa0f06300
08-29 23:37:27.697   832   943 E C02515/DGLES: [d_glBindTexture_special@glv3_status.cpp:620] bind external with nullptr gbuffer 0
08-29 23:37:27.697   832   943 E C02515/DGLES: [d_glBindTexture_special@glv3_status.cpp:620] bind external with nullptr gbuffer 0
08-29 23:37:27.700   607  2466 W C02515/DISP: [SetLayerMaskInfo:495] <private> is not supported
08-29 23:37:27.700   607  2466 I C02515/DISP: [CommitComposeLayer:67] CommitComposeLayer! 10
08-29 23:37:27.706   832   943 I C02515/DISP: [ExpressFreeMem:317] freeMem bufferhandle gbuffer_id 96e0000076e, width 1320, heigt 2856
08-29 23:37:27.713   832   832 E C01406/RSScreenManager: IsAllScreensPowerOff: screenPowerStatus_ is empty.
08-29 23:37:27.713   832   943 W C01406/skia: DrawWithGles: DrawSurfaceBufferOpItem::DrawWithGles waitfence timeout
08-29 23:37:27.713   832   943 E C02515/DGLES: [d_eglCreateImage_special@egl_gpu.cpp:283] createimage with ctx null opengl_context 7fa0f06300
08-29 23:37:27.713   832   943 E C02515/DGLES: [d_glBindTexture_special@glv3_status.cpp:620] bind external with nullptr gbuffer 0
08-29 23:37:27.713   832   943 E C02515/DGLES: [d_glBindTexture_special@glv3_status.cpp:620] bind external with nullptr gbuffer 0
08-29 23:37:27.714   607  2466 W C02515/DISP: [SetLayerMaskInfo:495] <private> is not supported
08-29 23:37:27.715   607  2466 I C02515/DISP: [CommitComposeLayer:67] CommitComposeLayer! 10
08-29 23:37:27.723   832   943 I C02515/DISP: [ExpressFreeMem:317] freeMem bufferhandle gbuffer_id 96e0000076f, width 1320, heigt 2856
08-29 23:37:27.728   832   832 E C01406/RSScreenManager: IsAllScreensPowerOff: screenPowerStatus_ is empty.
08-29 23:37:27.728   832   943 W C01406/skia: DrawWithGles: DrawSurfaceBufferOpItem::DrawWithGles waitfence timeout
08-29 23:37:27.728   832   943 E C02515/DGLES: [d_eglCreateImage_special@egl_gpu.cpp:283] createimage with ctx null opengl_context 7fa0f06300
08-29 23:37:27.728   832   943 E C02515/DGLES: [d_glBindTexture_special@glv3_status.cpp:620] bind external with nullptr gbuffer 0
08-29 23:37:27.728   832   943 E C02515/DGLES: [d_glBindTexture_special@glv3_status.cpp:620] bind external with nullptr gbuffer 0
08-29 23:37:27.732   607  2466 W C02515/DISP: [SetLayerMaskInfo:495] <private> is not supported
08-29 23:37:27.732   607  2466 I C02515/DISP: [CommitComposeLayer:67] CommitComposeLayer! 10
08-29 23:37:27.740   832   943 I C02515/DISP: [ExpressFreeMem:317] freeMem bufferhandle gbuffer_id 96e0000076c, width 1320, heigt 2856
08-29 23:37:27.744   832   832 E C01406/RSScreenManager: IsAllScreensPowerOff: screenPowerStatus_ is empty.
08-29 23:37:27.744   832   943 W C01406/skia: DrawWithGles: DrawSurfaceBufferOpItem::DrawWithGles waitfence timeout
08-29 23:37:27.744   832   943 E C02515/DGLES: [d_eglCreateImage_special@egl_gpu.cpp:283] createimage with ctx null opengl_context 7fa0f06300
08-29 23:37:27.744   832   943 E C02515/DGLES: [d_glBindTexture_special@glv3_status.cpp:620] bind external with nullptr gbuffer 0
08-29 23:37:27.744   832   943 E C02515/DGLES: [d_glBindTexture_special@glv3_status.cpp:620] bind external with nullptr gbuffer 0
08-29 23:37:27.746   607  2466 W C02515/DISP: [SetLayerMaskInfo:495] <private> is not supported
08-29 23:37:27.746   607  2466 I C02515/DISP: [CommitComposeLayer:67] CommitComposeLayer! 10
08-29 23:37:27.757   832   943 I C02515/DISP: [ExpressFreeMem:317] freeMem bufferhandle gbuffer_id 96e0000076b, width 1320, heigt 2856
08-29 23:37:27.759   832   832 E C01406/RSScreenManager: IsAllScreensPowerOff: screenPowerStatus_ is empty.
08-29 23:37:27.760   832   943 W C01406/skia: DrawWithGles: DrawSurfaceBufferOpItem::DrawWithGles waitfence timeout
08-29 23:37:27.760   832   943 E C02515/DGLES: [d_eglCreateImage_special@egl_gpu.cpp:283] createimage with ctx null opengl_context 7fa0f06300
08-29 23:37:27.760   832   943 E C02515/DGLES: [d_glBindTexture_special@glv3_status.cpp:620] bind external with nullptr gbuffer 0
08-29 23:37:27.760   832   943 E C02515/DGLES: [d_glBindTexture_special@glv3_status.cpp:620] bind external with nullptr gbuffer 0
08-29 23:37:27.762   607  2466 W C02515/DISP: [SetLayerMaskInfo:495] <private> is not supported
08-29 23:37:27.762   607  2466 I C02515/DISP: [CommitComposeLayer:67] CommitComposeLayer! 10
08-29 23:37:27.773   832   943 I C02515/DISP: [ExpressFreeMem:317] freeMem bufferhandle gbuffer_id 96e0000076d, width 1320, heigt 2856
08-29 23:37:27.776   832   832 E C01406/RSScreenManager: IsAllScreensPowerOff: screenPowerStatus_ is empty.
08-29 23:37:27.776   832   943 W C01406/skia: DrawWithGles: DrawSurfaceBufferOpItem::DrawWithGles waitfence timeout
08-29 23:37:27.776   832   943 E C02515/DGLES: [d_eglCreateImage_special@egl_gpu.cpp:283] createimage with ctx null opengl_context 7fa0f06300
08-29 23:37:27.776   832   943 E C02515/DGLES: [d_glBindTexture_special@glv3_status.cpp:620] bind external with nullptr gbuffer 0
08-29 23:37:27.776   832   943 E C02515/DGLES: [d_glBindTexture_special@glv3_status.cpp:620] bind external with nullptr gbuffer 0
08-29 23:37:27.778   607  2466 W C02515/DISP: [SetLayerMaskInfo:495] <private> is not supported
08-29 23:37:27.778   607  2466 I C02515/DISP: [CommitComposeLayer:67] CommitComposeLayer! 10
08-29 23:37:27.790   832   943 I C02515/DISP: [ExpressFreeMem:317] freeMem bufferhandle gbuffer_id 96e0000076e, width 1320, heigt 2856
08-29 23:37:27.791   832   832 E C01406/RSScreenManager: IsAllScreensPowerOff: screenPowerStatus_ is empty.
08-29 23:37:27.791   832   943 W C01406/skia: DrawWithGles: DrawSurfaceBufferOpItem::DrawWithGles waitfence timeout
08-29 23:37:27.791   832   943 E C02515/DGLES: [d_eglCreateImage_special@egl_gpu.cpp:283] createimage with ctx null opengl_context 7fa0f06300
08-29 23:37:27.791   832   943 E C02515/DGLES: [d_glBindTexture_special@glv3_status.cpp:620] bind external with nullptr gbuffer 0
08-29 23:37:27.791   832   943 E C02515/DGLES: [d_glBindTexture_special@glv3_status.cpp:620] bind external with nullptr gbuffer 0
08-29 23:37:27.793   607  2466 W C02515/DISP: [SetLayerMaskInfo:495] <private> is not supported
08-29 23:37:27.793   607  2466 I C02515/DISP: [CommitComposeLayer:67] CommitComposeLayer! 10
08-29 23:37:27.806   832   943 I C02515/DISP: [ExpressFreeMem:317] freeMem bufferhandle gbuffer_id 96e0000076f, width 1320, heigt 2856
08-29 23:37:27.807   832   832 E C01406/RSScreenManager: IsAllScreensPowerOff: screenPowerStatus_ is empty.
08-29 23:37:27.807   832   943 W C01406/skia: DrawWithGles: DrawSurfaceBufferOpItem::DrawWithGles waitfence timeout
08-29 23:37:27.807   832   943 E C02515/DGLES: [d_eglCreateImage_special@egl_gpu.cpp:283] createimage with ctx null opengl_context 7fa0f06300
08-29 23:37:27.807   832   943 E C02515/DGLES: [d_glBindTexture_special@glv3_status.cpp:620] bind external with nullptr gbuffer 0
08-29 23:37:27.807   832   943 E C02515/DGLES: [d_glBindTexture_special@glv3_status.cpp:620] bind external with nullptr gbuffer 0
08-29 23:37:27.809   607  2466 W C02515/DISP: [SetLayerMaskInfo:495] <private> is not supported
08-29 23:37:27.809   607  2466 I C02515/DISP: [CommitComposeLayer:67] CommitComposeLayer! 10
08-29 23:37:27.822   832   832 E C01406/RSScreenManager: IsAllScreensPowerOff: screenPowerStatus_ is empty.
08-29 23:37:27.823   832   943 W C01406/skia: DrawWithGles: DrawSurfaceBufferOpItem::DrawWithGles waitfence timeout
08-29 23:37:27.823   832   943 E C02515/DGLES: [d_eglCreateImage_special@egl_gpu.cpp:283] createimage with ctx null opengl_context 7fa0f06300
08-29 23:37:27.823   832   943 E C02515/DGLES: [d_glBindTexture_special@glv3_status.cpp:620] bind external with nullptr gbuffer 0
08-29 23:37:27.823   832   943 E C02515/DGLES: [d_glBindTexture_special@glv3_status.cpp:620] bind external with nullptr gbuffer 0
08-29 23:37:27.825   607  2466 W C02515/DISP: [SetLayerMaskInfo:495] <private> is not supported
08-29 23:37:27.825   607  2466 I C02515/DISP: [CommitComposeLayer:67] CommitComposeLayer! 10
08-29 23:37:27.838   832   832 E C01406/RSScreenManager: IsAllScreensPowerOff: screenPowerStatus_ is empty.
08-29 23:37:27.840   832   943 I C02515/DISP: [ExpressFreeMem:317] freeMem bufferhandle gbuffer_id 96e0000076c, width 1320, heigt 2856
08-29 23:37:27.840   607  2466 W C02515/DISP: [SetLayerMaskInfo:495] <private> is not supported
08-29 23:37:27.840   607  2466 I C02515/DISP: [CommitComposeLayer:67] CommitComposeLayer! 10
08-29 23:37:27.841   832   943 W C01406/skia: DrawWithGles: DrawSurfaceBufferOpItem::DrawWithGles waitfence timeout
08-29 23:37:27.841   832   943 E C02515/DGLES: [d_eglCreateImage_special@egl_gpu.cpp:283] createimage with ctx null opengl_context 7fa0f06300
08-29 23:37:27.841   832   943 E C02515/DGLES: [d_glBindTexture_special@glv3_status.cpp:620] bind external with nullptr gbuffer 0
08-29 23:37:27.841   832   943 E C02515/DGLES: [d_glBindTexture_special@glv3_status.cpp:620] bind external with nullptr gbuffer 0
08-29 23:37:27.856   832   832 E C01406/RSScreenManager: IsAllScreensPowerOff: screenPowerStatus_ is empty.
08-29 23:37:27.856   607  2466 W C02515/DISP: [SetLayerMaskInfo:495] <private> is not supported
08-29 23:37:27.856   832   943 I C02515/DISP: [ExpressFreeMem:317] freeMem bufferhandle gbuffer_id 96e0000076b, width 1320, heigt 2856
08-29 23:37:27.857   607  2466 I C02515/DISP: [CommitComposeLayer:67] CommitComposeLayer! 10
08-29 23:37:27.857   832   943 W C01406/skia: DrawWithGles: DrawSurfaceBufferOpItem::DrawWithGles waitfence timeout
08-29 23:37:27.857   832   943 E C02515/DGLES: [d_eglCreateImage_special@egl_gpu.cpp:283] createimage with ctx null opengl_context 7fa0f06300
08-29 23:37:27.857   832   943 E C02515/DGLES: [d_glBindTexture_special@glv3_status.cpp:620] bind external with nullptr gbuffer 0
08-29 23:37:27.857   832   943 E C02515/DGLES: [d_glBindTexture_special@glv3_status.cpp:620] bind external with nullptr gbuffer 0
08-29 23:37:27.870   832   832 E C01406/RSScreenManager: IsAllScreensPowerOff: screenPowerStatus_ is empty.
08-29 23:37:27.873   832   943 I C02515/DISP: [ExpressFreeMem:317] freeMem bufferhandle gbuffer_id 96e0000076d, width 1320, heigt 2856
08-29 23:37:27.873   832   943 W C01406/skia: DrawWithGles: DrawSurfaceBufferOpItem::DrawWithGles waitfence timeout
08-29 23:37:27.873   832   943 E C02515/DGLES: [d_eglCreateImage_special@egl_gpu.cpp:283] createimage with ctx null opengl_context 7fa0f06300
08-29 23:37:27.873   832   943 E C02515/DGLES: [d_glBindTexture_special@glv3_status.cpp:620] bind external with nullptr gbuffer 0
08-29 23:37:27.873   832   943 E C02515/DGLES: [d_glBindTexture_special@glv3_status.cpp:620] bind external with nullptr gbuffer 0
08-29 23:37:27.874   607  2466 W C02515/DISP: [SetLayerMaskInfo:495] <private> is not supported
08-29 23:37:27.874   607  2466 I C02515/DISP: [CommitComposeLayer:67] CommitComposeLayer! 10
08-29 23:37:27.875 17137 19991 I A05244/BookTurn: swap fire gen=<private> mask=<private>
08-29 23:37:27.875 17137 19991 I A05244/BookTurn: swap done gen=<private> mask=<private>
08-29 23:37:27.886   832   832 E C01406/RSScreenManager: IsAllScreensPowerOff: screenPowerStatus_ is empty.
08-29 23:37:27.890   832   943 I C02515/DISP: [ExpressFreeMem:317] freeMem bufferhandle gbuffer_id 96e0000076e, width 1320, heigt 2856
08-29 23:37:27.890   607  2466 W C02515/DISP: [SetLayerMaskInfo:495] <private> is not supported
08-29 23:37:27.890   607  2466 I C02515/DISP: [CommitComposeLayer:67] CommitComposeLayer! 10
08-29 23:37:27.891   832   943 W C01406/skia: DrawWithGles: DrawSurfaceBufferOpItem::DrawWithGles waitfence timeout
08-29 23:37:27.891   832   943 E C02515/DGLES: [d_eglCreateImage_special@egl_gpu.cpp:283] createimage with ctx null opengl_context 7fa0f06300
08-29 23:37:27.891   832   943 E C02515/DGLES: [d_glBindTexture_special@glv3_status.cpp:620] bind external with nullptr gbuffer 0
08-29 23:37:27.891   832   943 E C02515/DGLES: [d_glBindTexture_special@glv3_status.cpp:620] bind external with nullptr gbuffer 0
08-29 23:37:27.901   832   832 E C01406/RSScreenManager: IsAllScreensPowerOff: screenPowerStatus_ is empty.
08-29 23:37:27.902 20112 20112 W C02c02/PARAM: Selinux check name persist.init.debug.loglevel in u:object_r:startup_init_param:s0 [20112 2000 2000] failed
08-29 23:37:27.903 20112 20112 W C02c02/PARAM: Selinux check name persist.init.debug.loglevel in u:object_r:startup_init_param:s0 [20112 2000 2000] failed
08-29 23:37:27.903 20112 20112 W C02c02/PARAM: SystemReadParam failed!name is:persist.init.debug.loglevel,err:1002
08-29 23:37:27.906   832   943 I C02515/DISP: [ExpressFreeMem:317] freeMem bufferhandle gbuffer_id 96e0000076f, width 1320, heigt 2856
08-29 23:37:27.907   607  2466 W C02515/DISP: [SetLayerMaskInfo:495] <private> is not supported
08-29 23:37:27.907   607  2466 I C02515/DISP: [CommitComposeLayer:67] CommitComposeLayer! 10
08-29 23:37:27.907   832   943 W C01406/skia: DrawWithGles: DrawSurfaceBufferOpItem::DrawWithGles waitfence timeout
08-29 23:37:27.907   832   943 E C02515/DGLES: [d_eglCreateImage_special@egl_gpu.cpp:283] createimage with ctx null opengl_context 7fa0f06300
08-29 23:37:27.907   832   943 E C02515/DGLES: [d_glBindTexture_special@glv3_status.cpp:620] bind external with nullptr gbuffer 0
08-29 23:37:27.907   832   943 E C02515/DGLES: [d_glBindTexture_special@glv3_status.cpp:620] bind external with nullptr gbuffer 0
08-29 23:37:27.911 20112 20112 W C02c02/PARAM: Selinux check name persist.init.debug.loglevel in u:object_r:startup_init_param:s0 [20112 2000 2000] failed
08-29 23:37:27.911 20112 20112 W C02c02/PARAM: Selinux check name persist.init.debug.loglevel in u:object_r:startup_init_param:s0 [20112 2000 2000] failed
08-29 23:37:27.911 20112 20112 W C02c02/PARAM: SystemReadParam failed!name is:persist.init.debug.loglevel,err:1002
08-29 23:37:27.917   832   832 E C01406/RSScreenManager: IsAllScreensPowerOff: screenPowerStatus_ is empty.
08-29 23:37:27.923   832   943 I C02515/DISP: [ExpressFreeMem:317] freeMem bufferhandle gbuffer_id 96e0000076c, width 1320, heigt 2856
08-29 23:37:27.923   607  2466 W C02515/DISP: [SetLayerMaskInfo:495] <private> is not supported
08-29 23:37:27.923   607  2466 I C02515/DISP: [CommitComposeLayer:67] CommitComposeLayer! 10
08-29 23:37:27.923   832   943 W C01406/skia: DrawWithGles: DrawSurfaceBufferOpItem::DrawWithGles waitfence timeout
08-29 23:37:27.923   832   943 E C02515/DGLES: [d_eglCreateImage_special@egl_gpu.cpp:283] createimage with ctx null opengl_context 7fa0f06300
08-29 23:37:27.924   832   943 E C02515/DGLES: [d_glBindTexture_special@glv3_status.cpp:620] bind external with nullptr gbuffer 0
08-29 23:37:27.924   832   943 E C02515/DGLES: [d_glBindTexture_special@glv3_status.cpp:620] bind external with nullptr gbuffer 0
08-29 23:37:27.935   832   832 E C01406/RSScreenManager: IsAllScreensPowerOff: screenPowerStatus_ is empty.
08-29 23:37:27.940   832   943 I C02515/DISP: [ExpressFreeMem:317] freeMem bufferhandle gbuffer_id 96e0000076b, width 1320, heigt 2856
08-29 23:37:27.940   607  2466 W C02515/DISP: [SetLayerMaskInfo:495] <private> is not supported
08-29 23:37:27.941   607   644 I C02515/DISP: [CommitComposeLayer:67] CommitComposeLayer! 10
08-29 23:37:27.941   832   943 W C01406/skia: DrawWithGles: DrawSurfaceBufferOpItem::DrawWithGles waitfence timeout
08-29 23:37:27.941   832   943 E C02515/DGLES: [d_eglCreateImage_special@egl_gpu.cpp:283] createimage with ctx null opengl_context 7fa0f06300
08-29 23:37:27.946   832   943 E C02515/DGLES: [d_glBindTexture_special@glv3_status.cpp:620] bind external with nullptr gbuffer 0
08-29 23:37:27.946   832   943 E C02515/DGLES: [d_glBindTexture_special@glv3_status.cpp:620] bind external with nullptr gbuffer 0
08-29 23:37:27.949   832   832 E C01406/RSScreenManager: IsAllScreensPowerOff: screenPowerStatus_ is empty.
08-29 23:37:27.957   832   943 I C02515/DISP: [ExpressFreeMem:317] freeMem bufferhandle gbuffer_id 96e0000076d, width 1320, heigt 2856
08-29 23:37:27.957   607  2466 W C02515/DISP: [SetLayerMaskInfo:495] <private> is not supported
08-29 23:37:27.957   607   644 I C02515/DISP: [CommitComposeLayer:67] CommitComposeLayer! 10
08-29 23:37:27.957   832   943 W C01406/skia: DrawWithGles: DrawSurfaceBufferOpItem::DrawWithGles waitfence timeout
08-29 23:37:27.957   832   943 E C02515/DGLES: [d_eglCreateImage_special@egl_gpu.cpp:283] createimage with ctx null opengl_context 7fa0f06300
08-29 23:37:27.958   832   943 E C02515/DGLES: [d_glBindTexture_special@glv3_status.cpp:620] bind external with nullptr gbuffer 0
08-29 23:37:27.958   832   943 E C02515/DGLES: [d_glBindTexture_special@glv3_status.cpp:620] bind external with nullptr gbuffer 0
08-29 23:37:27.964   832   832 E C01406/RSScreenManager: IsAllScreensPowerOff: screenPowerStatus_ is empty.
08-29 23:37:27.974   832   943 I C02515/DISP: [ExpressFreeMem:317] freeMem bufferhandle gbuffer_id 96e0000076e, width 1320, heigt 2856
08-29 23:37:27.974   607   644 W C02515/DISP: [SetLayerMaskInfo:495] <private> is not supported
08-29 23:37:27.974   607  2466 I C02515/DISP: [CommitComposeLayer:67] CommitComposeLayer! 10
08-29 23:37:27.974   832   943 W C01406/skia: DrawWithGles: DrawSurfaceBufferOpItem::DrawWithGles waitfence timeout
08-29 23:37:27.974   832   943 E C02515/DGLES: [d_eglCreateImage_special@egl_gpu.cpp:283] createimage with ctx null opengl_context 7fa0f06300
08-29 23:37:27.974   832   943 E C02515/DGLES: [d_glBindTexture_special@glv3_status.cpp:620] bind external with nullptr gbuffer 0
08-29 23:37:27.974   832   943 E C02515/DGLES: [d_glBindTexture_special@glv3_status.cpp:620] bind external with nullptr gbuffer 0
08-29 23:37:27.980   832   832 E C01406/RSScreenManager: IsAllScreensPowerOff: screenPowerStatus_ is empty.
08-29 23:37:27.990   832   943 I C02515/DISP: [ExpressFreeMem:317] freeMem bufferhandle gbuffer_id 96e0000076f, width 1320, heigt 2856
08-29 23:37:27.990   607  2466 W C02515/DISP: [SetLayerMaskInfo:495] <private> is not supported
08-29 23:37:27.990   607  2466 I C02515/DISP: [CommitComposeLayer:67] CommitComposeLayer! 10
08-29 23:37:27.990   832   943 W C01406/skia: DrawWithGles: DrawSurfaceBufferOpItem::DrawWithGles waitfence timeout
08-29 23:37:27.990   832   943 E C02515/DGLES: [d_eglCreateImage_special@egl_gpu.cpp:283] createimage with ctx null opengl_context 7fa0f06300
08-29 23:37:27.990   832   943 E C02515/DGLES: [d_glBindTexture_special@glv3_status.cpp:620] bind external with nullptr gbuffer 0
08-29 23:37:27.990   832   943 E C02515/DGLES: [d_glBindTexture_special@glv3_status.cpp:620] bind external with nullptr gbuffer 0
08-29 23:37:27.996   832   832 E C01406/RSScreenManager: IsAllScreensPowerOff: screenPowerStatus_ is empty.
08-29 23:37:28.007   832   943 I C02515/DISP: [ExpressFreeMem:317] freeMem bufferhandle gbuffer_id 96e0000076c, width 1320, heigt 2856
08-29 23:37:28.007   607  2466 W C02515/DISP: [SetLayerMaskInfo:495] <private> is not supported
08-29 23:37:28.007   607  2466 I C02515/DISP: [CommitComposeLayer:67] CommitComposeLayer! 10
08-29 23:37:28.008   832   943 W C01406/skia: DrawWithGles: DrawSurfaceBufferOpItem::DrawWithGles waitfence timeout
08-29 23:37:28.008   832   943 E C02515/DGLES: [d_eglCreateImage_special@egl_gpu.cpp:283] createimage with ctx null opengl_context 7fa0f06300
08-29 23:37:28.008   832   943 E C02515/DGLES: [d_glBindTexture_special@glv3_status.cpp:620] bind external with nullptr gbuffer 0
08-29 23:37:28.008   832   943 E C02515/DGLES: [d_glBindTexture_special@glv3_status.cpp:620] bind external with nullptr gbuffer 0
08-29 23:37:28.011   832   832 E C01406/RSScreenManager: IsAllScreensPowerOff: screenPowerStatus_ is empty.
08-29 23:37:28.023   607  2466 W C02515/DISP: [SetLayerMaskInfo:495] <private> is not supported
08-29 23:37:28.023   607   644 I C02515/DISP: [CommitComposeLayer:67] CommitComposeLayer! 10
08-29 23:37:28.023   832   943 W C01406/skia: DrawWithGles: DrawSurfaceBufferOpItem::DrawWithGles waitfence timeout
08-29 23:37:28.023   832   943 E C02515/DGLES: [d_eglCreateImage_special@egl_gpu.cpp:283] createimage with ctx null opengl_context 7fa0f06300
08-29 23:37:28.024   832   943 E C02515/DGLES: [d_glBindTexture_special@glv3_status.cpp:620] bind external with nullptr gbuffer 0
08-29 23:37:28.024   832   943 E C02515/DGLES: [d_glBindTexture_special@glv3_status.cpp:620] bind external with nullptr gbuffer 0
08-29 23:37:28.027   832   832 E C01406/RSScreenManager: IsAllScreensPowerOff: screenPowerStatus_ is empty.
08-29 23:37:28.120 20115 20115 W C02c02/PARAM: Selinux check name persist.init.debug.loglevel in u:object_r:startup_init_param:s0 [20115 2000 2000] failed
08-29 23:37:28.121 20115 20115 W C02c02/PARAM: Selinux check name persist.init.debug.loglevel in u:object_r:startup_init_param:s0 [20115 2000 2000] failed
08-29 23:37:28.121 20115 20115 W C02c02/PARAM: SystemReadParam failed!name is:persist.init.debug.loglevel,err:1002
08-29 23:37:28.126 20117 20117 W C02c02/PARAM: Selinux check name persist.init.debug.loglevel in u:object_r:startup_init_param:s0 [20117 2000 2000] failed
08-29 23:37:28.126 20117 20117 W C02c02/PARAM: Selinux check name persist.init.debug.loglevel in u:object_r:startup_init_param:s0 [20117 2000 2000] failed
08-29 23:37:28.126 20117 20117 W C02c02/PARAM: SystemReadParam failed!name is:persist.init.debug.loglevel,err:1002
08-29 23:37:28.126 20118 20118 W C02c02/PARAM: Selinux check name persist.init.debug.loglevel in u:object_r:startup_init_param:s0 [20118 2000 2000] failed
08-29 23:37:28.126 20118 20118 W C02c02/PARAM: Selinux check name persist.init.debug.loglevel in u:object_r:startup_init_param:s0 [20118 2000 2000] failed
08-29 23:37:28.126 20118 20118 W C02c02/PARAM: SystemReadParam failed!name is:persist.init.debug.loglevel,err:1002
08-29 23:37:28.127 20119 20119 W C02c02/PARAM: Selinux check name persist.init.debug.loglevel in u:object_r:startup_init_param:s0 [20119 2000 2000] failed
08-29 23:37:28.127 20119 20119 W C02c02/PARAM: Selinux check name persist.init.debug.loglevel in u:object_r:startup_init_param:s0 [20119 2000 2000] failed
08-29 23:37:28.127 20119 20119 W C02c02/PARAM: SystemReadParam failed!name is:persist.init.debug.loglevel,err:1002
08-29 23:37:28.139 20121 20121 W C02c02/PARAM: Selinux check name persist.init.debug.loglevel in u:object_r:startup_init_param:s0 [20121 2000 2000] failed
08-29 23:37:28.139 20121 20121 W C02c02/PARAM: Selinux check name persist.init.debug.loglevel in u:object_r:startup_init_param:s0 [20121 2000 2000] failed
08-29 23:37:28.139 20121 20121 W C02c02/PARAM: SystemReadParam failed!name is:persist.init.debug.loglevel,err:1002
08-29 23:37:28.139 20120 20120 W C02c02/PARAM: Selinux check name persist.init.debug.loglevel in u:object_r:startup_init_param:s0 [20120 2000 2000] failed
08-29 23:37:28.139 20120 20120 W C02c02/PARAM: Selinux check name persist.init.debug.loglevel in u:object_r:startup_init_param:s0 [20120 2000 2000] failed
08-29 23:37:28.139 20120 20120 W C02c02/PARAM: SystemReadParam failed!name is:persist.init.debug.loglevel,err:1002
08-29 23:37:28.303   832   943 W C01406/OHOS::RS: RSJankStats::SetJankStats jank frames 16
08-29 23:37:28.303   607   644 W C02515/DISP: [SetLayerMaskInfo:495] <private> is not supported
08-29 23:37:28.303   832   943 I C02515/DISP: [ExpressFreeMem:317] freeMem bufferhandle gbuffer_id 96e0000076b, width 1320, heigt 2856
08-29 23:37:28.303   607  2466 I C02515/DISP: [CommitComposeLayer:67] CommitComposeLayer! 10
08-29 23:37:28.305   832   832 I C02515/DISP: [ExpressFreeMem:317] freeMem bufferhandle gbuffer_id 96e0000076f, width 1320, heigt 2856
08-29 23:37:28.305   832   832 E C01406/RSScreenManager: IsAllScreensPowerOff: screenPowerStatus_ is empty.
08-29 23:37:28.305   832   943 W C01406/skia: DrawWithGles: DrawSurfaceBufferOpItem::DrawWithGles waitfence timeout
08-29 23:37:28.305   832   943 E C02515/DGLES: [d_eglCreateImage_special@egl_gpu.cpp:283] createimage with ctx null opengl_context 7fa0f06300
08-29 23:37:28.305   832   943 E C02515/DGLES: [d_glBindTexture_special@glv3_status.cpp:620] bind external with nullptr gbuffer 0
08-29 23:37:28.305   832   943 E C02515/DGLES: [d_glBindTexture_special@glv3_status.cpp:620] bind external with nullptr gbuffer 0
08-29 23:37:28.344 20123 20123 W C02c02/PARAM: Selinux check name persist.init.debug.loglevel in u:object_r:startup_init_param:s0 [20123 2000 2000] failed
08-29 23:37:28.344 20123 20123 W C02c02/PARAM: Selinux check name persist.init.debug.loglevel in u:object_r:startup_init_param:s0 [20123 2000 2000] failed
08-29 23:37:28.344 20123 20123 W C02c02/PARAM: SystemReadParam failed!name is:persist.init.debug.loglevel,err:1002
08-29 23:37:28.348 20125 20125 W C02c02/PARAM: Selinux check name persist.init.debug.loglevel in u:object_r:startup_init_param:s0 [20125 2000 2000] failed
08-29 23:37:28.348 20125 20125 W C02c02/PARAM: Selinux check name persist.init.debug.loglevel in u:object_r:startup_init_param:s0 [20125 2000 2000] failed
08-29 23:37:28.348 20125 20125 W C02c02/PARAM: SystemReadParam failed!name is:persist.init.debug.loglevel,err:1002
08-29 23:37:28.352 20126 20126 W C02c02/PARAM: Selinux check name persist.init.debug.loglevel in u:object_r:startup_init_param:s0 [20126 2000 2000] failed
08-29 23:37:28.352 20126 20126 W C02c02/PARAM: Selinux check name persist.init.debug.loglevel in u:object_r:startup_init_param:s0 [20126 2000 2000] failed
08-29 23:37:28.352 20126 20126 W C02c02/PARAM: SystemReadParam failed!name is:persist.init.debug.loglevel,err:1002
08-29 23:37:28.376   245   493 I C02802/InputActiveSubscriberHandler: [|317]0|10000|701
08-29 23:37:28.420 21767 21767 W A01c06/ICON: AppIconWeatherModel --> initWeatherListener, retryTimes: 4
08-29 23:37:28.423   701 17252 I C02986/DisplayPowerBrightness: lux=[0/538850342, 0/538850487, 0/538850633, 0/538850890, 0/538850937, 0/538851087, ], bDelta=5.000000, dDelta=1.000000, size=44
08-29 23:37:28.424   468   468 E C01707/CONCUR: [Interface] task 468 apply qos failed, errno = 4
08-29 23:37:28.424   468   468 E C01611/QosManager: QosManager: Failed to set thread QoS to QOS_USER_INTERACTIVE, ret: -1
08-29 23:37:28.425   833  1082 W C01123/BMSCommon: bundle not exist -n com.huawei.hmsapp.totemweather -u 100 -i 0 -f 32
08-29 23:37:28.425   833  1082 W C01121/BMSQuery: GetBundleInfo failed -n com.huawei.hmsapp.totemweather -u 100
08-29 23:37:28.425   468   468 E C01651/BundleMgrProxy: GetBundleInfoFromBMS: GetBundleInfo failed!bundleName is com.huawei.hmsapp.totemweather, userId is 100
08-29 23:37:28.425   468   468 E C01651/DataProviderConfig: GetFromProxyData: Get bundleInfo failed! bundleName:com.huawei.hmsapp.totemweather, userId:100, visitedId:100, uri:******icIconInfo
08-29 23:37:28.425   468   468 E C01651/DataShareServiceImpl: GetBMSAndMetaDataStatus: CalledInfo failed! token:0x200ba470,ret:1001,uri:******icIconInfo
08-29 23:37:28.425   468   468 E C01651/DataShareServiceImpl: GetSilentProxyStatus: BMS or metaData not ready to complete, token:0x200ba470, uri:******icIconInfo
08-29 23:37:28.425   832   943 E C02515/DGLES: [d_eglSwapBuffers_special@egl_gpu.cpp:729] thread output size 1147737 speed 1084k/s API_num 1565
08-29 23:37:28.425 21767 21767 E A01c06/ICON: AppIconWeatherModel --> get weather info failed, code: 15700010, message: The DataShareHelper is not initialized successfully.
08-29 23:37:28.425   832   943 W C01406/OHOS::RS: RSJankStats::SetJankStats jank frames 7
08-29 23:37:28.425   832   943 I C02515/DISP: [ExpressFreeMem:317] freeMem bufferhandle gbuffer_id 96e0000076d, width 1320, heigt 2856
08-29 23:37:28.425   607  2466 W C02515/DISP: [SetLayerMaskInfo:495] <private> is not supported
08-29 23:37:28.425   607   644 I C02515/DISP: [CommitComposeLayer:67] CommitComposeLayer! 10
08-29 23:37:28.426   832   832 E C01406/RSScreenManager: IsAllScreensPowerOff: screenPowerStatus_ is empty.
08-29 23:37:28.426   832   943 W C01406/skia: DrawWithGles: DrawSurfaceBufferOpItem::DrawWithGles waitfence timeout
08-29 23:37:28.426   832   943 E C02515/DGLES: [d_eglCreateImage_special@egl_gpu.cpp:283] createimage with ctx null opengl_context 7fa0f06300
08-29 23:37:28.426   832   943 E C02515/DGLES: [d_glBindTexture_special@glv3_status.cpp:620] bind external with nullptr gbuffer 0
08-29 23:37:28.426   832   943 E C02515/DGLES: [d_glBindTexture_special@glv3_status.cpp:620] bind external with nullptr gbuffer 0
08-29 23:37:28.428 17137 19991 I A05244/BookTurn: endpoint gen=<private>
08-29 23:37:28.428   832   943 I C02515/DISP: [ExpressFreeMem:317] freeMem bufferhandle gbuffer_id 96e0000076e, width 1320, heigt 2856
08-29 23:37:28.428   607   644 W C02515/DISP: [SetLayerMaskInfo:495] <private> is not supported
08-29 23:37:28.428   607   644 I C02515/DISP: [CommitComposeLayer:67] CommitComposeLayer! 10
08-29 23:37:28.429   832   943 W C01406/skia: DrawWithGles: DrawSurfaceBufferOpItem::DrawWithGles waitfence timeout
08-29 23:37:28.429   832   943 E C02515/DGLES: [d_eglCreateImage_special@egl_gpu.cpp:283] createimage with ctx null opengl_context 7fa0f06300
08-29 23:37:28.429   832   943 E C02515/DGLES: [d_glBindTexture_special@glv3_status.cpp:620] bind external with nullptr gbuffer 0
08-29 23:37:28.429   832   943 E C02515/DGLES: [d_glBindTexture_special@glv3_status.cpp:620] bind external with nullptr gbuffer 0
08-29 23:37:28.436   832   832 E C01406/RSScreenManager: IsAllScreensPowerOff: screenPowerStatus_ is empty.
08-29 23:37:28.437   832   943 W C01406/skia: DrawWithGles: DrawSurfaceBufferOpItem::DrawWithGles waitfence timeout
08-29 23:37:28.437   832   943 E C02515/DGLES: [d_eglCreateImage_special@egl_gpu.cpp:283] createimage with ctx null opengl_context 7fa0f06300
08-29 23:37:28.437   832   943 E C02515/DGLES: [d_glBindTexture_special@glv3_status.cpp:620] bind external with nullptr gbuffer 0
08-29 23:37:28.437   832   943 E C02515/DGLES: [d_glBindTexture_special@glv3_status.cpp:620] bind external with nullptr gbuffer 0
08-29 23:37:28.444   607   644 W C02515/DISP: [SetLayerMaskInfo:495] <private> is not supported
08-29 23:37:28.444   607   644 I C02515/DISP: [CommitComposeLayer:67] CommitComposeLayer! 10
08-29 23:37:28.452   832   832 E C01406/RSScreenManager: IsAllScreensPowerOff: screenPowerStatus_ is empty.
08-29 23:37:28.453   832   943 W C01406/skia: DrawWithGles: DrawSurfaceBufferOpItem::DrawWithGles waitfence timeout
08-29 23:37:28.453   832   943 E C02515/DGLES: [d_eglCreateImage_special@egl_gpu.cpp:283] createimage with ctx null opengl_context 7fa0f06300
08-29 23:37:28.453   832   943 E C02515/DGLES: [d_glBindTexture_special@glv3_status.cpp:620] bind external with nullptr gbuffer 0
08-29 23:37:28.453   832   943 E C02515/DGLES: [d_glBindTexture_special@glv3_status.cpp:620] bind external with nullptr gbuffer 0
08-29 23:37:28.454   607   644 W C02515/DISP: [SetLayerMaskInfo:495] <private> is not supported
08-29 23:37:28.454   607   644 I C02515/DISP: [CommitComposeLayer:67] CommitComposeLayer! 10
08-29 23:37:28.456   832   943 I C02515/DISP: [ExpressFreeMem:317] freeMem bufferhandle gbuffer_id 96e0000076c, width 1320, heigt 2856
08-29 23:37:28.468   832   832 E C01406/RSScreenManager: IsAllScreensPowerOff: screenPowerStatus_ is empty.
08-29 23:37:28.469   832   943 W C01406/skia: DrawWithGles: DrawSurfaceBufferOpItem::DrawWithGles waitfence timeout
08-29 23:37:28.469   832   943 E C02515/DGLES: [d_eglCreateImage_special@egl_gpu.cpp:283] createimage with ctx null opengl_context 7fa0f06300
08-29 23:37:28.469   832   943 E C02515/DGLES: [d_glBindTexture_special@glv3_status.cpp:620] bind external with nullptr gbuffer 0
08-29 23:37:28.469   832   943 E C02515/DGLES: [d_glBindTexture_special@glv3_status.cpp:620] bind external with nullptr gbuffer 0
08-29 23:37:28.470   607   644 W C02515/DISP: [SetLayerMaskInfo:495] <private> is not supported
08-29 23:37:28.470   607   644 I C02515/DISP: [CommitComposeLayer:67] CommitComposeLayer! 10
08-29 23:37:28.479 17137 19991 I A05244/BookTurn: commit teardown gen=<private> already=<private> mask=<private>
08-29 23:37:28.480  2543  2543 I C02500/Qemud: Guest heartbeat success.
08-29 23:37:28.487   607   644 W C02515/DISP: [SetLayerMaskInfo:495] <private> is not supported
08-29 23:37:28.487   607   644 I C02515/DISP: [CommitComposeLayer:67] CommitComposeLayer! 10
08-29 23:37:28.493 20128 20128 W C02c02/PARAM: Selinux check name persist.init.debug.loglevel in u:object_r:startup_init_param:s0 [20128 2000 2000] failed
08-29 23:37:28.493 20128 20128 W C02c02/PARAM: Selinux check name persist.init.debug.loglevel in u:object_r:startup_init_param:s0 [20128 2000 2000] failed
08-29 23:37:28.493 20128 20128 W C02c02/PARAM: SystemReadParam failed!name is:persist.init.debug.loglevel,err:1002
08-29 23:37:28.500 20130 20130 I C02d20/DumperService: SetCmdArgs# hidumper cmd:hidumper -s 1201 -a -p Faultlogger -LogSuffixWithMs , calllingUid=2000, calllingPid=20130, ppid:20128.
08-29 23:37:28.500 20130 20131 W C057c1/IPCWorkThread: ThreadHandler: proto:0 policy:1 name:OS_IPC_0_20131 invoker:2516608256
08-29 23:37:28.500 20130 20132 W C057c1/IPCWorkThread: ThreadHandler: proto:0 policy:0 name:OS_IPC_1_20132 invoker:2544200448
08-29 23:37:28.507  7033 24707 I C02d20/DumperService: DelayUnloadTask# recieve new request, delay unload task begin, calllingPid=20130
08-29 23:37:28.508   832   832 E C01406/RSScreenManager: IsAllScreensPowerOff: screenPowerStatus_ is empty.
08-29 23:37:28.509   832   943 W C01406/skia: DrawWithGles: DrawSurfaceBufferOpItem::DrawWithGles waitfence timeout
08-29 23:37:28.509   832   943 E C02515/DGLES: [d_eglCreateImage_special@egl_gpu.cpp:283] createimage with ctx null opengl_context 7fa0f06300
08-29 23:37:28.509   832   943 E C02515/DGLES: [d_glBindTexture_special@glv3_status.cpp:620] bind external with nullptr gbuffer 0
08-29 23:37:28.509   832   943 E C02515/DGLES: [d_glBindTexture_special@glv3_status.cpp:620] bind external with nullptr gbuffer 0
08-29 23:37:28.511   127  1569 I C02d11/Faultlogger: DumpByCommands: DumpRequest: detail:0, list:0, file:, name:, time:-1
08-29 23:37:28.512   832   943 I C02515/DISP: [ExpressFreeMem:317] freeMem bufferhandle gbuffer_id 96e0000076b, width 1320, heigt 2856
08-29 23:37:28.512  7033 24707 I C02d20/DumperService: GetData# SA name:1201 dump success, cmd:-p Faultlogger -LogSuffixWithMs , calllingPid=20130!
08-29 23:37:28.515   832   832 E C01406/RSScreenManager: IsAllScreensPowerOff: screenPowerStatus_ is empty.
08-29 23:37:28.516   832   943 W C01406/skia: DrawWithGles: DrawSurfaceBufferOpItem::DrawWithGles waitfence timeout
08-29 23:37:28.516   832   943 E C02515/DGLES: [d_eglCreateImage_special@egl_gpu.cpp:283] createimage with ctx null opengl_context 7fa0f06300
08-29 23:37:28.516   832   943 E C02515/DGLES: [d_glBindTexture_special@glv3_status.cpp:620] bind external with nullptr gbuffer 0
08-29 23:37:28.516   832   943 E C02515/DGLES: [d_glBindTexture_special@glv3_status.cpp:620] bind external with nullptr gbuffer 0
08-29 23:37:28.519 17137 17137 I C03907/AceComponentSnapshot: [(100000:100000:scope)] Process off screen Node finished, root size = [1320.00 x 2856.00] Id=943 Tag=Stack enableInspector=0 imageIds=
08-29 23:37:28.526   607   644 W C02515/DISP: [SetLayerMaskInfo:495] <private> is not supported
08-29 23:37:28.526   607   644 I C02515/DISP: [CommitComposeLayer:67] CommitComposeLayer! 10
08-29 23:37:28.531   832   832 E C01406/RSScreenManager: IsAllScreensPowerOff: screenPowerStatus_ is empty.
08-29 23:37:28.532   832   943 W C01406/skia: DrawWithGles: DrawSurfaceBufferOpItem::DrawWithGles waitfence timeout
08-29 23:37:28.532   832   943 E C02515/DGLES: [d_eglCreateImage_special@egl_gpu.cpp:283] createimage with ctx null opengl_context 7fa0f06300
08-29 23:37:28.532   832   943 E C02515/DGLES: [d_glBindTexture_special@glv3_status.cpp:620] bind external with nullptr gbuffer 0
08-29 23:37:28.532   832   943 E C02515/DGLES: [d_glBindTexture_special@glv3_status.cpp:620] bind external with nullptr gbuffer 0
08-29 23:37:28.533   607   644 W C02515/DISP: [SetLayerMaskInfo:495] <private> is not supported
08-29 23:37:28.533   607   644 I C02515/DISP: [CommitComposeLayer:67] CommitComposeLayer! 10
08-29 23:37:28.537 17137 17137 I C03907/AceComponentSnapshot: [(100000:100000:scope)] Flush UI tasks with flag
08-29 23:37:28.537 17137 17137 I C03907/AceComponentSnapshot: [(100000:100000:scope)] Begin to take surfaceCapture for ui, rootId=secure_field depth=1000000 param={0, false, 0.883140, false} dfxInfo={0, 33, 0, 1} size=[1320.00 x 2856.00], regionMode=2
08-29 23:37:28.537   832  5279 E C01406/OHOS::RS: RSInterfaceCodeAccessVerifierBase::IsInterfaceCodeAccessible exclusive verification not passed.
08-29 23:37:28.537   832  5279 E C01406/OHOS::RS: RSInterfaceCodeSecurityManager::IsInterfaceCodeAccessible verification failed.
08-29 23:37:28.537   832  5279 E C01406/OHOS::RS: RSIRenderServiceConnectionInterfaceCode::TAKE_SURFACE_CAPTURE ipc interface code access denied: not system calling
08-29 23:37:28.537   832   832 I C01406/RSClientToRenderConnection: TakeSurfaceCaptureForUiParallel nodeId:[73602854551869], issync:false
08-29 23:37:28.542 17137 19802 W C02f20/Asset: Create instance for Manager.
08-29 23:37:28.543   125   364 I C01800/SAMGR: Scheduler SA:8100 load start 17137,0_1_3
08-29 23:37:28.543   125   364 I C01800/SAMGR: ActiveSA:8100
08-29 23:37:28.544  1247  1247 I C01810/SAFWK: Active-SA:8100
08-29 23:37:28.544 17137 17137 I C0392c/AceForEach: [(100000:100000:scope)] ForEachNode skip mark dirty. Id[240], Ids.size[14]
08-29 23:37:28.544  1247  1247 I C02f20/Asset: [INFO]Asset service on_active.
08-29 23:37:28.544  1247 20133 I C02f20/Asset: [INFO]Finish handle common event. [load]
08-29 23:37:28.545  1247  1247 W C02699/MM: SetCritical mini system not enable, pid:1247
08-29 23:37:28.545  1247  1247 I C01810/SAFWK: OnActive-SA:8100 end,spend:1ms
08-29 23:37:28.545  1247  1247 I C01810/SAFWK: ActiveSaInner suc to Active SA:8100,spend:1ms
08-29 23:37:28.545   125   364 I C01800/SAMGR: Scheduler SA:8100 loaded
08-29 23:37:28.545   125   364 I C01800/SAMGR: DoLoadSA SA:8100 notify callpid:17137!
08-29 23:37:28.545   125 19446 I C01800/SAMGR: SendLoadedSaMsg notify SA:8100
08-29 23:37:28.545 17137 19761 I C01810/SA_CLIENT: LoadSystemAbility on load SA:8100 success!
08-29 23:37:28.545 17137 19761 W C01810/SA_CLIENT: OnLoadSaSucInner SA:8100 spend 0ms
08-29 23:37:28.546  1247  1247 I C01120/BMS: [bundle_mgr_proxy.cpp(GetAssetGroupsInfo:7056)]begin to GetAssetGroupsInfo of 20020073
08-29 23:37:28.547   832   832 E C01406/RSScreenManager: IsAllScreensPowerOff: screenPowerStatus_ is empty.
08-29 23:37:28.548  1247  1247 I C02f20/Asset: start to load asset_ext plugin.
08-29 23:37:28.548   832   943 I C01406/skia: RSUiCaptureTaskParallel::Capture nodeId:[73602854551869]
08-29 23:37:28.548  1247  1247 E C02f20/Asset: dlopen libasset_ext_ffi.z.so failed, err: Error loading shared library libasset_ext_ffi.z.so: No such file or directory
08-29 23:37:28.548  1247  1247 E C02f20/Asset: dlopen failed Error loading shared library libasset_ext_ffi.z.so: No such file or directory
08-29 23:37:28.549   832   943 W C01406/skia: DrawWithGles: DrawSurfaceBufferOpItem::DrawWithGles waitfence timeout
08-29 23:37:28.549   832   943 E C02515/DGLES: [d_eglCreateImage_special@egl_gpu.cpp:283] createimage with ctx null opengl_context 7fa0f06300
08-29 23:37:28.549   607   644 W C02515/DISP: [SetLayerMaskInfo:495] <private> is not supported
08-29 23:37:28.549   832   943 E C02515/DGLES: [d_glBindTexture_special@glv3_status.cpp:620] bind external with nullptr gbuffer 0
08-29 23:37:28.549   832   943 E C02515/DGLES: [d_glBindTexture_special@glv3_status.cpp:620] bind external with nullptr gbuffer 0
08-29 23:37:28.551   607  2466 I C02515/DISP: [CommitComposeLayer:67] CommitComposeLayer! 10
08-29 23:37:28.553   222  1827 I C02f06/HUKS: OnRemoteRequest: code:18, callingUid = 6226, userId = 0, sessionId = 2777
08-29 23:37:28.554   222  1827 I C02f06/HUKS: [a92ab0fcb887316, 0, 0] RecordKeyOperation: use, userid: 100, uid: 6226, level: 0, key: 1_.9.[+(JEU+$.j*.&+S.Pbz.#+0.T
08-29 23:37:28.554   222  1827 I C02f06/HUKS: [a92ab0fcb887316, 0, 0] FileRead: File ctime: 08-29 11:12:01, mtime: 08-29 11:12:01
08-29 23:37:28.558   222  1827 I C02f06/HUKS: [a92ab0fcb887316, 0, 0] AddKeyNode: add keynode count:1
08-29 23:37:28.558   222  1827 E C02f06/HUKS: [a92ab0fcb887316, 0, 0] GetPurposeAndAlgorithm: found purpose : 2, algorithm : 20
08-29 23:37:28.558   222  1827 E C02f06/HUKS: [a92ab0fcb887316, 0, 0] [HksLog] append call chain fail! offset: [-1]
08-29 23:37:28.558   222  1827 E C02f06/HUKS: [a92ab0fcb887316, 0, 0] HksCoreInitProcess: Core HksCoreInit pur = 2
08-29 23:37:28.558   222  1827 E C02f06/HUKS: [a92ab0fcb887316, 0, 0] [HksLog] append call chain fail! offset: [-1]
08-29 23:37:28.558   222  1827 I C02f06/HUKS: [a92ab0fcb887316, 0, 0] HksCoreCryptoThreeStageInit: Init cache or cipher init.
08-29 23:37:28.558   222  1827 I C02f06/HUKS: ReportCostTime: cost 6 ms, sessionId = 2777, ret:0
08-29 23:37:28.559   222  1827 I C02f06/HUKS: OnRemoteRequest: code:20, callingUid = 6226, userId = 0, sessionId = 2778
08-29 23:37:28.559   222  1827 E C02f06/HUKS: [a92ab1fcb888848, 0, 0] GetPurposeAndAlgorithm: found purpose : 2, algorithm : 20
08-29 23:37:28.559   222  1827 E C02f06/HUKS: [a92ab1fcb888848, 0, 0] [HksLog] append call chain fail! offset: [-1]
08-29 23:37:28.559   222  1827 E C02f06/HUKS: [a92ab1fcb888848, 0, 0] FreeRuntimeParamSet: get ctx from keyNode failed!
08-29 23:37:28.559   222  1827 E C02f06/HUKS: [a92ab1fcb888848, 0, 0] [HksLog] append call chain fail! offset: [-1]
08-29 23:37:28.559   222  1827 I C02f06/HUKS: [a92ab1fcb888848, 0, 0] DeleteKeyNodeFree: delete keynode count:0
08-29 23:37:28.559   222  1827 I C02f06/HUKS: ReportCostTime: cost 0 ms, sessionId = 2778, ret:0
08-29 23:37:28.560  1247  1247 I C02f20/Asset: [INFO]Calling fun:[asset_service::AssetService::query], user_id:[100], caller:[io.reader.harmonyos_BAEhuSByABWhmqoQ6/vq4Vavh9JcHn0OYxyvsMs5OmlohQekpKt4BQObXwzs22sr3nkzuavn46IZz2Yw+2ftHQY=_0], start_time:[Instant { tv_sec: 538851, tv_nsec: 212260141 }], run_time:[10], ext_info=[Tag :: Alias:ab92;Tag :: ReturnType:ReturnType :: All;res count:1;]
08-29 23:37:28.562   832   943 I C01406/skia: RSUiCaptureTaskParallel::Run: NodeId: [73602854551869], the number of total processedNodes: [32]; ExistCapturePixelMapOP: false; colorspace[4, 0], dynamicRange[2, 0], finalIsHdr[0]
08-29 23:37:28.562  1247  1247 I C01120/BMS: [bundle_mgr_proxy.cpp(GetAssetGroupsInfo:7056)]begin to GetAssetGroupsInfo of 20020073
08-29 23:37:28.569  1247  1247 I C02f20/Asset: start to load asset_ext plugin.
08-29 23:37:28.569   607  2466 W C02515/DISP: [SetLayerMaskInfo:495] <private> is not supported
08-29 23:37:28.569  1247  1247 E C02f20/Asset: dlopen libasset_ext_ffi.z.so failed, err: Error loading shared library libasset_ext_ffi.z.so: No such file or directory
08-29 23:37:28.569  1247  1247 E C02f20/Asset: dlopen failed Error loading shared library libasset_ext_ffi.z.so: No such file or directory
08-29 23:37:28.570   607  2466 I C02515/DISP: [CommitComposeLayer:67] CommitComposeLayer! 10
08-29 23:37:28.578   222  1827 I C02f06/HUKS: OnRemoteRequest: code:18, callingUid = 6226, userId = 0, sessionId = 2779
08-29 23:37:28.580   222  1827 I C02f06/HUKS: [a92ab2fcb88d619, 0, 0] RecordKeyOperation: use, userid: 100, uid: 6226, level: 0, key: 1_.9.[+(JEU+$.j*.&+S.Pbz.#+0.T
08-29 23:37:28.580   222  1827 I C02f06/HUKS: [a92ab2fcb88d619, 0, 0] FileRead: File ctime: 08-29 11:12:01, mtime: 08-29 11:12:01
08-29 23:37:28.581   222  1827 I C02f06/HUKS: [a92ab2fcb88d619, 0, 0] AddKeyNode: add keynode count:1
08-29 23:37:28.581   222  1827 E C02f06/HUKS: [a92ab2fcb88d619, 0, 0] GetPurposeAndAlgorithm: found purpose : 2, algorithm : 20
08-29 23:37:28.581   222  1827 E C02f06/HUKS: [a92ab2fcb88d619, 0, 0] [HksLog] append call chain fail! offset: [-1]
08-29 23:37:28.581   222  1827 E C02f06/HUKS: [a92ab2fcb88d619, 0, 0] HksCoreInitProcess: Core HksCoreInit pur = 2
08-29 23:37:28.581   222  1827 E C02f06/HUKS: [a92ab2fcb88d619, 0, 0] [HksLog] append call chain fail! offset: [-1]
08-29 23:37:28.581   222  1827 I C02f06/HUKS: [a92ab2fcb88d619, 0, 0] HksCoreCryptoThreeStageInit: Init cache or cipher init.
08-29 23:37:28.581   222  1827 I C02f06/HUKS: ReportCostTime: cost 2 ms, sessionId = 2779, ret:0
08-29 23:37:28.582   222  1827 I C02f06/HUKS: OnRemoteRequest: code:20, callingUid = 6226, userId = 0, sessionId = 2780
08-29 23:37:28.582   222  1827 E C02f06/HUKS: [a92ab3fcb88e27c, 0, 0] GetPurposeAndAlgorithm: found purpose : 2, algorithm : 20
08-29 23:37:28.582   222  1827 E C02f06/HUKS: [a92ab3fcb88e27c, 0, 0] [HksLog] append call chain fail! offset: [-1]
08-29 23:37:28.582   222  1827 E C02f06/HUKS: [a92ab3fcb88e27c, 0, 0] FreeRuntimeParamSet: get ctx from keyNode failed!
08-29 23:37:28.582   222  1827 E C02f06/HUKS: [a92ab3fcb88e27c, 0, 0] [HksLog] append call chain fail! offset: [-1]
08-29 23:37:28.582   222  1827 I C02f06/HUKS: [a92ab3fcb88e27c, 0, 0] DeleteKeyNodeFree: delete keynode count:0
08-29 23:37:28.582   222  1827 I C02f06/HUKS: ReportCostTime: cost 0 ms, sessionId = 2780, ret:0
08-29 23:37:28.586  1247  1247 I C02f20/Asset: [INFO]Calling fun:[asset_service::AssetService::query], user_id:[100], caller:[io.reader.harmonyos_BAEhuSByABWhmqoQ6/vq4Vavh9JcHn0OYxyvsMs5OmlohQekpKt4BQObXwzs22sr3nkzuavn46IZz2Yw+2ftHQY=_0], start_time:[Instant { tv_sec: 538851, tv_nsec: 233262724 }], run_time:[13], ext_info=[Tag :: Alias:59b2;Tag :: ReturnType:ReturnType :: All;res count:1;]
08-29 23:37:28.588  1247  1247 I C01120/BMS: [bundle_mgr_proxy.cpp(GetAssetGroupsInfo:7056)]begin to GetAssetGroupsInfo of 20020073
08-29 23:37:28.596  1247  1247 I C02f20/Asset: start to load asset_ext plugin.
08-29 23:37:28.596  1247  1247 E C02f20/Asset: dlopen libasset_ext_ffi.z.so failed, err: Error loading shared library libasset_ext_ffi.z.so: No such file or directory
08-29 23:37:28.596  1247  1247 E C02f20/Asset: dlopen failed Error loading shared library libasset_ext_ffi.z.so: No such file or directory
08-29 23:37:28.598   222  1827 I C02f06/HUKS: OnRemoteRequest: code:18, callingUid = 6226, userId = 0, sessionId = 2781
08-29 23:37:28.598   222  1827 I C02f06/HUKS: [a92ab4fcb8920a4, 0, 0] RecordKeyOperation: use, userid: 100, uid: 6226, level: 0, key: 1_.9.[+(JEU+$.j*.&+S.Pbz.#+0.T
08-29 23:37:28.598   222  1827 I C02f06/HUKS: [a92ab4fcb8920a4, 0, 0] FileRead: File ctime: 08-29 11:12:01, mtime: 08-29 11:12:01
08-29 23:37:28.598   222  1827 I C02f06/HUKS: [a92ab4fcb8920a4, 0, 0] AddKeyNode: add keynode count:1
08-29 23:37:28.598   222  1827 E C02f06/HUKS: [a92ab4fcb8920a4, 0, 0] GetPurposeAndAlgorithm: found purpose : 2, algorithm : 20
08-29 23:37:28.598   222  1827 E C02f06/HUKS: [a92ab4fcb8920a4, 0, 0] [HksLog] append call chain fail! offset: [-1]
08-29 23:37:28.598   222  1827 E C02f06/HUKS: [a92ab4fcb8920a4, 0, 0] HksCoreInitProcess: Core HksCoreInit pur = 2
08-29 23:37:28.598   222  1827 E C02f06/HUKS: [a92ab4fcb8920a4, 0, 0] [HksLog] append call chain fail! offset: [-1]
08-29 23:37:28.598   222  1827 I C02f06/HUKS: [a92ab4fcb8920a4, 0, 0] HksCoreCryptoThreeStageInit: Init cache or cipher init.
08-29 23:37:28.598   222  1827 I C02f06/HUKS: ReportCostTime: cost 1 ms, sessionId = 2781, ret:0
08-29 23:37:28.599   222  1827 I C02f06/HUKS: OnRemoteRequest: code:20, callingUid = 6226, userId = 0, sessionId = 2782
08-29 23:37:28.599   222  1827 E C02f06/HUKS: [a92ab5fcb892427, 0, 0] GetPurposeAndAlgorithm: found purpose : 2, algorithm : 20
08-29 23:37:28.599   222  1827 E C02f06/HUKS: [a92ab5fcb892427, 0, 0] [HksLog] append call chain fail! offset: [-1]
08-29 23:37:28.599   222  1827 E C02f06/HUKS: [a92ab5fcb892427, 0, 0] FreeRuntimeParamSet: get ctx from keyNode failed!
08-29 23:37:28.599   222  1827 E C02f06/HUKS: [a92ab5fcb892427, 0, 0] [HksLog] append call chain fail! offset: [-1]
08-29 23:37:28.599   222  1827 I C02f06/HUKS: [a92ab5fcb892427, 0, 0] DeleteKeyNodeFree: delete keynode count:0
08-29 23:37:28.599   222  1827 I C02f06/HUKS: ReportCostTime: cost 0 ms, sessionId = 2782, ret:0
08-29 23:37:28.600  1247  1247 I C02f20/Asset: [INFO]Calling fun:[asset_service::AssetService::query], user_id:[100], caller:[io.reader.harmonyos_BAEhuSByABWhmqoQ6/vq4Vavh9JcHn0OYxyvsMs5OmlohQekpKt4BQObXwzs22sr3nkzuavn46IZz2Yw+2ftHQY=_0], start_time:[Instant { tv_sec: 538851, tv_nsec: 259735016 }], run_time:[3], ext_info=[Tag :: Alias:514f;Tag :: ReturnType:ReturnType :: All;res count:1;]
08-29 23:37:28.602  1247  1247 I C01120/BMS: [bundle_mgr_proxy.cpp(GetAssetGroupsInfo:7056)]begin to GetAssetGroupsInfo of 20020073
08-29 23:37:28.603  1247  1247 I C02f20/Asset: start to load asset_ext plugin.
08-29 23:37:28.604  1247  1247 E C02f20/Asset: dlopen libasset_ext_ffi.z.so failed, err: Error loading shared library libasset_ext_ffi.z.so: No such file or directory
08-29 23:37:28.604  1247  1247 E C02f20/Asset: dlopen failed Error loading shared library libasset_ext_ffi.z.so: No such file or directory
08-29 23:37:28.606   222  1827 I C02f06/HUKS: OnRemoteRequest: code:18, callingUid = 6226, userId = 0, sessionId = 2783
08-29 23:37:28.606   222  1827 I C02f06/HUKS: [a92ab6fcb894061, 0, 0] RecordKeyOperation: use, userid: 100, uid: 6226, level: 0, key: 1_.9.[+(JEU+$.j*.&+S.Pbz.#+0.T
08-29 23:37:28.607   222  1827 I C02f06/HUKS: [a92ab6fcb894061, 0, 0] FileRead: File ctime: 08-29 11:12:01, mtime: 08-29 11:12:01
08-29 23:37:28.607   222  1827 I C02f06/HUKS: [a92ab6fcb894061, 0, 0] AddKeyNode: add keynode count:1
08-29 23:37:28.607   222  1827 E C02f06/HUKS: [a92ab6fcb894061, 0, 0] GetPurposeAndAlgorithm: found purpose : 2, algorithm : 20
08-29 23:37:28.607   222  1827 E C02f06/HUKS: [a92ab6fcb894061, 0, 0] [HksLog] append call chain fail! offset: [-1]
08-29 23:37:28.607   222  1827 E C02f06/HUKS: [a92ab6fcb894061, 0, 0] HksCoreInitProcess: Core HksCoreInit pur = 2
08-29 23:37:28.607   222  1827 E C02f06/HUKS: [a92ab6fcb894061, 0, 0] [HksLog] append call chain fail! offset: [-1]
08-29 23:37:28.607   222  1827 I C02f06/HUKS: [a92ab6fcb894061, 0, 0] HksCoreCryptoThreeStageInit: Init cache or cipher init.
08-29 23:37:28.607   222  1827 I C02f06/HUKS: ReportCostTime: cost 1 ms, sessionId = 2783, ret:0
08-29 23:37:28.607   222  1827 I C02f06/HUKS: OnRemoteRequest: code:20, callingUid = 6226, userId = 0, sessionId = 2784
08-29 23:37:28.607   222  1827 E C02f06/HUKS: [a92ab7fcb894658, 0, 0] GetPurposeAndAlgorithm: found purpose : 2, algorithm : 20
08-29 23:37:28.607   222  1827 E C02f06/HUKS: [a92ab7fcb894658, 0, 0] [HksLog] append call chain fail! offset: [-1]
08-29 23:37:28.607   222  1827 E C02f06/HUKS: [a92ab7fcb894658, 0, 0] FreeRuntimeParamSet: get ctx from keyNode failed!
08-29 23:37:28.608   222  1827 E C02f06/HUKS: [a92ab7fcb894658, 0, 0] [HksLog] append call chain fail! offset: [-1]
08-29 23:37:28.608   222  1827 I C02f06/HUKS: [a92ab7fcb894658, 0, 0] DeleteKeyNodeFree: delete keynode count:0
08-29 23:37:28.608   222  1827 I C02f06/HUKS: ReportCostTime: cost 0 ms, sessionId = 2784, ret:0
08-29 23:37:28.610  1247  1247 I C02f20/Asset: [INFO]Calling fun:[asset_service::AssetService::query], user_id:[100], caller:[io.reader.harmonyos_BAEhuSByABWhmqoQ6/vq4Vavh9JcHn0OYxyvsMs5OmlohQekpKt4BQObXwzs22sr3nkzuavn46IZz2Yw+2ftHQY=_0], start_time:[Instant { tv_sec: 538851, tv_nsec: 267424141 }], run_time:[5], ext_info=[Tag :: Alias:1310;Tag :: ReturnType:ReturnType :: All;res count:1;]
08-29 23:37:28.612  1247  1247 I C01120/BMS: [bundle_mgr_proxy.cpp(GetAssetGroupsInfo:7056)]begin to GetAssetGroupsInfo of 20020073
08-29 23:37:28.613  1247  1247 I C02f20/Asset: start to load asset_ext plugin.
08-29 23:37:28.613  1247  1247 E C02f20/Asset: dlopen libasset_ext_ffi.z.so failed, err: Error loading shared library libasset_ext_ffi.z.so: No such file or directory
08-29 23:37:28.613  1247  1247 E C02f20/Asset: dlopen failed Error loading shared library libasset_ext_ffi.z.so: No such file or directory
08-29 23:37:28.615   222  1827 I C02f06/HUKS: OnRemoteRequest: code:18, callingUid = 6226, userId = 0, sessionId = 2785
08-29 23:37:28.615   222  1827 I C02f06/HUKS: [a92ab8fcb8964f9, 0, 0] RecordKeyOperation: use, userid: 100, uid: 6226, level: 0, key: 1_.9.[+(JEU+$.j*.&+S.Pbz.#+0.T
08-29 23:37:28.615   222  1827 I C02f06/HUKS: [a92ab8fcb8964f9, 0, 0] FileRead: File ctime: 08-29 11:12:01, mtime: 08-29 11:12:01
08-29 23:37:28.616   222  1827 I C02f06/HUKS: [a92ab8fcb8964f9, 0, 0] AddKeyNode: add keynode count:1
08-29 23:37:28.616   222  1827 E C02f06/HUKS: [a92ab8fcb8964f9, 0, 0] GetPurposeAndAlgorithm: found purpose : 2, algorithm : 20
08-29 23:37:28.616   222  1827 E C02f06/HUKS: [a92ab8fcb8964f9, 0, 0] [HksLog] append call chain fail! offset: [-1]
08-29 23:37:28.616   222  1827 E C02f06/HUKS: [a92ab8fcb8964f9, 0, 0] HksCoreInitProcess: Core HksCoreInit pur = 2
08-29 23:37:28.616   222  1827 E C02f06/HUKS: [a92ab8fcb8964f9, 0, 0] [HksLog] append call chain fail! offset: [-1]
08-29 23:37:28.616   222  1827 I C02f06/HUKS: [a92ab8fcb8964f9, 0, 0] HksCoreCryptoThreeStageInit: Init cache or cipher init.
08-29 23:37:28.616   222  1827 I C02f06/HUKS: ReportCostTime: cost 1 ms, sessionId = 2785, ret:0
08-29 23:37:28.616   222  1827 I C02f06/HUKS: OnRemoteRequest: code:20, callingUid = 6226, userId = 0, sessionId = 2786
08-29 23:37:28.616   222  1827 E C02f06/HUKS: [a92ab9fcb896751, 0, 0] GetPurposeAndAlgorithm: found purpose : 2, algorithm : 20
08-29 23:37:28.616   222  1827 E C02f06/HUKS: [a92ab9fcb896751, 0, 0] [HksLog] append call chain fail! offset: [-1]
08-29 23:37:28.616   222  1827 E C02f06/HUKS: [a92ab9fcb896751, 0, 0] FreeRuntimeParamSet: get ctx from keyNode failed!
08-29 23:37:28.616   222  1827 E C02f06/HUKS: [a92ab9fcb896751, 0, 0] [HksLog] append call chain fail! offset: [-1]
08-29 23:37:28.616   222  1827 I C02f06/HUKS: [a92ab9fcb896751, 0, 0] DeleteKeyNodeFree: delete keynode count:0
08-29 23:37:28.616   222  1827 I C02f06/HUKS: ReportCostTime: cost 0 ms, sessionId = 2786, ret:0
08-29 23:37:28.616  1247  1247 I C02f20/Asset: [INFO]Calling fun:[asset_service::AssetService::query], user_id:[100], caller:[io.reader.harmonyos_BAEhuSByABWhmqoQ6/vq4Vavh9JcHn0OYxyvsMs5OmlohQekpKt4BQObXwzs22sr3nkzuavn46IZz2Yw+2ftHQY=_0], start_time:[Instant { tv_sec: 538851, tv_nsec: 276965641 }], run_time:[2], ext_info=[Tag :: Alias:c10e;Tag :: ReturnType:ReturnType :: All;res count:1;]
08-29 23:37:28.617  1247  1247 I C01120/BMS: [bundle_mgr_proxy.cpp(GetAssetGroupsInfo:7056)]begin to GetAssetGroupsInfo of 20020073
08-29 23:37:28.617  1247  1247 I C02f20/Asset: start to load asset_ext plugin.
08-29 23:37:28.618  1247  1247 E C02f20/Asset: dlopen libasset_ext_ffi.z.so failed, err: Error loading shared library libasset_ext_ffi.z.so: No such file or directory
08-29 23:37:28.618  1247  1247 E C02f20/Asset: dlopen failed Error loading shared library libasset_ext_ffi.z.so: No such file or directory
08-29 23:37:28.618   222  1827 I C02f06/HUKS: OnRemoteRequest: code:18, callingUid = 6226, userId = 0, sessionId = 2787
08-29 23:37:28.618   222  1827 I C02f06/HUKS: [a92abafcb897067, 0, 0] RecordKeyOperation: use, userid: 100, uid: 6226, level: 0, key: 1_.9.[+(JEU+$.j*.&+S.Pbz.#+0.T
08-29 23:37:28.618   222  1827 I C02f06/HUKS: [a92abafcb897067, 0, 0] FileRead: File ctime: 08-29 11:12:01, mtime: 08-29 11:12:01
08-29 23:37:28.618   222  1827 I C02f06/HUKS: [a92abafcb897067, 0, 0] AddKeyNode: add keynode count:1
08-29 23:37:28.618   222  1827 E C02f06/HUKS: [a92abafcb897067, 0, 0] GetPurposeAndAlgorithm: found purpose : 2, algorithm : 20
08-29 23:37:28.618   222  1827 E C02f06/HUKS: [a92abafcb897067, 0, 0] [HksLog] append call chain fail! offset: [-1]
08-29 23:37:28.618   222  1827 E C02f06/HUKS: [a92abafcb897067, 0, 0] HksCoreInitProcess: Core HksCoreInit pur = 2
08-29 23:37:28.618   222  1827 E C02f06/HUKS: [a92abafcb897067, 0, 0] [HksLog] append call chain fail! offset: [-1]
08-29 23:37:28.618   222  1827 I C02f06/HUKS: [a92abafcb897067, 0, 0] HksCoreCryptoThreeStageInit: Init cache or cipher init.
08-29 23:37:28.618   222  1827 I C02f06/HUKS: ReportCostTime: cost 1 ms, sessionId = 2787, ret:0
08-29 23:37:28.619   222  1827 I C02f06/HUKS: OnRemoteRequest: code:20, callingUid = 6226, userId = 0, sessionId = 2788
08-29 23:37:28.619   222  1827 E C02f06/HUKS: [a92abbfcb897249, 0, 0] GetPurposeAndAlgorithm: found purpose : 2, algorithm : 20
08-29 23:37:28.619   222  1827 E C02f06/HUKS: [a92abbfcb897249, 0, 0] [HksLog] append call chain fail! offset: [-1]
08-29 23:37:28.619   222  1827 E C02f06/HUKS: [a92abbfcb897249, 0, 0] FreeRuntimeParamSet: get ctx from keyNode failed!
08-29 23:37:28.619   222  1827 E C02f06/HUKS: [a92abbfcb897249, 0, 0] [HksLog] append call chain fail! offset: [-1]
08-29 23:37:28.619   222  1827 I C02f06/HUKS: [a92abbfcb897249, 0, 0] DeleteKeyNodeFree: delete keynode count:0
08-29 23:37:28.619   222  1827 I C02f06/HUKS: ReportCostTime: cost 0 ms, sessionId = 2788, ret:0
08-29 23:37:28.619  1247  1247 I C02f20/Asset: [INFO]Calling fun:[asset_service::AssetService::query], user_id:[100], caller:[io.reader.harmonyos_BAEhuSByABWhmqoQ6/vq4Vavh9JcHn0OYxyvsMs5OmlohQekpKt4BQObXwzs22sr3nkzuavn46IZz2Yw+2ftHQY=_0], start_time:[Instant { tv_sec: 538851, tv_nsec: 281412641 }], run_time:[1], ext_info=[Tag :: Alias:0259;Tag :: ReturnType:ReturnType :: All;res count:1;]
08-29 23:37:28.624   125   364 I C01800/SAMGR: SubscribeSA:3702,17137_20_4
08-29 23:37:28.624   125   364 I C01800/SAMGR: NotifyAddSA:3702,17137_4
08-29 23:37:28.624 17137 17137 I C015b0/NETSTACK: [hi_app_event_report.cpp:75] AddProcessor enter
08-29 23:37:28.635 17137 19755 W C01c41/TimeClient: OnAddSystemAbility# recoverTimer count:0
08-29 23:37:28.635   120  2002 I C04300/StorageManager: [GetSizeOfPath:124] StorageStatusManager::GetSizeOfPath path is /data, type is free space, size is 2778578944.
08-29 23:37:28.635   120  2002 E C04300/StorageManager: [GetFreeSize:88] StorageTotalStatusService::GetFreeSize success, (/data)freeSize=2778578944
08-29 23:37:28.636 17137 17137 W C02d07/Verify: invalid configName=
08-29 23:37:28.636 17137 17137 I C02d07/ObserverMgr: register processor=1 exit
08-29 23:37:28.636  1550 20134 I C02d07/Config: refresh free size=2778578944
08-29 23:37:28.639   833  1082 W C01120/BMS: ohos.permission.GET_BUNDLE_INFO_PRIVILEGED ohos.permission.GET_BUNDLE_INFO  denied callerToken:537588225
08-29 23:37:28.639   833  1082 W C01120/BMS: bundle_permission_mgr.cpp:IsSystemApp:497 IsSystemApp 20020073,17137,537588225
08-29 23:37:28.643 17137 17137 I C015b0/NetConnManager: Get json failed.
08-29 23:37:28.643 17137 17137 I C015b0/NetConnManager: GetConfig failed
08-29 23:37:28.655   832   943 I C01406/skia: RSUiCaptureTaskParallel::Capture DMADisable capture success nodeId:[73602854551869], pixelMap width: 1166, height: 2523, colorSpace:4
08-29 23:37:28.655 17137 19755 E C02b61/PixelMap: set ashmem name failed
08-29 23:37:28.655 17137 19755 I C03907/AceComponentSnapshot: [(-1:100000:singleton)] ComponentSnapshot successful! pixelMap.width=1166 pixelMap.height=2523
08-29 23:37:28.657   832   832 E C01406/RSScreenManager: IsAllScreensPowerOff: screenPowerStatus_ is empty.
08-29 23:37:28.660   832   943 W C01406/skia: DrawWithGles: DrawSurfaceBufferOpItem::DrawWithGles waitfence timeout
08-29 23:37:28.660   832   943 E C02515/DGLES: [d_eglCreateImage_special@egl_gpu.cpp:283] createimage with ctx null opengl_context 7fa0f06300
08-29 23:37:28.660   832   943 E C02515/DGLES: [d_glBindTexture_special@glv3_status.cpp:620] bind external with nullptr gbuffer 0
08-29 23:37:28.660   832   943 E C02515/DGLES: [d_glBindTexture_special@glv3_status.cpp:620] bind external with nullptr gbuffer 0
08-29 23:37:28.675   607  2466 W C02515/DISP: [SetLayerMaskInfo:495] <private> is not supported
08-29 23:37:28.676   607   644 I C02515/DISP: [CommitComposeLayer:67] CommitComposeLayer! 10
08-29 23:37:28.689   240   600 I C02699/MM: HandleLevelReport (1610)Psi trigger, L=0
08-29 23:37:28.689   240   600 I C02699/MM: ReadFile read fail: /dev/memcg/memory.zswapd_presure_show
08-29 23:37:28.689   240 19664 W C02699/MM: PsiHandlerInner level:0, skip.
08-29 23:37:28.689   240   600 E C02699/MM: GetPressureMbStrings kernel pressure miss: key=stability_rollup
08-29 23:37:28.689   240   600 E C02699/MM: ReadValuesFromFileWithoutLock Pressure fallback failed for key=stability_rollup
08-29 23:37:28.689   240   600 E C02699/MM: GetPressureKbLockedMap stoi fail for key=stability_rollup
08-29 23:37:28.689   240   600 E C02699/MM: IsBetaUser get logtype property fail
08-29 23:37:28.711 17137 20136 W C02d07/Verify: invalid configName=
08-29 23:37:28.711 17137 20136 I C02d07/ObserverMgr: register processor=1 exit
08-29 23:37:28.711   120  2002 I C04300/StorageManager: [GetSizeOfPath:124] StorageStatusManager::GetSizeOfPath path is /data, type is free space, size is 2778578944.
08-29 23:37:28.711   120  2002 E C04300/StorageManager: [GetFreeSize:88] StorageTotalStatusService::GetFreeSize success, (/data)freeSize=2778578944
08-29 23:37:28.711 17137 19875 I C02d07/Config: get free size=2778578944
08-29 23:37:28.712   304   324 I C015b5/NetMgrEnhanced: NetMgrEnhancedServer::RegisterNetworkHandoverListener, uid = 20020073
08-29 23:37:28.712   304   324 I C015b5/NetMgrEnhanced: RegisterNetworkHandover: callingUid:20020073, apiType:1
08-29 23:37:28.712 17137 20136 I C015b5/NetMgrEnhanced: RegisterNetworkHandoverListener success, save callback
08-29 23:37:28.713 17137 20136 I C015b0/ConnectivityExt:  RegisterHandoverChangeCallback success
08-29 23:37:28.713 17137 20136 I C015b0/ConnectivityExt:  Handover manager init success, stack name http
08-29 23:37:28.713 17137 20136 I C015b0/ConnectivityExt:  HMS_NetworkBoost_HttpHandoverManagerInit success
08-29 23:37:28.717 17137 19875 I C02d07/ObserverMgr: init watchers
08-29 23:37:28.807 17137 19991 I A05244/BookTurn: upload slot=<private> ok=<private> mask=<private>
08-29 23:37:28.816   120  2002 I C04300/StorageManager: [GetSizeOfPath:124] StorageStatusManager::GetSizeOfPath path is /data, type is free space, size is 2778578944.
08-29 23:37:28.817   120  2002 E C04300/StorageManager: [GetFreeSize:88] StorageTotalStatusService::GetFreeSize success, (/data)freeSize=2778578944
08-29 23:37:28.817  1653 20137 I C02d07/Config: refresh free size=2778578944
08-29 23:37:28.947 20141 20141 W C02c02/PARAM: Selinux check name persist.init.debug.loglevel in u:object_r:startup_init_param:s0 [20141 2000 2000] failed
08-29 23:37:28.947 20141 20141 W C02c02/PARAM: Selinux check name persist.init.debug.loglevel in u:object_r:startup_init_param:s0 [20141 2000 2000] failed
08-29 23:37:28.947 20141 20141 W C02c02/PARAM: SystemReadParam failed!name is:persist.init.debug.loglevel,err:1002
08-29 23:37:28.951 20141 20141 W C02c02/PARAM: Selinux check name persist.init.debug.loglevel in u:object_r:startup_init_param:s0 [20141 2000 2000] failed
08-29 23:37:28.951 20141 20141 W C02c02/PARAM: Selinux check name persist.init.debug.loglevel in u:object_r:startup_init_param:s0 [20141 2000 2000] failed
08-29 23:37:28.951 20141 20141 W C02c02/PARAM: SystemReadParam failed!name is:persist.init.debug.loglevel,err:1002
08-29 23:37:29.024   125   364 I C01800/SAMGR: NF SA:65962,876_44458
08-29 23:37:29.071   282 19680 E C01704/TagSched: [a92ab7fcaf10eb8] [OpenQosCtrl]Failed to open qos_ctrl device
08-29 23:37:29.071   282 19680 E C01704/TagSched: [a92ab7fcaf10eb8] [IsQosHandleOpen]get qosSetHandle_ fail
08-29 23:37:29.071   282 19680 E C01704/TagSched: [a92ab7fcaf10eb8] [SetQosInternal]qosSetHandle open fail
08-29 23:37:29.071   282 19680 E C01704/TagSched: [a92ab7fcaf10eb8] [OpenQosCtrl]Failed to open qos_ctrl device
08-29 23:37:29.071   282 19680 E C01704/TagSched: [a92ab7fcaf10eb8] [IsQosHandleOpen]get qosSetHandle_ fail
08-29 23:37:29.071   282 19680 E C01704/TagSched: [a92ab7fcaf10eb8] [SetQosInternal]qosSetHandle open fail
08-29 23:37:29.071   282 19680 E C01704/TagSched: [a92ab7fcaf10eb8] [OpenQosCtrl]Failed to open qos_ctrl device
08-29 23:37:29.071   282 19680 E C01704/TagSched: [a92ab7fcaf10eb8] [IsQosHandleOpen]get qosSetHandle_ fail
08-29 23:37:29.071   282 19680 E C01704/TagSched: [a92ab7fcaf10eb8] [SetQosInternal]qosSetHandle open fail
08-29 23:37:29.071   282 19680 E C01704/TagSched: [a92ab7fcaf10eb8] [OpenQosCtrl]Failed to open qos_ctrl device
08-29 23:37:29.071   282 19680 E C01704/TagSched: [a92ab7fcaf10eb8] [IsQosHandleOpen]get qosSetHandle_ fail
08-29 23:37:29.071   282 19680 E C01704/TagSched: [a92ab7fcaf10eb8] [SetQosInternal]qosSetHandle open fail
08-29 23:37:29.071   282 19680 E C01704/TagSched: [a92ab7fcaf10eb8] [OpenQosCtrl]Failed to open qos_ctrl device
08-29 23:37:29.071   282 19680 E C01704/TagSched: [a92ab7fcaf10eb8] [IsQosHandleOpen]get qosSetHandle_ fail
08-29 23:37:29.071   282 19680 E C01704/TagSched: [a92ab7fcaf10eb8] [SetQosInternal]qosSetHandle open fail
08-29 23:37:29.071   282 19680 E C01704/TagSched: [a92ab7fcaf10eb8] [OpenQosCtrl]Failed to open qos_ctrl device
08-29 23:37:29.071   282 19680 E C01704/TagSched: [a92ab7fcaf10eb8] [IsQosHandleOpen]get qosSetHandle_ fail
08-29 23:37:29.071   282 19680 E C01704/TagSched: [a92ab7fcaf10eb8] [SetQosInternal]qosSetHandle open fail
08-29 23:37:29.071   282 19680 E C01704/TagSched: [a92ab7fcaf10eb8] [OpenQosCtrl]Failed to open qos_ctrl device
08-29 23:37:29.071   282 19680 E C01704/TagSched: [a92ab7fcaf10eb8] [IsQosHandleOpen]get qosSetHandle_ fail
08-29 23:37:29.071   282 19680 E C01704/TagSched: [a92ab7fcaf10eb8] [SetQosInternal]qosSetHandle open fail
08-29 23:37:29.071   282 19680 E C01704/TagSched: [a92ab7fcaf10eb8] [OpenQosCtrl]Failed to open qos_ctrl device
08-29 23:37:29.071   282 19680 E C01704/TagSched: [a92ab7fcaf10eb8] [IsQosHandleOpen]get qosSetHandle_ fail
08-29 23:37:29.071   282 19680 E C01704/TagSched: [a92ab7fcaf10eb8] [SetQosInternal]qosSetHandle open fail
08-29 23:37:29.071   282 19680 E C01704/TagSched: [a92ab7fcaf10eb8] [OpenQosCtrl]Failed to open qos_ctrl device
08-29 23:37:29.071   282 19680 E C01704/TagSched: [a92ab7fcaf10eb8] [IsQosHandleOpen]get qosSetHandle_ fail
08-29 23:37:29.071   282 19680 E C01704/TagSched: [a92ab7fcaf10eb8] [SetQosInternal]qosSetHandle open fail
08-29 23:37:29.071   282 19680 E C01704/TagSched: [a92ab7fcaf10eb8] [OpenQosCtrl]Failed to open qos_ctrl device
08-29 23:37:29.071   282 19680 E C01704/TagSched: [a92ab7fcaf10eb8] [IsQosHandleOpen]get qosSetHandle_ fail
08-29 23:37:29.071   282 19680 E C01704/TagSched: [a92ab7fcaf10eb8] [SetQosInternal]qosSetHandle open fail
08-29 23:37:29.124   282 19607 E C01704/TagSched: [a92abafcaf1dd07] [OpenQosCtrl]Failed to open qos_ctrl device
08-29 23:37:29.124   282 19607 E C01704/TagSched: [a92abafcaf1dd07] [IsQosHandleOpen]get qosSetHandle_ fail
08-29 23:37:29.124   282 19607 E C01704/TagSched: [a92abafcaf1dd07] [SetQosInternal]qosSetHandle open fail
08-29 23:37:29.124   282 19607 E C01704/TagSched: [a92abafcaf1dd07] [OpenQosCtrl]Failed to open qos_ctrl device
08-29 23:37:29.124   282 19607 E C01704/TagSched: [a92abafcaf1dd07] [IsQosHandleOpen]get qosSetHandle_ fail
08-29 23:37:29.124   282 19607 E C01704/TagSched: [a92abafcaf1dd07] [SetQosInternal]qosSetHandle open fail
08-29 23:37:29.124   282 19607 E C01704/TagSched: [a92abafcaf1dd07] [OpenQosCtrl]Failed to open qos_ctrl device
08-29 23:37:29.124   282 19607 E C01704/TagSched: [a92abafcaf1dd07] [IsQosHandleOpen]get qosSetHandle_ fail
08-29 23:37:29.124   282 19607 E C01704/TagSched: [a92abafcaf1dd07] [SetQosInternal]qosSetHandle open fail
08-29 23:37:29.124   282 19607 E C01704/TagSched: [a92abafcaf1dd07] [OpenQosCtrl]Failed to open qos_ctrl device
08-29 23:37:29.124   282 19607 E C01704/TagSched: [a92abafcaf1dd07] [IsQosHandleOpen]get qosSetHandle_ fail
08-29 23:37:29.124   282 19607 E C01704/TagSched: [a92abafcaf1dd07] [SetQosInternal]qosSetHandle open fail
08-29 23:37:29.124   282 19607 E C01704/TagSched: [a92abafcaf1dd07] [OpenQosCtrl]Failed to open qos_ctrl device
08-29 23:37:29.124   282 19607 E C01704/TagSched: [a92abafcaf1dd07] [IsQosHandleOpen]get qosSetHandle_ fail
08-29 23:37:29.124   282 19607 E C01704/TagSched: [a92abafcaf1dd07] [SetQosInternal]qosSetHandle open fail
08-29 23:37:29.124   282 19607 E C01704/TagSched: [a92abafcaf1dd07] [OpenQosCtrl]Failed to open qos_ctrl device
08-29 23:37:29.124   282 19607 E C01704/TagSched: [a92abafcaf1dd07] [IsQosHandleOpen]get qosSetHandle_ fail
08-29 23:37:29.124   282 19607 E C01704/TagSched: [a92abafcaf1dd07] [SetQosInternal]qosSetHandle open fail
08-29 23:37:29.124   282 19607 E C01704/TagSched: [a92abafcaf1dd07] [OpenQosCtrl]Failed to open qos_ctrl device
08-29 23:37:29.124   282 19607 E C01704/TagSched: [a92abafcaf1dd07] [IsQosHandleOpen]get qosSetHandle_ fail
08-29 23:37:29.124   282 19607 E C01704/TagSched: [a92abafcaf1dd07] [SetQosInternal]qosSetHandle open fail
08-29 23:37:29.124   282 19607 E C01704/TagSched: [a92abafcaf1dd07] [OpenQosCtrl]Failed to open qos_ctrl device
08-29 23:37:29.124   282 19607 E C01704/TagSched: [a92abafcaf1dd07] [IsQosHandleOpen]get qosSetHandle_ fail
08-29 23:37:29.124   282 19607 E C01704/TagSched: [a92abafcaf1dd07] [SetQosInternal]qosSetHandle open fail
08-29 23:37:29.124   282 19607 E C01704/TagSched: [a92abafcaf1dd07] [OpenQosCtrl]Failed to open qos_ctrl device
08-29 23:37:29.124   282 19607 E C01704/TagSched: [a92abafcaf1dd07] [IsQosHandleOpen]get qosSetHandle_ fail
08-29 23:37:29.124   282 19607 E C01704/TagSched: [a92abafcaf1dd07] [SetQosInternal]qosSetHandle open fail
08-29 23:37:29.124   282 19607 E C01704/TagSched: [a92abafcaf1dd07] [OpenQosCtrl]Failed to open qos_ctrl device
08-29 23:37:29.124   282 19607 E C01704/TagSched: [a92abafcaf1dd07] [IsQosHandleOpen]get qosSetHandle_ fail
08-29 23:37:29.124   282 19607 E C01704/TagSched: [a92abafcaf1dd07] [SetQosInternal]qosSetHandle open fail
08-29 23:37:29.124   282 19607 E C01704/TagSched: [a92abafcaf1dd07] [OpenQosCtrl]Failed to open qos_ctrl device
08-29 23:37:29.124   282 19607 E C01704/TagSched: [a92abafcaf1dd07] [IsQosHandleOpen]get qosSetHandle_ fail
08-29 23:37:29.124   282 19607 E C01704/TagSched: [a92abafcaf1dd07] [SetQosInternal]qosSetHandle open fail
08-29 23:37:29.127   282 19606 E C01704/TagSched: [a92abcfcaf1ece4] [OpenQosCtrl]Failed to open qos_ctrl device
08-29 23:37:29.127   282 19606 E C01704/TagSched: [a92abcfcaf1ece4] [IsQosHandleOpen]get qosSetHandle_ fail
08-29 23:37:29.127   282 19606 E C01704/TagSched: [a92abcfcaf1ece4] [SetQosInternal]qosSetHandle open fail
08-29 23:37:29.127   282 19606 E C01704/TagSched: [a92abcfcaf1ece4] [OpenQosCtrl]Failed to open qos_ctrl device
08-29 23:37:29.127   282 19606 E C01704/TagSched: [a92abcfcaf1ece4] [IsQosHandleOpen]get qosSetHandle_ fail
08-29 23:37:29.127   282 19606 E C01704/TagSched: [a92abcfcaf1ece4] [SetQosInternal]qosSetHandle open fail
08-29 23:37:29.127   282 19606 E C01704/TagSched: [a92abcfcaf1ece4] [OpenQosCtrl]Failed to open qos_ctrl device
08-29 23:37:29.127   282 19606 E C01704/TagSched: [a92abcfcaf1ece4] [IsQosHandleOpen]get qosSetHandle_ fail
08-29 23:37:29.127   282 19606 E C01704/TagSched: [a92abcfcaf1ece4] [SetQosInternal]qosSetHandle open fail
08-29 23:37:29.127   282 19606 E C01704/TagSched: [a92abcfcaf1ece4] [OpenQosCtrl]Failed to open qos_ctrl device
08-29 23:37:29.127   282 19606 E C01704/TagSched: [a92abcfcaf1ece4] [IsQosHandleOpen]get qosSetHandle_ fail
08-29 23:37:29.127   282 19606 E C01704/TagSched: [a92abcfcaf1ece4] [SetQosInternal]qosSetHandle open fail
08-29 23:37:29.127   282 19606 E C01704/TagSched: [a92abcfcaf1ece4] [OpenQosCtrl]Failed to open qos_ctrl device
08-29 23:37:29.127   282 19606 E C01704/TagSched: [a92abcfcaf1ece4] [IsQosHandleOpen]get qosSetHandle_ fail
08-29 23:37:29.127   282 19606 E C01704/TagSched: [a92abcfcaf1ece4] [SetQosInternal]qosSetHandle open fail
08-29 23:37:29.127   282 19606 E C01704/TagSched: [a92abcfcaf1ece4] [OpenQosCtrl]Failed to open qos_ctrl device
08-29 23:37:29.127   282 19606 E C01704/TagSched: [a92abcfcaf1ece4] [IsQosHandleOpen]get qosSetHandle_ fail
08-29 23:37:29.127   282 19606 E C01704/TagSched: [a92abcfcaf1ece4] [SetQosInternal]qosSetHandle open fail
08-29 23:37:29.127   282 19606 E C01704/TagSched: [a92abcfcaf1ece4] [OpenQosCtrl]Failed to open qos_ctrl device
08-29 23:37:29.127   282 19606 E C01704/TagSched: [a92abcfcaf1ece4] [IsQosHandleOpen]get qosSetHandle_ fail
08-29 23:37:29.127   282 19606 E C01704/TagSched: [a92abcfcaf1ece4] [SetQosInternal]qosSetHandle open fail
08-29 23:37:29.127   282 19606 E C01704/TagSched: [a92abcfcaf1ece4] [OpenQosCtrl]Failed to open qos_ctrl device
08-29 23:37:29.127   282 19606 E C01704/TagSched: [a92abcfcaf1ece4] [IsQosHandleOpen]get qosSetHandle_ fail
08-29 23:37:29.127   282 19606 E C01704/TagSched: [a92abcfcaf1ece4] [SetQosInternal]qosSetHandle open fail
08-29 23:37:29.127   282 19606 E C01704/TagSched: [a92abcfcaf1ece4] [OpenQosCtrl]Failed to open qos_ctrl device
08-29 23:37:29.127   282 19606 E C01704/TagSched: [a92abcfcaf1ece4] [IsQosHandleOpen]get qosSetHandle_ fail
08-29 23:37:29.127   282 19606 E C01704/TagSched: [a92abcfcaf1ece4] [SetQosInternal]qosSetHandle open fail
08-29 23:37:29.127   282 19606 E C01704/TagSched: [a92abcfcaf1ece4] [OpenQosCtrl]Failed to open qos_ctrl device
08-29 23:37:29.127   282 19606 E C01704/TagSched: [a92abcfcaf1ece4] [IsQosHandleOpen]get qosSetHandle_ fail
08-29 23:37:29.127   282 19606 E C01704/TagSched: [a92abcfcaf1ece4] [SetQosInternal]qosSetHandle open fail
08-29 23:37:29.127   282 19606 E C01704/TagSched: [a92abcfcaf1ece4] [OpenQosCtrl]Failed to open qos_ctrl device
08-29 23:37:29.127   282 19606 E C01704/TagSched: [a92abcfcaf1ece4] [IsQosHandleOpen]get qosSetHandle_ fail
08-29 23:37:29.127   282 19606 E C01704/TagSched: [a92abcfcaf1ece4] [SetQosInternal]qosSetHandle open fail
08-29 23:37:29.140 20144 20144 W C02c02/PARAM: Selinux check name persist.init.debug.loglevel in u:object_r:startup_init_param:s0 [20144 2000 2000] failed
08-29 23:37:29.140 20144 20144 W C02c02/PARAM: Selinux check name persist.init.debug.loglevel in u:object_r:startup_init_param:s0 [20144 2000 2000] failed
08-29 23:37:29.140 20144 20144 W C02c02/PARAM: SystemReadParam failed!name is:persist.init.debug.loglevel,err:1002
08-29 23:37:29.145 20146 20146 W C02c02/PARAM: Selinux check name persist.init.debug.loglevel in u:object_r:startup_init_param:s0 [20146 2000 2000] failed
08-29 23:37:29.145 20146 20146 W C02c02/PARAM: Selinux check name persist.init.debug.loglevel in u:object_r:startup_init_param:s0 [20146 2000 2000] failed
08-29 23:37:29.145 20146 20146 W C02c02/PARAM: SystemReadParam failed!name is:persist.init.debug.loglevel,err:1002
08-29 23:37:29.145 20147 20147 W C02c02/PARAM: Selinux check name persist.init.debug.loglevel in u:object_r:startup_init_param:s0 [20147 2000 2000] failed
08-29 23:37:29.145 20147 20147 W C02c02/PARAM: Selinux check name persist.init.debug.loglevel in u:object_r:startup_init_param:s0 [20147 2000 2000] failed
08-29 23:37:29.145 20147 20147 W C02c02/PARAM: SystemReadParam failed!name is:persist.init.debug.loglevel,err:1002
08-29 23:37:29.145 20148 20148 W C02c02/PARAM: Selinux check name persist.init.debug.loglevel in u:object_r:startup_init_param:s0 [20148 2000 2000] failed
08-29 23:37:29.145 20148 20148 W C02c02/PARAM: Selinux check name persist.init.debug.loglevel in u:object_r:startup_init_param:s0 [20148 2000 2000] failed
08-29 23:37:29.145 20148 20148 W C02c02/PARAM: SystemReadParam failed!name is:persist.init.debug.loglevel,err:1002
08-29 23:37:29.152 20149 20149 W C02c02/PARAM: Selinux check name persist.init.debug.loglevel in u:object_r:startup_init_param:s0 [20149 2000 2000] failed
08-29 23:37:29.152 20150 20150 W C02c02/PARAM: Selinux check name persist.init.debug.loglevel in u:object_r:startup_init_param:s0 [20150 2000 2000] failed
08-29 23:37:29.152 20150 20150 W C02c02/PARAM: Selinux check name persist.init.debug.loglevel in u:object_r:startup_init_param:s0 [20150 2000 2000] failed
08-29 23:37:29.152 20150 20150 W C02c02/PARAM: SystemReadParam failed!name is:persist.init.debug.loglevel,err:1002
08-29 23:37:29.152 20149 20149 W C02c02/PARAM: Selinux check name persist.init.debug.loglevel in u:object_r:startup_init_param:s0 [20149 2000 2000] failed
08-29 23:37:29.152 20149 20149 W C02c02/PARAM: SystemReadParam failed!name is:persist.init.debug.loglevel,err:1002
08-29 23:37:29.224   125   364 I C01800/SAMGR: NF SA:65962,876_44459
08-29 23:37:29.371   282 19692 I C01727/SceneRecognizeExt: [a92abafcb75a71c] [ReportExitUserInteractionSceneInner]report exit user interaction scene
08-29 23:37:29.406 20152 20152 W C02c02/PARAM: Selinux check name persist.init.debug.loglevel in u:object_r:startup_init_param:s0 [20152 2000 2000] failed
08-29 23:37:29.406 20152 20152 W C02c02/PARAM: Selinux check name persist.init.debug.loglevel in u:object_r:startup_init_param:s0 [20152 2000 2000] failed
08-29 23:37:29.406 20152 20152 W C02c02/PARAM: SystemReadParam failed!name is:persist.init.debug.loglevel,err:1002
08-29 23:37:29.409 20154 20154 W C02c02/PARAM: Selinux check name persist.init.debug.loglevel in u:object_r:startup_init_param:s0 [20154 2000 2000] failed
08-29 23:37:29.409 20154 20154 W C02c02/PARAM: Selinux check name persist.init.debug.loglevel in u:object_r:startup_init_param:s0 [20154 2000 2000] failed
08-29 23:37:29.409 20154 20154 W C02c02/PARAM: SystemReadParam failed!name is:persist.init.debug.loglevel,err:1002
08-29 23:37:29.413 20155 20155 W C02c02/PARAM: Selinux check name persist.init.debug.loglevel in u:object_r:startup_init_param:s0 [20155 2000 2000] failed
08-29 23:37:29.413 20155 20155 W C02c02/PARAM: Selinux check name persist.init.debug.loglevel in u:object_r:startup_init_param:s0 [20155 2000 2000] failed
08-29 23:37:29.413 20155 20155 W C02c02/PARAM: SystemReadParam failed!name is:persist.init.debug.loglevel,err:1002
08-29 23:37:29.425   125   364 I C01800/SAMGR: NF SA:65962,876_44460
08-29 23:37:29.427 21767 21767 W A01c06/ICON: AppIconWeatherModel --> initWeatherListener, retryTimes: 4
08-29 23:37:29.428   468   468 E C01707/CONCUR: [Interface] task 468 apply qos failed, errno = 4
08-29 23:37:29.428   468   468 E C01611/QosManager: QosManager: Failed to set thread QoS to QOS_USER_INTERACTIVE, ret: -1
08-29 23:37:29.429   833  1082 W C01123/BMSCommon: bundle not exist -n com.huawei.hmsapp.totemweather -u 100 -i 0 -f 32
08-29 23:37:29.429   833  1082 W C01121/BMSQuery: GetBundleInfo failed -n com.huawei.hmsapp.totemweather -u 100
08-29 23:37:29.429   468   468 E C01651/BundleMgrProxy: GetBundleInfoFromBMS: GetBundleInfo failed!bundleName is com.huawei.hmsapp.totemweather, userId is 100
08-29 23:37:29.429   468   468 E C01651/DataProviderConfig: GetFromProxyData: Get bundleInfo failed! bundleName:com.huawei.hmsapp.totemweather, userId:100, visitedId:100, uri:******icIconInfo
08-29 23:37:29.429   468   468 E C01651/DataShareServiceImpl: GetBMSAndMetaDataStatus: CalledInfo failed! token:0x200ba470,ret:1001,uri:******icIconInfo
08-29 23:37:29.429   468   468 E C01651/DataShareServiceImpl: GetSilentProxyStatus: BMS or metaData not ready to complete, token:0x200ba470, uri:******icIconInfo
08-29 23:37:29.429 21767 21767 E A01c06/ICON: AppIconWeatherModel --> get weather info failed, code: 15700010, message: The DataShareHelper is not initialized successfully.
08-29 23:37:29.469   598   859 W C02943/ThermalHdi: Read node failed, title = brightness
08-29 23:37:29.469   598   859 W C02943/ThermalHdi: Read node failed, title = 
08-29 23:37:29.469   598   859 W C02943/ThermalHdi: Read node failed, title = 
08-29 23:37:29.470   598   859 W C02943/ThermalHdi: Read node failed, title = 
08-29 23:37:29.470   598   859 W C02943/ThermalHdi: Read node failed, title = 
08-29 23:37:29.470   598   859 W C02943/ThermalHdi: Read node failed, title = 
08-29 23:37:29.470   598   859 W C02943/ThermalHdi: Read node failed, title = 
08-29 23:37:29.470   598   859 W C02943/ThermalHdi: Read node failed, title = 
08-29 23:37:29.470   598   859 W C02943/ThermalHdi: Read node failed, title = 
08-29 23:37:29.470   598   859 W C02943/ThermalHdi: Read node failed, title = 
08-29 23:37:29.470   598   859 W C02943/ThermalHdi: Read node failed, title = 
08-29 23:37:29.470   598   859 W C02943/ThermalHdi: Read node failed, title = 
08-29 23:37:29.470   598   859 W C02943/ThermalHdi: Read node failed, title = 
08-29 23:37:29.470   598   859 W C02943/ThermalHdi: Read node failed, title = 
08-29 23:37:29.470   598   859 W C02943/ThermalHdi: Read node failed, title = 
08-29 23:37:29.470   598   859 W C02943/ThermalHdi: Read node failed, title = 
08-29 23:37:29.470   598   859 W C02943/ThermalHdi: Read node failed, title = 
08-29 23:37:29.470   598   859 W C02943/ThermalHdi: Read node failed, title = 
08-29 23:37:29.470   598   859 W C02943/ThermalHdi: Read node failed, title = 
08-29 23:37:29.470   598   859 W C02943/ThermalHdi: Read node failed, title = 
08-29 23:37:29.470   598   859 W C02943/ThermalHdi: Read node failed, title = 
08-29 23:37:29.470   598   859 W C02943/ThermalHdi: Read node failed, title = 
08-29 23:37:29.470   598   859 W C02943/ThermalHdi: Read node failed, title = 
08-29 23:37:29.470   598   859 W C02943/ThermalHdi: Read node failed, title = 
08-29 23:37:29.470   598   859 W C02943/ThermalHdi: Read node failed, title = 
08-29 23:37:29.470   598   859 W C02943/ThermalHdi: Read node failed, title = ambient
08-29 23:37:29.470   598   859 W C02943/ThermalHdi: Read node failed, title = ibat
08-29 23:37:29.470   598   859 W C02943/ThermalHdi: Read node failed, title = vbat
08-29 23:37:29.470   598   859 W C02943/ThermalHdi: Read node failed, title = cpu0_min_freq
08-29 23:37:29.470   598   859 W C02943/ThermalHdi: Read node failed, title = cpu0_cur_freq
08-29 23:37:29.470   598   859 W C02943/ThermalHdi: Read node failed, title = cpu0_max_freq
08-29 23:37:29.470   598   859 W C02943/ThermalHdi: Read node failed, title = cpu4_min_freq
08-29 23:37:29.470   598   859 W C02943/ThermalHdi: Read node failed, title = cpu4_cur_freq
08-29 23:37:29.470   598   859 W C02943/ThermalHdi: Read node failed, title = cpu4_max_freq
08-29 23:37:29.470   598   859 W C02943/ThermalHdi: Read node failed, title = cpu7_min_freq
08-29 23:37:29.470   598   859 W C02943/ThermalHdi: Read node failed, title = cpu7_cur_freq
08-29 23:37:29.470   598   859 W C02943/ThermalHdi: Read node failed, title = cpu7_max_freq
08-29 23:37:29.470   598   859 W C02943/ThermalHdi: Read node failed, title = gpu_min_freq
08-29 23:37:29.470   598   859 W C02943/ThermalHdi: Read node failed, title = gpu_cur_freq
08-29 23:37:29.470   598   859 W C02943/ThermalHdi: Read node failed, title = gpu_max_freq
08-29 23:37:29.470   598   859 W C02943/ThermalHdi: Read node failed, title = ddr_cur_freq
08-29 23:37:29.470   598   859 W C02943/ThermalHdi: Read node failed, title = set_IPApower
08-29 23:37:29.470   598   859 W C02943/ThermalHdi: Read node failed, title = cur_IPApower
08-29 23:37:29.470   598   859 W C02943/ThermalHdi: get node failed
08-29 23:37:29.470   598   859 W C02943/ThermalHdi: get node failed
08-29 23:37:29.470   598   859 W C02943/ThermalHdi: get node failed
08-29 23:37:29.509 20157 20157 W C02c02/PARAM: Selinux check name persist.init.debug.loglevel in u:object_r:startup_init_param:s0 [20157 2000 2000] failed
08-29 23:37:29.509 20157 20157 W C02c02/PARAM: Selinux check name persist.init.debug.loglevel in u:object_r:startup_init_param:s0 [20157 2000 2000] failed
08-29 23:37:29.509 20157 20157 W C02c02/PARAM: SystemReadParam failed!name is:persist.init.debug.loglevel,err:1002
08-29 23:37:29.512 20157 20157 W C02c02/PARAM: Selinux check name persist.init.debug.loglevel in u:object_r:startup_init_param:s0 [20157 2000 2000] failed
08-29 23:37:29.512 20157 20157 W C02c02/PARAM: Selinux check name persist.init.debug.loglevel in u:object_r:startup_init_param:s0 [20157 2000 2000] failed
08-29 23:37:29.512 20157 20157 W C02c02/PARAM: SystemReadParam failed!name is:persist.init.debug.loglevel,err:1002
